electricity-load-profile;service-water-demand-profile;drinking-water-demand;ghi-profile;air-temperature-profile;surface-roughness-profile;wind-speed-profile;timeindex
19.7173;0.0;0.0;0.0;11.916772460900006;0.5929519534;10.391137996513601;2022-01-01T00:00:00Z
30.56695;0.0;0.0;0.0;11.719384765600012;0.5930389762;10.348953314618457;2022-01-01T01:00:00Z
33.133716666666665;0.0;0.0;0.0;11.753442382800017;0.5930828452;10.26849453665063;2022-01-01T02:00:00Z
34.6501;0.0;0.0;0.0;11.915399169900013;0.5930709243;10.405707502344372;2022-01-01T03:00:00Z
32.31705;0.0;0.0;0.0;11.878625488300031;0.5930085778;9.90513308981932;2022-01-01T04:00:00Z
35.00065;0.0;0.0;0.0;11.828210449200014;0.5929085016;9.30728036664778;2022-01-01T05:00:00Z
60.03415;0.0;0.0;0.0;11.82396850590004;0.5929011106;9.59395895396608;2022-01-01T06:00:00Z
53.633833333333335;24.980888888888888;20.119;0.0;11.750115966800024;0.5928329229;9.231578589871116;2022-01-01T07:00:00Z
68.3335;35.635555555555555;5.119;1.12;11.754327392600032;0.5927506685;9.006269083372489;2022-01-01T08:00:00Z
41.50076666666666;16.98988888888889;0.1199999999999999;9.333333333333334;11.95803222660004;0.592792213;8.949609421028628;2022-01-01T09:00:00Z
66.00006666666667;0.0;0.0;18.666666666666668;12.007958984400034;0.5927274823;8.643612167063978;2022-01-01T10:00:00Z
70.0;0.0;0.0;40.71111111111111;12.279931640600012;0.5921645164;8.067187737552658;2022-01-01T11:00:00Z
69.83415;0.0;0.0;35.44888888888889;12.43065795900003;0.5916621685;7.745037279897227;2022-01-01T12:00:00Z
47.00138333333334;0.0;0.0;34.11555555555555;12.458215332000009;0.5912414193;7.333461724431224;2022-01-01T13:00:00Z
25.00175;0.0;0.0;28.07111111111111;12.356652832000009;0.5910419822;6.665416849528622;2022-01-01T14:00:00Z
33.00161666666666;0.0;0.0;8.017777777777777;12.09859619140002;0.5909538865;6.554176392680022;2022-01-01T15:00:00Z
234.83435;0.0;0.0;0.0;11.768640136700014;0.5909841657;6.12053313624237;2022-01-01T16:00:00Z
50.33521666666666;0.0;0.0;0.0;11.603051757800017;0.5911079645;6.167652333756229;2022-01-01T17:00:00Z
84.81773333333332;0.0;0.0;0.0;11.351037597700042;0.5911837816;6.3204834442744415;2022-01-01T18:00:00Z
85.1006;0.0;0.0;0.0;11.336083984400034;0.5912643671;6.605916713209549;2022-01-01T19:00:00Z
37.00173333333333;0.0;0.0;0.0;11.295373535200042;0.5913069844;6.867122843521285;2022-01-01T20:00:00Z
26.3181;0.0;0.0;0.0;11.02337036130001;0.5913401246;6.452527388718955;2022-01-01T21:00:00Z
43.985716666666654;0.0;0.0;0.0;10.53029785160004;0.5908572674;7.648369429358366;2022-01-01T22:00:00Z
799.7181;0.0;0.0;0.0;9.799462890600012;0.5908254385;8.017009400554109;2022-01-01T23:00:00Z
21.5834;0.0;0.0;0.0;9.097741699200014;0.5909847021;7.802890474201005;2022-01-02T00:00:00Z
35.11685;0.0;0.0;0.0;8.595483398400006;0.5911451578;7.5659650587437035;2022-01-02T01:00:00Z
32.316716666666665;0.0;0.0;0.0;8.216577148400006;0.5913117528;8.294583276642415;2022-01-02T02:00:00Z
34.18333333333334;0.0;0.0;0.0;8.120294189500044;0.5914671421;8.628477663937232;2022-01-02T03:00:00Z
33.1335;0.0;0.0;0.0;8.140161132800017;0.5917115211;8.573917621339225;2022-01-02T04:00:00Z
31.9671;0.0;0.0;0.0;8.02633056640002;0.5919288397;8.152518333134962;2022-01-02T05:00:00Z
27.65108333333333;0.0;0.0;0.0;7.984094238300031;0.5921058059;7.996782208576768;2022-01-02T06:00:00Z
0.00105;39.187111111111115;5.119;0.0;8.177301025400027;0.5922163129;8.422778997929058;2022-01-02T07:00:00Z
29.66751666666667;17.877777777777776;0.1199999999999999;6.453333333333333;8.634423828100012;0.5922753811;8.887698038724396;2022-01-02T08:00:00Z
58.0002;24.093;20.119;30.044444444444444;9.428948974600019;0.5929013491;9.001868714992826;2022-01-02T09:00:00Z
70.0;0.0;0.0;60.94222222222222;10.653588867200028;0.5930321813;9.735337574267286;2022-01-02T10:00:00Z
70.00013333333334;0.0;0.0;80.17777777777778;10.981896972700042;0.5928847194;7.981630836910288;2022-01-02T11:00:00Z
66.83465;0.0;0.0;63.715555555555554;10.664147949200014;0.5929995775;6.560303943301833;2022-01-02T12:00:00Z
58.00203333333334;0.0;0.0;53.333333333333336;10.383447265600012;0.5930726528;9.979891458557178;2022-01-02T13:00:00Z
59.00201666666666;0.0;0.0;36.23111111111111;10.414575195300017;0.5929086208;11.317109218399354;2022-01-02T14:00:00Z
4.3359000000000005;0.0;0.0;4.266666666666667;10.361444091800024;0.5923120379;11.385404066866954;2022-01-02T15:00:00Z
179.66766666666666;0.0;0.0;0.0;10.673303222700042;0.5915706754;11.997830281340038;2022-01-02T16:00:00Z
503.3339;0.0;0.0;0.0;11.025872802700007;0.5907495022;11.45202877765149;2022-01-02T17:00:00Z
86.91684999999998;0.0;0.0;0.0;11.15526733400003;0.5897904634;11.894325213724215;2022-01-02T18:00:00Z
89.36669999999998;0.0;0.0;0.0;11.447778320300017;0.5889035463;11.976161179491795;2022-01-02T19:00:00Z
79.88343333333333;0.0;0.0;0.0;11.262506103500016;0.5884409547;11.247356964452242;2022-01-02T20:00:00Z
36.91793333333334;0.0;0.0;0.0;10.64553222660004;0.5881682634;11.133774464862586;2022-01-02T21:00:00Z
344.75266666666664;0.0;0.0;0.0;10.682702636700014;0.5889903903;9.992206507889213;2022-01-02T22:00:00Z
88.33578333333331;0.0;0.0;0.0;10.263513183600026;0.5890563726;8.950233888204943;2022-01-02T23:00:00Z
30.10035;0.0;0.0;0.0;9.744287109400034;0.589034915;8.63240905450538;2022-01-03T00:00:00Z
38.96683333333333;0.0;0.0;0.0;8.874108886700014;0.5897966027;8.959540210536181;2022-01-03T01:00:00Z
27.883866666666663;0.0;0.0;0.0;8.447930908200021;0.5927363634;10.127839894912004;2022-01-03T02:00:00Z
30.80048333333333;0.0;0.0;0.0;8.725122070300017;0.593113184;10.732962865112524;2022-01-03T03:00:00Z
34.41685;0.0;0.0;0.0;8.875695800800031;0.5931774974;12.98681207578355;2022-01-03T04:00:00Z
34.184533333333334;0.0;0.0;0.0;8.6512695312;0.5931972861;13.768715862756752;2022-01-03T05:00:00Z
33.602133333333335;0.0;0.0;0.0;8.284722900400027;0.5931971073;13.919180810854673;2022-01-03T06:00:00Z
47.167983333333325;4.559444444444444;0.1199999999999999;0.0;8.238549804700028;0.5929428935;12.076765028272865;2022-01-03T07:00:00Z
68.3335;19.65355555555556;5.119;4.568888888888889;8.117456054700028;0.592325747;11.120777019524306;2022-01-03T08:00:00Z
60.83425;55.169111111111114;20.119;44.035555555555554;8.315545654300024;0.591524899;10.310123549324917;2022-01-03T09:00:00Z
62.0008;0.0;0.0;75.18222222222222;8.74096069340004;0.5910840631;10.440294364559008;2022-01-03T10:00:00Z
33.834199999999996;0.0;0.0;129.77777777777777;9.252343750000023;0.5898178816;10.39863924719779;2022-01-03T11:00:00Z
437.00055;0.0;0.0;116.26666666666667;9.531915283200021;0.5887660384;10.571858776298786;2022-01-03T12:00:00Z
26.668649999999996;0.0;0.0;113.29777777777778;9.429803466800024;0.5880587101;10.211773175505224;2022-01-03T13:00:00Z
10.001999999999997;0.0;0.0;56.10666666666667;9.29583129880001;0.5876934528;10.271723860704114;2022-01-03T14:00:00Z
44.33498333333334;0.0;0.0;19.164444444444445;8.95891723630001;0.5874530077;9.7759574084817;2022-01-03T15:00:00Z
98.00215;0.0;0.0;0.0;8.539758300800031;0.5873544812;9.835714155365;2022-01-03T16:00:00Z
244.8352;0.0;0.0;0.0;8.116845703100012;0.5872861743;9.47906719482773;2022-01-03T17:00:00Z
78.6337;0.0;0.0;0.0;7.602746582000009;0.5872542262;9.834072850656625;2022-01-03T18:00:00Z
96.86676666666665;0.0;0.0;0.0;7.525781250000023;0.5871925354;8.664436500635334;2022-01-03T19:00:00Z
95.55025;0.0;0.0;0.0;7.19039306640002;0.5871961713;9.188903512719484;2022-01-03T20:00:00Z
78.26773333333334;0.0;0.0;0.0;7.17962036130001;0.5873063207;9.417222928676509;2022-01-03T21:00:00Z
87.88533333333332;0.0;0.0;0.0;6.778649902300003;0.5878446102;9.092381368474253;2022-01-03T22:00:00Z
402.60256666666663;0.0;0.0;0.0;6.548303222700042;0.5877584815;8.61715668646853;2022-01-03T23:00:00Z
30.567566666666668;0.0;0.0;0.0;6.299279785200042;0.5877113938;8.555537913408992;2022-01-04T00:00:00Z
31.150616666666664;0.0;0.0;0.0;6.319482421900034;0.5876752734;8.67719764446111;2022-01-04T01:00:00Z
34.766683333333326;0.0;0.0;0.0;6.5536132812000005;0.5876294374;8.201004944873004;2022-01-04T02:00:00Z
36.050066666666666;0.0;0.0;0.0;6.284753418000037;0.587629199;7.7749339597307925;2022-01-04T03:00:00Z
33.48355;0.0;0.0;0.0;6.117822265600012;0.5876526833;7.442798824029457;2022-01-04T04:00:00Z
37.45061666666666;0.0;0.0;0.0;5.845239257800017;0.587744236;6.727090368135211;2022-01-04T05:00:00Z
35.5849;0.0;0.0;0.0;5.853723144500009;0.5878683925;6.706342170445771;2022-01-04T06:00:00Z
9.6845;39.187111111111115;5.119;0.0;5.9002319336000255;0.5879803896;6.333336904166101;2022-01-04T07:00:00Z
23.66718333333333;12.550444444444445;20.119;4.64;6.100671386700014;0.5881301165;6.553936345215686;2022-01-04T08:00:00Z
41.00131666666665;27.644555555555552;0.1199999999999999;27.964444444444446;6.415429687500023;0.5883124471;6.165887840929284;2022-01-04T09:00:00Z
52.00113333333333;0.0;0.0;62.91555555555556;6.447808837900027;0.5923855305;5.681128090709294;2022-01-04T10:00:00Z
50.50078333333333;0.0;0.0;64.71111111111111;6.676843261700014;0.5929902792;5.698122135374648;2022-01-04T11:00:00Z
70.00065;0.0;0.0;67.91111111111111;6.667657470700021;0.5929905772;5.453771636136836;2022-01-04T12:00:00Z
136.6676;0.0;0.0;48.76444444444444;6.8621459961000255;0.5929905176;5.388746732293592;2022-01-04T13:00:00Z
70.001;0.0;0.0;26.41777777777778;6.8002258301000325;0.5929972529;6.438521593284125;2022-01-04T14:00:00Z
503.3339;0.0;0.0;11.608888888888888;6.539514160200042;0.5930053592;6.5979121065838;2022-01-04T15:00:00Z
181.00145;0.0;0.0;0.0;6.153131103500016;0.5930178165;7.754386783325224;2022-01-04T16:00:00Z
553.4506333333334;0.0;0.0;0.0;5.96285400390002;0.5930433869;8.66220567275155;2022-01-04T17:00:00Z
86.33393333333333;0.0;0.0;0.0;5.857141113300031;0.5930390358;8.346691324691852;2022-01-04T18:00:00Z
87.61693333333332;0.0;0.0;0.0;6.1049133301000325;0.5930310488;7.754283464742698;2022-01-04T19:00:00Z
88.43356666666665;0.0;0.0;0.0;5.972741699200014;0.5930196643;7.195745865995863;2022-01-04T20:00:00Z
64.08515;0.0;0.0;0.0;5.61809692380001;0.5930202007;6.951301925757158;2022-01-04T21:00:00Z
19.1361;0.0;0.0;0.0;5.325402832000009;0.5929210782;6.644388571751581;2022-01-04T22:00:00Z
26.71806666666667;0.0;0.0;0.0;4.588952636700014;0.5928894877;5.963804312550868;2022-01-04T23:00:00Z
40.133633333333336;0.0;0.0;0.0;3.5328918457000213;0.5929065943;4.86594093545202;2022-01-05T00:00:00Z
38.616716666666655;0.0;0.0;0.0;2.8714843750000227;0.5928902626;6.001483654072707;2022-01-05T01:00:00Z
36.283383333333326;0.0;0.0;0.0;2.771203613300031;0.5928446054;6.598591468960056;2022-01-05T02:00:00Z
28.58373333333333;0.0;0.0;0.0;2.5853515625000227;0.5928685665;6.606811735928489;2022-01-05T03:00:00Z
37.10015;0.0;0.0;0.0;2.3463378906000116;0.5929177999;6.384989556570642;2022-01-05T04:00:00Z
45.033583333333326;0.0;0.0;0.0;2.166558837900027;0.5928942561;6.941845278767526;2022-01-05T05:00:00Z
28.116733333333336;0.0;0.0;0.0;2.052941894500009;0.5929435492;7.515154276897394;2022-01-05T06:00:00Z
9.783866666666668;50.72966666666667;0.1199999999999999;0.0;2.165795898400006;0.5930377245;8.314333321804746;2022-01-05T07:00:00Z
33.000733333333336;28.532444444444444;25.118;7.768888888888889;2.136193847700042;0.5928744674;9.053716129715399;2022-01-05T08:00:00Z
63.66688333333334;0.1199999999999999;0.1199999999999999;60.782222222222224;2.418176269500009;0.5922092199;9.556590388597593;2022-01-05T09:00:00Z
70.0;0.0;0.0;145.38666666666666;2.91890869140002;0.5906825662;9.276182745435673;2022-01-05T10:00:00Z
65.3338;0.0;0.0;203.23555555555555;3.478234863300031;0.5898194313;9.411576890953961;2022-01-05T11:00:00Z
44.16838333333334;0.0;0.0;199.78666666666666;3.8955322266000394;0.5891004205;11.27301795283287;2022-01-05T12:00:00Z
750.33395;0.0;0.0;124.48;3.9635253906000116;0.5887252688;11.366998225950166;2022-01-05T13:00:00Z
70.001;0.0;0.0;61.653333333333336;3.4726806641000394;0.5884947181;11.784958878791342;2022-01-05T14:00:00Z
70.001;0.0;0.0;15.608888888888888;2.8576904297000283;0.5890685916;11.30213869069638;2022-01-05T15:00:00Z
53.001283333333326;0.0;0.0;0.0;2.131982421900034;0.5891993642;10.903537706420217;2022-01-05T16:00:00Z
494.81743333333327;0.0;0.0;0.0;2.6259094238000102;0.5900126696;10.780468463127535;2022-01-05T17:00:00Z
86.23425;0.0;0.0;0.0;3.4837890625000227;0.5912239552;11.001149565053762;2022-01-05T18:00:00Z
86.4172;0.0;0.0;0.0;3.6023803711000255;0.5919988751;11.529093877371619;2022-01-05T19:00:00Z
90.20003333333331;0.0;0.0;0.0;3.9641357422000283;0.591612339;11.266670886624613;2022-01-05T20:00:00Z
73.18363333333332;0.0;0.0;0.0;4.016381835900006;0.5914912224;10.519472596520915;2022-01-05T21:00:00Z
53.63536666666666;0.0;0.0;0.0;3.8283935547000283;0.5921384096;8.794544556096445;2022-01-05T22:00:00Z
6.418200000000001;0.0;0.0;0.0;3.74019775390002;0.5919648409;8.75954033121285;2022-01-05T23:00:00Z
30.5668;0.0;0.0;0.0;3.221154785200042;0.5919152498;8.938988725438797;2022-01-06T00:00:00Z
37.91675;0.0;0.0;0.0;2.6660095215000297;0.5921995044;9.653740879003129;2022-01-06T01:00:00Z
34.88348333333333;0.0;0.0;0.0;1.9297729492000144;0.5923130512;9.971247062665693;2022-01-06T02:00:00Z
33.25021666666667;0.0;0.0;0.0;1.42281494140002;0.5920988321;9.92206086609552;2022-01-06T03:00:00Z
28.46685;0.0;0.0;0.0;1.0283447266000394;0.5916282535;9.293051112176363;2022-01-06T04:00:00Z
31.383483333333327;0.0;0.0;0.0;0.3293701172000283;0.5912339687;8.755634607830592;2022-01-06T05:00:00Z
28.46675;0.0;0.0;0.0;-0.3537048339999842;0.5909309983;8.463833315116618;2022-01-06T06:00:00Z
8.033366666666666;6.335222222222222;5.118999999999999;0.0;-0.9079956054999911;0.590754509;8.816712530801254;2022-01-06T07:00:00Z
46.00081666666667;66.71166666666666;20.119;12.284444444444444;-0.6012329101999967;0.5906162262;8.984077418982292;2022-01-06T08:00:00Z
37.167366666666666;9.886777777777777;0.1199999999999999;81.88444444444444;0.21639404300003662;0.5902237892;8.767256737078528;2022-01-06T09:00:00Z
62.6674;0.0;0.0;147.5911111111111;1.009484863300031;0.5894060731;7.962409830947178;2022-01-06T10:00:00Z
62.3341;0.0;0.0;212.37333333333333;1.8560424805000366;0.5887073278;6.991718497668452;2022-01-06T11:00:00Z
67.66786666666667;0.0;0.0;209.0311111111111;2.45113525390002;0.58812958;6.082144250336191;2022-01-06T12:00:00Z
195.335;0.0;0.0;188.58666666666667;2.777795410200042;0.5877557993;4.845871872937608;2022-01-06T13:00:00Z
712.1677166666667;0.0;0.0;118.57777777777778;2.5076538086000255;0.5875977278;4.258455071046555;2022-01-06T14:00:00Z
210.66825;0.0;0.0;36.23111111111111;0.8174682617000144;0.5875694752;4.279064982447152;2022-01-06T15:00:00Z
59.00118333333333;0.0;0.0;0.0;-0.7821411132999856;0.5875943303;4.811647257023444;2022-01-06T16:00:00Z
58.43438333333334;0.0;0.0;0.0;-1.2587646483999606;0.5876521468;5.034631638775427;2022-01-06T17:00:00Z
68.06693333333334;0.0;0.0;0.0;-1.3102783202999717;0.5877245069;5.721670227414955;2022-01-06T18:00:00Z
62.8837;0.0;0.0;0.0;-1.1481994628999814;0.5878253579;6.31591060889078;2022-01-06T19:00:00Z
84.68365;0.0;0.0;0.0;-0.9098266601999967;0.5879401565;6.602528883021937;2022-01-06T20:00:00Z
67.26729999999999;0.0;0.0;0.0;-1.1449951171999828;0.5880511403;6.542128324577637;2022-01-06T21:00:00Z
66.3853;0.0;0.0;0.0;-1.5427612304999911;0.5882279873;6.902829474586135;2022-01-06T22:00:00Z
69.16798333333334;0.0;0.0;0.0;-1.7619079589999842;0.5883865356;7.116599130141884;2022-01-06T23:00:00Z
0.0;0.0;0.0;0.0;-1.7015747069999634;0.588508904;7.077530156044402;2022-01-07T00:00:00Z
0.0;0.0;0.0;0.0;-1.7440856933999953;0.5885719657;7.057054008005609;2022-01-07T01:00:00Z
0.0;0.0;0.0;0.0;-1.8730224608999606;0.5886539817;7.165351681088251;2022-01-07T02:00:00Z
0.0;0.0;0.0;0.0;-1.9608825683999953;0.5887268782;7.378897343142293;2022-01-07T03:00:00Z
0.0;0.0;0.0;0.0;-1.9566101073999675;0.5887609124;7.729767557753443;2022-01-07T04:00:00Z
0.0;0.0;0.0;0.0;-1.6618408202999717;0.5887340903;7.902253464551665;2022-01-07T05:00:00Z
0.0;0.0;0.0;0.0;-1.3140014647999578;0.5886484981;8.119967128693768;2022-01-07T06:00:00Z
0.0;1.8957777777777776;5.119;0.0;-0.9624389647999578;0.5885512233;8.614049050786392;2022-01-07T07:00:00Z
0.0;27.644555555555556;20.119;7.928888888888889;-0.41367187499997726;0.5884187818;8.984612189000044;2022-01-07T08:00:00Z
0.0;52.50544444444444;0.1199999999999999;48.01777777777778;0.22329101560001163;0.5881891847;9.199858577439894;2022-01-07T09:00:00Z
0.0;0.0;0.0;91.44888888888889;1.0362792969000338;0.5880282521;9.203196677952814;2022-01-07T10:00:00Z
0.0;0.0;0.0;124.48;1.8250061035000158;0.5879638195;9.10389089117244;2022-01-07T11:00:00Z
0.0;0.0;0.0;101.90222222222222;1.9822937012000352;0.5881999135;9.49223573171654;2022-01-07T12:00:00Z
0.0;0.0;0.0;90.86222222222223;1.7033935547000283;0.5883716345;8.902074812986282;2022-01-07T13:00:00Z
0.0;0.0;0.0;60.33777777777778;1.4123168945000089;0.5885706544;8.20986460923968;2022-01-07T14:00:00Z
0.0;0.0;0.0;17.20888888888889;1.1422363281000116;0.5886978507;8.041164830481579;2022-01-07T15:00:00Z
0.0;0.0;0.0;0.0;1.120812988300031;0.5889185667;7.568603566157022;2022-01-07T16:00:00Z
0.0;0.0;0.0;0.0;1.2535644531000116;0.5890524983;7.71469123470434;2022-01-07T17:00:00Z
0.0;0.0;0.0;0.0;1.1733032227000422;0.5891026258;7.441212439393815;2022-01-07T18:00:00Z
0.0;0.0;0.0;0.0;1.1832824707000213;0.5891865492;7.155677393069129;2022-01-07T19:00:00Z
0.0;0.0;0.0;0.0;1.170617675800031;0.5892711878;7.270295492666437;2022-01-07T20:00:00Z
0.0;0.0;0.0;0.0;1.075555419900013;0.5893319845;7.166972455439939;2022-01-07T21:00:00Z
0.0;0.0;0.0;0.0;0.7315917969000338;0.5892122984;7.3367523386589975;2022-01-07T22:00:00Z
0.0;0.0;0.0;0.0;0.6993041992000144;0.589312315;7.329898055257574;2022-01-07T23:00:00Z
31.266866666666665;0.0;0.0;0.0;0.6808105469000338;0.5895795822;7.50534238346715;2022-01-08T00:00:00Z
31.150266666666663;0.0;0.0;0.0;0.579980468800045;0.5898191929;7.6481661086449275;2022-01-08T01:00:00Z
31.033433333333328;0.0;0.0;0.0;0.21816406250002274;0.5899394751;7.512101421566375;2022-01-08T02:00:00Z
32.5501;0.0;0.0;0.0;0.14418945310001163;0.590061605;7.497812000473165;2022-01-08T03:00:00Z
39.31671666666666;0.0;0.0;0.0;0.3974853516000394;0.5900442004;7.495755960329512;2022-01-08T04:00:00Z
35.817116666666664;0.0;0.0;0.0;0.7136474609000061;0.5899415612;6.454519224239888;2022-01-08T05:00:00Z
40.217766666666655;0.0;0.0;0.0;0.8540283203000172;0.589920342;5.948534726950623;2022-01-08T06:00:00Z
21.666966666666667;17.877777777777776;25.118;0.0;0.8482910156000116;0.5899080634;6.195286191074422;2022-01-08T07:00:00Z
45.000183333333325;19.65355555555556;0.1199999999999999;8.142222222222221;0.5289245605000019;0.5898644924;6.104264277868231;2022-01-08T08:00:00Z
66.00006666666667;37.41133333333333;0.1199999999999999;53.12;0.748345947300038;0.5897248983;5.762038433137935;2022-01-08T09:00:00Z
59.000183333333325;0.0;0.0;117.15555555555555;1.4334350586000255;0.589684248;5.545075946076899;2022-01-08T10:00:00Z
52.0003;0.0;0.0;155.34222222222223;1.7453552246000186;0.5893737674;5.144725080947503;2022-01-08T11:00:00Z
59.0006;0.0;0.0;167.5911111111111;2.203820800800031;0.5890345573;6.223285701355137;2022-01-08T12:00:00Z
37.00155;0.0;0.0;155.73333333333332;2.420373535200042;0.5887475014;5.833852870640664;2022-01-08T13:00:00Z
181.1684;0.0;0.0;98.63111111111111;2.3049560547000283;0.5886049867;5.099935650655594;2022-01-08T14:00:00Z
586.00185;0.0;0.0;29.83111111111111;1.8382812500000227;0.5885685086;5.5885747029758575;2022-01-08T15:00:00Z
260.0018;0.0;0.0;0.10666666666666666;1.4724670410000158;0.5885618329;6.374552498558268;2022-01-08T16:00:00Z
66.85146666666667;0.0;0.0;0.0;1.4182373047000283;0.5885492563;6.361508477921007;2022-01-08T17:00:00Z
81.1846;0.0;0.0;0.0;1.205377197300038;0.5885965228;6.561246545303217;2022-01-08T18:00:00Z
80.88434999999998;0.0;0.0;0.0;0.8265014648000033;0.5886191726;7.325851402148385;2022-01-08T19:00:00Z
75.83375000000001;0.0;0.0;0.0;0.3833862305000366;0.5886641145;7.762221274187586;2022-01-08T20:00:00Z
48.66755;0.0;0.0;0.0;0.024652099600018573;0.5887047648;8.181955376869084;2022-01-08T21:00:00Z
54.35196666666666;0.0;0.0;0.0;-0.3639892577999717;0.5882949233;8.970063315691343;2022-01-08T22:00:00Z
236.26795;0.0;0.0;0.0;-0.6399291991999689;0.5882843733;9.289621949729547;2022-01-08T23:00:00Z
29.16701666666667;0.0;0.0;0.0;-0.8650268554999911;0.5882555246;9.862591473749884;2022-01-09T00:00:00Z
38.85011666666666;0.0;0.0;0.0;-0.8410400390999939;0.588173151;9.78517138028726;2022-01-09T01:00:00Z
36.63356666666667;0.0;0.0;0.0;-1.0730651854999564;0.5880545378;9.43136786804854;2022-01-09T02:00:00Z
28.933366666666664;0.0;0.0;0.0;-0.8716796874999773;0.5879559517;9.364772054154644;2022-01-09T03:00:00Z
26.3669;0.0;0.0;0.0;-0.7009643554999911;0.5878508687;9.26474043724312;2022-01-09T04:00:00Z
29.98358333333333;0.0;0.0;0.0;-0.6194213866999689;0.5877590179;9.276745790809954;2022-01-09T05:00:00Z
21.350933333333334;0.0;0.0;0.0;-0.4488891601999967;0.5876834393;9.364071618356347;2022-01-09T06:00:00Z
10.216899999999997;6.335222222222222;25.118;0.0;-0.3270629882999856;0.5876126289;9.115805801393176;2022-01-09T07:00:00Z
30.333883333333336;54.28122222222222;0.1199999999999999;9.831111111111111;0.08120117190003384;0.5875476599;8.830267438222748;2022-01-09T08:00:00Z
59.000183333333325;19.65355555555556;0.1199999999999999;47.12888888888889;0.5157714844000338;0.5874564648;8.417535118065317;2022-01-09T09:00:00Z
58.0002;0.0;0.0;72.85333333333334;1.1345153809000408;0.5873571038;7.056227495434977;2022-01-09T10:00:00Z
64.0001;0.0;0.0;73.63555555555556;1.750604248000002;0.5872998238;6.785028410490184;2022-01-09T11:00:00Z
70.00046666666667;0.0;0.0;114.72;2.344262695300017;0.5872719884;6.444446940625536;2022-01-09T12:00:00Z
93.83525;0.0;0.0;102.86222222222223;2.595330810500002;0.5872709751;5.597574664562422;2022-01-09T13:00:00Z
432.16775;0.0;0.0;54.666666666666664;2.4590698242000144;0.5873638988;5.4097482953388205;2022-01-09T14:00:00Z
66.3347;0.0;0.0;12.284444444444444;2.329858398400006;0.5879157186;4.911889198519144;2022-01-09T15:00:00Z
63.16835;0.0;0.0;0.035555555555555556;2.154077148400006;0.5885733962;4.203411373804736;2022-01-09T16:00:00Z
61.268066666666655;0.0;0.0;0.0;2.068109130900041;0.5892747641;4.144980531580438;2022-01-09T17:00:00Z
74.91693333333333;0.0;0.0;0.0;2.079858398400006;0.5901575089;4.270446192082417;2022-01-09T18:00:00Z
79.51678333333332;0.0;0.0;0.0;1.8579345703000172;0.5914563537;4.509310449758121;2022-01-09T19:00:00Z
83.66688333333333;0.0;0.0;0.0;1.6631103516000394;0.5919286609;4.182865155057953;2022-01-09T20:00:00Z
77.86689999999999;0.0;0.0;0.0;1.6469360352000422;0.5925841331;3.835172747941208;2022-01-09T21:00:00Z
641.41725;0.0;0.0;0.0;2.7151733398000033;0.5930014253;5.306162684189342;2022-01-09T22:00:00Z
236.16838333333328;0.0;0.0;0.0;3.028527832000009;0.5929970145;5.280807260437065;2022-01-09T23:00:00Z
30.45028333333333;0.0;0.0;0.0;3.0615478516000394;0.5929942727;4.78353372827533;2022-01-10T00:00:00Z
28.35013333333333;0.0;0.0;0.0;3.3745971680000366;0.5929929018;4.357798057734031;2022-01-10T01:00:00Z
31.96695;0.0;0.0;0.0;3.3011108398000033;0.5929889083;4.7581518072815925;2022-01-10T02:00:00Z
31.38365;0.0;0.0;0.0;3.4520202637000352;0.5929893255;5.621115406938868;2022-01-10T03:00:00Z
34.06695;0.0;0.0;0.0;3.338586425800031;0.592992425;5.300403736600688;2022-01-10T04:00:00Z
35.700516666666665;0.0;0.0;0.0;3.218652343800045;0.593008697;4.399739657203605;2022-01-10T05:00:00Z
23.5678;0.0;0.0;0.0;3.1418395996000186;0.5930272937;3.4345454839424505;2022-01-10T06:00:00Z
71.3506;42.73866666666667;20.119;0.0;2.9105468750000227;0.5930269361;2.9452367517754543;2022-01-10T07:00:00Z
70.0;0.1199999999999999;0.1199999999999999;2.2577777777777777;2.7588134766000394;0.5929885507;2.232051668973089;2022-01-10T08:00:00Z
13.00095;45.40233333333333;5.119;17.493333333333332;2.785302734400034;0.5928953886;2.0971675123236664;2022-01-10T09:00:00Z
59.000183333333325;0.0;0.0;27.182222222222222;3.0555664062000005;0.5926847458;1.9333402845299676;2022-01-10T10:00:00Z
37.00055;0.0;0.0;42.986666666666665;3.246850585900006;0.5925257802;1.9607219019856843;2022-01-10T11:00:00Z
63.000600000000006;0.0;0.0;81.52888888888889;3.385552978500016;0.592242837;1.6774624694489753;2022-01-10T12:00:00Z
47.16836666666666;0.0;0.0;72.65777777777778;3.290185546900034;0.5921945572;2.011385310920931;2022-01-10T13:00:00Z
18.16885;0.0;0.0;46.00888888888889;3.0703369141000394;0.5919471979;2.8658702566552616;2022-01-10T14:00:00Z
601.3346166666665;0.0;0.0;17.155555555555555;2.6897827148000033;0.5918517113;3.7641831768093534;2022-01-10T15:00:00Z
67.00105;0.0;0.0;0.17777777777777778;1.9464660645000436;0.5917598009;4.284490472905282;2022-01-10T16:00:00Z
108.11766666666666;0.0;0.0;0.0;0.9551635742000144;0.5916060209;4.4613642327763285;2022-01-10T17:00:00Z
85.86773333333333;0.0;0.0;0.0;0.33580932620003523;0.5913836956;4.517314138303191;2022-01-10T18:00:00Z
65.81766666666667;0.0;0.0;0.0;-0.5949462890999939;0.5911512375;4.767975403023177;2022-01-10T19:00:00Z
70.41781666666667;0.0;0.0;0.0;-1.0406249999999773;0.590926528;4.776462767635556;2022-01-10T20:00:00Z
64.00135;0.0;0.0;0.0;-1.4203247069999634;0.5907444358;5.0134554917710785;2022-01-10T21:00:00Z
30.30288333333333;0.0;0.0;0.0;-1.2664550780999662;0.59065485;4.781963803226744;2022-01-10T22:00:00Z
330.0024;0.0;0.0;0.0;-1.587133789099994;0.5904440284;4.466732703898995;2022-01-10T23:00:00Z
33.9503;0.0;0.0;0.0;-1.9236206054999911;0.5902630687;4.379352391422433;2022-01-11T00:00:00Z
27.06748333333333;0.0;0.0;0.0;-2.015417480499991;0.5901031494;4.331143215315429;2022-01-11T01:00:00Z
26.95038333333333;0.0;0.0;0.0;-2.195989990199962;0.5899680257;4.401270141399488;2022-01-11T02:00:00Z
25.78365;0.0;0.0;0.0;-2.468969726599994;0.5898031592;4.537626120083552;2022-01-11T03:00:00Z
31.1502;0.0;0.0;0.0;-2.6452392577999717;0.5896290541;4.195990663300134;2022-01-11T04:00:00Z
37.61711666666666;0.0;0.0;0.0;-2.888159179699983;0.5894485116;3.5969377638547275;2022-01-11T05:00:00Z
50.8505;0.0;0.0;0.0;-3.086553955099987;0.589286387;3.2005658484120367;2022-01-11T06:00:00Z
51.48455;50.72966666666667;0.1199999999999999;0.0;-3.412878417999991;0.5891427398;3.1407966783174417;2022-01-11T07:00:00Z
43.001283333333326;8.111;5.119;5.351111111111111;-3.4622558593999884;0.5889807343;3.397632278553622;2022-01-11T08:00:00Z
17.001716666666667;15.21411111111111;20.119;41.617777777777775;-2.840277099599973;0.5887654424;3.687179220693393;2022-01-11T09:00:00Z
39.00135;0.0;0.0;68.72888888888889;-2.4404052733999606;0.588526845;3.5513619761482067;2022-01-11T10:00:00Z
48.667783333333325;0.0;0.0;105.56444444444445;-1.9901489257999856;0.5882767439;3.358349428146913;2022-01-11T11:00:00Z
58.83495;0.0;0.0;114.45333333333333;-1.560827636699969;0.5880407095;2.973697329195971;2022-01-11T12:00:00Z
70.001;0.0;0.0;101.47555555555556;-1.3357910155999662;0.587872982;2.754150196575634;2022-01-11T13:00:00Z
1053.3333499999999;0.0;0.0;66.70222222222222;-1.17093505859998;0.5877594352;2.741474892518899;2022-01-11T14:00:00Z
195.6683;0.0;0.0;22.47111111111111;-1.4505981444999634;0.5877238512;2.737408249276104;2022-01-11T15:00:00Z
62.3351;0.0;0.0;0.3377777777777778;-2.1031249999999773;0.5877100229;2.9939357071903063;2022-01-11T16:00:00Z
55.10183333333334;0.0;0.0;0.0;-2.309851074199969;0.5877068043;3.0769509418852596;2022-01-11T17:00:00Z
67.15053333333333;0.0;0.0;0.0;-2.4050048827999717;0.5876933336;3.470261378006611;2022-01-11T18:00:00Z
57.117383333333336;0.0;0.0;0.0;-2.625372314499998;0.5876725316;4.088026058613712;2022-01-11T19:00:00Z
96.71685;0.0;0.0;0.0;-2.502722167999991;0.5876640677;4.089597511690142;2022-01-11T20:00:00Z
92.0001;0.0;0.0;0.0;-2.583532714799958;0.5876503587;4.009670286261716;2022-01-11T21:00:00Z
89.43469999999998;0.0;0.0;0.0;-2.788946533199976;0.5876425505;4.512198290576301;2022-01-11T22:00:00Z
121.68511666666669;0.0;0.0;0.0;-2.8315490722999925;0.5876315236;4.487004956207662;2022-01-11T23:00:00Z
26.0171;0.0;0.0;0.0;-2.6480163573999675;0.587625742;4.3110100530899125;2022-01-12T00:00:00Z
33.3669;0.0;0.0;0.0;-2.696569824199969;0.5876080394;4.673453987628272;2022-01-12T01:00:00Z
36.633333333333326;0.0;0.0;0.0;-2.56058349609998;0.5876049995;4.676571337675536;2022-01-12T02:00:00Z
27.300516666666663;0.0;0.0;0.0;-2.316870117199983;0.587618053;4.6975729723637345;2022-01-12T03:00:00Z
27.650633333333328;0.0;0.0;0.0;-2.1208251952999717;0.587651968;4.891175176638049;2022-01-12T04:00:00Z
31.38373333333333;0.0;0.0;0.0;-1.7562011718999884;0.5877116323;4.905595319083617;2022-01-12T05:00:00Z
25.667083333333327;0.0;0.0;0.0;-1.409399414099994;0.5877072811;5.095161862370312;2022-01-12T06:00:00Z
7.817716666666666;35.635555555555555;25.118;0.0;-1.3907531737999648;0.5877257586;5.405688701092168;2022-01-12T07:00:00Z
62.50075;36.52344444444444;0.1199999999999999;8.924444444444445;-1.0955261229999564;0.5877578855;5.643007877073363;2022-01-12T08:00:00Z
7.66815;12.550444444444445;0.1199999999999999;31.84;-0.541113281199955;0.5877819061;5.5350322114513055;2022-01-12T09:00:00Z
53.00028333333333;0.0;0.0;52.94222222222222;0.41622314450000886;0.5882278681;5.446541553733955;2022-01-12T10:00:00Z
70.0;0.0;0.0;43.306666666666665;0.9991699219000338;0.5886745453;5.502616656589413;2022-01-12T11:00:00Z
58.000616666666666;0.0;0.0;44.55111111111111;1.4801574707000213;0.5886580348;5.515943937183232;2022-01-12T12:00:00Z
383.3343333333333;0.0;0.0;33.28;1.6769042969000338;0.5887150168;5.246250636001592;2022-01-12T13:00:00Z
30.33555;0.0;0.0;27.022222222222222;1.8660522461000255;0.5887510777;5.361537205952479;2022-01-12T14:00:00Z
34.66836666666667;0.0;0.0;13.937777777777777;2.032739257800017;0.5887966752;5.457233248306131;2022-01-12T15:00:00Z
66.83456666666666;0.0;0.0;0.35555555555555557;2.2034545898000033;0.5889207125;5.552778343511452;2022-01-12T16:00:00Z
355.61831666666666;0.0;0.0;0.0;2.1580444336000255;0.589228034;6.029051490731042;2022-01-12T17:00:00Z
68.7175;0.0;0.0;0.0;2.0386596680000366;0.5894719958;5.766081286117573;2022-01-12T18:00:00Z
80.9008;0.0;0.0;0.0;2.0143371582000213;0.5896924734;6.163526512709081;2022-01-12T19:00:00Z
89.2339;0.0;0.0;0.0;2.082788085900006;0.5899760723;7.047785114518121;2022-01-12T20:00:00Z
90.06675;0.0;0.0;0.0;2.105981445300017;0.5902853608;7.191626758045211;2022-01-12T21:00:00Z
326.46805;0.0;0.0;0.0;2.1738220215000297;0.5904449821;7.049121046116878;2022-01-12T22:00:00Z
67.56813333333334;0.0;0.0;0.0;2.3479858398000033;0.590564549;7.302289074348784;2022-01-12T23:00:00Z
29.866866666666663;0.0;0.0;0.0;2.831506347700042;0.5907024145;7.721467123255274;2022-01-13T00:00:00Z
38.50021666666667;0.0;0.0;0.0;3.170617675800031;0.5908693075;8.112751059677553;2022-01-13T01:00:00Z
36.283683333333336;0.0;0.0;0.0;3.2600341797000283;0.5909861326;8.15633203414201;2022-01-13T02:00:00Z
40.83358333333334;0.0;0.0;0.0;3.2848449707000213;0.5911055803;8.296353420171025;2022-01-13T03:00:00Z
32.083883333333326;0.0;0.0;0.0;3.2101379395000436;0.5915054679;8.406945802533478;2022-01-13T04:00:00Z
34.183833333333325;0.0;0.0;0.0;3.2316833496000186;0.5918102264;8.550016657662;2022-01-13T05:00:00Z
42.816766666666666;0.0;0.0;0.0;3.3094726562000005;0.5922079682;8.763829643603101;2022-01-13T06:00:00Z
41.85085;36.52344444444444;5.119;0.0;3.360864257800017;0.5923888087;8.77745570175038;2022-01-13T07:00:00Z
70.0;38.29922222222221;0.1199999999999999;3.6977777777777776;3.3694091797000283;0.5925832987;8.777689618463869;2022-01-13T08:00:00Z
70.0;0.1199999999999999;20.119;24.88888888888889;3.71383056640002;0.5925703049;8.871453536817537;2022-01-13T09:00:00Z
70.0;0.0;0.0;42.52444444444444;3.911645507800017;0.5925195813;8.42695918290884;2022-01-13T10:00:00Z
69.8334;0.0;0.0;71.75111111111111;4.215173339800003;0.5920797586;8.657480638955024;2022-01-13T11:00:00Z
67.83455;0.0;0.0;71.98222222222222;4.441491699200014;0.5915349722;8.134606995480086;2022-01-13T12:00:00Z
62.83505;0.0;0.0;70.11555555555556;4.605004882800017;0.5910479426;9.3873412570423;2022-01-13T13:00:00Z
66.3347;0.0;0.0;59.75111111111111;4.789697265600012;0.5905411243;9.364114067943087;2022-01-13T14:00:00Z
661.0015833333333;0.0;0.0;23.982222222222223;4.789453125000023;0.5904960632;9.403288352075768;2022-01-13T15:00:00Z
62.001916666666666;0.0;0.0;0.5333333333333333;4.739526367200028;0.5905695558;9.427032524459237;2022-01-13T16:00:00Z
204.33436666666665;0.0;0.0;0.0;4.748742675800031;0.5905148983;9.325791830350854;2022-01-13T17:00:00Z
37.434766666666654;0.0;0.0;0.0;4.706811523400006;0.5903423429;9.454183592566242;2022-01-13T18:00:00Z
45.9843;0.0;0.0;0.0;4.747216796900034;0.5901096463;9.385179313563667;2022-01-13T19:00:00Z
71.88366666666667;0.0;0.0;0.0;4.741540527300003;0.5898993015;9.511855407083157;2022-01-13T20:00:00Z
29.5514;0.0;0.0;0.0;4.814843750000023;0.5897659063;9.574725850661588;2022-01-13T21:00:00Z
56.0017;0.0;0.0;0.0;4.433221435500002;0.5897856355;8.714884876363692;2022-01-13T22:00:00Z
165.71773333333334;0.0;0.0;0.0;4.3767944336000255;0.5897628665;8.828036253256746;2022-01-13T23:00:00Z
0.0;0.0;0.0;0.0;4.305810546900034;0.5896796584;8.71197908682061;2022-01-14T00:00:00Z
0.0;0.0;0.0;0.0;4.500390625000023;0.5896035433;8.598122281983004;2022-01-14T01:00:00Z
0.0;0.0;0.0;0.0;4.548181152300003;0.589537859;8.756725418484258;2022-01-14T02:00:00Z
0.0;0.0;0.0;0.0;4.639306640600012;0.5894639492;9.08006652137544;2022-01-14T03:00:00Z
0.0;0.0;0.0;0.0;4.494775390600012;0.5893771052;9.4803709998328;2022-01-14T04:00:00Z
0.0;0.0;0.0;0.0;4.690209960900006;0.589319706;9.95765028025123;2022-01-14T05:00:00Z
0.0;0.0;0.0;0.0;4.654199218800045;0.589318037;10.276570159332865;2022-01-14T06:00:00Z
0.0;32.971888888888884;25.118;0.0;4.7313476562000005;0.5892797709;10.386133367682977;2022-01-14T07:00:00Z
0.0;42.73866666666665;0.1199999999999999;4.142222222222222;4.872949218800045;0.5892077684;10.423011204116097;2022-01-14T08:00:00Z
0.0;3.671555555555555;0.1199999999999999;26.808888888888887;5.003808593800045;0.5890086293;10.569831442645157;2022-01-14T09:00:00Z
0.0;0.0;0.0;40.71111111111111;4.826928710900006;0.588919282;10.216641787394584;2022-01-14T10:00:00Z
0.0;0.0;0.0;43.18222222222222;5.078759765600012;0.5886713862;10.04844595448258;2022-01-14T11:00:00Z
0.0;0.0;0.0;51.55555555555556;5.401391601600039;0.5884510875;10.888553378890533;2022-01-14T12:00:00Z
0.0;0.0;0.0;36.32;5.691003418000037;0.5882608294;10.651275472970102;2022-01-14T13:00:00Z
0.0;0.0;0.0;21.67111111111111;6.135491943400041;0.5881533623;10.153077204641901;2022-01-14T14:00:00Z
0.0;0.0;0.0;8.088888888888889;6.406274414100039;0.5880393982;9.607189864503543;2022-01-14T15:00:00Z
0.0;0.0;0.0;0.28444444444444444;6.433740234400034;0.5879495144;8.989978650704971;2022-01-14T16:00:00Z
0.0;0.0;0.0;0.0;6.311059570300017;0.5879077911;8.192663145798278;2022-01-14T17:00:00Z
0.0;0.0;0.0;0.0;6.125207519500009;0.5879250765;7.682633569218515;2022-01-14T18:00:00Z
0.0;0.0;0.0;0.0;5.7641540527000075;0.5879281163;7.134179330858055;2022-01-14T19:00:00Z
0.0;0.0;0.0;0.0;4.8192382812000005;0.5879197717;6.485951458546819;2022-01-14T20:00:00Z
0.0;0.0;0.0;0.0;3.6496826172000283;0.5879835486;6.327352267826465;2022-01-14T21:00:00Z
0.0;0.0;0.0;0.0;2.980981445300017;0.5882027745;5.870071876828182;2022-01-14T22:00:00Z
0.0;0.0;0.0;0.0;1.971307373000002;0.5883712173;5.773604607141381;2022-01-14T23:00:00Z
31.03383333333333;0.0;0.0;0.0;1.2679077148000033;0.5885455012;5.932299582488648;2022-01-15T00:00:00Z
26.83405;0.0;0.0;0.0;0.5355468750000227;0.5888194442;6.2963887141926165;2022-01-15T01:00:00Z
27.067283333333332;0.0;0.0;0.0;0.0976806641000394;0.5890788436;6.361445892463312;2022-01-15T02:00:00Z
32.78365;0.0;0.0;0.0;-0.25906982419996893;0.5893012881;6.251107070592677;2022-01-15T03:00:00Z
33.133533333333325;0.0;0.0;0.0;-0.5024780272999578;0.5894694328;6.144203060308416;2022-01-15T04:00:00Z
27.65043333333333;0.0;0.0;0.0;-0.4423583983999606;0.5895762444;5.793575184751323;2022-01-15T05:00:00Z
21.46745;0.0;0.0;0.0;-0.3421997069999634;0.5896320939;5.682218509413285;2022-01-15T06:00:00Z
22.10161666666667;44.51444444444444;5.119;0.0;-0.08249511719998281;0.589710772;5.601860371291451;2022-01-15T07:00:00Z
48.500816666666665;22.317222222222224;0.1199999999999999;10.96888888888889;0.12536010740001302;0.58977139;5.227389481397954;2022-01-15T08:00:00Z
66.16705;12.550444444444445;20.119;58.09777777777778;0.6872802734000061;0.5896682143;4.2347298562768625;2022-01-15T09:00:00Z
68.83345;0.0;0.0;119.82222222222222;1.0909362793000241;0.5895000696;2.8923577338488506;2022-01-15T10:00:00Z
70.00018333333334;0.0;0.0;162.63111111111112;1.8678222656000116;0.5890645385;2.8446224143645766;2022-01-15T11:00:00Z
36.00156666666667;0.0;0.0;175.11111111111111;2.3771301270000436;0.5886538029;3.170884323377991;2022-01-15T12:00:00Z
50.00133333333333;0.0;0.0;134.52444444444444;2.6919799805000366;0.5883093476;3.2263012361570405;2022-01-15T13:00:00Z
265.6678;0.0;0.0;83.55555555555556;2.8245483398000033;0.5881198049;3.3226690745863183;2022-01-15T14:00:00Z
421.0014166666666;0.0;0.0;31.76888888888889;2.650750732400013;0.5880998969;3.0222536121772428;2022-01-15T15:00:00Z
546.6678166666667;0.0;0.0;0.8533333333333333;2.255578613300031;0.5880981684;2.946686411909378;2022-01-15T16:00:00Z
30.218216666666663;0.0;0.0;0.0;2.1643310547000283;0.5880916715;3.3143957816391745;2022-01-15T17:00:00Z
58.53481666666667;0.0;0.0;0.0;2.1816650391000394;0.5880891681;3.8775891646950815;2022-01-15T18:00:00Z
70.26833333333333;0.0;0.0;0.0;1.554010009800038;0.5881062746;4.148894333370183;2022-01-15T19:00:00Z
79.13445;0.0;0.0;0.0;1.622949218800045;0.5881178379;4.1541189681053625;2022-01-15T20:00:00Z
91.0;0.0;0.0;0.0;1.1260925293000241;0.5881356597;4.180293815711909;2022-01-15T21:00:00Z
112.33441666666666;0.0;0.0;0.0;1.07711181640002;0.5881568789;3.6609994511025516;2022-01-15T22:00:00Z
74.98513333333331;0.0;0.0;0.0;0.5660034180000366;0.5881742239;4.0561157227023985;2022-01-15T23:00:00Z
30.333566666666663;0.0;0.0;0.0;0.59664306640002;0.5881928205;4.124607950084414;2022-01-16T00:00:00Z
37.80043333333333;0.0;0.0;0.0;0.15105590820002135;0.5882220864;4.281675430396652;2022-01-16T01:00:00Z
38.85028333333334;0.0;0.0;0.0;-0.08487548829998559;0.5882639885;5.14110680917755;2022-01-16T02:00:00Z
33.01696666666667;0.0;0.0;0.0;-0.24436035159999392;0.5883152485;5.790759260787785;2022-01-16T03:00:00Z
28.58333333333333;0.0;0.0;0.0;-0.5043701171999828;0.5883071423;5.997923924157999;2022-01-16T04:00:00Z
31.50065;0.0;0.0;0.0;-0.8274291991999689;0.5883464813;5.996529404775741;2022-01-16T05:00:00Z
34.68371666666667;0.0;0.0;0.0;-1.132116699199969;0.5883795023;5.631064308523418;2022-01-16T06:00:00Z
30.384233333333327;24.093;5.119;0.0;-1.3084167479999564;0.5883970857;6.033214162156069;2022-01-16T07:00:00Z
41.000483333333335;33.859777777777765;0.1199999999999999;12.017777777777777;-1.0162109374999773;0.5883799791;6.135426880803946;2022-01-16T08:00:00Z
68.50015;25.868777777777776;20.119;63.946666666666665;-0.2010864257999856;0.5882995129;6.110160180381765;2022-01-16T09:00:00Z
60.1674;0.0;0.0;115.73333333333333;1.0041748047000283;0.5883191228;5.756749849068744;2022-01-16T10:00:00Z
45.50095;0.0;0.0;128.17777777777778;1.727258300800031;0.5881659389;6.6888834714109;2022-01-16T11:00:00Z
21.001966666666664;0.0;0.0;129.56444444444443;2.0211425781000116;0.5881419778;8.593974103273187;2022-01-16T12:00:00Z
42.5015;0.0;0.0;67.52;2.0630737305000366;0.5882721543;8.210533277992305;2022-01-16T13:00:00Z
64.0011;0.0;0.0;40.55111111111111;2.2516113281000116;0.588168025;8.59328918268687;2022-01-16T14:00:00Z
53.001283333333326;0.0;0.0;16.96;2.4212280273000033;0.5883199573;8.477738683121709;2022-01-16T15:00:00Z
70.001;0.0;0.0;0.4622222222222222;2.7123352051000325;0.5896200538;8.801763745582496;2022-01-16T16:00:00Z
169.73443333333333;0.0;0.0;0.0;3.023339843800045;0.5914869308;8.957430540939711;2022-01-16T17:00:00Z
77.95125;0.0;0.0;0.0;3.526513671900034;0.5922723413;9.312113269317067;2022-01-16T18:00:00Z
78.78425;0.0;0.0;0.0;4.1322570801000325;0.5922694802;10.255478495832124;2022-01-16T19:00:00Z
51.467433333333325;0.0;0.0;0.0;4.412744140600012;0.5922142267;10.736274662706885;2022-01-16T20:00:00Z
86.9336;0.0;0.0;0.0;4.714257812500023;0.5920246243;11.32587595059742;2022-01-16T21:00:00Z
286.20146666666665;0.0;0.0;0.0;4.904016113300031;0.5919485092;11.280949189560223;2022-01-16T22:00:00Z
744.2345333333334;0.0;0.0;0.0;5.085351562500023;0.5918987989;11.50408253033446;2022-01-16T23:00:00Z
30.21678333333333;0.0;0.0;0.0;5.333673095700021;0.5923412442;11.535753541551298;2022-01-17T00:00:00Z
35.23361666666666;0.0;0.0;0.0;5.438806152300003;0.5922937989;11.993146755544284;2022-01-17T01:00:00Z
35.46685;0.0;0.0;0.0;5.432885742200028;0.592171967;12.42186005166289;2022-01-17T02:00:00Z
41.30005;0.0;0.0;0.0;5.338098144500009;0.5918157101;12.992167163877202;2022-01-17T03:00:00Z
35.35015;0.0;0.0;0.0;5.351373291000016;0.5913108587;13.946394425795521;2022-01-17T04:00:00Z
34.41675;0.0;0.0;0.0;5.5614257812000005;0.5906181931;14.469450115995505;2022-01-17T05:00:00Z
28.58343333333333;0.0;0.0;0.0;5.622338867200028;0.5905308127;15.0322783883359;2022-01-17T06:00:00Z
0.9334833333333332;23.20511111111111;20.119;0.0;5.5985351562000005;0.5909878612;16.234845361557333;2022-01-17T07:00:00Z
0.5013166666666666;31.196111111111108;5.119;4.088888888888889;5.577416992200028;0.5918544531;16.168986302311406;2022-01-17T08:00:00Z
32.6674;20.541444444444444;0.1199999999999999;16.106666666666666;5.666528320300017;0.5930311084;14.989100562794736;2022-01-17T09:00:00Z
45.5012;0.0;0.0;49.653333333333336;5.5961853027000075;0.5931817889;13.904425009800018;2022-01-17T10:00:00Z
52.00086666666667;0.0;0.0;78.56;5.232751464800003;0.5929065347;12.335029177063946;2022-01-17T11:00:00Z
70.001;0.0;0.0;92.67555555555556;4.280603027300003;0.591840744;10.315353696486817;2022-01-17T12:00:00Z
70.001;0.0;0.0;131.64444444444445;4.240686035200042;0.5904663801;9.742135209559763;2022-01-17T13:00:00Z
69.16775;0.0;0.0;132.3022222222222;4.107965087900027;0.5893493891;9.734031235087185;2022-01-17T14:00:00Z
318.33425;0.0;0.0;59.85777777777778;3.535882568400041;0.5886488557;9.639033255197008;2022-01-17T15:00:00Z
785.1671;0.0;0.0;2.577777777777778;2.725366210900006;0.5882437229;9.092317518949333;2022-01-17T16:00:00Z
67.8848;0.0;0.0;0.0;1.9660278320000089;0.5879962444;8.590505833127162;2022-01-17T17:00:00Z
79.95106666666666;0.0;0.0;0.0;1.4785705566000047;0.5878453255;8.039686731556715;2022-01-17T18:00:00Z
90.16675;0.0;0.0;0.0;0.8959899902000075;0.5877653956;7.632962531205062;2022-01-17T19:00:00Z
88.4336;0.0;0.0;0.0;0.7903076172000283;0.5877348781;7.838204762572626;2022-01-17T20:00:00Z
96.5002;0.0;0.0;0.0;0.5977416992000144;0.5877156258;7.812166674343971;2022-01-17T21:00:00Z
86.00158333333333;0.0;0.0;0.0;0.20714721680002413;0.5877060294;7.701577887026471;2022-01-17T22:00:00Z
51.435133333333326;0.0;0.0;0.0;0.02645263670001441;0.5877677202;7.582010286073461;2022-01-17T23:00:00Z
27.183516666666662;0.0;0.0;0.0;-0.4013427733999606;0.5878593922;7.26663653339981;2022-01-18T00:00:00Z
29.633466666666667;0.0;0.0;0.0;-0.40018310549999114;0.5879745483;7.116738997017435;2022-01-18T01:00:00Z
32.550133333333335;0.0;0.0;0.0;-0.6878112792999787;0.5880961418;6.98101490789621;2022-01-18T02:00:00Z
29.983466666666665;0.0;0.0;0.0;-0.8202880858999606;0.5882217288;7.0885297456358005;2022-01-18T03:00:00Z
27.7667;0.0;0.0;0.0;-0.9669555663999745;0.5883376598;7.013706260347016;2022-01-18T04:00:00Z
52.88346666666667;0.0;0.0;0.0;-0.9265197753999814;0.5884058475;6.468311555938307;2022-01-18T05:00:00Z
69.36744999999999;0.0;0.0;0.0;-0.8358215331999759;0.5884225965;6.507832961152281;2022-01-18T06:00:00Z
62.0008;48.95388888888888;0.1199999999999999;0.0;-0.6338867187999995;0.5884185433;6.462940634793073;2022-01-18T07:00:00Z
66.50035;18.765666666666664;25.118;14.115555555555556;-0.010595703099966158;0.5884133577;5.826529353067906;2022-01-18T08:00:00Z
69.3334;8.111;0.1199999999999999;57.03111111111111;1.043725585900006;0.5883511901;4.910327246474025;2022-01-18T09:00:00Z
51.000316666666656;0.0;0.0;128.07111111111112;2.4715209961000255;0.588204205;4.887186367955989;2022-01-18T10:00:00Z
59.00045;0.0;0.0;158.63111111111112;3.406793212900027;0.5880517364;4.259962681150885;2022-01-18T11:00:00Z
66.00106666666666;0.0;0.0;157.79555555555555;3.860803222700042;0.5878967643;3.964477700832369;2022-01-18T12:00:00Z
346.33495;0.0;0.0;108.26666666666667;4.116540527300003;0.587916255;4.08079147541583;2022-01-18T13:00:00Z
403.334;0.0;0.0;79.78666666666666;4.257714843800045;0.5878612399;4.222137569582976;2022-01-18T14:00:00Z
247.16823333333332;0.0;0.0;33.13777777777778;4.138787841800024;0.5878677964;4.608391072162105;2022-01-18T15:00:00Z
1.6694999999999995;0.0;0.0;1.528888888888889;3.9832702637000352;0.5879171491;5.215301888673757;2022-01-18T16:00:00Z
58.50171666666667;0.0;0.0;0.0;4.151177978500016;0.5879582763;5.530343107332762;2022-01-18T17:00:00Z
29.734516666666664;0.0;0.0;0.0;4.340844726600039;0.5880247355;5.755674775162667;2022-01-18T18:00:00Z
75.68386666666667;0.0;0.0;0.0;4.395776367200028;0.5881094933;5.807690849262458;2022-01-18T19:00:00Z
58.00055;0.0;0.0;0.0;4.3738647461000255;0.5882293582;5.917920866848201;2022-01-18T20:00:00Z
52.83413333333333;0.0;0.0;0.0;4.34667358400003;0.5883079171;6.3914496458030845;2022-01-18T21:00:00Z
90.86786666666669;0.0;0.0;0.0;4.615258789100039;0.5882998705;6.619805947292756;2022-01-18T22:00:00Z
112.01795;0.0;0.0;0.0;4.40621337890002;0.5883060694;6.537270914060784;2022-01-18T23:00:00Z
16.683766666666667;0.0;0.0;0.0;4.247583007800017;0.5884046555;6.493947941061265;2022-01-19T00:00:00Z
38.73345;0.0;0.0;0.0;4.146203613300031;0.5884819627;6.618082648953882;2022-01-19T01:00:00Z
37.683766666666656;0.0;0.0;0.0;4.120294189500044;0.5885561109;6.724592697005057;2022-01-19T02:00:00Z
33.017083333333325;0.0;0.0;0.0;3.7288452148000033;0.5886529684;6.564066152931679;2022-01-19T03:00:00Z
29.633566666666663;0.0;0.0;0.0;3.414514160200042;0.5887004733;6.221659944018736;2022-01-19T04:00:00Z
37.21673333333334;0.0;0.0;0.0;3.2854858398000033;0.588811636;5.996570089345414;2022-01-19T05:00:00Z
26.267616666666665;0.0;0.0;0.0;2.988183593800045;0.5889766812;5.975527563755489;2022-01-19T06:00:00Z
41.75076666666666;12.550444444444445;0.1199999999999999;0.0;2.473779296900034;0.5891023278;6.196504946353759;2022-01-19T07:00:00Z
70.0;22.31722222222222;5.119;17.795555555555556;2.1431518555000366;0.5892088413;6.663758193944245;2022-01-19T08:00:00Z
65.83375;44.51444444444444;20.119;87.00444444444445;3.1721130371000186;0.5891160369;7.2024696049123555;2022-01-19T09:00:00Z
70.0;0.0;0.0;160.3022222222222;3.4955993652000075;0.5888504386;5.707754332908252;2022-01-19T10:00:00Z
69.0007;0.0;0.0;182.95111111111112;3.5440307617000144;0.5884359479;5.429530365593667;2022-01-19T11:00:00Z
66.0014;0.0;0.0;200.83555555555554;3.7762084961000255;0.5880610347;5.97950157850467;2022-01-19T12:00:00Z
68.50115;0.0;0.0;173.38666666666666;3.639367675800031;0.5878008008;6.936987109677363;2022-01-19T13:00:00Z
281.5013;0.0;0.0;108.51555555555555;3.442010498000002;0.5876258016;7.7848642298552155;2022-01-19T14:00:00Z
80.66825;0.0;0.0;52.053333333333335;3.0238281250000227;0.5875231028;8.127538413878284;2022-01-19T15:00:00Z
585.5006;0.0;0.0;2.5955555555555554;2.792871093800045;0.5874602795;8.287430270274754;2022-01-19T16:00:00Z
70.5676;0.0;0.0;0.0;2.8815246582000213;0.5874165893;8.933217349330198;2022-01-19T17:00:00Z
84.11678333333333;0.0;0.0;0.0;3.171044921900034;0.5873852372;9.872805688977605;2022-01-19T18:00:00Z
84.80061666666667;0.0;0.0;0.0;3.4416748047000283;0.5874222517;10.166633575782987;2022-01-19T19:00:00Z
83.0837;0.0;0.0;0.0;3.4876342773000033;0.5875067711;10.259457971633957;2022-01-19T20:00:00Z
51.50078333333333;0.0;0.0;0.0;3.455224609400034;0.5876744986;10.81800313380006;2022-01-19T21:00:00Z
27.068183333333334;0.0;0.0;0.0;3.5833374023000033;0.5887291431;11.107089773806385;2022-01-19T22:00:00Z
254.65103333333332;0.0;0.0;0.0;3.848840332000009;0.5903551579;11.559100577467511;2022-01-19T23:00:00Z
21.467166666666664;0.0;0.0;0.0;3.7952514648000033;0.5918132663;12.21760120140147;2022-01-20T00:00:00Z
34.41675;0.0;0.0;0.0;3.3565307617000144;0.5921379924;12.799592282031966;2022-01-20T01:00:00Z
34.41688333333333;0.0;0.0;0.0;2.8410583496000186;0.5913398266;11.708719064923958;2022-01-20T02:00:00Z
40.016866666666665;0.0;0.0;0.0;2.3902221680000366;0.5910151601;11.924316811403937;2022-01-20T03:00:00Z
39.66685;0.0;0.0;0.0;1.8739257812000005;0.5905221105;12.30572149039439;2022-01-20T04:00:00Z
40.7172;0.0;0.0;0.0;1.19722900390002;0.5911744237;13.049578939335667;2022-01-20T05:00:00Z
31.267983333333333;0.0;0.0;0.0;1.005761718800045;0.591409862;13.699543144960987;2022-01-20T06:00:00Z
3.501516666666667;42.73866666666665;0.1199999999999999;0.0;0.3300720215000297;0.5906082392;13.52632783409458;2022-01-20T07:00:00Z
6.50135;24.980888888888888;20.119;24.266666666666666;0.12661132810001163;0.5896615386;12.315079740113978;2022-01-20T08:00:00Z
6.834650000000001;12.550444444444445;5.119;108.99555555555555;0.7416015625000227;0.5888072252;12.283026125369895;2022-01-20T09:00:00Z
62.00013333333333;0.0;0.0;188.7111111111111;1.4244018555000366;0.5883611441;9.554966430924809;2022-01-20T10:00:00Z
70.0;0.0;0.0;231.76888888888888;2.09078369140002;0.5883095264;10.847894202375183;2022-01-20T11:00:00Z
536.6667833333332;0.0;0.0;228.19555555555556;2.4812866211000255;0.5883540511;11.364804961416596;2022-01-20T12:00:00Z
380.8346;0.0;0.0;204.83555555555554;2.596398925800031;0.5881234407;10.643336812474868;2022-01-20T13:00:00Z
101.3345;0.0;0.0;125.77777777777777;1.78707275390002;0.5882437825;9.706799803715349;2022-01-20T14:00:00Z
65.50145;0.0;0.0;46.22222222222222;0.7571044922000283;0.588091433;9.125300892678695;2022-01-20T15:00:00Z
61.83515;0.0;0.0;3.3066666666666666;0.23595581050000192;0.5880365968;8.743350414548782;2022-01-20T16:00:00Z
44.834999999999994;0.0;0.0;0.0;-0.22312011719998281;0.587983191;9.003882574718672;2022-01-20T17:00:00Z
13.368166666666667;0.0;0.0;0.0;-0.5799926757999856;0.5879358649;9.543855807601823;2022-01-20T18:00:00Z
13.1355;0.0;0.0;0.0;-0.80081787109998;0.5878967047;9.967950417707469;2022-01-20T19:00:00Z
50.001166666666656;0.0;0.0;0.0;-1.1585449218999884;0.5878559947;10.238792587440633;2022-01-20T20:00:00Z
88.85041666666666;0.0;0.0;0.0;-1.1570190429999911;0.5878148079;10.287278795229392;2022-01-20T21:00:00Z
221.1846;0.0;0.0;0.0;-1.2135375976999967;0.5880172253;10.246488843498897;2022-01-20T22:00:00Z
146.10168333333334;0.0;0.0;0.0;-1.1559204101999967;0.5879899263;10.011850374423442;2022-01-20T23:00:00Z
0.0;0.0;0.0;0.0;-1.1596435546999828;0.5879679322;10.036887857814358;2022-01-21T00:00:00Z
0.0;0.0;0.0;0.0;-1.3531860351999967;0.5879555345;10.15382290805485;2022-01-21T01:00:00Z
0.0;0.0;0.0;0.0;-1.516821289099994;0.5879384279;10.083803103820395;2022-01-21T02:00:00Z
0.0;0.0;0.0;0.0;-1.9013427733999606;0.5879121423;9.54218998483752;2022-01-21T03:00:00Z
0.0;0.0;0.0;0.0;-2.1835083007999856;0.5878936052;9.266574302812153;2022-01-21T04:00:00Z
0.0;0.0;0.0;0.0;-2.61234130859998;0.5878841877;9.221026489436;2022-01-21T05:00:00Z
0.0;0.0;0.0;0.0;-2.90433349609998;0.5878692269;8.927763221725193;2022-01-21T06:00:00Z
0.0;55.169111111111114;20.119;0.0;-3.032843017599987;0.5878648758;8.907994376702428;2022-01-21T07:00:00Z
0.0;8.998888888888889;5.119;25.26222222222222;-2.5914062499999773;0.5878651738;8.757680769709312;2022-01-21T08:00:00Z
0.0;20.541444444444444;0.1199999999999999;111.71555555555555;-1.4627136229999564;0.5878401399;8.909405803477869;2022-01-21T09:00:00Z
0.0;0.0;0.0;196.33777777777777;-0.33597412109998004;0.5875734091;6.964686124714598;2022-01-21T10:00:00Z
0.0;0.0;0.0;254.22222222222223;0.63961181640002;0.5875965357;7.591601954573946;2022-01-21T11:00:00Z
0.0;0.0;0.0;267.53777777777776;1.391381835900006;0.5876168609;8.386818326206672;2022-01-21T12:00:00Z
0.0;0.0;0.0;236.7111111111111;1.7379699707000213;0.5876094699;8.262551565626849;2022-01-21T13:00:00Z
0.0;0.0;0.0;166.36444444444444;1.7102905273000033;0.5876105428;8.950293021338632;2022-01-21T14:00:00Z
0.0;0.0;0.0;72.64;1.1381164551000325;0.5876022577;9.063904983061148;2022-01-21T15:00:00Z
0.0;0.0;0.0;5.475555555555555;0.4249206543000241;0.5876174569;9.883625507042247;2022-01-21T16:00:00Z
0.0;0.0;0.0;0.0;0.02456054690003384;0.5876221061;10.010267974805629;2022-01-21T17:00:00Z
0.0;0.0;0.0;0.0;0.017968750000022737;0.5876137018;9.695737711206982;2022-01-21T18:00:00Z
0.0;0.0;0.0;0.0;0.4534545898000033;0.5875929594;9.504289264065797;2022-01-21T19:00:00Z
0.0;0.0;0.0;0.0;1.410852050800031;0.5875989795;8.974137285026758;2022-01-21T20:00:00Z
0.0;0.0;0.0;0.0;1.7035766602000422;0.5876455307;8.47322026392733;2022-01-21T21:00:00Z
0.0;0.0;0.0;0.0;1.9161621094000338;0.5906277299;7.977625907027928;2022-01-21T22:00:00Z
0.0;0.0;0.0;0.0;2.004602050800031;0.5923132896;7.4589573550621475;2022-01-21T23:00:00Z
28.58378333333333;0.0;0.0;0.0;2.61519775390002;0.592564702;7.36678065375308;2022-01-22T00:00:00Z
35.583666666666666;0.0;0.0;0.0;3.2386108398000033;0.5926534534;7.190767696161264;2022-01-22T01:00:00Z
35.23345;0.0;0.0;0.0;3.3506713867000144;0.5927076936;6.957764782775439;2022-01-22T02:00:00Z
35.0;0.0;0.0;0.0;3.3961425781000116;0.5927741528;6.995755461066466;2022-01-22T03:00:00Z
34.7667;0.0;0.0;0.0;3.061822509800038;0.5928227305;7.2715161050057056;2022-01-22T04:00:00Z
32.900483333333334;0.0;0.0;0.0;2.662805175800031;0.5928608775;7.175235006986119;2022-01-22T05:00:00Z
17.96745;0.0;0.0;0.0;2.288842773400006;0.5928746462;6.348174200540339;2022-01-22T06:00:00Z
41.08345;32.084;25.118;0.0;1.9524780273000033;0.5928064585;5.498344324095225;2022-01-22T07:00:00Z
63.33393333333333;12.550444444444445;0.1199999999999999;12.462222222222222;1.6820617676000325;0.5927436948;4.687933149690335;2022-01-22T08:00:00Z
26.00073333333333;35.635555555555555;0.1199999999999999;60.24888888888889;1.9307495117000144;0.5925089717;4.503178895586677;2022-01-22T09:00:00Z
8.501149999999999;0.0;0.0;115.52;2.315942382800017;0.592143178;3.913584733549921;2022-01-22T10:00:00Z
60.001;0.0;0.0;165.86666666666667;2.5902648926000325;0.5912345052;2.78135441369232;2022-01-22T11:00:00Z
68.83426666666665;0.0;0.0;189.28;3.009667968800045;0.5903294086;2.327279127841346;2022-01-22T12:00:00Z
252.33416666666673;0.0;0.0;186.50666666666666;3.289758300800031;0.5897317529;2.8981271496854757;2022-01-22T13:00:00Z
212.00176666666664;0.0;0.0;149.81333333333333;3.2295166016000394;0.5893564224;3.305696487418232;2022-01-22T14:00:00Z
70.001;0.0;0.0;67.27111111111111;2.048547363300031;0.5892727375;2.995774022663346;2022-01-22T15:00:00Z
594.3347333333334;0.0;0.0;5.546666666666667;1.628686523400006;0.5892660022;3.0339126521718103;2022-01-22T16:00:00Z
199.78428333333332;0.0;0.0;0.0;0.9846130371000186;0.5892554522;3.2434973565392173;2022-01-22T17:00:00Z
53.80063333333334;0.0;0.0;0.0;1.3818603516000394;0.5892374516;3.4182787967213875;2022-01-22T18:00:00Z
39.867483333333325;0.0;0.0;0.0;1.5187316895000436;0.5892358422;3.5149680912460814;2022-01-22T19:00:00Z
84.81688333333332;0.0;0.0;0.0;1.5285278320000089;0.5893394947;3.4258606694575513;2022-01-22T20:00:00Z
88.5836;0.0;0.0;0.0;1.6507812500000227;0.5896963477;3.5958232529745784;2022-01-22T21:00:00Z
80.65203333333332;0.0;0.0;0.0;2.0475402832000213;0.591170013;3.951641194516987;2022-01-22T22:00:00Z
120.90226666666666;0.0;0.0;0.0;2.3069091797000283;0.5920256972;4.639942735368583;2022-01-22T23:00:00Z
25.2003;0.0;0.0;0.0;2.689019775400027;0.5923731327;5.601939650676941;2022-01-23T00:00:00Z
43.05001666666666;0.0;0.0;0.0;3.2564331055000366;0.5924184322;5.9065442766122525;2022-01-23T01:00:00Z
45.033366666666666;0.0;0.0;0.0;3.6407104492000144;0.5924554467;5.886954986911412;2022-01-23T02:00:00Z
38.15;0.0;0.0;0.0;4.03707275390002;0.5924942493;5.8844588192558875;2022-01-23T03:00:00Z
34.76676666666667;0.0;0.0;0.0;4.230920410200042;0.5925320387;6.122987322871199;2022-01-23T04:00:00Z
33.133383333333335;0.0;0.0;0.0;4.188500976600039;0.5925728083;6.153172559011205;2022-01-23T05:00:00Z
27.53386666666667;0.0;0.0;0.0;4.217065429700028;0.592631042;6.255304334187124;2022-01-23T06:00:00Z
31.30163333333333;40.96288888888888;25.118;0.0;4.109887695300017;0.5927520394;6.365756352041027;2022-01-23T07:00:00Z
10.001833333333332;17.877777777777776;0.1199999999999999;4.906666666666666;4.215478515600012;0.5928500295;6.14000194823588;2022-01-23T08:00:00Z
54.001099999999994;19.65355555555556;0.1199999999999999;25.61777777777778;4.654199218800045;0.5928130746;5.354363238810631;2022-01-23T09:00:00Z
66.16705;0.0;0.0;36.51555555555556;5.125512695300017;0.5929892659;4.379114549702768;2022-01-23T10:00:00Z
70.00041666666667;0.0;0.0;49.04888888888889;5.483789062500023;0.5929601192;4.683184402736333;2022-01-23T11:00:00Z
253.33415;0.0;0.0;71.55555555555556;5.791284179700028;0.5927128792;5.191880020256263;2022-01-23T12:00:00Z
103.3343;0.0;0.0;59.413333333333334;6.083764648400006;0.5928966999;4.9366690386966585;2022-01-23T13:00:00Z
65.6681;0.0;0.0;40.55111111111111;6.074609375000023;0.5927746892;4.158828510786841;2022-01-23T14:00:00Z
70.001;0.0;0.0;14.80888888888889;5.957177734400034;0.5928221941;3.8791806738478907;2022-01-23T15:00:00Z
66.0014;0.0;0.0;1.8133333333333332;5.751184082000009;0.5930545926;3.912563090373234;2022-01-23T16:00:00Z
643.3346999999999;0.0;0.0;0.0;5.584436035200042;0.5930572748;4.097570523952822;2022-01-23T17:00:00Z
56.31776666666666;0.0;0.0;0.0;5.523614502000044;0.5930520296;4.457370793261146;2022-01-23T18:00:00Z
56.20056666666667;0.0;0.0;0.0;5.674584960900006;0.5930485725;4.773785605342235;2022-01-23T19:00:00Z
91.0;0.0;0.0;0.0;5.74117431640002;0.5930497646;4.584696766743719;2022-01-23T20:00:00Z
66.88386666666666;0.0;0.0;0.0;5.720178222700042;0.5930569768;4.061964718943955;2022-01-23T21:00:00Z
30.65205;0.0;0.0;0.0;5.29879150390002;0.5930637717;3.4700775239088304;2022-01-23T22:00:00Z
73.95116666666665;0.0;0.0;0.0;5.248193359400034;0.5930758119;3.003237191781712;2022-01-23T23:00:00Z
34.76705;0.0;0.0;0.0;5.20507202150003;0.5930672288;3.0312067575585915;2022-01-24T00:00:00Z
41.41678333333333;0.0;0.0;0.0;5.124902343800045;0.5930582881;3.443337990583808;2022-01-24T01:00:00Z
45.61686666666667;0.0;0.0;0.0;5.156823730500037;0.5930550098;3.760273223758205;2022-01-24T02:00:00Z
38.50013333333333;0.0;0.0;0.0;5.145227050800031;0.5930469036;4.01429217033855;2022-01-24T03:00:00Z
34.76683333333333;0.0;0.0;0.0;5.053979492200028;0.5930454135;4.051782903801241;2022-01-24T04:00:00Z
33.133716666666665;0.0;0.0;0.0;4.9027648926000325;0.5930441022;4.054991782358457;2022-01-24T05:00:00Z
22.284783333333333;0.0;0.0;0.0;4.800927734400034;0.593041718;4.176236725819552;2022-01-24T06:00:00Z
59.450133333333326;9.886777777777777;0.1199999999999999;0.0;4.48629150390002;0.5930458903;4.026121972334204;2022-01-24T07:00:00Z
21.0015;48.95388888888888;0.1199999999999999;7.431111111111111;4.515344238300031;0.5930318236;3.5880886164072683;2022-01-24T08:00:00Z
39.66753333333333;22.31722222222222;25.118;36.51555555555556;4.893731689500044;0.5928714275;3.4141136424417393;2022-01-24T09:00:00Z
70.0;0.0;0.0;77.6;5.4783569336000255;0.5926008224;3.1611053400850384;2022-01-24T10:00:00Z
50.50086666666667;0.0;0.0;87.16444444444444;5.754663085900006;0.5920730829;3.6408955119001725;2022-01-24T11:00:00Z
4.335733333333333;0.0;0.0;119.62666666666667;5.949945068400041;0.5915880799;3.929114078584738;2022-01-24T12:00:00Z
5.335800000000001;0.0;0.0;85.77777777777777;5.903894043000037;0.591252625;4.30622722056092;2022-01-24T13:00:00Z
20.168816666666668;0.0;0.0;70.64888888888889;5.720727539100039;0.5909712315;4.1706925002931285;2022-01-24T14:00:00Z
786.66695;0.0;0.0;35.626666666666665;5.434686279300024;0.5909675956;4.150720630181059;2022-01-24T15:00:00Z
70.001;0.0;0.0;3.8933333333333335;4.573968505900041;0.591145575;4.0111615315652775;2022-01-24T16:00:00Z
246.60146666666665;0.0;0.0;0.0;4.634240722700042;0.5913754106;3.959434261864098;2022-01-24T17:00:00Z
40.18443333333333;0.0;0.0;0.0;4.588464355500037;0.5915893912;3.9266090326491394;2022-01-24T18:00:00Z
95.2834333333333;0.0;0.0;0.0;4.451257324200014;0.5918160677;3.9070973996485994;2022-01-24T19:00:00Z
89.31715;0.0;0.0;0.0;4.388848877000044;0.5919724703;4.128039919900118;2022-01-24T20:00:00Z
83.63405;0.0;0.0;0.0;4.3767944336000255;0.5921808481;4.377040045542172;2022-01-24T21:00:00Z
51.502016666666655;0.0;0.0;0.0;4.069940185500002;0.5923408866;4.730631483864942;2022-01-24T22:00:00Z
159.56951666666663;0.0;0.0;0.0;3.9954467773000033;0.5923902988;4.8520106899365425;2022-01-24T23:00:00Z
33.95025;0.0;0.0;0.0;3.9168640137000352;0.5924179554;4.778739722755717;2022-01-25T00:00:00Z
40.95015;0.0;0.0;0.0;3.8099609375000227;0.5924128294;4.873190863631153;2022-01-25T01:00:00Z
36.28353333333333;0.0;0.0;0.0;3.69136962890002;0.592431426;5.103879563409474;2022-01-25T02:00:00Z
31.26695;0.0;0.0;0.0;3.493920898400006;0.5924417377;5.173869102821188;2022-01-25T03:00:00Z
33.250183333333325;0.0;0.0;0.0;3.140161132800017;0.5924478769;5.2028756281216415;2022-01-25T04:00:00Z
41.41675;0.0;0.0;0.0;2.9121337891000394;0.592563808;5.420505467423732;2022-01-25T05:00:00Z
33.36686666666667;0.0;0.0;0.0;2.9165893555000366;0.5925848484;5.397147946633509;2022-01-25T06:00:00Z
27.70035;0.1199999999999999;20.119;0.0;2.8143859863000102;0.5926406384;5.449663653066207;2022-01-25T07:00:00Z
59.167166666666674;62.27222222222223;5.119;12.053333333333333;2.8223510742000144;0.5924631953;5.604463163662036;2022-01-25T08:00:00Z
54.50096666666667;16.101999999999997;0.1199999999999999;39.04;2.997949218800045;0.5921324492;6.16203601873262;2022-01-25T09:00:00Z
70.0;0.0;0.0;54.24;3.279809570300017;0.5920844674;6.268559430117902;2022-01-25T10:00:00Z
155.1674833333333;0.0;0.0;63.76888888888889;3.5882202148000033;0.5914844275;6.240812850069935;2022-01-25T11:00:00Z
45.50153333333334;0.0;0.0;82.86222222222223;4.034753418000037;0.5911136866;5.934151068484311;2022-01-25T12:00:00Z
194.66798333333327;0.0;0.0;69.67111111111112;4.230706787100019;0.5906050801;6.0963553832961965;2022-01-25T13:00:00Z
710.00135;0.0;0.0;39.85777777777778;4.205133056600005;0.5903192759;6.227260385549674;2022-01-25T14:00:00Z
265.3346;0.0;0.0;18.56;4.172570800800031;0.590149343;6.17136343148097;2022-01-25T15:00:00Z
70.001;0.0;0.0;2.08;4.108178710900006;0.5900565386;6.426344539607092;2022-01-25T16:00:00Z
72.7008;0.0;0.0;0.0;4.011010742200028;0.5899779201;6.67725073281211;2022-01-25T17:00:00Z
82.01676666666667;0.0;0.0;0.0;4.00383911130001;0.5898890495;6.622883461147272;2022-01-25T18:00:00Z
73.50066666666666;0.0;0.0;0.0;3.9660888672000283;0.589802146;6.577277133478461;2022-01-25T19:00:00Z
90.7667;0.0;0.0;0.0;3.9137207031000116;0.5897192359;6.625652833883949;2022-01-25T20:00:00Z
90.8334;0.0;0.0;0.0;3.93355712890002;0.5896433592;6.632095571551626;2022-01-25T21:00:00Z
85.41781666666665;0.0;0.0;0.0;3.8447509766000394;0.5897035003;6.205317108841334;2022-01-25T22:00:00Z
45.00158333333333;0.0;0.0;0.0;3.840539550800031;0.5896924138;6.601471124529262;2022-01-25T23:00:00Z
26.1341;0.0;0.0;0.0;3.776513671900034;0.5897024274;6.7847591727929055;2022-01-26T00:00:00Z
33.01695;0.0;0.0;0.0;3.7089782715000297;0.5897371769;7.0338968970591775;2022-01-26T01:00:00Z
33.1334;0.0;0.0;0.0;3.676080322300038;0.5899373889;7.245686306691089;2022-01-26T02:00:00Z
33.833349999999996;0.0;0.0;0.0;3.57222900390002;0.5903471112;7.074203833591925;2022-01-26T03:00:00Z
31.85001666666667;0.0;0.0;0.0;3.4303527832000213;0.5907618999;6.668224104391495;2022-01-26T04:00:00Z
28.9335;0.0;0.0;0.0;3.2024780273000033;0.5913237333;6.739767557339783;2022-01-26T05:00:00Z
47.75045;0.0;0.0;0.0;3.018090820300017;0.5919585228;7.040215003707521;2022-01-26T06:00:00Z
37.200533333333325;53.39333333333333;5.119;0.0;2.82613525390002;0.5921947956;6.955922935442123;2022-01-26T07:00:00Z
40.00073333333333;23.205111111111112;0.1199999999999999;8.622222222222222;2.7375732422000283;0.5920721292;6.984900287825036;2022-01-26T08:00:00Z
57.0008;5.447333333333333;20.119;37.08444444444444;2.913964843800045;0.5917593241;7.818849287554161;2022-01-26T09:00:00Z
54.00026666666666;0.0;0.0;66.96888888888888;3.0287109375000227;0.5914105773;7.37734079423637;2022-01-26T10:00:00Z
47.66756666666667;0.0;0.0;116.05333333333333;3.103723144500009;0.5905192494;8.548988061624355;2022-01-26T11:00:00Z
218.8343;0.0;0.0;83.71555555555555;2.79488525390002;0.5898552537;8.18783612651233;2022-01-26T12:00:00Z
189.3344333333333;0.0;0.0;72.30222222222223;2.431542968800045;0.5893235207;7.52368128258635;2022-01-26T13:00:00Z
52.0013;0.0;0.0;52.07111111111111;2.09468994140002;0.5888585448;8.65589312139579;2022-01-26T14:00:00Z
70.001;0.0;0.0;32.675555555555555;1.7875000000000227;0.5885895491;8.31335713960128;2022-01-26T15:00:00Z
41.66825;0.0;0.0;3.9466666666666668;1.5605407715000297;0.5885003209;8.631633542855996;2022-01-26T16:00:00Z
56.268866666666675;0.0;0.0;0.0;1.535058593800045;0.5883171558;9.096032039861912;2022-01-26T17:00:00Z
30.43545;0.0;0.0;0.0;1.615991210900006;0.5881454945;9.338736962484548;2022-01-26T18:00:00Z
80.21766666666667;0.0;0.0;0.0;1.8026062012000352;0.5879817605;8.980659044202394;2022-01-26T19:00:00Z
92.50055;0.0;0.0;0.0;2.012475585900006;0.5878629684;8.834372281953312;2022-01-26T20:00:00Z
113.80023333333332;0.0;0.0;0.0;2.307824707000009;0.5878037214;8.846848707407588;2022-01-26T21:00:00Z
672.38435;0.0;0.0;0.0;2.494897460900006;0.5878487229;8.667085832537662;2022-01-26T22:00:00Z
45.3016;0.0;0.0;0.0;2.631555175800031;0.5878713131;8.941178528645791;2022-01-26T23:00:00Z
14.11755;0.0;0.0;0.0;2.7459350586000255;0.5879243612;9.21116966431985;2022-01-27T00:00:00Z
31.6172;0.0;0.0;0.0;2.8926635742000144;0.5880682468;9.569758077127767;2022-01-27T01:00:00Z
37.800266666666666;0.0;0.0;0.0;2.9834838867000144;0.5881748796;10.13154940218156;2022-01-27T02:00:00Z
29.16681666666667;0.0;0.0;0.0;3.2434326172000283;0.588167429;10.614094688837104;2022-01-27T03:00:00Z
31.266766666666665;0.0;0.0;0.0;3.395288085900006;0.5881065726;10.889783433925942;2022-01-27T04:00:00Z
31.850216666666668;0.0;0.0;0.0;3.4195190430000366;0.5879449844;11.12163132293703;2022-01-27T05:00:00Z
22.400816666666667;0.0;0.0;0.0;3.405480957000009;0.5877842903;11.293295320538425;2022-01-27T06:00:00Z
4.551616666666666;30.308222222222216;0.1199999999999999;0.0;3.226037597700042;0.5877361894;11.501341164285993;2022-01-27T07:00:00Z
9.000683333333333;13.438333333333333;25.118;4.551111111111111;3.2957397461000255;0.587690711;11.766420920229326;2022-01-27T08:00:00Z
35.167566666666666;43.62655555555556;0.1199999999999999;11.928888888888888;3.174279785200042;0.5878480077;11.884255087092194;2022-01-27T09:00:00Z
70.0;0.0;0.0;15.68;3.11129150390002;0.5930208564;11.24412295127778;2022-01-27T10:00:00Z
70.0;0.0;0.0;22.16888888888889;3.204888916000016;0.5931225419;11.394733653572786;2022-01-27T11:00:00Z
63.00133333333333;0.0;0.0;35.04;3.723260498000002;0.5933283567;11.532799831514652;2022-01-27T12:00:00Z
30.00166666666667;0.0;0.0;31.52;4.1981445312000005;0.593154192;11.891177268932529;2022-01-27T13:00:00Z
343.335;0.0;0.0;30.32888888888889;4.876550293000037;0.592559278;12.162346962398582;2022-01-27T14:00:00Z
70.00178333333332;0.0;0.0;16.177777777777777;5.423730468800045;0.5921037197;12.094667797050496;2022-01-27T15:00:00Z
230.33453333333327;0.0;0.0;4.444444444444445;5.82711181640002;0.5919944644;12.227174539694982;2022-01-27T16:00:00Z
244.8010333333333;0.0;0.0;0.0;5.7645507812000005;0.5922688842;12.183429523508432;2022-01-27T17:00:00Z
80.08423333333333;0.0;0.0;0.0;5.587030029300024;0.5929764509;12.526357501118678;2022-01-27T18:00:00Z
80.8344;0.0;0.0;0.0;5.534051513700035;0.592669785;12.63439743827217;2022-01-27T19:00:00Z
83.21743333333333;0.0;0.0;0.0;5.173852539100039;0.5919696689;13.195674513186086;2022-01-27T20:00:00Z
78.55081666666666;0.0;0.0;0.0;4.843225097700042;0.5911018848;13.774483955298644;2022-01-27T21:00:00Z
92.98495;0.0;0.0;0.0;4.603540039100039;0.5914006829;14.075585024316178;2022-01-27T22:00:00Z
167.51873333333333;0.0;0.0;0.0;4.668420410200042;0.590626955;14.312238591821643;2022-01-27T23:00:00Z
0.0;0.0;0.0;0.0;4.937219238300031;0.5898204446;14.566902278400667;2022-01-28T00:00:00Z
0.0;0.0;0.0;0.0;4.877465820300017;0.5891281366;14.721098513403877;2022-01-28T01:00:00Z
0.0;0.0;0.0;0.0;5.014733886700014;0.5886254311;14.309420336724642;2022-01-28T02:00:00Z
0.0;0.0;0.0;0.0;4.956506347700042;0.5882334709;13.748560572227998;2022-01-28T03:00:00Z
0.0;0.0;0.0;0.0;4.919183349600019;0.5878895521;13.402196970161162;2022-01-28T04:00:00Z
0.0;0.0;0.0;0.0;4.701409912100019;0.5876650214;13.265216062082137;2022-01-28T05:00:00Z
0.0;0.0;0.0;0.0;4.34374389650003;0.5875204206;12.976781844371676;2022-01-28T06:00:00Z
0.0;24.980888888888888;0.1199999999999999;0.0;4.100183105500037;0.5874077678;11.935015701141667;2022-01-28T07:00:00Z
0.0;31.19611111111111;25.118;36.035555555555554;4.046289062500023;0.5873553157;11.802303737206167;2022-01-28T08:00:00Z
0.0;13.438333333333333;0.1199999999999999;105.72444444444444;4.443994140600012;0.5873137712;11.50312260111368;2022-01-28T09:00:00Z
0.0;0.0;0.0;181.15555555555557;4.7684570312000005;0.5872689486;10.20749651564805;2022-01-28T10:00:00Z
0.0;0.0;0.0;246.98666666666668;5.251611328100012;0.5872456431;9.981938296168982;2022-01-28T11:00:00Z
0.0;0.0;0.0;283.1822222222222;5.773889160200042;0.5872095227;9.271230646172233;2022-01-28T12:00:00Z
0.0;0.0;0.0;260.5511111111111;6.147729492200028;0.5871901512;8.993399050830705;2022-01-28T13:00:00Z
0.0;0.0;0.0;185.49333333333334;6.140649414100039;0.5871630311;8.739532795120782;2022-01-28T14:00:00Z
0.0;0.0;0.0;96.2311111111111;5.581140136700014;0.5871522427;9.156742053017656;2022-01-28T15:00:00Z
0.0;0.0;0.0;12.657777777777778;4.425500488300031;0.5871331692;8.928280258943108;2022-01-28T16:00:00Z
0.0;0.0;0.0;0.0;3.579858398400006;0.5871147513;8.420249419729231;2022-01-28T17:00:00Z
0.0;0.0;0.0;0.0;3.076928710900006;0.5870910287;7.574812272064502;2022-01-28T18:00:00Z
0.0;0.0;0.0;0.0;2.7328125000000227;0.5870864987;7.390459514613045;2022-01-28T19:00:00Z
0.0;0.0;0.0;0.0;2.5338684082000213;0.5870958567;7.873514407246646;2022-01-28T20:00:00Z
0.0;0.0;0.0;0.0;2.560449218800045;0.5870813727;7.081693425362634;2022-01-28T21:00:00Z
0.0;0.0;0.0;0.0;2.5801635742000144;0.5870697498;6.556353318454005;2022-01-28T22:00:00Z
0.0;0.0;0.0;0.0;2.45894775390002;0.5870668292;6.365196143460535;2022-01-28T23:00:00Z
33.367;0.0;0.0;0.0;2.372766113300031;0.58711344;7.267535604167574;2022-01-29T00:00:00Z
41.76695;0.0;0.0;0.0;2.489617919900013;0.5875328183;7.49833380383521;2022-01-29T01:00:00Z
41.41695;0.0;0.0;0.0;2.5061279297000283;0.5889235139;7.4776687476257555;2022-01-29T02:00:00Z
35.35028333333333;0.0;0.0;0.0;2.3539978027000075;0.5907115936;8.340897588223818;2022-01-29T03:00:00Z
36.05023333333334;0.0;0.0;0.0;2.5982910156000116;0.5921577811;9.073897858872412;2022-01-29T04:00:00Z
34.3001;0.0;0.0;0.0;2.858544921900034;0.5930114388;9.485575264910931;2022-01-29T05:00:00Z
29.867166666666662;0.0;0.0;0.0;3.1006713867000144;0.5931763649;9.96770961230129;2022-01-29T06:00:00Z
6.21745;44.51444444444444;5.119;0.0;3.3763671875000227;0.5931751728;9.76120255696238;2022-01-29T07:00:00Z
18.168016666666663;23.20511111111111;0.1199999999999999;2.897777777777778;3.8070617676000325;0.593184948;9.93623172982868;2022-01-29T08:00:00Z
35.83416666666667;8.998888888888889;20.119;8.195555555555556;4.476831054700028;0.5931910872;10.595482116408077;2022-01-29T09:00:00Z
42.50066666666667;0.0;0.0;11.342222222222222;4.968103027300003;0.5932004452;11.608347332688222;2022-01-29T10:00:00Z
70.0;0.0;0.0;20.106666666666666;5.716271972700042;0.5930751562;11.48688218953699;2022-01-29T11:00:00Z
67.3345;0.0;0.0;31.306666666666665;6.568505859400034;0.593116343;11.761400737418905;2022-01-29T12:00:00Z
67.83455;0.0;0.0;50.986666666666665;7.115319824200014;0.5927461982;11.856115478184893;2022-01-29T13:00:00Z
70.001;0.0;0.0;48.92444444444445;7.585717773400006;0.5926289558;12.915418124761805;2022-01-29T14:00:00Z
320.00075000000004;0.0;0.0;19.324444444444445;7.736596679700028;0.591825664;13.044404665349465;2022-01-29T15:00:00Z
653.33375;0.0;0.0;2.986666666666667;7.904199218800045;0.592264533;14.313197205406624;2022-01-29T16:00:00Z
201.83425;0.0;0.0;0.0;8.042749023400006;0.5914583206;15.05364514279737;2022-01-29T17:00:00Z
80.46724999999998;0.0;0.0;0.0;8.359582519500009;0.5915418863;16.063932904751553;2022-01-29T18:00:00Z
85.084;0.0;0.0;0.0;8.537194824200014;0.5923615098;16.675876456112974;2022-01-29T19:00:00Z
87.71715;0.0;0.0;0.0;8.148217773400006;0.5927200317;17.124775448165057;2022-01-29T20:00:00Z
67.41715;0.0;0.0;0.0;7.3524414062000005;0.5915045738;17.407168883747765;2022-01-29T21:00:00Z
24.7527;0.0;0.0;0.0;7.079125976600039;0.5885155201;18.257414755840408;2022-01-29T22:00:00Z
11.868783333333331;0.0;0.0;0.0;6.690148925800031;0.5876322985;18.293763014556653;2022-01-29T23:00:00Z
20.883666666666674;0.0;0.0;0.0;6.475335693400041;0.587400496;18.344273848246708;2022-01-30T00:00:00Z
33.01703333333333;0.0;0.0;0.0;6.126977539100039;0.5873424411;18.32826071675583;2022-01-30T01:00:00Z
27.88358333333333;0.0;0.0;0.0;5.704736328100012;0.5873401165;18.932020121211675;2022-01-30T02:00:00Z
26.716966666666664;0.0;0.0;0.0;5.58590087890002;0.5873337388;18.823071069919283;2022-01-30T03:00:00Z
32.5503;0.0;0.0;0.0;5.581567382800017;0.5873434544;19.061905557452707;2022-01-30T04:00:00Z
39.43356666666666;0.0;0.0;0.0;5.727990722700042;0.5873453617;19.290597441156432;2022-01-30T05:00:00Z
32.66685;0.0;0.0;0.0;5.868920898400006;0.5873653293;19.23351068195895;2022-01-30T06:00:00Z
17.600183333333334;15.21411111111111;0.1199999999999999;0.035555555555555556;5.898645019500009;0.5873432755;19.21509172586371;2022-01-30T07:00:00Z
60.000416666666666;26.756666666666668;5.119;27.27111111111111;5.986535644500009;0.5873272419;18.820918932752377;2022-01-30T08:00:00Z
43.33408333333334;40.96288888888888;20.119;89.81333333333333;5.945947265600012;0.5873067975;18.06180732861174;2022-01-30T09:00:00Z
65.00008333333334;0.0;0.0;178.1688888888889;6.199365234400034;0.587471962;15.30672275421706;2022-01-30T10:00:00Z
64.3339;0.0;0.0;233.42222222222222;6.417626953100012;0.5876777172;16.693498644691818;2022-01-30T11:00:00Z
60.501883333333325;0.0;0.0;227.16444444444446;6.573999023400006;0.5873078704;14.699272879535167;2022-01-30T12:00:00Z
467.16755;0.0;0.0;246.32888888888888;6.688562011700014;0.5871976018;13.338273617294055;2022-01-30T13:00:00Z
270.0008;0.0;0.0;162.75555555555556;6.566918945300017;0.5871699452;12.964644490938289;2022-01-30T14:00:00Z
70.001;0.0;0.0;82.4;6.072839355500037;0.5871489048;12.84419762636065;2022-01-30T15:00:00Z
253.33415;0.0;0.0;12.977777777777778;5.627282714800003;0.5871255398;12.344616344354264;2022-01-30T16:00:00Z
80.38443333333333;0.0;0.0;0.0;5.270745849600019;0.5871056914;11.602100715615466;2022-01-30T17:00:00Z
87.967;0.0;0.0;0.0;4.962182617200028;0.587100029;11.31527688654261;2022-01-30T18:00:00Z
71.00030000000001;0.0;0.0;0.0;4.65133056640002;0.5870928764;10.998105843243692;2022-01-30T19:00:00Z
64.00033333333333;0.0;0.0;0.0;4.26558837890002;0.5870785117;10.498974221081873;2022-01-30T20:00:00Z
33.85153333333333;0.0;0.0;0.0;3.9812866211000255;0.5870671272;10.163929134861949;2022-01-30T21:00:00Z
41.66855;0.0;0.0;0.0;3.817834472700042;0.5870364904;9.18381910523892;2022-01-30T22:00:00Z
240.90136666666663;0.0;0.0;0.0;3.378442382800017;0.5870205164;8.660304115274227;2022-01-30T23:00:00Z
25.083816666666664;0.0;0.0;0.0;3.3173156738000102;0.5870208144;8.69075824053965;2022-01-31T00:00:00Z
30.80048333333333;0.0;0.0;0.0;3.2035156250000227;0.5870179534;8.143903560100444;2022-01-31T01:00:00Z
35.700316666666666;0.0;0.0;0.0;3.036920166000016;0.5870412588;7.1706525448293235;2022-01-31T02:00:00Z
43.750166666666665;0.0;0.0;0.0;2.916772460900006;0.5871475935;7.438506517129595;2022-01-31T03:00:00Z
34.766883333333325;0.0;0.0;0.0;2.7088256836000255;0.5871984959;6.698869586653759;2022-01-31T04:00:00Z
40.93398333333333;0.0;0.0;0.0;2.3549743652000075;0.5871732235;5.26278970814119;2022-01-31T05:00:00Z
91.11703333333331;0.0;0.0;0.0;1.9396911621000186;0.5872157216;5.334280909312236;2022-01-31T06:00:00Z
75.25093333333332;1.0078888888888888;20.119;0.08888888888888889;1.71676025390002;0.5872575641;5.435695244705105;2022-01-31T07:00:00Z
67.3336;32.084;5.119;25.013333333333332;1.5346618652000075;0.5872668028;5.229960935623875;2022-01-31T08:00:00Z
55.50086666666667;40.96288888888888;0.1199999999999999;76.71111111111111;1.9151245117000144;0.5874250531;4.437715654088097;2022-01-31T09:00:00Z
9.66836666666667;0.0;0.0;125.77777777777777;2.3437744141000394;0.5893378854;2.3911006351988644;2022-01-31T10:00:00Z
43.00045;0.0;0.0;159.71555555555557;2.600335693400041;0.5898728967;2.094960196401664;2022-01-31T11:00:00Z
247.00205;0.0;0.0;111.64444444444445;2.658105468800045;0.5904379487;1.655601594199985;2022-01-31T12:00:00Z
52.83463333333333;0.0;0.0;112.64;2.920373535200042;0.590875566;1.8069101690820475;2022-01-31T13:00:00Z
70.001;0.0;0.0;116.07111111111111;3.1530090332000213;0.5907465816;2.1545918731286298;2022-01-31T14:00:00Z
136.6676;0.0;0.0;64.51555555555555;2.817834472700042;0.5904068947;2.269707436390795;2022-01-31T15:00:00Z
803.3336;0.0;0.0;12.8;2.405969238300031;0.5903637409;4.222775887944514;2022-01-31T16:00:00Z
71.40088333333334;0.0;0.0;0.0;1.8920227051000325;0.5903645158;5.264776340602574;2022-01-31T17:00:00Z
86.80026666666666;0.0;0.0;0.0;1.239038085900006;0.5903636813;5.320582927406669;2022-01-31T18:00:00Z
70.35043333333334;0.0;0.0;0.0;0.8306518555000366;0.5903624296;5.072019108220774;2022-01-31T19:00:00Z
35.63455;0.0;0.0;0.0;0.886102294900013;0.5904081464;5.2905086816126214;2022-01-31T20:00:00Z
67.91736666666667;0.0;0.0;0.0;0.6443115234000061;0.5904676318;4.669926718417259;2022-01-31T21:00:00Z
14.469616666666669;0.0;0.0;0.0;0.26970825200004356;0.5914077163;5.9056946112172115;2022-01-31T22:00:00Z
12.951816666666668;0.0;0.0;0.0;0.5757690430000366;0.591658175;6.246455764539077;2022-01-31T23:00:00Z
18.43403333333333;0.0;0.0;0.0;0.9678894043000241;0.5917409062;6.545562979325295;2022-02-01T00:00:00Z
32.083883333333326;0.0;0.0;0.0;1.372827148400006;0.591904819;7.148674722913055;2022-02-01T01:00:00Z
28.7002;0.0;0.0;0.0;1.2699218750000227;0.5920130014;7.464801997133795;2022-02-01T02:00:00Z
31.2669;0.0;0.0;0.0;1.3882080078000172;0.5921272039;7.294559819692823;2022-02-01T03:00:00Z
36.28351666666667;0.0;0.0;0.0;1.3896423340000297;0.5922682881;7.250652780054743;2022-02-01T04:00:00Z
33.31755;0.0;0.0;0.0;1.1974731445000089;0.5923317671;7.905093285408357;2022-02-01T05:00:00Z
83.80128333333333;0.0;0.0;0.0;1.0947814941000047;0.5923377275;8.397421910696437;2022-02-01T06:00:00Z
67.9174;16.101999999999997;5.119;0.10666666666666666;1.4100891113000102;0.5923689008;9.017845500477424;2022-02-01T07:00:00Z
64.16725;16.102;20.119;21.77777777777778;1.7182556152000075;0.5921191573;9.092849138119998;2022-02-01T08:00:00Z
70.0;51.617555555555555;0.1199999999999999;84.28444444444445;2.224725341800024;0.5916944146;8.78718942456052;2022-02-01T09:00:00Z
70.0;0.0;0.0;127.68;2.606896972700042;0.5912409425;9.94231687625989;2022-02-01T10:00:00Z
70.00008333333334;0.0;0.0;113.58222222222223;2.8420349121000186;0.5918179154;9.961647364783484;2022-02-01T11:00:00Z
253.33415;0.0;0.0;99.82222222222222;3.362023925800031;0.5921649933;10.583969883737176;2022-02-01T12:00:00Z
70.001;0.0;0.0;103.80444444444444;3.409936523400006;0.5928216577;9.98884270512019;2022-02-01T13:00:00Z
11.001983333333332;0.0;0.0;59.89333333333333;2.6014038086000255;0.5932300091;11.09444743741943;2022-02-01T14:00:00Z
45.00141666666666;0.0;0.0;20.764444444444443;1.9486938477000422;0.5934461951;12.295092783499477;2022-02-01T15:00:00Z
39.50171666666667;0.0;0.0;2.88;2.3401733398000033;0.5934628248;12.458832633844207;2022-02-01T16:00:00Z
6.31915;0.0;0.0;0.0;3.2923217773000033;0.5934669971;12.52559687711521;2022-02-01T17:00:00Z
37.651;0.0;0.0;0.0;4.6658569336000255;0.5934433341;12.808673439722684;2022-02-01T18:00:00Z
83.0008;0.0;0.0;0.0;5.791528320300017;0.5934716463;13.303004039704582;2022-02-01T19:00:00Z
87.9003;0.0;0.0;0.0;5.9832397461000255;0.5934799314;13.80887303219027;2022-02-01T20:00:00Z
66.0347;0.0;0.0;0.0;5.798516845700021;0.5932962298;13.63063568925558;2022-02-01T21:00:00Z
871.0183166666667;0.0;0.0;0.0;5.6990600586000255;0.5915400386;13.081847871023543;2022-02-01T22:00:00Z
113.30248333333334;0.0;0.0;0.0;5.364312744100005;0.5905972123;13.272390010225841;2022-02-01T23:00:00Z
26.48418333333333;0.0;0.0;0.0;5.4021850586000255;0.5898252726;13.135998959130282;2022-02-02T00:00:00Z
27.65105;0.0;0.0;0.0;5.316613769500009;0.5892160535;12.904660209603376;2022-02-02T01:00:00Z
33.13386666666666;0.0;0.0;0.0;5.336938476600039;0.5897860527;12.449624783784676;2022-02-02T02:00:00Z
30.21735;0.0;0.0;0.0;5.418206787100019;0.590778172;12.930239979807293;2022-02-02T03:00:00Z
35.93346666666667;0.0;0.0;0.0;5.362420654300024;0.5909227729;13.30682980914399;2022-02-02T04:00:00Z
36.16703333333333;0.0;0.0;0.0;5.175653076200035;0.590608418;13.239927268031444;2022-02-02T05:00:00Z
20.06768333333333;0.0;0.0;0.0;4.973657226600039;0.5899287462;13.00290562131843;2022-02-02T06:00:00Z
3.8503;14.32622222222222;20.119;0.3022222222222222;4.844781494100005;0.589163661;13.08003333337239;2022-02-02T07:00:00Z
2.00085;3.671555555555555;0.1199999999999999;37.83111111111111;5.057244873000002;0.5885150433;13.082869102125724;2022-02-02T08:00:00Z
59.66695;61.38433333333333;5.119;105.79555555555555;5.441033935500002;0.5879657269;13.425386598702898;2022-02-02T09:00:00Z
70.0;0.0;0.0;136.44444444444446;5.5883117676000325;0.5893623233;13.508562439997768;2022-02-02T10:00:00Z
24.001183333333334;0.0;0.0;221.06666666666666;5.738916015600012;0.5882032514;13.189640586822458;2022-02-02T11:00:00Z
20.00183333333333;0.0;0.0;280.0177777777778;5.934777832000009;0.5877652764;13.297389444638744;2022-02-02T12:00:00Z
70.001;0.0;0.0;241.42222222222222;5.700372314500044;0.5874347091;12.711110388891647;2022-02-02T13:00:00Z
70.001;0.0;0.0;192.03555555555556;5.614038085900006;0.5872371197;11.367433349087104;2022-02-02T14:00:00Z
967.3337;0.0;0.0;102.50666666666666;5.004266357400013;0.5871406198;10.370414228872091;2022-02-02T15:00:00Z
149.83460000000002;0.0;0.0;16.462222222222223;4.506982421900034;0.5870825052;9.425528049889438;2022-02-02T16:00:00Z
77.61815;0.0;0.0;0.0;3.8767944336000255;0.5870355964;8.205520661344526;2022-02-02T17:00:00Z
91.50033333333332;0.0;0.0;0.0;3.104791259800038;0.5870265365;8.142341305194641;2022-02-02T18:00:00Z
83.40058333333333;0.0;0.0;0.0;2.675500488300031;0.5872112513;8.241358221131117;2022-02-02T19:00:00Z
89.51685;0.0;0.0;0.0;2.5217224121000186;0.5873484612;7.962907330179274;2022-02-02T20:00:00Z
87.85023333333332;0.0;0.0;0.0;2.1975952148000033;0.5873277783;7.652865807161827;2022-02-02T21:00:00Z
113.0849;0.0;0.0;0.0;1.8338256836000255;0.5880145431;7.790952837902241;2022-02-02T22:00:00Z
42.03523333333333;0.0;0.0;0.0;1.40426025390002;0.587934494;7.342392480229089;2022-02-02T23:00:00Z
31.500516666666663;0.0;0.0;0.0;0.8095642090000297;0.5879148245;7.053797014675291;2022-02-03T00:00:00Z
35.9339;0.0;0.0;0.0;0.33730468750002274;0.5879389048;7.954017598018206;2022-02-03T01:00:00Z
38.2671;0.0;0.0;0.0;0.457391357400013;0.5879372954;7.726495242930341;2022-02-03T02:00:00Z
33.13393333333333;0.0;0.0;0.0;0.8937622070000089;0.5879643559;7.4645094862556585;2022-02-03T03:00:00Z
31.50023333333333;0.0;0.0;0.0;1.15035400390002;0.5879964828;7.364675759849383;2022-02-03T04:00:00Z
34.3015;0.0;0.0;0.0;1.3139892578000172;0.5880087018;7.458341484975505;2022-02-03T05:00:00Z
90.71704999999999;0.0;0.0;0.0;1.6045776367000144;0.5880454183;7.470869050435511;2022-02-03T06:00:00Z
75.08371666666666;54.28122222222222;5.118999999999999;0.48;2.0869995117000144;0.588034451;7.476658056939899;2022-02-03T07:00:00Z
70.0;3.671555555555555;20.119;29.173333333333332;2.4936462402000075;0.5879994631;7.261761012452071;2022-02-03T08:00:00Z
70.0;24.093;0.1199999999999999;71.25333333333333;3.391381835900006;0.588280201;6.962436724135325;2022-02-03T09:00:00Z
70.0;0.0;0.0;88.8;4.372216796900034;0.5882643461;7.0311668289018545;2022-02-03T10:00:00Z
70.00056666666667;0.0;0.0;88.51555555555555;4.956079101600039;0.5885728002;7.11340359563376;2022-02-03T11:00:00Z
51.00131666666665;0.0;0.0;55.217777777777776;5.242211914100039;0.5910702944;6.810041081901803;2022-02-03T12:00:00Z
7.50225;0.0;0.0;24.871111111111112;5.349176025400027;0.5929771662;6.556327182386245;2022-02-03T13:00:00Z
250.00275;0.0;0.0;21.191111111111113;5.708734130900041;0.5930000544;6.496223282145845;2022-02-03T14:00:00Z
700.0022999999999;0.0;0.0;10.044444444444444;6.007470703100012;0.5930062532;6.594020295883657;2022-02-03T15:00:00Z
7.002883333333333;0.0;0.0;2.88;6.2358337402000075;0.5930064917;6.108079965367882;2022-02-03T16:00:00Z
68.6678;0.0;0.0;0.0;6.352990722700042;0.5930063725;6.0118241874244704;2022-02-03T17:00:00Z
71.53471666666667;0.0;0.0;0.0;6.332177734400034;0.5930008292;6.019915920393334;2022-02-03T18:00:00Z
75.7347;0.0;0.0;0.0;6.304284668000037;0.5930016637;6.112702960989882;2022-02-03T19:00:00Z
84.13361666666665;0.0;0.0;0.0;6.317956543000037;0.5930043459;6.2867769507163205;2022-02-03T20:00:00Z
84.0;0.0;0.0;0.0;6.354516601600039;0.5930028558;6.276964276462344;2022-02-03T21:00:00Z
134.00095;0.0;0.0;0.0;6.19133911130001;0.5930016041;6.40596621414832;2022-02-03T22:00:00Z
160.3024;0.0;0.0;0.0;6.01262817380001;0.5929980874;6.596438194022507;2022-02-03T23:00:00Z
0.0;0.0;0.0;0.0;5.6610351562000005;0.5929941535;6.1953409130345545;2022-02-04T00:00:00Z
0.0;0.0;0.0;0.0;5.566491699200014;0.5929937363;6.230619181437432;2022-02-04T01:00:00Z
0.0;0.0;0.0;0.0;5.446496582000009;0.5929986835;6.5236169282079555;2022-02-04T02:00:00Z
0.0;0.0;0.0;0.0;5.461694335900006;0.5929922462;6.752276703682107;2022-02-04T03:00:00Z
0.0;0.0;0.0;0.0;5.449670410200042;0.5929939151;6.903094280876288;2022-02-04T04:00:00Z
0.0;0.0;0.0;0.0;5.442102050800031;0.5929552913;6.961604478375885;2022-02-04T05:00:00Z
0.0;0.0;0.0;0.0;5.479089355500037;0.592834115;6.804345689256311;2022-02-04T06:00:00Z
0.0;34.74766666666667;0.1199999999999999;0.35555555555555557;5.509179687500023;0.5927222967;7.101510459893721;2022-02-04T07:00:00Z
0.0;22.31722222222222;5.118999999999999;12.195555555555556;5.674401855500037;0.592582047;7.146117852744847;2022-02-04T08:00:00Z
0.0;21.42933333333333;20.119;37.297777777777775;5.923059082000009;0.592181325;7.791920292031365;2022-02-04T09:00:00Z
0.0;0.0;0.0;53.22666666666667;6.267785644500009;0.5910803676;7.93944651788223;2022-02-04T10:00:00Z
0.0;0.0;0.0;105.72444444444444;6.7732788086000255;0.5902161598;7.596226786699407;2022-02-04T11:00:00Z
0.0;0.0;0.0;138.56;7.165338134800038;0.5894665122;7.216505676523963;2022-02-04T12:00:00Z
0.0;0.0;0.0;105.47555555555556;7.373681640600012;0.5889966488;8.723491608696653;2022-02-04T13:00:00Z
0.0;0.0;0.0;115.82222222222222;7.655603027300003;0.5885536075;9.7522673737844;2022-02-04T14:00:00Z
0.0;0.0;0.0;76.72888888888889;7.579614257800017;0.5882071257;9.66593241806198;2022-02-04T15:00:00Z
0.0;0.0;0.0;14.471111111111112;7.345941162100019;0.5879759789;9.666194172101665;2022-02-04T16:00:00Z
0.0;0.0;0.0;0.0;7.247705078100012;0.5878381729;10.14422730143341;2022-02-04T17:00:00Z
0.0;0.0;0.0;0.0;7.258935546900034;0.587737143;10.914146486307201;2022-02-04T18:00:00Z
0.0;0.0;0.0;0.0;7.298577880900041;0.5876480341;11.458308627909227;2022-02-04T19:00:00Z
0.0;0.0;0.0;0.0;7.030572509800038;0.5879182816;11.432094620479601;2022-02-04T20:00:00Z
0.0;0.0;0.0;0.0;6.595422363300031;0.5899316669;11.868751154779266;2022-02-04T21:00:00Z
0.0;0.0;0.0;0.0;5.900201416000016;0.5932124257;14.633594795016139;2022-02-04T22:00:00Z
0.0;0.0;0.0;0.0;3.708703613300031;0.5928835869;13.94540391723748;2022-02-04T23:00:00Z
27.18355;0.0;0.0;0.0;2.7903686523000033;0.5926170945;11.21526469324624;2022-02-05T00:00:00Z
34.76691666666667;0.0;0.0;0.0;3.071740722700042;0.5920937657;11.303348113236568;2022-02-05T01:00:00Z
36.51723333333333;0.0;0.0;0.0;3.5227905273000033;0.5914829969;11.12951713416646;2022-02-05T02:00:00Z
27.1841;0.0;0.0;0.0;3.6552978516000394;0.5909183025;10.965670216433507;2022-02-05T03:00:00Z
31.26696666666667;0.0;0.0;0.0;3.759545898400006;0.5906428695;10.947070003124672;2022-02-05T04:00:00Z
30.683383333333328;0.0;0.0;0.0;3.7363525391000394;0.5904344916;11.09291605811979;2022-02-05T05:00:00Z
35.467;0.0;0.0;0.0;3.3125854492000144;0.5901168585;11.158040636424447;2022-02-05T06:00:00Z
9.45075;3.671555555555555;0.1199999999999999;0.5866666666666667;2.8530212402000075;0.5897757411;11.078690422815976;2022-02-05T07:00:00Z
27.50075;56.94488888888888;20.119;37.15555555555556;3.050683593800045;0.5894477963;10.946208542311416;2022-02-05T08:00:00Z
9.0011;22.31722222222222;5.119;99.05777777777777;3.4934326172000283;0.5891086459;11.070119239274122;2022-02-05T09:00:00Z
9.83435;0.0;0.0;205.1911111111111;4.117944335900006;0.5914738774;10.31989893788491;2022-02-05T10:00:00Z
22.0008;0.0;0.0;266.6488888888889;4.746789550800031;0.5910528898;9.692162901099211;2022-02-05T11:00:00Z
70.00043333333333;0.0;0.0;259.41333333333336;5.106958007800017;0.5897357464;9.117396674776343;2022-02-05T12:00:00Z
720.00035;0.0;0.0;256.03555555555556;5.628991699200014;0.5893135667;10.106562255816245;2022-02-05T13:00:00Z
70.001;0.0;0.0;175.92888888888888;5.661157226600039;0.5886824131;10.098441143107598;2022-02-05T14:00:00Z
68.3345;0.0;0.0;92.90666666666667;5.4900756836000255;0.5881287456;9.761711932494588;2022-02-05T15:00:00Z
65.6681;0.0;0.0;22.186666666666667;5.240258789100039;0.5878133774;9.939966483371585;2022-02-05T16:00:00Z
69.6677;0.0;0.0;0.0;4.934045410200042;0.5876365304;10.159780854006359;2022-02-05T17:00:00Z
84.46733333333331;0.0;0.0;0.0;4.7972961426000325;0.5875114799;10.5455866278227;2022-02-05T18:00:00Z
87.96713333333332;0.0;0.0;0.0;4.653039550800031;0.5873883367;10.537111866131411;2022-02-05T19:00:00Z
86.43378333333332;0.0;0.0;0.0;4.490136718800045;0.5873003602;10.281319686272155;2022-02-05T20:00:00Z
89.66688333333333;0.0;0.0;0.0;4.589562988300031;0.5874298215;10.470625274897527;2022-02-05T21:00:00Z
89.6678;0.0;0.0;0.0;4.602868652300003;0.5878850222;11.038238103584748;2022-02-05T22:00:00Z
391.2519;0.0;0.0;0.0;4.412500000000023;0.589182198;11.27214190168286;2022-02-05T23:00:00Z
22.51695;0.0;0.0;0.0;4.187524414100039;0.5905715823;11.584427575267693;2022-02-06T00:00:00Z
34.06686666666667;0.0;0.0;0.0;4.153100585900006;0.5911561847;11.941466257164791;2022-02-06T01:00:00Z
28.116866666666663;0.0;0.0;0.0;4.282861328100012;0.5907421708;12.230992046119674;2022-02-06T02:00:00Z
27.53343333333333;0.0;0.0;0.0;4.397485351600039;0.59035182;12.40538847780111;2022-02-06T03:00:00Z
27.3001;0.0;0.0;0.0;4.555780029300024;0.59090662;12.706007093427067;2022-02-06T04:00:00Z
27.41698333333333;0.0;0.0;0.0;4.785729980500037;0.5924658775;13.213503498078925;2022-02-06T05:00:00Z
27.117933333333333;0.0;0.0;0.0;4.818444824200014;0.5931240916;13.118553224776514;2022-02-06T06:00:00Z
32.98495;37.41133333333333;20.119;0.6577777777777778;5.021630859400034;0.5932313204;13.364278663666877;2022-02-06T07:00:00Z
67.16695;21.42933333333333;0.1199999999999999;21.26222222222222;5.411431884800038;0.5931857824;13.46624809131146;2022-02-06T08:00:00Z
65.0005;24.093;5.119;52.8;5.861596679700028;0.5930496454;13.297337515742042;2022-02-06T09:00:00Z
53.00036666666666;0.0;0.0;76.33777777777777;6.373223877000044;0.5918895006;13.410227640155108;2022-02-06T10:00:00Z
9.50105;0.0;0.0;107.57333333333334;7.141992187500023;0.5900905132;12.728682458617282;2022-02-06T11:00:00Z
14.001916666666666;0.0;0.0;176.14222222222222;7.745233154300024;0.588753581;12.134303450283547;2022-02-06T12:00:00Z
636.6671;0.0;0.0;107.16444444444444;7.452416992200028;0.5882977843;13.321953216686437;2022-02-06T13:00:00Z
69.50105;0.0;0.0;71.80444444444444;7.251000976600039;0.5881103277;15.20718386022354;2022-02-06T14:00:00Z
64.0016;0.0;0.0;31.324444444444445;6.500512695300017;0.5902103186;15.204648775679628;2022-02-06T15:00:00Z
68.16785;0.0;0.0;3.8044444444444445;5.543725585900006;0.5932319164;15.089958024937959;2022-02-06T16:00:00Z
67.9344;0.0;0.0;0.0;5.028894043000037;0.5932101607;14.06344349024667;2022-02-06T17:00:00Z
80.70023333333333;0.0;0.0;0.0;4.729577636700014;0.5931531787;13.049123512402073;2022-02-06T18:00:00Z
72.11751666666667;0.0;0.0;0.0;4.804040527300003;0.5923118591;11.728684624244698;2022-02-06T19:00:00Z
23.501433333333328;0.0;0.0;0.0;4.689965820300017;0.5914886594;10.387310348456205;2022-02-06T20:00:00Z
22.851566666666663;0.0;0.0;0.0;4.234979248000002;0.5912460685;10.348650553964697;2022-02-06T21:00:00Z
29.48568333333333;0.0;0.0;0.0;4.460290527300003;0.5936473608;9.578553976412012;2022-02-06T22:00:00Z
438.28495;0.0;0.0;0.0;4.1039978027000075;0.5936944485;10.62714607675374;2022-02-06T23:00:00Z
28.233766666666668;0.0;0.0;0.0;3.769433593800045;0.5938097239;12.153907422042543;2022-02-07T00:00:00Z
40.016783333333336;0.0;0.0;0.0;2.778771972700042;0.5935249925;11.176062663811507;2022-02-07T01:00:00Z
38.03355;0.0;0.0;0.0;2.3655639648000033;0.5936117768;11.365946513819505;2022-02-07T02:00:00Z
39.90008333333333;0.0;0.0;0.0;2.2151733398000033;0.5932123065;11.807298607533905;2022-02-07T03:00:00Z
32.666666666666664;0.0;0.0;0.0;2.192590332000009;0.5925678611;11.145526903230962;2022-02-07T04:00:00Z
46.88358333333333;0.0;0.0;0.0;2.3387084961000255;0.592041254;10.863223560770416;2022-02-07T05:00:00Z
76.88366666666666;0.0;0.0;0.0;2.468377685500002;0.5914854407;11.057852252497026;2022-02-07T06:00:00Z
55.16726666666667;19.65355555555556;20.119;1.0133333333333334;2.580834960900006;0.5909440517;10.716394712499447;2022-02-07T07:00:00Z
55.00091666666666;35.635555555555555;0.1199999999999999;44.39111111111111;2.9088684082000213;0.5903017521;10.474691280572024;2022-02-07T08:00:00Z
69.3334;27.644555555555556;5.119;117.03111111111112;3.6754394531000116;0.5894625187;9.326897459944362;2022-02-07T09:00:00Z
64.6672;0.0;0.0;151.55555555555554;4.3377319336000255;0.5895526409;10.76989285515674;2022-02-07T10:00:00Z
98.3341;0.0;0.0;248.2488888888889;5.429376220700021;0.588357985;12.548415978178593;2022-02-07T11:00:00Z
433.83425;0.0;0.0;297.26222222222225;6.087976074200014;0.58765167;12.303097875282134;2022-02-07T12:00:00Z
322.33473333333336;0.0;0.0;249.47555555555556;6.1863647461000255;0.5874066353;12.888253560918514;2022-02-07T13:00:00Z
359.6675666666667;0.0;0.0;202.08;5.723291015600012;0.5873065591;11.792369632332859;2022-02-07T14:00:00Z
21.668666666666663;0.0;0.0;108.12444444444445;4.838159179700028;0.58738482;11.308793422211146;2022-02-07T15:00:00Z
61.00115;0.0;0.0;29.155555555555555;4.611596679700028;0.5873988271;10.576843516272648;2022-02-07T16:00:00Z
12.3356;0.0;0.0;0.0;4.225610351600039;0.5873286724;10.651026152021029;2022-02-07T17:00:00Z
53.717633333333325;0.0;0.0;0.0;4.148706054700028;0.5872452855;10.924158405500563;2022-02-07T18:00:00Z
41.751166666666656;0.0;0.0;0.0;4.109521484400034;0.5871877074;11.00135427532872;2022-02-07T19:00:00Z
56.06725;0.0;0.0;0.0;3.7418762207000213;0.5871433616;10.762008727667988;2022-02-07T20:00:00Z
62.983916666666666;0.0;0.0;0.0;3.577661132800017;0.5871141553;10.535715472806386;2022-02-07T21:00:00Z
24.23475;0.0;0.0;0.0;2.9424377441000047;0.5870760083;9.501898034927084;2022-02-07T22:00:00Z
16.451066666666662;0.0;0.0;0.0;2.7143493652000075;0.5870432258;8.649349797116399;2022-02-07T23:00:00Z
15.75145;0.0;0.0;0.0;2.6836791992000144;0.5870380998;8.371178045465552;2022-02-08T00:00:00Z
24.03425;0.0;0.0;0.0;3.1254821777000075;0.5870380998;8.342702398657453;2022-02-08T01:00:00Z
27.41675;0.0;0.0;0.0;3.1990600586000255;0.587038219;8.314633015383025;2022-02-08T02:00:00Z
22.75075;0.0;0.0;0.0;2.9872375488000102;0.5870442986;8.620379808840188;2022-02-08T03:00:00Z
28.70053333333333;0.0;0.0;0.0;2.952355957000009;0.587039113;8.53898082995041;2022-02-08T04:00:00Z
28.23358333333333;0.0;0.0;0.0;3.1475463867000144;0.5870735645;8.489736684612769;2022-02-08T05:00:00Z
25.083866666666665;0.0;0.0;0.0;3.2648254395000436;0.5873609781;8.97912493378804;2022-02-08T06:00:00Z
3.8504166666666664;12.550444444444445;20.119;0.49777777777777776;3.481225585900006;0.5876135826;9.291282037548616;2022-02-08T07:00:00Z
17.667133333333332;23.20511111111111;0.1199999999999999;7.768888888888889;3.8771301270000436;0.5877752304;9.633748670766755;2022-02-08T08:00:00Z
51.001066666666674;46.29022222222223;5.118999999999999;26.00888888888889;4.563745117200028;0.5877552032;10.214030035427706;2022-02-08T09:00:00Z
59.33356666666666;0.0;0.0;42.09777777777778;5.420159912100019;0.5917698741;11.25902171698618;2022-02-08T10:00:00Z
66.00013333333332;0.0;0.0;51.12888888888889;6.427819824200014;0.5917003155;10.783267427128337;2022-02-08T11:00:00Z
54.001266666666666;0.0;0.0;45.24444444444445;7.220422363300031;0.5916541815;10.947564846014734;2022-02-08T12:00:00Z
633.66715;0.0;0.0;33.102222222222224;7.68062744140002;0.5934656858;11.291884710565322;2022-02-08T13:00:00Z
270.6677166666667;0.0;0.0;18.435555555555556;8.11812744140002;0.593767941;11.259692245030102;2022-02-08T14:00:00Z
53.001283333333326;0.0;0.0;6.684444444444445;8.238122558600026;0.5935080647;11.230831245632341;2022-02-08T15:00:00Z
208.66796666666667;0.0;0.0;1.8133333333333332;8.355645752000044;0.5929459333;10.882070281105145;2022-02-08T16:00:00Z
173.8512;0.0;0.0;0.0;8.3016601562;0.5929273367;10.230658387965102;2022-02-08T17:00:00Z
86.68391666666666;0.0;0.0;0.0;8.242608642600032;0.5931724906;9.799710443091065;2022-02-08T18:00:00Z
69.68458333333334;0.0;0.0;0.0;8.24703369140002;0.5931515694;9.148629280970189;2022-02-08T19:00:00Z
76.20091666666667;0.0;0.0;0.0;8.343957519500009;0.5928215981;8.914804157456038;2022-02-08T20:00:00Z
63.684466666666665;0.0;0.0;0.0;8.398889160200042;0.5924427509;8.86806669617983;2022-02-08T21:00:00Z
61.8186;0.0;0.0;0.0;8.360559082000009;0.5914583206;8.85337998668558;2022-02-08T22:00:00Z
11.585183333333331;0.0;0.0;0.0;8.410058593800045;0.5912237167;8.685009986175919;2022-02-08T23:00:00Z
15.867033333333332;0.0;0.0;0.0;8.402154541000016;0.5909641385;8.554220368937079;2022-02-09T00:00:00Z
48.18345;0.0;0.0;0.0;8.384545898400006;0.5907068253;8.702345366200507;2022-02-09T01:00:00Z
38.61695;0.0;0.0;0.0;8.432702636700014;0.5905513763;9.167184361694138;2022-02-09T02:00:00Z
34.300016666666664;0.0;0.0;0.0;8.428186035200042;0.5903760195;9.55037494116413;2022-02-09T03:00:00Z
30.800033333333328;0.0;0.0;0.0;8.444573974600019;0.5899338722;9.44452617846563;2022-02-09T04:00:00Z
53.65006666666667;0.0;0.0;0.0;8.348687744100005;0.5895012021;9.320427694538122;2022-02-09T05:00:00Z
44.817616666666666;0.0;0.0;0.0;8.242761230500037;0.5890808105;9.337049707246853;2022-02-09T06:00:00Z
38.317616666666666;25.868777777777776;0.1199999999999999;1.2622222222222221;8.179833984400034;0.5887290239;9.294272948027643;2022-02-09T07:00:00Z
52.8343;43.62655555555556;5.119;36.49777777777778;8.28704223630001;0.5883739591;9.43490811020974;2022-02-09T08:00:00Z
47.333850000000005;7.223111111111111;20.119;84.03555555555556;8.562219238300031;0.5879763365;9.415713667350346;2022-02-09T09:00:00Z
66.83365;0.0;0.0;102.13333333333334;9.177239990200007;0.5876696706;8.938301278840054;2022-02-09T10:00:00Z
69.16675000000001;0.0;0.0;112.24888888888889;9.311914062500023;0.5875637531;7.79099343182909;2022-02-09T11:00:00Z
45.834950000000006;0.0;0.0;95.53777777777778;9.386132812500023;0.5875839591;7.7905194681500864;2022-02-09T12:00:00Z
46.0014;0.0;0.0;73.33333333333333;9.262200927700007;0.5877916217;9.418882137090037;2022-02-09T13:00:00Z
21.668666666666663;0.0;0.0;68.62222222222222;9.331445312500023;0.587854743;9.217885951867977;2022-02-09T14:00:00Z
47.8348;0.0;0.0;34.595555555555556;9.099816894500009;0.5877729654;8.763305697662965;2022-02-09T15:00:00Z
355.66843333333327;0.0;0.0;10.773333333333333;8.858666992200028;0.5876101255;8.71014844910734;2022-02-09T16:00:00Z
100.40115;0.0;0.0;0.0;8.765435791000016;0.5874849558;8.926233923967853;2022-02-09T17:00:00Z
86.10008333333333;0.0;0.0;0.0;8.657678222700042;0.5873882771;8.927120109099004;2022-02-09T18:00:00Z
82.86701666666667;0.0;0.0;0.0;8.578271484400034;0.5873134732;8.93327491102786;2022-02-09T19:00:00Z
90.76668333333332;0.0;0.0;0.0;8.701257324200014;0.5872483253;8.654906402374689;2022-02-09T20:00:00Z
45.884583333333325;0.0;0.0;0.0;8.540612793000037;0.5871992111;8.359107553453168;2022-02-09T21:00:00Z
184.16871666666665;0.0;0.0;0.0;8.48244628910004;0.5874552727;7.8934574644307895;2022-02-09T22:00:00Z
649.3177666666667;0.0;0.0;0.0;8.396905517600032;0.5875152349;7.78225150218107;2022-02-09T23:00:00Z
18.43403333333333;0.0;0.0;0.0;8.239892578100012;0.5875906348;7.5404300538147515;2022-02-10T00:00:00Z
33.3668;0.0;0.0;0.0;8.17971191410004;0.5875675678;7.470069164290102;2022-02-10T01:00:00Z
27.650666666666663;0.0;0.0;0.0;8.152856445300017;0.5875014663;7.143722289269168;2022-02-10T02:00:00Z
28.466766666666665;0.0;0.0;0.0;8.155725097700042;0.5874453187;6.358050490061156;2022-02-10T03:00:00Z
28.23343333333333;0.0;0.0;0.0;8.011560058600026;0.5874176025;5.754381307915026;2022-02-10T04:00:00Z
26.833583333333333;0.0;0.0;0.0;7.765985107400013;0.5874200463;6.109427766843926;2022-02-10T05:00:00Z
55.78401666666666;0.0;0.0;0.0;7.399804687500023;0.5874226093;6.1873756099304495;2022-02-10T06:00:00Z
61.28383333333333;0.1199999999999999;0.1199999999999999;3.04;6.999719238300031;0.5874215961;6.375166425655117;2022-02-10T07:00:00Z
66.66671666666667;60.49644444444444;5.118999999999999;40.60444444444445;7.234033203100012;0.5873836875;6.6265797363134435;2022-02-10T08:00:00Z
69.66669999999999;17.877777777777776;20.119;106.86222222222223;7.8348632812000005;0.5874612331;6.524767496110265;2022-02-10T09:00:00Z
70.0;0.0;0.0;172.48;8.512353515600012;0.5875270963;5.533510659111156;2022-02-10T10:00:00Z
70.0;0.0;0.0;239.5911111111111;9.251489257800017;0.5873901248;5.370486822491053;2022-02-10T11:00:00Z
51.00101666666666;0.0;0.0;269.3688888888889;9.294030761700014;0.587725997;6.222703223114016;2022-02-10T12:00:00Z
531.3339833333333;0.0;0.0;162.48888888888888;8.994500732400013;0.5898590088;5.977513655549471;2022-02-10T13:00:00Z
210.66793333333328;0.0;0.0;66.54222222222222;8.465142822300038;0.5925478339;8.090758163513549;2022-02-10T14:00:00Z
10.001999999999997;0.0;0.0;39.306666666666665;7.292718505900041;0.5930148363;6.230028883954698;2022-02-10T15:00:00Z
10.001999999999997;0.0;0.0;11.022222222222222;6.134515380900041;0.5929263234;5.917230177653978;2022-02-10T16:00:00Z
10.001999999999997;0.0;0.0;0.0;5.587365722700042;0.5927789807;5.39331807271222;2022-02-10T17:00:00Z
16.768633333333334;0.0;0.0;0.0;5.120629882800017;0.5926395059;5.533637125820362;2022-02-10T18:00:00Z
25.00145;0.0;0.0;0.0;4.791528320300017;0.5926629901;6.442645979393934;2022-02-10T19:00:00Z
72.6174;0.0;0.0;0.0;4.4920288086000255;0.5930063128;7.169077437984684;2022-02-10T20:00:00Z
69.80086666666665;0.0;0.0;0.0;4.433374023400006;0.5930134058;7.127486124589095;2022-02-10T21:00:00Z
494.5006166666667;0.0;0.0;0.0;4.634027099600019;0.5930139422;7.171772129084871;2022-02-10T22:00:00Z
47.11848333333334;0.0;0.0;0.0;4.033837890600012;0.5929966569;6.596816145808925;2022-02-10T23:00:00Z
0.0;0.0;0.0;0.0;3.569482421900034;0.5929947495;6.120802162290187;2022-02-11T00:00:00Z
0.0;0.0;0.0;0.0;3.0928283691000047;0.5929918885;5.533499206966868;2022-02-11T01:00:00Z
0.0;0.0;0.0;0.0;3.095422363300031;0.5929891467;5.625847573582352;2022-02-11T02:00:00Z
0.0;0.0;0.0;0.0;2.978051757800017;0.5929915905;6.103334563557073;2022-02-11T03:00:00Z
0.0;0.0;0.0;0.0;2.967492675800031;0.5929966569;6.31581100730656;2022-02-11T04:00:00Z
0.0;0.0;0.0;0.0;2.8872924805000366;0.5929946303;6.165481212177414;2022-02-11T05:00:00Z
0.0;0.0;0.0;0.0;2.6865478516000394;0.5929910541;5.924824209394833;2022-02-11T06:00:00Z
0.0;31.196111111111108;0.1199999999999999;3.7333333333333334;2.3402343750000227;0.592997551;5.850032492241224;2022-02-11T07:00:00Z
0.0;0.1199999999999999;25.118;43.12888888888889;2.506402587900027;0.5927452445;6.01599386670773;2022-02-11T08:00:00Z
0.0;45.40233333333333;0.1199999999999999;144.0;2.920678710900006;0.5916780233;6.647139129920023;2022-02-11T09:00:00Z
0.0;0.0;0.0;215.39555555555555;3.8374877930000366;0.5913977027;5.782967043819638;2022-02-11T10:00:00Z
0.0;0.0;0.0;252.9777777777778;4.426812744100005;0.5903554559;5.6504539221370464;2022-02-11T11:00:00Z
0.0;0.0;0.0;292.85333333333335;4.902795410200042;0.5896257758;5.62841999970852;2022-02-11T12:00:00Z
0.0;0.0;0.0;189.10222222222222;4.9265991211000255;0.5888435841;5.500593008789154;2022-02-11T13:00:00Z
0.0;0.0;0.0;186.18666666666667;5.160394287100019;0.5881758332;4.692236245745378;2022-02-11T14:00:00Z
0.0;0.0;0.0;118.75555555555556;5.192956543000037;0.5879097581;4.615762105163465;2022-02-11T15:00:00Z
0.0;0.0;0.0;34.382222222222225;4.547326660200042;0.5877539515;5.249986696925734;2022-02-11T16:00:00Z
0.0;0.0;0.0;0.14222222222222222;3.8993164062000005;0.5876725316;6.373271259717747;2022-02-11T17:00:00Z
0.0;0.0;0.0;0.0;3.6973510742000144;0.5876428485;7.811200559803477;2022-02-11T18:00:00Z
0.0;0.0;0.0;0.0;3.4463745117000144;0.5878163576;8.734063778376248;2022-02-11T19:00:00Z
0.0;0.0;0.0;0.0;2.6874328613000102;0.5877660513;7.998664070876169;2022-02-11T20:00:00Z
0.0;0.0;0.0;0.0;1.859735107400013;0.5876739621;7.613686258899223;2022-02-11T21:00:00Z
0.0;0.0;0.0;0.0;1.1973510742000144;0.5877131224;5.732248042084986;2022-02-11T22:00:00Z
0.0;0.0;0.0;0.0;0.10424194340004078;0.5876889825;5.246392235329964;2022-02-11T23:00:00Z
21.81698333333333;0.0;0.0;0.0;-0.4869750976999967;0.5876944065;5.451016407203092;2022-02-12T00:00:00Z
25.9005;0.0;0.0;0.0;-0.762335205099987;0.5877056122;5.44823961677723;2022-02-12T01:00:00Z
26.48358333333333;0.0;0.0;0.0;-1.328802490199962;0.5877166986;5.14331248429313;2022-02-12T02:00:00Z
33.13381666666667;0.0;0.0;0.0;-1.6714843749999773;0.5877723098;5.128111811132092;2022-02-12T03:00:00Z
34.53373333333333;0.0;0.0;0.0;-1.7372802733999606;0.5878039598;5.041013055948567;2022-02-12T04:00:00Z
36.43371666666666;0.0;0.0;0.0;-1.8723815917999787;0.5878654122;4.8694695462548205;2022-02-12T05:00:00Z
38.00045;0.0;0.0;0.0;-2.188665771499984;0.5879083872;4.662099795169511;2022-02-12T06:00:00Z
27.4838;1.8957777777777776;20.119;5.173333333333333;-2.1963867187999995;0.5879639983;4.791316138661715;2022-02-12T07:00:00Z
56.00023333333333;57.83277777777778;5.119;76.40888888888888;-1.0409912108999606;0.5879197717;4.914155637888857;2022-02-12T08:00:00Z
67.00005;25.868777777777776;0.1199999999999999;165.72444444444446;0.5371032715000297;0.5877553821;4.136718764312221;2022-02-12T09:00:00Z
30.000666666666667;0.0;0.0;235.71555555555557;2.3117614746000186;0.5875967741;4.015961095179949;2022-02-12T10:00:00Z
38.16803333333333;0.0;0.0;303.46666666666664;3.6386047363000102;0.5873778462;4.5049874255824545;2022-02-12T11:00:00Z
58.00203333333334;0.0;0.0;325.49333333333334;4.266412353500016;0.5872019529;4.9202755967617895;2022-02-12T12:00:00Z
514.6684;0.0;0.0;279.75111111111113;4.515740966800024;0.587100327;5.124021774029659;2022-02-12T13:00:00Z
465.16855;0.0;0.0;241.77777777777777;4.52922973630001;0.5870463252;5.349138209471511;2022-02-12T14:00:00Z
241.8348;0.0;0.0;155.76888888888888;4.006616210900006;0.5870180726;5.635207744932891;2022-02-12T15:00:00Z
64.3349;0.0;0.0;51.16444444444444;2.5828491211000255;0.5870137811;6.484239283585108;2022-02-12T16:00:00Z
80.96741666666665;0.0;0.0;0.42666666666666664;1.015924072300038;0.587016046;7.215560058136635;2022-02-12T17:00:00Z
92.83385;0.0;0.0;0.0;0.4638610840000297;0.58701998;7.603889585229145;2022-02-12T18:00:00Z
83.28435;0.0;0.0;0.0;0.3501220703000172;0.5870233774;7.916636492733866;2022-02-12T19:00:00Z
77.75073333333333;0.0;0.0;0.0;0.45845947270004217;0.5870292187;8.263670622130455;2022-02-12T20:00:00Z
77.65038333333332;0.0;0.0;0.0;0.44039306640001996;0.5870302916;8.324575379674334;2022-02-12T21:00:00Z
58.13553333333333;0.0;0.0;0.0;0.3066650391000394;0.5870323181;8.54748828546568;2022-02-12T22:00:00Z
65.36851666666665;0.0;0.0;0.0;-0.008184814499998083;0.5870243907;8.243251754956841;2022-02-12T23:00:00Z
25.90035;0.0;0.0;0.0;-0.26376953119995505;0.5870199203;8.038663573008233;2022-02-13T00:00:00Z
35.9334;0.0;0.0;0.0;-0.5163635253999814;0.5870201588;8.077992206493969;2022-02-13T01:00:00Z
32.6672;0.0;0.0;0.0;-0.5035156249999773;0.5870213509;8.077204588526337;2022-02-13T02:00:00Z
34.30036666666666;0.0;0.0;0.0;-0.49027099609998004;0.587021172;8.1454446303006;2022-02-13T03:00:00Z
33.36685;0.0;0.0;0.0;-0.5448364257999856;0.5870185494;8.093162514451636;2022-02-13T04:00:00Z
27.883616666666665;0.0;0.0;0.0;-0.5882019042999787;0.5870218873;8.321442748567382;2022-02-13T05:00:00Z
39.9003;0.0;0.0;0.0;-0.6795715331999759;0.5870273709;8.592102969173787;2022-02-13T06:00:00Z
7.583666666666666;18.765666666666664;0.1199999999999999;7.626666666666667;-0.7038940429999911;0.5870275497;8.577370181110899;2022-02-13T07:00:00Z
4.501033333333333;48.066;25.118;92.16;0.49532470700000886;0.5870052576;8.03886852149728;2022-02-13T08:00:00Z
9.16775;16.98988888888889;0.1199999999999999;210.98666666666668;2.1142822266000394;0.5870196819;7.035843341136162;2022-02-13T09:00:00Z
59.33356666666666;0.0;0.0;316.67555555555555;3.634667968800045;0.5870084167;6.231147130117058;2022-02-13T10:00:00Z
69.66669999999999;0.0;0.0;371.8222222222222;4.793298339800003;0.5870066881;6.326862259247751;2022-02-13T11:00:00Z
69.6671;0.0;0.0;387.32444444444445;5.832879638700035;0.5870029926;6.38284425244018;2022-02-13T12:00:00Z
168.3344;0.0;0.0;362.68444444444447;6.744256591800024;0.5870054364;6.739393186388191;2022-02-13T13:00:00Z
70.001;0.0;0.0;286.8088888888889;7.226464843800045;0.587002039;7.247705030722159;2022-02-13T14:00:00Z
70.001;0.0;0.0;176.92444444444445;7.20598754880001;0.5869947672;8.023206810149434;2022-02-13T15:00:00Z
70.001;0.0;0.0;58.91555555555556;6.206109619100005;0.5869874358;8.360516527198502;2022-02-13T16:00:00Z
73.26715;0.0;0.0;0.6755555555555556;5.060205078100012;0.5869832635;8.569346395766024;2022-02-13T17:00:00Z
84.70036666666665;0.0;0.0;0.0;4.786828613300031;0.5869992375;9.43052489323052;2022-02-13T18:00:00Z
87.36715000000001;0.0;0.0;0.0;4.532434082000009;0.5870085955;9.67739178651796;2022-02-13T19:00:00Z
89.13348333333333;0.0;0.0;0.0;4.39937744140002;0.5870251656;10.212915575984907;2022-02-13T20:00:00Z
73.20081666666665;0.0;0.0;0.0;4.161920166000016;0.587015152;9.850172757174153;2022-02-13T21:00:00Z
691.3684999999999;0.0;0.0;0.0;4.13079223630001;0.5870261788;10.208284344428519;2022-02-13T22:00:00Z
214.11891666666668;0.0;0.0;0.0;3.7405639648000033;0.5870220661;10.066263013571765;2022-02-13T23:00:00Z
23.450133333333333;0.0;0.0;0.0;3.6917358398000033;0.5870193839;9.962293038437751;2022-02-14T00:00:00Z
28.933516666666662;0.0;0.0;0.0;3.612451171900034;0.5870236158;10.095023425005284;2022-02-14T01:00:00Z
39.90006666666667;0.0;0.0;0.0;3.419244384800038;0.5870263577;10.244553642046581;2022-02-14T02:00:00Z
30.3334;0.0;0.0;0.0;3.3465820312000005;0.5870289207;10.38064979388513;2022-02-14T03:00:00Z
32.783483333333336;0.0;0.0;0.0;3.297235107400013;0.5870294571;10.407657535919439;2022-02-14T04:00:00Z
34.18343333333333;0.0;0.0;0.0;3.3294311523000033;0.5870258808;10.26315855747192;2022-02-14T05:00:00Z
25.50018333333333;0.0;0.0;0.0;3.2158752441000047;0.5870201588;10.08845429705378;2022-02-14T06:00:00Z
41.583683333333326;24.980888888888884;0.1199999999999999;7.928888888888889;3.1769348145000436;0.5870119333;9.737385378316324;2022-02-14T07:00:00Z
63.33338333333333;21.42933333333333;0.1199999999999999;82.98666666666666;4.3247009277000075;0.5870184302;9.570873460521227;2022-02-14T08:00:00Z
67.0003;34.74766666666667;25.118;192.0;6.177056884800038;0.5870029926;9.850398365693282;2022-02-14T09:00:00Z
64.3339;0.0;0.0;292.6933333333333;7.842492675800031;0.5870190859;8.141524717075276;2022-02-14T10:00:00Z
24.334416666666662;0.0;0.0;343.8933333333333;9.670159912100019;0.5870313644;8.240501398756415;2022-02-14T11:00:00Z
651.00065;0.0;0.0;373.17333333333335;11.24703369140002;0.5870313048;8.29007600463791;2022-02-14T12:00:00Z
36.83498333333333;0.0;0.0;320.0;11.985040283200021;0.5870072842;7.767532424380829;2022-02-14T13:00:00Z
20.00183333333333;0.0;0.0;244.28444444444443;12.303033447300038;0.5870067477;8.155249067172146;2022-02-14T14:00:00Z
56.001233333333325;0.0;0.0;152.83555555555554;12.024468994100005;0.5870038271;8.4416027180438;2022-02-14T15:00:00Z
45.00141666666666;0.0;0.0;47.39555555555555;10.90819702150003;0.5870097876;9.013283455065189;2022-02-14T16:00:00Z
393.9512666666666;0.0;0.0;0.8177777777777778;9.523797607400013;0.5870130062;9.361913865425661;2022-02-14T17:00:00Z
67.70083333333334;0.0;0.0;0.0;8.88082275390002;0.5870099664;9.356432993316028;2022-02-14T18:00:00Z
67.05033333333333;0.0;0.0;0.0;8.393701171900034;0.5870019197;9.214248248530808;2022-02-14T19:00:00Z
83.83334999999998;0.0;0.0;0.0;8.149743652300003;0.5869893432;8.707681716526478;2022-02-14T20:00:00Z
84.78343333333333;0.0;0.0;0.0;7.826928710900006;0.5869758725;8.212620885405666;2022-02-14T21:00:00Z
67.50136666666667;0.0;0.0;0.0;7.830621337900027;0.5869826674;8.353822855842248;2022-02-14T22:00:00Z
14.467866666666664;0.0;0.0;0.0;7.012109375000023;0.5869622827;7.376658200070705;2022-02-14T23:00:00Z
29.16698333333333;0.0;0.0;0.0;6.638085937500023;0.5869585872;6.909303079144469;2022-02-15T00:00:00Z
33.3668;0.0;0.0;0.0;6.644738769500009;0.5869626999;7.17973574397899;2022-02-15T01:00:00Z
29.1667;0.0;0.0;0.0;6.303369140600012;0.5869636536;7.276401917839882;2022-02-15T02:00:00Z
30.217116666666666;0.0;0.0;0.0;6.091821289100039;0.5869643092;7.576927043574803;2022-02-15T03:00:00Z
27.06705;0.0;0.0;0.0;5.5931945801000325;0.586961925;7.47945668501694;2022-02-15T04:00:00Z
44.067066666666655;0.0;0.0;0.0;5.351678466800024;0.5869666338;7.7741448052172615;2022-02-15T05:00:00Z
77.33371666666666;0.0;0.0;0.0;5.175683593800045;0.5869726539;7.718107388881669;2022-02-15T06:00:00Z
60.23335;50.72966666666667;0.1199999999999999;9.866666666666667;5.298730468800045;0.5869832635;7.8120172231165474;2022-02-15T07:00:00Z
67.50021666666666;26.756666666666668;0.1199999999999999;84.53333333333333;5.884851074200014;0.5869671702;7.338582736151742;2022-02-15T08:00:00Z
70.0;1.8957777777777776;25.118;174.93333333333334;7.31731567380001;0.586984098;6.279625041851739;2022-02-15T09:00:00Z
67.83355;0.0;0.0;259.84;8.69924316410004;0.5870230794;7.051773382031719;2022-02-15T10:00:00Z
49.6672;0.0;0.0;266.68444444444447;8.977624511700014;0.587049067;7.647695689578672;2022-02-15T11:00:00Z
59.667766666666665;0.0;0.0;195.37777777777777;9.078607177700007;0.587113142;7.778187433465768;2022-02-15T12:00:00Z
666.5005833333332;0.0;0.0;150.82666666666665;9.133966064500044;0.5870501995;6.855678208185334;2022-02-15T13:00:00Z
61.00115;0.0;0.0;107.91111111111111;8.839990234400034;0.5870777965;5.638276938055347;2022-02-15T14:00:00Z
30.00166666666667;0.0;0.0;95.69777777777777;8.524255371100026;0.587025702;4.809944140314635;2022-02-15T15:00:00Z
58.501316666666675;0.0;0.0;51.25333333333333;7.500543212900027;0.5870186687;5.291239658225274;2022-02-15T16:00:00Z
654.3014833333333;0.0;0.0;1.1733333333333333;6.379266357400013;0.5870226026;6.609649545799151;2022-02-15T17:00:00Z
37.6515;0.0;0.0;0.0;5.795678710900006;0.5870322585;7.700165804785954;2022-02-15T18:00:00Z
60.168183333333324;0.0;0.0;0.0;5.839654541000016;0.5870488882;8.436954813270548;2022-02-15T19:00:00Z
71.95033333333333;0.0;0.0;0.0;5.595361328100012;0.5870697498;9.181560985311608;2022-02-15T20:00:00Z
53.2006;0.0;0.0;0.0;5.3875366211000255;0.5870785117;9.510143663893949;2022-02-15T21:00:00Z
38.4018;0.0;0.0;0.0;5.2625976562000005;0.5871164799;10.994013245330878;2022-02-15T22:00:00Z
16.567666666666668;0.0;0.0;0.0;5.329492187500023;0.5870989561;10.666318043586067;2022-02-15T23:00:00Z
29.16715;0.0;0.0;0.0;5.3377319336000255;0.5872079134;10.790304627711416;2022-02-16T00:00:00Z
39.083466666666666;0.0;0.0;0.0;5.342584228500016;0.5881162286;10.792570445905424;2022-02-16T01:00:00Z
34.7668;0.0;0.0;0.0;5.075891113300031;0.5911650062;10.878552912787521;2022-02-16T02:00:00Z
38.966783333333325;0.0;0.0;0.0;5.097741699200014;0.5923558474;10.980633443877984;2022-02-16T03:00:00Z
41.41675;0.0;0.0;0.0;5.212182617200028;0.5916939378;10.581213928091021;2022-02-16T04:00:00Z
33.366683333333334;0.0;0.0;0.0;5.420220947300038;0.5914921761;10.33461732612168;2022-02-16T05:00:00Z
33.95023333333333;0.0;0.0;0.0;5.464990234400034;0.5927199721;10.00850155517091;2022-02-16T06:00:00Z
17.033583333333333;10.774666666666667;0.1199999999999999;3.5555555555555554;5.435754394500009;0.5930894017;10.089304259545756;2022-02-16T07:00:00Z
26.00055;48.95388888888888;0.1199999999999999;34.257777777777775;5.472528076200035;0.5931019187;10.442609159335648;2022-02-16T08:00:00Z
33.000616666666666;21.42933333333333;25.118;75.96444444444444;5.9353881836000255;0.5931191444;11.068519035296084;2022-02-16T09:00:00Z
59.16725;0.0;0.0;128.60444444444445;6.476251220700021;0.5916627049;10.428666562277746;2022-02-16T10:00:00Z
50.6671;0.0;0.0;115.62666666666667;6.722558593800045;0.5931472182;12.288132038953622;2022-02-16T11:00:00Z
59.33475;0.0;0.0;111.32444444444444;6.904809570300017;0.5931822062;13.040739582731673;2022-02-16T12:00:00Z
358.66775;0.0;0.0;61.58222222222222;7.254693603500016;0.5925942659;13.911016516945304;2022-02-16T13:00:00Z
251.83430000000004;0.0;0.0;22.186666666666667;7.816156005900041;0.5925896168;13.495410138359661;2022-02-16T14:00:00Z
185.1677;0.0;0.0;26.09777777777778;8.600793457000009;0.5916954279;13.294933184005519;2022-02-16T15:00:00Z
64.0016;0.0;0.0;11.253333333333334;9.135095214800003;0.5908555388;13.213641442304366;2022-02-16T16:00:00Z
169.80081666666666;0.0;0.0;0.32;9.310083007800017;0.5906033516;12.967868190331068;2022-02-16T17:00:00Z
82.40048333333331;0.0;0.0;0.0;9.655725097700042;0.5905307531;12.727543442625192;2022-02-16T18:00:00Z
69.15066666666667;0.0;0.0;0.0;10.20507202150003;0.5906081796;12.989869183649672;2022-02-16T19:00:00Z
75.36713333333334;0.0;0.0;0.0;10.679406738300031;0.5900545716;13.246956361185216;2022-02-16T20:00:00Z
89.76698333333331;0.0;0.0;0.0;10.767449951200035;0.5931950808;13.747093479142483;2022-02-16T21:00:00Z
333.10145;0.0;0.0;0.0;10.681726074200014;0.5921292901;15.884366256748105;2022-02-16T22:00:00Z
214.41805;0.0;0.0;0.0;10.852624511700014;0.5928589106;16.347341445939378;2022-02-16T23:00:00Z
25.200516666666665;0.0;0.0;0.0;11.688867187500023;0.5928686261;17.650397496633627;2022-02-17T00:00:00Z
29.86678333333333;0.0;0.0;0.0;12.146325683600026;0.5929915905;20.43414407486347;2022-02-17T01:00:00Z
28.0;0.0;0.0;0.0;10.747460937500023;0.5933253765;18.932671317608882;2022-02-17T02:00:00Z
28.0;0.0;0.0;0.0;9.02437744140002;0.5907625556;16.763837244129956;2022-02-17T03:00:00Z
27.0668;0.0;0.0;0.0;8.82027587890002;0.5888216496;15.78377978607312;2022-02-17T04:00:00Z
20.7016;0.0;0.0;0.0;7.978967285200042;0.5878570676;15.375402589321457;2022-02-17T05:00:00Z
16.451816666666662;0.0;0.0;0.0;7.726129150400027;0.5875165462;16.239770209710752;2022-02-17T06:00:00Z
10.384416666666667;26.756666666666668;20.119;10.79111111111111;7.904412841800024;0.5874750018;17.997801482857938;2022-02-17T07:00:00Z
27.000716666666666;53.39333333333333;5.119;89.24444444444444;8.334619140600012;0.5873631835;19.328067903477272;2022-02-17T08:00:00Z
70.0;0.1199999999999999;0.1199999999999999;184.0888888888889;8.837182617200028;0.5873777866;20.12358876938194;2022-02-17T09:00:00Z
70.0;0.0;0.0;250.54222222222222;9.016687011700014;0.5880946517;19.5919006578572;2022-02-17T10:00:00Z
86.66706666666667;0.0;0.0;214.3111111111111;8.685723877000044;0.5884265304;20.092317417357943;2022-02-17T11:00:00Z
555.6676666666667;0.0;0.0;185.5822222222222;7.979669189500044;0.5891793966;18.04407073779135;2022-02-17T12:00:00Z
252.1676;0.0;0.0;182.91555555555556;7.267114257800017;0.5900488496;17.061888343459778;2022-02-17T13:00:00Z
63.335;0.0;0.0;105.92;6.577020263700035;0.5909882188;16.55052433580847;2022-02-17T14:00:00Z
70.001;0.0;0.0;74.27555555555556;6.670373535200042;0.5923463106;15.545633568627752;2022-02-17T15:00:00Z
61.16855;0.0;0.0;39.733333333333334;6.329827880900041;0.5919415951;15.418310924582805;2022-02-17T16:00:00Z
310.0018166666666;0.0;0.0;1.8844444444444444;5.828240966800024;0.5910923481;15.631426737703139;2022-02-17T17:00:00Z
69.66816666666665;0.0;0.0;0.0;5.909753418000037;0.5899204016;14.681230294865868;2022-02-17T18:00:00Z
81.03364999999998;0.0;0.0;0.0;5.828515625000023;0.589015305;14.789903172310376;2022-02-17T19:00:00Z
40.318133333333336;0.0;0.0;0.0;5.571466064500044;0.5883948803;14.449450440612662;2022-02-17T20:00:00Z
13.3021;0.0;0.0;0.0;5.722924804700028;0.587878406;14.395842772494744;2022-02-17T21:00:00Z
13.5362;0.0;0.0;0.0;5.621179199200014;0.5876687169;13.898504081065935;2022-02-17T22:00:00Z
11.203183333333332;0.0;0.0;0.0;5.712976074200014;0.5873996615;13.723935060878519;2022-02-17T23:00:00Z
0.0;0.0;0.0;0.0;5.480798339800003;0.5872663856;13.635744623855311;2022-02-18T00:00:00Z
0.0;0.0;0.0;0.0;5.173120117200028;0.5871834159;12.989056955177182;2022-02-18T01:00:00Z
0.0;0.0;0.0;0.0;4.847039794900013;0.5871394873;12.228101954961307;2022-02-18T02:00:00Z
0.0;0.0;0.0;0.0;4.537011718800045;0.5871023536;11.370419279004757;2022-02-18T03:00:00Z
0.0;0.0;0.0;0.0;4.221276855500037;0.5870627165;10.102160959548675;2022-02-18T04:00:00Z
0.0;0.0;0.0;0.0;3.7685791016000394;0.5870559812;9.958367229538736;2022-02-18T05:00:00Z
0.0;0.0;0.0;0.0;3.399774169900013;0.5870357156;9.486795865134381;2022-02-18T06:00:00Z
0.0;35.635555555555555;20.119;10.595555555555556;3.3264404297000283;0.5870004296;8.134043729505786;2022-02-18T07:00:00Z
0.0;19.653555555555553;5.119;77.49333333333334;4.480737304700028;0.5869758129;7.714888042409899;2022-02-18T08:00:00Z
0.0;28.532444444444444;0.1199999999999999;146.8088888888889;5.783105468800045;0.5870829821;6.834626590915756;2022-02-18T09:00:00Z
0.0;0.0;0.0;281.5288888888889;7.040155029300024;0.5871066451;6.914745280015498;2022-02-18T10:00:00Z
0.0;0.0;0.0;245.54666666666665;7.467187500000023;0.5879301429;8.863523743576634;2022-02-18T11:00:00Z
0.0;0.0;0.0;115.16444444444444;6.77340087890002;0.589241147;8.513357020520477;2022-02-18T12:00:00Z
0.0;0.0;0.0;59.306666666666665;6.258416748000002;0.5912075639;9.596550588783554;2022-02-18T13:00:00Z
0.0;0.0;0.0;36.65777777777778;5.6033569336000255;0.5931333303;11.618878454564708;2022-02-18T14:00:00Z
0.0;0.0;0.0;21.653333333333332;5.986413574200014;0.593126893;11.530965787475363;2022-02-18T15:00:00Z
0.0;0.0;0.0;9.528888888888888;7.087304687500023;0.5928736925;12.559859186740631;2022-02-18T16:00:00Z
0.0;0.0;0.0;0.49777777777777776;8.290856933600026;0.5931763053;13.289451295229917;2022-02-18T17:00:00Z
0.0;0.0;0.0;0.0;9.317163085900006;0.5926151276;13.995928617628813;2022-02-18T18:00:00Z
0.0;0.0;0.0;0.0;10.158532714800003;0.591945529;15.525360728579885;2022-02-18T19:00:00Z
0.0;0.0;0.0;0.0;9.680383300800031;0.590390265;17.474001933764832;2022-02-18T20:00:00Z
0.0;0.0;0.0;0.0;8.867395019500009;0.5884321332;19.085901353341796;2022-02-18T21:00:00Z
0.0;0.0;0.0;0.0;8.816552734400034;0.5880951285;18.594252583166096;2022-02-18T22:00:00Z
0.0;0.0;0.0;0.0;7.844995117200028;0.587439537;18.004431073649148;2022-02-18T23:00:00Z
29.166766666666664;0.0;0.0;0.0;7.292687988300031;0.5873103738;17.789507912281803;2022-02-19T00:00:00Z
30.216716666666663;0.0;0.0;0.0;7.043664550800031;0.5873032808;18.858968039138198;2022-02-19T01:00:00Z
29.5167;0.0;0.0;0.0;7.081933593800045;0.5873073339;19.40609144928751;2022-02-19T02:00:00Z
34.30011666666667;0.0;0.0;0.0;6.985498046900034;0.5873163939;19.816416459940164;2022-02-19T03:00:00Z
34.18345;0.0;0.0;0.0;6.287805175800031;0.5873220563;20.040482200713157;2022-02-19T04:00:00Z
31.0338;0.0;0.0;0.0;6.060174560500002;0.5873421431;19.647219561743302;2022-02-19T05:00:00Z
24.468216666666663;0.0;0.0;0.0;5.558312988300031;0.5875355601;18.96951514021508;2022-02-19T06:00:00Z
30.517383333333328;23.20511111111111;20.119;7.306666666666667;5.258447265600012;0.587655127;17.893175796199156;2022-02-19T07:00:00Z
70.0;17.877777777777776;0.1199999999999999;56.266666666666666;4.945092773400006;0.5878851414;15.606337054969533;2022-02-19T08:00:00Z
61.00015;37.41133333333333;5.119;111.5911111111111;5.113000488300031;0.5884980559;17.759660457637047;2022-02-19T09:00:00Z
55.00025;0.0;0.0;185.08444444444444;5.373742675800031;0.5892017484;12.119236825465693;2022-02-19T10:00:00Z
67.00005;0.0;0.0;260.3022222222222;5.6756225586000255;0.5884466171;15.41365330574931;2022-02-19T11:00:00Z
393.3349;0.0;0.0;311.9822222222222;5.898034668000037;0.5879403949;14.357387464169726;2022-02-19T12:00:00Z
142.00136666666668;0.0;0.0;224.85333333333332;5.993280029300024;0.5875784159;13.516408358881451;2022-02-19T13:00:00Z
70.001;0.0;0.0;257.77777777777777;6.3084350586000255;0.5873963237;13.48690000727673;2022-02-19T14:00:00Z
70.001;0.0;0.0;175.4488888888889;6.270166015600012;0.5872204304;12.146446753539776;2022-02-19T15:00:00Z
9.835766666666666;0.0;0.0;71.36;5.969384765600012;0.5871364474;11.0775210647934;2022-02-19T16:00:00Z
45.78558333333333;0.0;0.0;3.7333333333333334;5.152795410200042;0.5870877504;10.108266528508429;2022-02-19T17:00:00Z
68.7345;0.0;0.0;0.0;4.427392578100012;0.5870579481;9.460578301627566;2022-02-19T18:00:00Z
80.18438333333333;0.0;0.0;0.0;3.7938476562000005;0.5870626569;9.709842853273495;2022-02-19T19:00:00Z
81.001;0.0;0.0;0.0;3.5724426270000436;0.5870556235;9.594258232307151;2022-02-19T20:00:00Z
89.10018333333333;0.0;0.0;0.0;3.848260498000002;0.5870481133;9.509820656012803;2022-02-19T21:00:00Z
292.18513333333334;0.0;0.0;0.0;4.4607788086000255;0.587164402;11.042891125133261;2022-02-19T22:00:00Z
354.13568333333336;0.0;0.0;0.0;4.307733154300024;0.5876302719;9.78657207811153;2022-02-19T23:00:00Z
31.150166666666667;0.0;0.0;0.0;3.9124389648000033;0.5883658528;8.099551466504723;2022-02-20T00:00:00Z
33.48336666666667;0.0;0.0;0.0;3.480676269500009;0.5886811614;8.188837259576804;2022-02-20T01:00:00Z
35.81685;0.0;0.0;0.0;2.522973632800017;0.5907780528;8.242954796750677;2022-02-20T02:00:00Z
33.83356666666667;0.0;0.0;0.0;2.041802978500016;0.5928131938;7.954718268184066;2022-02-20T03:00:00Z
36.28335;0.0;0.0;0.0;2.20406494140002;0.5931328535;7.265684972051129;2022-02-20T04:00:00Z
33.600133333333325;0.0;0.0;0.0;2.7939697266000394;0.5931806564;7.477222586486013;2022-02-20T05:00:00Z
19.9502;0.0;0.0;0.0;3.0013061523000033;0.5929403305;8.63132937556078;2022-02-20T06:00:00Z
15.933466666666666;40.96288888888888;0.1199999999999999;9.066666666666666;3.1670776367000144;0.5925382376;8.838639218254897;2022-02-20T07:00:00Z
44.000183333333325;38.29922222222221;0.1199999999999999;44.48;3.4510131836000255;0.5919718742;10.046700007190772;2022-02-20T08:00:00Z
69.00001666666667;0.1199999999999999;25.118;111.78666666666666;4.054956054700028;0.5909107924;9.055717499305246;2022-02-20T09:00:00Z
70.0;0.0;0.0;95.92888888888889;4.580285644500009;0.5906231403;8.37070944425263;2022-02-20T10:00:00Z
70.00046666666667;0.0;0.0;112.16;5.328576660200042;0.590608418;8.955833108000231;2022-02-20T11:00:00Z
346.3341666666667;0.0;0.0;109.70666666666666;5.209527587900027;0.5929125547;9.800765003437105;2022-02-20T12:00:00Z
655.00105;0.0;0.0;66.80888888888889;4.709344482400013;0.593121767;10.855308553343464;2022-02-20T13:00:00Z
197.33463333333327;0.0;0.0;49.13777777777778;5.589440918000037;0.5931326747;11.153977869618167;2022-02-20T14:00:00Z
62.00113333333333;0.0;0.0;20.017777777777777;6.656945800800031;0.5930145383;12.465048646626743;2022-02-20T15:00:00Z
52.0013;0.0;0.0;8.284444444444444;7.614526367200028;0.592202723;13.038502204861773;2022-02-20T16:00:00Z
53.001283333333326;0.0;0.0;0.7466666666666667;8.062951660200042;0.5919718146;13.08786449511626;2022-02-20T17:00:00Z
84.00006666666665;0.0;0.0;0.0;8.330865478500016;0.5919098854;12.84443740866063;2022-02-20T18:00:00Z
42.0014;0.0;0.0;0.0;8.532373046900034;0.5922003984;13.536979085450765;2022-02-20T19:00:00Z
24.3186;0.0;0.0;0.0;8.40334472660004;0.5931715965;13.33413494734105;2022-02-20T20:00:00Z
44.21845;0.0;0.0;0.0;8.339440918000037;0.5931815505;13.211534790218705;2022-02-20T21:00:00Z
52.00208333333333;0.0;0.0;0.0;8.176049804700028;0.5932282805;14.914776544547852;2022-02-20T22:00:00Z
36.268266666666655;0.0;0.0;0.0;8.282769775400027;0.5932313204;15.092845566676784;2022-02-20T23:00:00Z
28.116866666666663;0.0;0.0;0.0;8.561669921900034;0.5931909084;14.88596815815483;2022-02-21T00:00:00Z
39.783483333333336;0.0;0.0;0.0;9.095025634800038;0.592843473;15.385145005919835;2022-02-21T01:00:00Z
41.41675;0.0;0.0;0.0;9.650903320300017;0.5913807154;16.140651335716946;2022-02-21T02:00:00Z
32.0835;0.0;0.0;0.0;9.28704223630001;0.5917465091;16.880482486785326;2022-02-21T03:00:00Z
34.65011666666666;0.0;0.0;0.0;7.81829223630001;0.5919988155;15.479955715283209;2022-02-21T04:00:00Z
38.850333333333325;0.0;0.0;0.0;6.419946289100039;0.590909183;14.672245236854573;2022-02-21T05:00:00Z
46.56733333333333;0.0;0.0;0.0;5.548486328100012;0.5922433138;14.31562732063002;2022-02-21T06:00:00Z
47.26703333333334;12.550444444444445;0.1199999999999999;8.924444444444445;4.682275390600012;0.5926937461;13.936073769839323;2022-02-21T07:00:00Z
60.00031666666667;52.50544444444444;25.118;69.38666666666667;4.586389160200042;0.5915874243;12.71399385331217;2022-02-21T08:00:00Z
66.16705;15.214111111111112;0.1199999999999999;178.48888888888888;4.981591796900034;0.5895457864;12.633473231301508;2022-02-21T09:00:00Z
61.50085;0.0;0.0;237.65333333333334;5.36519775390002;0.5900622606;10.089052525183657;2022-02-21T10:00:00Z
69.66669999999999;0.0;0.0;393.8666666666667;5.746240234400034;0.5887067914;12.968037375006725;2022-02-21T11:00:00Z
66.16766666666666;0.0;0.0;373.4577777777778;5.940576171900034;0.5881955624;13.248021601395383;2022-02-21T12:00:00Z
703.3336999999999;0.0;0.0;302.29333333333335;6.334222412100019;0.5882697105;13.79298650041554;2022-02-21T13:00:00Z
255.00105;0.0;0.0;182.8088888888889;6.244378662100019;0.5880944729;12.941134994048799;2022-02-21T14:00:00Z
9.66895;0.0;0.0;88.42666666666666;5.660607910200042;0.5886864066;11.429672173594208;2022-02-21T15:00:00Z
22.00263333333333;0.0;0.0;23.75111111111111;4.737878418000037;0.58993572;10.826735762632632;2022-02-21T16:00:00Z
9.152283333333331;0.0;0.0;1.5644444444444445;3.4208007812000005;0.5922477245;10.319745099144946;2022-02-21T17:00:00Z
21.43473333333333;0.0;0.0;0.0;2.3642822266000394;0.593069911;8.656754349794287;2022-02-21T18:00:00Z
48.568166666666656;0.0;0.0;0.0;2.7054687500000227;0.5930588841;8.289863446852342;2022-02-21T19:00:00Z
82.65025;0.0;0.0;0.0;3.0849853516000394;0.5927886367;9.107239157869245;2022-02-21T20:00:00Z
98.0;0.0;0.0;0.0;3.104943847700042;0.5922604203;9.89897089589904;2022-02-21T21:00:00Z
390.8676166666667;0.0;0.0;0.0;3.652154541000016;0.5923479795;10.495260491744995;2022-02-21T22:00:00Z
14.718699999999998;0.0;0.0;0.0;4.015771484400034;0.5917831659;10.495138049393832;2022-02-21T23:00:00Z
32.20013333333333;0.0;0.0;0.0;4.1492553711000255;0.5912356377;10.265823895770348;2022-02-22T00:00:00Z
26.95025;0.0;0.0;0.0;4.418481445300017;0.5908204317;10.04812116218665;2022-02-22T01:00:00Z
27.8834;0.0;0.0;0.0;4.631921386700014;0.5904976726;9.706019143739077;2022-02-22T02:00:00Z
32.90005;0.0;0.0;0.0;4.988824462900027;0.5906906724;10.142937970130596;2022-02-22T03:00:00Z
40.25;0.0;0.0;0.0;5.121453857400013;0.5908921361;11.69012531099476;2022-02-22T04:00:00Z
41.183433333333326;0.0;0.0;0.0;4.630609130900041;0.5902787447;11.407123350830288;2022-02-22T05:00:00Z
25.9004;0.0;0.0;0.0;4.07906494140002;0.5896125436;10.952575442511664;2022-02-22T06:00:00Z
3.96685;37.41133333333333;20.119;11.68;3.8692260742000144;0.58907336;10.258012657355414;2022-02-22T07:00:00Z
34.667683333333336;28.532444444444444;5.119;76.48;4.297174072300038;0.5887884498;9.814334342614229;2022-02-22T08:00:00Z
64.83385;14.32622222222222;0.1199999999999999;205.79555555555555;4.61031494140002;0.5897039771;11.780448578743307;2022-02-22T09:00:00Z
56.834149999999994;0.0;0.0;258.75555555555553;5.264428710900006;0.5892885327;9.877895567265705;2022-02-22T10:00:00Z
70.0;0.0;0.0;290.1333333333333;5.585626220700021;0.5883229375;10.322480675199118;2022-02-22T11:00:00Z
69.00071666666666;0.0;0.0;301.76;6.094842529300024;0.587695241;9.648084558271023;2022-02-22T12:00:00Z
45.00141666666666;0.0;0.0;301.6;6.810784912100019;0.5876490474;10.181903818581157;2022-02-22T13:00:00Z
141.33445;0.0;0.0;194.29333333333332;6.787133789100039;0.587415874;8.899077095419944;2022-02-22T14:00:00Z
50.00133333333333;0.0;0.0;132.88888888888889;6.704766845700021;0.5872198939;8.054413068469978;2022-02-22T15:00:00Z
655.0006500000001;0.0;0.0;48.60444444444445;6.277795410200042;0.5871385932;7.745843351476641;2022-02-22T16:00:00Z
332.5008;0.0;0.0;4.231111111111111;5.789636230500037;0.5871245265;8.772733394450022;2022-02-22T17:00:00Z
42.734116666666665;0.0;0.0;0.0;5.447503662100019;0.58785671;9.128387999946908;2022-02-22T18:00:00Z
84.53354999999999;0.0;0.0;0.0;5.228051757800017;0.5885611773;9.669051517974722;2022-02-22T19:00:00Z
91.46671666666668;0.0;0.0;0.0;5.473840332000009;0.5891444683;9.978111251632294;2022-02-22T20:00:00Z
78.48359999999998;0.0;0.0;0.0;5.775903320300017;0.5919962525;10.55199889591563;2022-02-22T21:00:00Z
56.75215;0.0;0.0;0.0;6.10930786130001;0.5930151343;11.398036255582147;2022-02-22T22:00:00Z
52.60166666666667;0.0;0.0;0.0;7.100305175800031;0.5930885077;12.031961921181292;2022-02-22T23:00:00Z
20.65055;0.0;0.0;0.0;6.514184570300017;0.5925397873;13.381369802576375;2022-02-23T00:00:00Z
37.216716666666656;0.0;0.0;0.0;6.05953369140002;0.5913129449;12.816495778501805;2022-02-23T01:00:00Z
34.06668333333333;0.0;0.0;0.0;5.636743164100039;0.5903376341;12.05614538642278;2022-02-23T02:00:00Z
33.60008333333333;0.0;0.0;0.0;5.340356445300017;0.5897409916;11.28044440109912;2022-02-23T03:00:00Z
41.18333333333334;0.0;0.0;0.0;5.155480957000009;0.5893847346;11.107423410330787;2022-02-23T04:00:00Z
42.0;0.0;0.0;0.0;5.1375366211000255;0.5890320539;10.94826736072261;2022-02-23T05:00:00Z
28.116766666666663;0.0;0.0;0.0;4.9344726562000005;0.5888112783;10.982312014918328;2022-02-23T06:00:00Z
4.567466666666667;1.8957777777777776;20.119;20.88888888888889;5.243188476600039;0.5885451436;10.751330077774567;2022-02-23T07:00:00Z
36.00064999999999;29.42033333333333;0.1199999999999999;95.98222222222222;5.951531982400013;0.5880734921;10.12478635801319;2022-02-23T08:00:00Z
0.002;42.73866666666665;5.119;195.60888888888888;6.690698242200028;0.5878995657;12.833203979240766;2022-02-23T09:00:00Z
3.83495;0.0;0.0;268.99555555555554;7.2079101562000005;0.5886882544;11.179570910099642;2022-02-23T10:00:00Z
59.16691666666667;0.0;0.0;277.4577777777778;7.689538574200014;0.5875632763;11.45167705641503;2022-02-23T11:00:00Z
503.3338333333333;0.0;0.0;324.0888888888889;8.500634765600012;0.587208569;10.387649270105426;2022-02-23T12:00:00Z
195.6683;0.0;0.0;232.26666666666668;8.915734863300031;0.5871365666;9.41062060083832;2022-02-23T13:00:00Z
370.0007;0.0;0.0;161.42222222222222;8.887780761700014;0.5870298743;7.20710193728736;2022-02-23T14:00:00Z
70.001;0.0;0.0;132.8;8.873254394500009;0.5869982839;6.715042417604404;2022-02-23T15:00:00Z
303.33410000000003;0.0;0.0;82.45333333333333;8.323083496100026;0.5869711637;6.084698321256509;2022-02-23T16:00:00Z
92.2671833333333;0.0;0.0;7.608888888888889;6.3891540527000075;0.5869644284;6.060124741902374;2022-02-23T17:00:00Z
90.53358333333331;0.0;0.0;0.0;4.742211914100039;0.5869695544;6.808021074290305;2022-02-23T18:00:00Z
90.98345;0.0;0.0;0.0;4.04390869140002;0.586971879;7.430271349146638;2022-02-23T19:00:00Z
90.55016666666667;0.0;0.0;0.0;3.4511047363000102;0.5869673491;7.042167800027783;2022-02-23T20:00:00Z
81.58386666666665;0.0;0.0;0.0;2.934716796900034;0.5869699717;7.259654384659192;2022-02-23T21:00:00Z
78.63469999999998;0.0;0.0;0.0;2.594445800800031;0.5869750381;7.883268039332456;2022-02-23T22:00:00Z
70.86851666666668;0.0;0.0;0.0;2.4970947266000394;0.5869739652;7.806235022249563;2022-02-23T23:00:00Z
29.750333333333334;0.0;0.0;0.0;2.3130737305000366;0.5869751573;7.801034982020628;2022-02-24T00:00:00Z
29.4004;0.0;0.0;0.0;1.981225585900006;0.5869820118;8.088913455213788;2022-02-24T01:00:00Z
33.4834;0.0;0.0;0.0;1.696832275400027;0.5869870782;8.337114780606717;2022-02-24T02:00:00Z
32.550033333333324;0.0;0.0;0.0;1.4340759277000075;0.58698982;8.50760738616923;2022-02-24T03:00:00Z
34.066916666666664;0.0;0.0;0.0;1.269097900400027;0.5869912505;8.651455891680254;2022-02-24T04:00:00Z
40.13335;0.0;0.0;0.0;1.4251953125000227;0.5869991183;9.11215386990552;2022-02-24T05:00:00Z
17.400399999999998;0.0;0.0;0.0;1.6195312500000227;0.5870023966;9.202406843749603;2022-02-24T06:00:00Z
5.16765;32.084;20.119;23.68;2.6597534180000366;0.5870036483;8.956921111821533;2022-02-24T07:00:00Z
29.66756666666667;16.98988888888889;0.1199999999999999;90.89777777777778;3.7473388672000283;0.5869864821;8.66632215614135;2022-02-24T08:00:00Z
68.0002;30.308222222222216;5.119;156.4622222222222;5.2137695312000005;0.5869934559;7.815137224652333;2022-02-24T09:00:00Z
70.0;0.0;0.0;220.37333333333333;6.727197265600012;0.5870079994;7.159286056999008;2022-02-24T10:00:00Z
64.83445;0.0;0.0;268.44444444444446;7.782739257800017;0.587022841;7.3131745807109025;2022-02-24T11:00:00Z
60.002;0.0;0.0;300.58666666666664;8.692041015600012;0.5870555639;8.502016457084528;2022-02-24T12:00:00Z
60.002;0.0;0.0;275.5733333333333;9.400262451200035;0.5870907903;10.482209165060056;2022-02-24T13:00:00Z
54.1685;0.0;0.0;204.88888888888889;9.665307617200028;0.5870480537;9.323387638226002;2022-02-24T14:00:00Z
37.501916666666666;0.0;0.0;123.64444444444445;9.532678222700042;0.5870582461;9.995947830785177;2022-02-24T15:00:00Z
177.16775;0.0;0.0;34.09777777777778;9.40328369140002;0.5870630145;10.26052109534405;2022-02-24T16:00:00Z
343.45073333333335;0.0;0.0;1.4222222222222223;9.500756835900006;0.5870759487;10.844552847599173;2022-02-24T17:00:00Z
69.06708333333333;0.0;0.0;0.0;9.61037597660004;0.5870833397;11.210471958640701;2022-02-24T18:00:00Z
82.55055;0.0;0.0;0.0;9.369042968800045;0.5873903036;11.73531577606272;2022-02-24T19:00:00Z
61.883816666666654;0.0;0.0;0.0;8.526757812500023;0.5893575549;12.092844164780862;2022-02-24T20:00:00Z
57.35061666666667;0.0;0.0;0.0;7.136254882800017;0.5925605893;13.801593451797165;2022-02-24T21:00:00Z
72.83483333333332;0.0;0.0;0.0;5.024438476600039;0.5931310058;11.369989119338383;2022-02-24T22:00:00Z
594.8683833333333;0.0;0.0;0.0;4.296777343800045;0.5931272507;11.455739773336182;2022-02-24T23:00:00Z
0.0;0.0;0.0;0.0;3.801232910200042;0.592926383;11.148593394212394;2022-02-25T00:00:00Z
0.0;0.0;0.0;0.0;3.4234252930000366;0.5923085809;10.063520565305984;2022-02-25T01:00:00Z
0.0;0.0;0.0;0.0;3.1079956055000366;0.5919671059;10.184485332701007;2022-02-25T02:00:00Z
0.0;0.0;0.0;0.0;3.097375488300031;0.5916422606;10.193759729165226;2022-02-25T03:00:00Z
0.0;0.0;0.0;0.0;2.948999023400006;0.5912100673;10.003199128376334;2022-02-25T04:00:00Z
0.0;0.0;0.0;0.0;2.698602294900013;0.5909036994;9.957811347773234;2022-02-25T05:00:00Z
0.0;0.0;0.0;0.0;2.428247070300017;0.5906271338;9.867092465204186;2022-02-25T06:00:00Z
0.0;20.541444444444444;0.1199999999999999;33.24444444444445;2.521691894500009;0.590195775;9.82237197049501;2022-02-25T07:00:00Z
0.0;39.187111111111115;5.119;149.65333333333334;3.4808593750000227;0.5893294215;8.785649339564555;2022-02-25T08:00:00Z
0.0;20.541444444444444;20.119;271.2888888888889;4.363671875000023;0.5883784294;9.404262002577697;2022-02-25T09:00:00Z
0.0;0.0;0.0;366.8977777777778;5.437158203100012;0.5883302689;10.477112559328807;2022-02-25T10:00:00Z
0.0;0.0;0.0;379.00444444444446;5.867639160200042;0.5882480741;10.738186374907913;2022-02-25T11:00:00Z
0.0;0.0;0.0;360.65777777777777;6.250756835900006;0.5877010226;10.581155386122552;2022-02-25T12:00:00Z
0.0;0.0;0.0;360.67555555555555;5.994775390600012;0.5876352787;10.357191021902254;2022-02-25T13:00:00Z
0.0;0.0;0.0;237.7422222222222;5.455682373000002;0.587469399;10.682193990101633;2022-02-25T14:00:00Z
0.0;0.0;0.0;168.90666666666667;5.171777343800045;0.587410748;9.928244446303594;2022-02-25T15:00:00Z
0.0;0.0;0.0;74.50666666666666;4.486413574200014;0.5891435742;8.884896002335122;2022-02-25T16:00:00Z
0.0;0.0;0.0;7.5377777777777775;4.165429687500023;0.589139998;8.896912043305974;2022-02-25T17:00:00Z
0.0;0.0;0.0;0.0;3.963189697300038;0.5905644298;9.210810199107875;2022-02-25T18:00:00Z
0.0;0.0;0.0;0.0;3.5884643555000366;0.5930527449;8.727765501538649;2022-02-25T19:00:00Z
0.0;0.0;0.0;0.0;3.619836425800031;0.5930375457;8.174271197276552;2022-02-25T20:00:00Z
0.0;0.0;0.0;0.0;3.5316406250000227;0.5927236676;8.274421614705108;2022-02-25T21:00:00Z
0.0;0.0;0.0;0.0;4.01363525390002;0.5926603675;7.86719627330988;2022-02-25T22:00:00Z
0.0;0.0;0.0;0.0;4.21090087890002;0.5926914215;7.851271127512909;2022-02-25T23:00:00Z
27.53375;0.0;0.0;0.0;4.137353515600012;0.5927460194;8.268474421523514;2022-02-26T00:00:00Z
27.533616666666667;0.0;0.0;0.0;3.8621459961000255;0.5924468637;8.032588370801427;2022-02-26T01:00:00Z
31.50018333333333;0.0;0.0;0.0;3.7190795898000033;0.5920855999;7.692848362004579;2022-02-26T02:00:00Z
41.88335;0.0;0.0;0.0;3.903466796900034;0.5917868018;7.542965917444428;2022-02-26T03:00:00Z
41.88335;0.0;0.0;0.0;3.9930053711000255;0.5915023685;6.981323507708487;2022-02-26T04:00:00Z
40.25018333333334;0.0;0.0;0.0;3.705834960900006;0.5913450122;6.360037341419431;2022-02-26T05:00:00Z
22.667433333333328;0.0;0.0;0.0;3.3553405762000352;0.5913824439;6.495916942459674;2022-02-26T06:00:00Z
12.333333333333332;14.326222222222222;0.1199999999999999;31.857777777777777;3.116906738300031;0.5912891626;6.461009862541459;2022-02-26T07:00:00Z
35.0001;46.29022222222222;20.119;129.35111111111112;3.4995971680000366;0.5908152461;5.803393232542201;2022-02-26T08:00:00Z
66.00006666666667;22.31722222222222;5.119;249.44;4.345330810500002;0.5896835923;6.161646224052658;2022-02-26T09:00:00Z
70.0;0.0;0.0;271.04;5.028405761700014;0.5887711048;5.347991346881419;2022-02-26T10:00:00Z
65.66686666666665;0.0;0.0;214.63111111111112;5.44625244140002;0.5884333849;5.205519365090688;2022-02-26T11:00:00Z
221.6683333333333;0.0;0.0;247.60888888888888;6.090203857400013;0.5882308483;4.722445259764323;2022-02-26T12:00:00Z
58.00186666666666;0.0;0.0;226.34666666666666;6.372583007800017;0.5881678462;4.442326756869328;2022-02-26T13:00:00Z
69.16775;0.0;0.0;197.28;6.531640625000023;0.5880154967;4.335163643704307;2022-02-26T14:00:00Z
136.6676;0.0;0.0;145.06666666666666;6.5271850586000255;0.5877255201;3.864812421587595;2022-02-26T15:00:00Z
219.00086666666664;0.0;0.0;75.48444444444445;6.02144775390002;0.5876370072;3.362525809439622;2022-02-26T16:00:00Z
75.21779999999998;0.0;0.0;8.106666666666667;5.0907226562000005;0.5876211524;3.7875273900022552;2022-02-26T17:00:00Z
88.43375;0.0;0.0;0.0;3.299523925800031;0.5876243114;4.436804833065683;2022-02-26T18:00:00Z
90.88346666666665;0.0;0.0;0.0;2.116357421900034;0.5876595378;5.533361973561915;2022-02-26T19:00:00Z
87.00018333333331;0.0;0.0;0.0;1.3524108887000352;0.587731421;6.043652115619657;2022-02-26T20:00:00Z
94.00026666666666;0.0;0.0;0.0;0.35421142580003107;0.5878280997;5.986324520720808;2022-02-26T21:00:00Z
425.7178;0.0;0.0;0.0;-0.1393188476999967;0.5879322886;5.634672143836849;2022-02-26T22:00:00Z
322.1177;0.0;0.0;0.0;-0.8312133788999745;0.5880660415;4.9020997299680955;2022-02-26T23:00:00Z
31.033716666666663;0.0;0.0;0.0;-1.1006835937999995;0.5881885886;4.741386220410685;2022-02-27T00:00:00Z
35.0;0.0;0.0;0.0;-1.567663574199969;0.5883414745;4.337307390145594;2022-02-27T01:00:00Z
29.050033333333328;0.0;0.0;0.0;-1.9115966796999828;0.5884483457;4.1210147313024645;2022-02-27T02:00:00Z
30.21685;0.0;0.0;0.0;-2.1146606444999634;0.588563025;4.163437975702382;2022-02-27T03:00:00Z
36.63341666666666;0.0;0.0;0.0;-2.0206665038999745;0.5886759162;3.952066434128979;2022-02-27T04:00:00Z
32.31678333333333;0.0;0.0;0.0;-1.8064941405999662;0.588784039;3.9764184477002114;2022-02-27T05:00:00Z
64.81726666666667;0.0;0.0;0.0;-1.87601318359998;0.5888742208;4.008864472781122;2022-02-27T06:00:00Z
73.30023333333334;31.196111111111108;0.1199999999999999;40.46222222222222;-1.4087890624999773;0.5889413953;4.2942140513595985;2022-02-27T07:00:00Z
56.8339;32.084;0.1199999999999999;155.32444444444445;0.03688964840000608;0.5887657404;3.6080640917414204;2022-02-27T08:00:00Z
32.834050000000005;10.774666666666665;25.118;259.04;1.3305908203000172;0.5883406401;3.218058196456657;2022-02-27T09:00:00Z
65.6671;0.0;0.0;338.9688888888889;1.9930053711000255;0.5880096555;2.7087840716386324;2022-02-27T10:00:00Z
67.33416666666666;0.0;0.0;377.1911111111111;3.021386718800045;0.5876837969;2.3724732677072335;2022-02-27T11:00:00Z
133.0013;0.0;0.0;391.6088888888889;4.100793457000009;0.5874618292;2.2100111087911682;2022-02-27T12:00:00Z
119.66765;0.0;0.0;375.34222222222223;4.649804687500023;0.5873018503;2.0097167952579835;2022-02-27T13:00:00Z
65.00108333333334;0.0;0.0;294.75555555555553;4.976342773400006;0.5871936679;2.0667550319282375;2022-02-27T14:00:00Z
226.66766666666663;0.0;0.0;175.25333333333333;4.741387939500044;0.5871405602;2.151645518239518;2022-02-27T15:00:00Z
539.50185;0.0;0.0;84.37333333333333;4.561273193400041;0.5871111155;2.83989762904609;2022-02-27T16:00:00Z
196.719;0.0;0.0;10.133333333333333;3.226098632800017;0.5871132612;3.739464471948982;2022-02-27T17:00:00Z
82.0505;0.0;0.0;0.0;2.0342346191000047;0.587125361;3.978813414547975;2022-02-27T18:00:00Z
80.55034999999998;0.0;0.0;0.0;1.0860229492000144;0.5871408582;4.073948762011454;2022-02-27T19:00:00Z
83.7667;0.0;0.0;0.0;0.2962280273000033;0.5871685147;4.12083093904765;2022-02-27T20:00:00Z
44.2345;0.0;0.0;0.0;-0.24924316409999392;0.5871838331;3.7868638082795036;2022-02-27T21:00:00Z
16.186116666666667;0.0;0.0;0.0;-0.6175903319999634;0.5872170329;4.328362981527016;2022-02-27T22:00:00Z
24.485333333333333;0.0;0.0;0.0;-0.4418090819999634;0.5872699022;4.038996780668629;2022-02-27T23:00:00Z
26.716766666666665;0.0;0.0;0.0;-0.7691406249999773;0.5873191357;3.6443154952519827;2022-02-28T00:00:00Z
38.616716666666655;0.0;0.0;0.0;-0.7789672851999967;0.5873483419;3.369738371713589;2022-02-28T01:00:00Z
35.233333333333334;0.0;0.0;0.0;-0.6337036132999856;0.5873833299;3.0796951517080378;2022-02-28T02:00:00Z
34.3001;0.0;0.0;0.0;-0.8525146483999606;0.5874047875;3.0253884031832166;2022-02-28T03:00:00Z
34.5334;0.0;0.0;0.0;-1.4749206542999787;0.5874608755;2.7308853567832;2022-02-28T04:00:00Z
34.7667;0.0;0.0;0.0;-1.4653076171999828;0.5875131488;2.2277213143400676;2022-02-28T05:00:00Z
25.78343333333333;0.0;0.0;0.0;-1.6721862792999787;0.5874713063;2.0508819728585017;2022-02-28T06:00:00Z
0.8178166666666666;22.31722222222222;0.1199999999999999;25.6;-1.4911254882999856;0.5874675512;2.3155887534490196;2022-02-28T07:00:00Z
38.16721666666666;13.438333333333333;0.1199999999999999;102.43555555555555;-0.7393554687999995;0.5874039531;1.79595127394857;2022-02-28T08:00:00Z
23.000866666666667;39.187111111111115;25.118;192.65777777777777;0.13494262700004356;0.5872774124;2.038091953107853;2022-02-28T09:00:00Z
41.000483333333335;0.0;0.0;376.6044444444444;0.6222778320000089;0.5871802568;2.627624458422262;2022-02-28T10:00:00Z
70.00005;0.0;0.0;451.68;2.2224975586000255;0.5870721936;2.9274655598980144;2022-02-28T11:00:00Z
70.001;0.0;0.0;471.6088888888889;3.7699218750000227;0.5870090127;3.198813360408843;2022-02-28T12:00:00Z
336.6674;0.0;0.0;432.03555555555556;4.760461425800031;0.5869801641;2.9015381885663216;2022-02-28T13:00:00Z
44.00143333333333;0.0;0.0;359.9288888888889;5.30953369140002;0.5869662166;2.9460462283166073;2022-02-28T14:00:00Z
54.001266666666666;0.0;0.0;247.30666666666667;5.485498046900034;0.5869598985;3.4297422972092693;2022-02-28T15:00:00Z
68.83445;0.0;0.0;117.70666666666666;4.931359863300031;0.5869581699;4.374277510655296;2022-02-28T16:00:00Z
73.35133333333333;0.0;0.0;15.36;3.0326171875000227;0.586963892;5.803981848885631;2022-02-28T17:00:00Z
79.90058333333334;0.0;0.0;0.0;1.7500244141000394;0.5869656801;6.656887217329133;2022-02-28T18:00:00Z
87.03343333333333;0.0;0.0;0.0;0.7514892578000172;0.5869647861;6.719402913941621;2022-02-28T19:00:00Z
89.13353333333333;0.0;0.0;0.0;-0.049291992199982815;0.5869662762;6.862526617590873;2022-02-28T20:00:00Z
57.48451666666666;0.0;0.0;0.0;-0.5193847655999662;0.5869702101;7.0339690007559765;2022-02-28T21:00:00Z
17.319683333333334;0.0;0.0;0.0;-0.9023193358999606;0.5869717002;7.494102747431836;2022-02-28T22:00:00Z
764.0850166666665;0.0;0.0;0.0;-1.2372802733999606;0.5869691968;7.291538821798707;2022-02-28T23:00:00Z
30.217133333333337;0.0;0.0;0.0;-1.5688537597999925;0.5869641304;6.967725709518639;2022-03-01T00:00:00Z
38.96671666666667;0.0;0.0;0.0;-2.2069458007999856;0.5869596601;6.607766934834063;2022-03-01T01:00:00Z
34.0668;0.0;0.0;0.0;-2.4105590819999634;0.5869563818;6.215813577579113;2022-03-01T02:00:00Z
34.5334;0.0;0.0;0.0;-2.6826232909999703;0.5869568586;6.1980346900692105;2022-03-01T03:00:00Z
37.566766666666666;0.0;0.0;0.0;-3.011206054699983;0.5869585872;6.550321210314678;2022-03-01T04:00:00Z
64.11718333333333;0.0;0.0;0.0;-3.1178344726999967;0.586959362;6.870220580281785;2022-03-01T05:00:00Z
90.21688333333334;0.0;0.0;0.035555555555555556;-3.296423339799958;0.5869580507;6.804752200168768;2022-03-01T06:00:00Z
66.26701666666665;21.42933333333333;20.119;49.45777777777778;-2.205358886699969;0.5869541168;6.365099899394045;2022-03-01T07:00:00Z
57.50025;32.97188888888889;5.119;177.86666666666667;-0.08719482419996893;0.5869581103;5.347466003092468;2022-03-01T08:00:00Z
6.668;22.31722222222222;0.1199999999999999;309.5288888888889;1.8806091309000408;0.5869581699;4.552751120595213;2022-03-01T09:00:00Z
10.001083333333332;0.0;0.0;414.4;3.4950195312000005;0.5869538188;3.9379683222869724;2022-03-01T10:00:00Z
19.001183333333334;0.0;0.0;478.50666666666666;4.769128418000037;0.5869526267;3.7776112907950554;2022-03-01T11:00:00Z
45.66835;0.0;0.0;494.4711111111111;5.7137695312000005;0.5869529843;3.9171183947234396;2022-03-01T12:00:00Z
32.00163333333333;0.0;0.0;460.14222222222224;6.530725097700042;0.5869511366;3.7322436207835024;2022-03-01T13:00:00Z
91.3345;0.0;0.0;379.5733333333333;6.759362793000037;0.5869504213;3.3296738551331533;2022-03-01T14:00:00Z
680.1678499999999;0.0;0.0;262.5777777777778;6.671990966800024;0.5869623423;3.34467943991072;2022-03-01T15:00:00Z
58.168016666666674;0.0;0.0;127.68;5.505487060500002;0.5869498849;4.326271325479172;2022-03-01T16:00:00Z
31.45118333333333;0.0;0.0;17.564444444444444;2.535852050800031;0.5869553089;4.78676345789939;2022-03-01T17:00:00Z
29.6179;0.0;0.0;0.0;0.6729370117000144;0.5869665146;4.835691415153686;2022-03-01T18:00:00Z
76.18383333333334;0.0;0.0;0.0;-0.19757690429997865;0.5869668126;5.243031810881422;2022-03-01T19:00:00Z
88.63344999999998;0.0;0.0;0.0;-0.7470458983999606;0.586972177;4.7955924709117035;2022-03-01T20:00:00Z
89.60044999999998;0.0;0.0;0.0;-0.9812988280999662;0.5869778991;4.62171721737758;2022-03-01T21:00:00Z
427.43475;0.0;0.0;0.0;-1.1357177733999606;0.5869792104;5.131506508229281;2022-03-01T22:00:00Z
63.051750000000006;0.0;0.0;0.0;-1.8680175780999662;0.5869877934;4.5496742893042565;2022-03-01T23:00:00Z
19.7168;0.0;0.0;0.0;-2.664587402299958;0.5870024562;4.068837970646039;2022-03-02T00:00:00Z
34.76675;0.0;0.0;0.0;-3.1156372069999634;0.5870215893;3.4250302171999745;2022-03-02T01:00:00Z
36.40006666666667;0.0;0.0;0.0;-3.407751464799958;0.5870316625;3.0755526680814786;2022-03-02T02:00:00Z
37.68358333333333;0.0;0.0;0.0;-3.0898193358999606;0.5870351791;2.8988523052512476;2022-03-02T03:00:00Z
28.58333333333333;0.0;0.0;0.0;-2.6713012694999634;0.5870469809;3.135287285758311;2022-03-02T04:00:00Z
30.216833333333334;0.0;0.0;0.0;-2.6103271483999606;0.5870609283;3.168975223551348;2022-03-02T05:00:00Z
35.9673;0.0;0.0;0.10666666666666666;-2.7984374999999773;0.5870625973;3.742937653809611;2022-03-02T06:00:00Z
79.5335;20.54144444444444;25.118;39.25333333333333;-2.131323242199983;0.5870729089;4.032538567214671;2022-03-02T07:00:00Z
15.167983333333332;41.85077777777778;0.1199999999999999;132.58666666666667;-0.7669433593999884;0.5870777965;2.639158983728414;2022-03-02T08:00:00Z
23.167933333333327;18.765666666666664;0.1199999999999999;212.14222222222222;0.5740600586000255;0.5870854259;1.5583836936689832;2022-03-02T09:00:00Z
24.50105;0.0;0.0;325.6711111111111;3.2532592773000033;0.5870586038;1.510390082337724;2022-03-02T10:00:00Z
76.66718333333334;0.0;0.0;432.65777777777777;5.078149414100039;0.587046206;1.2610134635055348;2022-03-02T11:00:00Z
70.001;0.0;0.0;449.40444444444444;6.111535644500009;0.5870043039;1.4724227591166141;2022-03-02T12:00:00Z
70.001;0.0;0.0;437.5466666666667;6.813867187500023;0.5869970918;1.4917325832924326;2022-03-02T13:00:00Z
70.001;0.0;0.0;372.99555555555554;7.192895507800017;0.587017417;1.319564005148376;2022-03-02T14:00:00Z
62.50175;0.0;0.0;260.1066666666667;7.165551757800017;0.5870482326;1.2218248836973773;2022-03-02T15:00:00Z
730.1676499999999;0.0;0.0;126.93333333333334;7.269006347700042;0.5870227814;1.3577005523257764;2022-03-02T16:00:00Z
86.16883333333334;0.0;0.0;19.235555555555557;5.364587402300003;0.587020576;1.5066853341459743;2022-03-02T17:00:00Z
82.13361666666665;0.0;0.0;0.0;3.051293945300017;0.587050736;1.0892428229143978;2022-03-02T18:00:00Z
84.93333333333332;0.0;0.0;0.0;1.54781494140002;0.5869935155;1.071557920227063;2022-03-02T19:00:00Z
86.48421666666665;0.0;0.0;0.0;0.4599548340000297;0.587025702;0.5428570482259679;2022-03-02T20:00:00Z
95.16706666666668;0.0;0.0;0.0;-0.01456298829998559;0.5871368647;0.40098065947518563;2022-03-02T21:00:00Z
83.65141666666666;0.0;0.0;0.0;-0.5955566405999662;0.5874713063;0.5080299957161826;2022-03-02T22:00:00Z
14.885066666666663;0.0;0.0;0.0;-1.3378051757999856;0.5870914459;1.2501327609673978;2022-03-02T23:00:00Z
29.050416666666663;0.0;0.0;0.0;-1.7977050780999662;0.5870293379;2.1748129898348667;2022-03-03T00:00:00Z
34.76681666666667;0.0;0.0;0.0;-3.0848754882999856;0.5869978666;3.4722415414922314;2022-03-03T01:00:00Z
33.250299999999996;0.0;0.0;0.0;-3.3600830077999717;0.5870106816;3.7287566666301597;2022-03-03T02:00:00Z
33.6002;0.0;0.0;0.0;-3.290502929699983;0.5870240927;4.224796520956422;2022-03-03T03:00:00Z
30.33343333333333;0.0;0.0;0.0;-3.3173889159999703;0.5870499015;4.118439316423002;2022-03-03T04:00:00Z
30.333916666666667;0.0;0.0;0.0;-3.616644287099973;0.5870778561;4.700160657548785;2022-03-03T05:00:00Z
29.16788333333333;0.0;0.0;0.3022222222222222;-3.272924804699983;0.5871221423;4.7790195031606535;2022-03-03T06:00:00Z
45.700733333333325;30.308222222222216;20.119;47.87555555555556;-2.21488037109998;0.5871419311;4.43010095222661;2022-03-03T07:00:00Z
4.16805;16.101999999999997;5.119;139.39555555555555;-1.0130371093999884;0.5871118307;3.980218560904902;2022-03-03T08:00:00Z
24.1675;34.74766666666667;0.1199999999999999;213.8311111111111;-0.47373046879999947;0.587082088;3.7885287811117707;2022-03-03T09:00:00Z
68.0002;0.0;0.0;228.39111111111112;0.29287109380004495;0.5870738626;3.8809496851744276;2022-03-03T10:00:00Z
69.50046666666667;0.0;0.0;262.7733333333333;1.0324951172000283;0.5870501399;3.495194983949216;2022-03-03T11:00:00Z
31.00165;0.0;0.0;218.11555555555555;1.4024597168000241;0.5870280862;3.737663563919019;2022-03-03T12:00:00Z
46.0014;0.0;0.0;273.5111111111111;2.3153320312000005;0.5870163441;3.901919498646132;2022-03-03T13:00:00Z
65.50145;0.0;0.0;236.14222222222222;3.1520019531000116;0.5870223641;4.225419832569349;2022-03-03T14:00:00Z
70.001;0.0;0.0;138.4;3.4813476562000005;0.5870401859;3.7738110561615046;2022-03-03T15:00:00Z
536.0006;0.0;0.0;69.56444444444445;3.17965087890002;0.5870676637;3.2609330508270213;2022-03-03T16:00:00Z
320.00075000000004;0.0;0.0;12.195555555555556;2.0655151367000144;0.5870507956;3.504376301387683;2022-03-03T17:00:00Z
91.83401666666668;0.0;0.0;0.0;1.0030761719000338;0.5870578289;4.2374343471309;2022-03-03T18:00:00Z
89.3335;0.0;0.0;0.0;0.6218811035000158;0.5870895982;4.837136135951643;2022-03-03T19:00:00Z
91.83395;0.0;0.0;0.0;0.11092529300003662;0.5871360898;5.212059210976217;2022-03-03T20:00:00Z
88.06735;0.0;0.0;0.0;-0.5276245116999689;0.5872161388;5.235806072608245;2022-03-03T21:00:00Z
57.0018;0.0;0.0;0.0;-0.7970947265999939;0.5872131586;5.213976819243848;2022-03-03T22:00:00Z
227.05181666666664;0.0;0.0;0.0;-0.5450805663999745;0.5872691274;4.507531689776018;2022-03-03T23:00:00Z
0.0;0.0;0.0;0.0;-0.2619079589999842;0.5872781277;4.167582071870063;2022-03-04T00:00:00Z
0.0;0.0;0.0;0.0;-0.15262451169996893;0.5873026848;3.8683721318408804;2022-03-04T01:00:00Z
0.0;0.0;0.0;0.0;-0.007055664099993919;0.5873031616;4.161019497398671;2022-03-04T02:00:00Z
0.0;0.0;0.0;0.0;-0.14929809569997587;0.587315619;3.5300996468372605;2022-03-04T03:00:00Z
0.0;0.0;0.0;0.0;-0.2992919921999828;0.5873307586;3.4587551517565642;2022-03-04T04:00:00Z
0.0;0.0;0.0;0.0;-0.3459533690999592;0.5873550177;3.701759897111675;2022-03-04T05:00:00Z
0.0;0.0;0.0;0.3022222222222222;-0.26517333979995783;0.5873682499;4.156879131191412;2022-03-04T06:00:00Z
0.0;62.27222222222222;0.1199999999999999;30.57777777777778;0.233697509800038;0.5873699784;4.616821463611736;2022-03-04T07:00:00Z
0.0;19.65355555555556;20.119;114.4888888888889;0.9951416016000394;0.5873661041;4.650653941547614;2022-03-04T08:00:00Z
0.0;0.1199999999999999;5.119;147.6977777777778;1.4409118652000075;0.587351501;5.235259317455769;2022-03-04T09:00:00Z
0.0;0.0;0.0;182.48888888888888;2.2450195312000005;0.5872144699;4.666759078176623;2022-03-04T10:00:00Z
0.0;0.0;0.0;203.41333333333333;2.7938476562000005;0.5871455073;4.101399215970709;2022-03-04T11:00:00Z
0.0;0.0;0.0;194.72;2.9178100586000255;0.587105453;3.779509609654643;2022-03-04T12:00:00Z
0.0;0.0;0.0;206.98666666666668;3.2276245117000144;0.5871008039;3.3095118851475562;2022-03-04T13:00:00Z
0.0;0.0;0.0;129.26222222222222;3.362512207000009;0.5871136189;3.174441139576039;2022-03-04T14:00:00Z
0.0;0.0;0.0;97.10222222222222;3.415155029300024;0.5872555971;2.8079704734351734;2022-03-04T15:00:00Z
0.0;0.0;0.0;41.83111111111111;3.1759582520000436;0.5872936249;2.7716186916358327;2022-03-04T16:00:00Z
0.0;0.0;0.0;11.075555555555555;2.5230957031000116;0.5872838497;2.9850621268700963;2022-03-04T17:00:00Z
0.0;0.0;0.0;0.0;1.597222900400027;0.5872819424;3.5172198323740393;2022-03-04T18:00:00Z
0.0;0.0;0.0;0.0;1.1740356445000089;0.587274909;3.6642197827486656;2022-03-04T19:00:00Z
0.0;0.0;0.0;0.0;0.2868591309000408;0.5872735381;3.316332642858517;2022-03-04T20:00:00Z
0.0;0.0;0.0;0.0;0.2168212891000394;0.58727175;3.0480102669542366;2022-03-04T21:00:00Z
0.0;0.0;0.0;0.0;-0.7942260741999689;0.5872798562;2.244248971146143;2022-03-04T22:00:00Z
0.0;0.0;0.0;0.0;-0.7056640624999773;0.5872657299;2.8088716434944296;2022-03-04T23:00:00Z
26.600166666666663;0.0;0.0;0.0;-1.5086120604999564;0.5872637033;3.819104288547368;2022-03-05T00:00:00Z
31.266766666666665;0.0;0.0;0.0;-2.0128234862999648;0.5872758031;4.374827795856725;2022-03-05T01:00:00Z
33.83351666666667;0.0;0.0;0.0;-2.2181762694999634;0.5872753263;4.563481780155932;2022-03-05T02:00:00Z
28.3502;0.0;0.0;0.0;-2.363134765599966;0.587274611;4.79648339300306;2022-03-05T03:00:00Z
30.683333333333334;0.0;0.0;0.0;-2.4396118163999745;0.5872744322;4.753581779542136;2022-03-05T04:00:00Z
27.88405;0.0;0.0;0.0;-2.676062011699969;0.5872969627;4.701735896643757;2022-03-05T05:00:00Z
49.36751666666667;0.0;0.0;0.6933333333333334;-3.0433105468999884;0.5873219371;4.59473963828029;2022-03-05T06:00:00Z
64.55006666666667;45.40233333333333;20.119;39.57333333333333;-2.167852783199976;0.5873222351;4.099703190830195;2022-03-05T07:00:00Z
67.66675;0.1199999999999999;5.119;107.23555555555555;-0.17392578119995505;0.5872808099;2.956469616986726;2022-03-05T08:00:00Z
70.0;30.308222222222216;0.1199999999999999;235.4488888888889;1.5976806641000394;0.5872465968;2.3491484939601945;2022-03-05T09:00:00Z
51.167133333333325;0.0;0.0;273.68888888888887;2.7215209961000255;0.5871816874;2.1061542877946895;2022-03-05T10:00:00Z
7.668466666666667;0.0;0.0;348.2311111111111;3.8412414551000325;0.5871405602;1.6439536405517055;2022-03-05T11:00:00Z
9.835349999999998;0.0;0.0;339.1822222222222;4.346002197300038;0.5870766044;1.735629005457066;2022-03-05T12:00:00Z
570.33435;0.0;0.0;260.4088888888889;4.224328613300031;0.5870274305;2.4736089954023517;2022-03-05T13:00:00Z
283.50085;0.0;0.0;157.6;3.9375549316000047;0.58700037;3.152932742041262;2022-03-05T14:00:00Z
39.66843333333333;0.0;0.0;127.07555555555555;3.7867980957000213;0.5869928002;3.8959939914245525;2022-03-05T15:00:00Z
31.00165;0.0;0.0;86.36444444444444;3.2242675781000116;0.5869863033;4.510074251760611;2022-03-05T16:00:00Z
70.53435;0.0;0.0;12.72888888888889;2.347467041000016;0.5869842768;5.175616641060227;2022-03-05T17:00:00Z
85.73354999999998;0.0;0.0;0.0;1.4005981445000089;0.5869836807;5.603023575421333;2022-03-05T18:00:00Z
51.76735;0.0;0.0;0.0;0.6090026855000019;0.5869827867;5.186055619155105;2022-03-05T19:00:00Z
56.95085;0.0;0.0;0.0;-0.5666564940999592;0.5869857073;4.478621802094782;2022-03-05T20:00:00Z
89.35043333333331;0.0;0.0;0.0;-0.802832031199955;0.5869909525;3.787358270533401;2022-03-05T21:00:00Z
48.9351;0.0;0.0;0.0;-1.4091247558999953;0.5870059729;2.8160854738322607;2022-03-05T22:00:00Z
139.3184;0.0;0.0;0.0;-0.9321350097999925;0.5869945884;2.8700292414371926;2022-03-05T23:00:00Z
22.166766666666668;0.0;0.0;0.0;-1.3085083007999856;0.5869925618;3.2108525463327195;2022-03-06T00:00:00Z
40.48338333333333;0.0;0.0;0.0;-0.6444152831999759;0.5869937539;3.237935150746083;2022-03-06T01:00:00Z
41.41675;0.0;0.0;0.0;-0.665655517599987;0.5869874358;3.7167103159851638;2022-03-06T02:00:00Z
42.0;0.0;0.0;0.0;-0.36282958979995783;0.5869918466;3.6820753726565587;2022-03-06T03:00:00Z
38.38338333333333;0.0;0.0;0.0;-0.43167724609998004;0.5869965553;3.5724908226481626;2022-03-06T04:00:00Z
36.28346666666666;0.0;0.0;0.0;-0.79300537109998;0.5869944692;3.531754069927197;2022-03-06T05:00:00Z
17.13385;0.0;0.0;0.8533333333333333;-0.7627929687999995;0.5870028734;3.4526679527967064;2022-03-06T06:00:00Z
17.000883333333334;11.662555555555555;0.1199999999999999;47.60888888888889;-0.4260009765999939;0.5870167613;3.297008347975278;2022-03-06T07:00:00Z
67.00005;37.41133333333333;25.118;121.40444444444445;-0.12119140619995505;0.5870096684;2.357560634967462;2022-03-06T08:00:00Z
70.0;30.308222222222216;0.1199999999999999;214.89777777777778;0.17272338870003523;0.5869898796;2.4948163966363186;2022-03-06T09:00:00Z
48.00036666666666;0.0;0.0;264.64;0.8966918945000089;0.5870046616;3.00023390687656;2022-03-06T10:00:00Z
38.00053333333334;0.0;0.0;175.96444444444444;0.94625244140002;0.5870000124;3.0886793944813355;2022-03-06T11:00:00Z
46.0012;0.0;0.0;188.01777777777778;1.209680175800031;0.586995244;3.2978627045833675;2022-03-06T12:00:00Z
70.001;0.0;0.0;134.4711111111111;1.2405029297000283;0.5869961977;4.106750124248322;2022-03-06T13:00:00Z
62.6684;0.0;0.0;128.5511111111111;1.414666748000002;0.5869954228;4.1545605578311475;2022-03-06T14:00:00Z
226.6685;0.0;0.0;91.14666666666666;1.5382934570000089;0.5869950652;3.9294883119109802;2022-03-06T15:00:00Z
174.33445;0.0;0.0;50.54222222222222;1.3814941406000116;0.5870117545;3.9653169042594714;2022-03-06T16:00:00Z
73.03396666666667;0.0;0.0;13.511111111111111;0.7034545898000033;0.5870479345;3.0171873280164556;2022-03-06T17:00:00Z
71.53398333333334;0.0;0.0;0.0;0.6523681641000394;0.587041378;2.9128947213918033;2022-03-06T18:00:00Z
32.13515;0.0;0.0;0.0;-0.3022216796999828;0.587041676;3.2427552112259153;2022-03-06T19:00:00Z
60.001466666666666;0.0;0.0;0.0;-0.9723266601999967;0.5870574117;3.560742702171223;2022-03-06T20:00:00Z
84.00106666666667;0.0;0.0;0.0;-1.046575927699962;0.5870885849;3.6175964992072416;2022-03-06T21:00:00Z
145.66881666666663;0.0;0.0;0.0;-1.2487548827999717;0.586992383;3.058314232905946;2022-03-06T22:00:00Z
628.6847333333334;0.0;0.0;0.0;-1.0338500976999967;0.5869913101;3.2270266638692795;2022-03-06T23:00:00Z
20.650166666666667;0.0;0.0;0.0;-1.4140380858999606;0.5869937539;3.321826369739959;2022-03-07T00:00:00Z
30.800083333333333;0.0;0.0;0.0;-1.4682373046999828;0.5869928598;3.3921433734456587;2022-03-07T01:00:00Z
33.366833333333325;0.0;0.0;0.0;-1.87015380859998;0.5869893432;4.025371611684865;2022-03-07T02:00:00Z
33.48336666666667;0.0;0.0;0.0;-1.7974609374999773;0.5869948864;4.939524417613416;2022-03-07T03:00:00Z
27.0668;0.0;0.0;0.0;-1.6891845702999717;0.587014854;5.540848687582366;2022-03-07T04:00:00Z
31.266966666666665;0.0;0.0;0.0;-1.4510559081999759;0.5870524049;6.195081043207451;2022-03-07T05:00:00Z
25.317;0.0;0.0;1.5822222222222222;-1.4524902343999884;0.5871226788;6.195904877260051;2022-03-07T06:00:00Z
65.50018333333334;24.980888888888888;5.119;66.73777777777778;-0.7808593749999773;0.5871306658;5.931319030362155;2022-03-07T07:00:00Z
69.83335;27.644555555555556;0.1199999999999999;200.0888888888889;0.8688903809000408;0.5871118307;4.619420855021391;2022-03-07T08:00:00Z
68.0002;27.644555555555556;20.119;328.58666666666664;2.7920776367000144;0.5870762467;4.395061430450486;2022-03-07T09:00:00Z
66.16705;0.0;0.0;439.2711111111111;4.635766601600039;0.5870022774;3.7267312888108806;2022-03-07T10:00:00Z
69.16675000000001;0.0;0.0;504.97777777777776;6.183129882800017;0.5869763494;3.757058608838324;2022-03-07T11:00:00Z
68.16745;0.0;0.0;520.3733333333333;7.247949218800045;0.5869708061;4.328909362862689;2022-03-07T12:00:00Z
934.50035;0.0;0.0;492.26666666666665;8.008966064500044;0.5869708657;4.775871766119973;2022-03-07T13:00:00Z
131.33461666666668;0.0;0.0;400.58666666666664;8.304223632800017;0.5869691372;5.0617879606236915;2022-03-07T14:00:00Z
18.502066666666668;0.0;0.0;269.47555555555556;8.231042480500037;0.5869545341;5.000330322324468;2022-03-07T15:00:00Z
67.83455;0.0;0.0;150.63111111111112;7.357324218800045;0.5869516134;5.327624085439331;2022-03-07T16:00:00Z
73.26791666666665;0.0;0.0;28.72888888888889;4.929284668000037;0.5869585872;6.164522347097627;2022-03-07T17:00:00Z
45.31831666666666;0.0;0.0;0.0;3.3398986816000047;0.5869811177;6.288412727062391;2022-03-07T18:00:00Z
59.983916666666666;0.0;0.0;0.0;2.2310424805000366;0.5870300531;6.24628519495207;2022-03-07T19:00:00Z
29.50115;0.0;0.0;0.0;1.4948059082000213;0.587097764;6.365399384449392;2022-03-07T20:00:00Z
33.51798333333333;0.0;0.0;0.0;0.5032592773000033;0.5871757269;6.004266989089544;2022-03-07T21:00:00Z
71.96833333333333;0.0;0.0;0.0;-0.6193908690999592;0.5870967507;5.937323237663502;2022-03-07T22:00:00Z
127.68501666666668;0.0;0.0;0.0;-1.9684204101999967;0.5871297717;5.025172754799904;2022-03-07T23:00:00Z
19.9504;0.0;0.0;0.0;-1.8117126464999842;0.5871663094;3.8221657994650804;2022-03-08T00:00:00Z
36.16678333333333;0.0;0.0;0.0;-1.5226501464999842;0.5871853828;2.9066544381176604;2022-03-08T01:00:00Z
34.53346666666667;0.0;0.0;0.0;-2.3925231933999953;0.5871940851;2.7026655424336;2022-03-08T02:00:00Z
31.1501;0.0;0.0;0.0;-2.746618652299958;0.5872252584;2.5334225290414865;2022-03-08T03:00:00Z
33.950116666666666;0.0;0.0;0.0;-2.9476684569999634;0.5872969031;1.8484279128390884;2022-03-08T04:00:00Z
34.53381666666667;0.0;0.0;0.0;-3.0941528319999634;0.5872891545;1.4335606731756736;2022-03-08T05:00:00Z
21.117183333333333;0.0;0.0;2.7733333333333334;-3.451452636699969;0.5873037577;1.4504022984209997;2022-03-08T06:00:00Z
19.868283333333327;33.85977777777778;20.119;76.56888888888889;-1.6962646483999606;0.5875236392;1.1532516991705324;2022-03-08T07:00:00Z
60.001;16.98988888888889;5.119;210.56;1.572045898400006;0.5876441598;0.5797085507968507;2022-03-08T08:00:00Z
67.6669;29.42033333333333;0.1199999999999999;342.8977777777778;4.1726928711000255;0.587430954;0.3535232253815327;2022-03-08T09:00:00Z
70.0;0.0;0.0;441.72444444444443;5.98140869140002;0.5872904062;0.4383126554865666;2022-03-08T10:00:00Z
70.0;0.0;0.0;505.56444444444446;7.386743164100039;0.5872843862;0.047875286579644356;2022-03-08T11:00:00Z
31.001283333333333;0.0;0.0;519.84;8.361901855500037;0.5870665908;0.7568941170899921;2022-03-08T12:00:00Z
360.00165;0.0;0.0;484.8888888888889;9.041101074200014;0.587059021;0.922779856524672;2022-03-08T13:00:00Z
260.3348166666667;0.0;0.0;404.32;9.393029785200042;0.5871050358;0.8003367605213022;2022-03-08T14:00:00Z
170.0009;0.0;0.0;287.1822222222222;9.592309570300017;0.5872030258;0.5447312607998953;2022-03-08T15:00:00Z
396.0014;0.0;0.0;151.5377777777778;9.834619140600012;0.5871483088;0.554176821667366;2022-03-08T16:00:00Z
62.00135;0.0;0.0;32.24888888888889;8.385095214800003;0.5870271921;0.7778574552793291;2022-03-08T17:00:00Z
75.75101666666667;0.0;0.0;0.0;4.871484375000023;0.5870053172;1.0431208031818107;2022-03-08T18:00:00Z
79.26698333333334;0.0;0.0;0.0;3.0094238281000116;0.5870112777;1.2075361300584755;2022-03-08T19:00:00Z
39.05076666666666;0.0;0.0;0.0;2.0770507812000005;0.5870785713;0.8120399341153314;2022-03-08T20:00:00Z
83.15063333333333;0.0;0.0;0.0;1.6552673340000297;0.5872117281;0.22965394769268058;2022-03-08T21:00:00Z
49.885866666666665;0.0;0.0;0.0;1.9598632812000005;0.5871443152;1.2128967896808442;2022-03-08T22:00:00Z
38.269233333333325;0.0;0.0;0.0;1.0879150391000394;0.5870552063;2.009993371383438;2022-03-08T23:00:00Z
22.6338;0.0;0.0;0.0;0.05611572270004217;0.5870360732;2.6413673135935367;2022-03-09T00:00:00Z
25.08375;0.0;0.0;0.0;0.0864807129000269;0.5870558619;2.7572471816597726;2022-03-09T01:00:00Z
25.4337;0.0;0.0;0.0;-1.6243652343999884;0.5870864987;2.6877823853541156;2022-03-09T02:00:00Z
38.38358333333333;0.0;0.0;0.0;-2.6532653808999953;0.5870830417;2.7511845272472457;2022-03-09T03:00:00Z
46.316733333333325;0.0;0.0;0.0;-3.0139831542999787;0.5870810151;2.996820338950507;2022-03-09T04:00:00Z
43.16731666666666;0.0;0.0;0.0;-3.5489562987999648;0.5870938301;3.2971863195803053;2022-03-09T05:00:00Z
27.502166666666664;0.0;0.0;3.68;-3.4957031249999773;0.5871174932;3.3977300327415194;2022-03-09T06:00:00Z
73.06686666666667;1.0078888888888888;5.119;83.04;-0.39609374999997726;0.5872222185;2.8822311329921364;2022-03-09T07:00:00Z
65.3338;75.59055555555555;20.119;219.55555555555554;2.7914062500000227;0.5872622132;2.097137052464898;2022-03-09T08:00:00Z
54.5003;2.7836666666666665;0.1199999999999999;352.2133333333333;5.94136962890002;0.5872524381;0.8510269642977448;2022-03-09T09:00:00Z
9.3344;0.0;0.0;456.3911111111111;7.883142089800003;0.5871866941;0.7404551253717809;2022-03-09T10:00:00Z
10.0014;0.0;0.0;518.9688888888888;9.173211669900013;0.5870765448;1.1240193628740458;2022-03-09T11:00:00Z
30.00166666666667;0.0;0.0;533.3688888888889;10.038232421900034;0.5869988203;1.7543276194783657;2022-03-09T12:00:00Z
199.83455;0.0;0.0;498.27555555555557;10.573846435500002;0.5869752169;2.0927447678787554;2022-03-09T13:00:00Z
66.50135;0.0;0.0;417.2088888888889;10.836267089800003;0.5869659781;2.4279151846884286;2022-03-09T14:00:00Z
66.668;0.0;0.0;299.12888888888887;10.703210449200014;0.5869677663;3.0213557002484626;2022-03-09T15:00:00Z
70.001;0.0;0.0;160.51555555555555;9.615014648400006;0.5869523883;3.9420919401456596;2022-03-09T16:00:00Z
73.3515;0.0;0.0;36.10666666666667;6.147607421900034;0.5869816542;4.9316914835244985;2022-03-09T17:00:00Z
89.50015;0.0;0.0;0.0;4.641931152300003;0.5870323777;6.019657586476324;2022-03-09T18:00:00Z
67.1009;0.0;0.0;0.0;3.490930175800031;0.5870851278;6.452016978077194;2022-03-09T19:00:00Z
24.73498333333333;0.0;0.0;0.0;2.179071044900013;0.587153852;6.126040744654743;2022-03-09T20:00:00Z
25.86803333333333;0.0;0.0;0.0;0.6675048828000172;0.5872428417;5.776668320283236;2022-03-09T21:00:00Z
809.9349666666667;0.0;0.0;0.0;0.6272216797000283;0.587191999;5.820077467866169;2022-03-09T22:00:00Z
47.801616666666675;0.0;0.0;0.0;-0.23154296879999947;0.5872712731;5.600258210059416;2022-03-09T23:00:00Z
33.71705;0.0;0.0;0.0;-0.7017272948999675;0.5873476863;5.3772747349069405;2022-03-10T00:00:00Z
38.500183333333325;0.0;0.0;0.0;-0.8353637694999634;0.5874302983;5.384097896723682;2022-03-10T01:00:00Z
32.20041666666667;0.0;0.0;0.0;-1.1395935058999953;0.5875100493;5.601993646094932;2022-03-10T02:00:00Z
30.800366666666665;0.0;0.0;0.0;-1.3307861327999717;0.5875924826;5.631034466366476;2022-03-10T03:00:00Z
37.10018333333333;0.0;0.0;0.0;-1.6215881347999925;0.587678194;5.693446881256137;2022-03-10T04:00:00Z
29.983633333333326;0.0;0.0;0.0;-2.3046325683999953;0.587772727;5.847176985446181;2022-03-10T05:00:00Z
34.30101666666667;0.0;0.0;4.764444444444444;-2.0348876952999717;0.5878592134;6.172847661427272;2022-03-10T06:00:00Z
64.31700000000001;37.41133333333333;0.1199999999999999;87.92888888888889;-0.26865234379999947;0.5878120065;6.472338230664863;2022-03-10T07:00:00Z
10.001;33.85977777777778;25.118;217.72444444444446;2.412622070300017;0.5876606107;5.829697501877152;2022-03-10T08:00:00Z
10.001;14.326222222222222;0.1199999999999999;326.5422222222222;4.719750976600039;0.5874364376;5.925510637319456;2022-03-10T09:00:00Z
44.000433333333326;0.0;0.0;408.35555555555555;6.469812011700014;0.5872348547;5.530319642916508;2022-03-10T10:00:00Z
62.667766666666665;0.0;0.0;484.5511111111111;7.751855468800045;0.587102592;6.049476835141128;2022-03-10T11:00:00Z
64.3349;0.0;0.0;509.5466666666667;8.12404785160004;0.5870418549;6.179845940942425;2022-03-10T12:00:00Z
70.001;0.0;0.0;474.1688888888889;8.285546875000023;0.5870207548;6.342079766218199;2022-03-10T13:00:00Z
20.00183333333333;0.0;0.0;403.0755555555556;8.191125488300031;0.5870112777;6.600608398129532;2022-03-10T14:00:00Z
31.00165;0.0;0.0;299.2711111111111;7.736474609400034;0.5869883299;6.6825133076834655;2022-03-10T15:00:00Z
70.001;0.0;0.0;167.62666666666667;6.835351562500023;0.5869880915;7.54260215138867;2022-03-10T16:00:00Z
73.26778333333334;0.0;0.0;39.59111111111111;5.274682617200028;0.5869988203;8.754726971855202;2022-03-10T17:00:00Z
76.56798333333333;0.0;0.0;0.0;3.93453369140002;0.5870133042;9.476928407708645;2022-03-10T18:00:00Z
84.85079999999998;0.0;0.0;0.0;3.290734863300031;0.5870246887;9.829175575789577;2022-03-10T19:00:00Z
94.70035;0.0;0.0;0.0;2.5637451172000283;0.5870289803;9.939042948135219;2022-03-10T20:00:00Z
85.95096666666667;0.0;0.0;0.0;1.9279113770000436;0.5870304704;9.954207317999826;2022-03-10T21:00:00Z
486.7354333333333;0.0;0.0;0.0;1.2258544922000283;0.5870387554;10.349045766112297;2022-03-10T22:00:00Z
584.2842;0.0;0.0;0.0;0.6094604492000144;0.5870319605;10.025571589101178;2022-03-10T23:00:00Z
0.0;0.0;0.0;0.0;0.03865966800003662;0.5870302916;9.87334937802079;2022-03-11T00:00:00Z
0.0;0.0;0.0;0.0;-0.5906127929999911;0.5870236158;9.586375153823784;2022-03-11T01:00:00Z
0.0;0.0;0.0;0.0;-1.1630615233999606;0.5870188475;9.355488531836414;2022-03-11T02:00:00Z
0.0;0.0;0.0;0.0;-1.6577209472999925;0.5870179534;9.270060167436506;2022-03-11T03:00:00Z
0.0;0.0;0.0;0.0;-2.0057739257999856;0.5870147943;9.210200208481137;2022-03-11T04:00:00Z
0.0;0.0;0.0;0.0;-2.3351196288999745;0.5870164037;9.327014640545162;2022-03-11T05:00:00Z
0.0;0.0;0.0;6.24;-2.489691162099973;0.5870230198;9.534968441428195;2022-03-11T06:00:00Z
0.0;12.550444444444445;0.1199999999999999;98.89777777777778;-1.436743164099994;0.587014854;9.788173541702125;2022-03-11T07:00:00Z
0.0;35.635555555555555;5.119;243.89333333333335;0.0593811035000158;0.5870668292;9.34415435317049;2022-03-11T08:00:00Z
0.0;31.196111111111108;20.119;381.24444444444447;1.647180175800031;0.5870780349;9.352022748934404;2022-03-11T09:00:00Z
0.0;0.0;0.0;487.5022222222222;3.2938476562000005;0.5870584846;8.371684723117975;2022-03-11T10:00:00Z
0.0;0.0;0.0;550.1688888888889;4.822473144500009;0.5870659947;8.583940865872176;2022-03-11T11:00:00Z
0.0;0.0;0.0;563.0044444444444;6.157098388700035;0.587074995;8.972390200822055;2022-03-11T12:00:00Z
0.0;0.0;0.0;524.9244444444445;6.955346679700028;0.5870752931;9.170236401915568;2022-03-11T13:00:00Z
0.0;0.0;0.0;439.96444444444444;7.3641601562000005;0.5870739222;9.409385635455088;2022-03-11T14:00:00Z
0.0;0.0;0.0;317.58222222222224;7.346948242200028;0.5870763659;9.560334793716972;2022-03-11T15:00:00Z
0.0;0.0;0.0;174.27555555555554;6.7322631836000255;0.5870643258;10.317535258518342;2022-03-11T16:00:00Z
0.0;0.0;0.0;42.88;5.356469726600039;0.5870662928;10.971071382983808;2022-03-11T17:00:00Z
0.0;0.0;0.0;0.0;4.123803710900006;0.5870684981;11.30389035925141;2022-03-11T18:00:00Z
0.0;0.0;0.0;0.0;3.2932983398000033;0.5870617032;11.182951100587792;2022-03-11T19:00:00Z
0.0;0.0;0.0;0.0;2.5682006836000255;0.5870509744;10.846629842544528;2022-03-11T20:00:00Z
0.0;0.0;0.0;0.0;1.9754272461000255;0.5870421529;10.56821316907045;2022-03-11T21:00:00Z
0.0;0.0;0.0;0.0;1.3860717773000033;0.587037921;10.429061132661182;2022-03-11T22:00:00Z
0.0;0.0;0.0;0.0;0.8348632812000005;0.5870223045;9.861801550551112;2022-03-11T23:00:00Z
39.90058333333333;0.0;0.0;0.0;0.3215576172000283;0.5870178342;9.653133412558343;2022-03-12T00:00:00Z
38.38355;0.0;0.0;0.0;-0.04404296879999947;0.5870164633;9.608239284288699;2022-03-12T01:00:00Z
30.10058333333333;0.0;0.0;0.0;-0.5607360839999842;0.5870081186;9.32760302523418;2022-03-12T02:00:00Z
36.866766666666656;0.0;0.0;0.0;-0.8986572265999939;0.5870018601;9.01493918727334;2022-03-12T03:00:00Z
34.8834;0.0;0.0;0.0;-1.179968261699969;0.5870018005;9.044621436060364;2022-03-12T04:00:00Z
29.8672;0.0;0.0;0.0;-1.3890136718999884;0.586997211;8.914310287288954;2022-03-12T05:00:00Z
22.167716666666667;0.0;0.0;7.591111111111111;-1.3697265624999773;0.5869868398;8.445575513341506;2022-03-12T06:00:00Z
9.001516666666666;36.52344444444444;0.1199999999999999;103.21777777777778;0.34322509770004217;0.5869710445;7.989352700475063;2022-03-12T07:00:00Z
60.001;6.335222222222222;0.1199999999999999;248.19555555555556;2.476373291000016;0.5869899392;6.914693741570057;2022-03-12T08:00:00Z
37.00138333333334;37.41133333333333;25.118;385.0133333333333;4.56926879880001;0.5870069861;6.863299243227059;2022-03-12T09:00:00Z
69.16675000000001;0.0;0.0;490.8088888888889;6.440545654300024;0.5869788527;5.554899856026844;2022-03-12T10:00:00Z
62.16745;0.0;0.0;553.2977777777778;7.892602539100039;0.5869806409;5.531137906771129;2022-03-12T11:00:00Z
64.16766666666666;0.0;0.0;566.2222222222222;9.208703613300031;0.5869896412;5.888978066003251;2022-03-12T12:00:00Z
70.001;0.0;0.0;528.4266666666666;10.121911621100026;0.5870053768;6.505924886578949;2022-03-12T13:00:00Z
70.001;0.0;0.0;443.73333333333335;10.57131347660004;0.587009728;7.078514889035984;2022-03-12T14:00:00Z
70.001;0.0;0.0;321.44;10.587670898400006;0.586990416;7.2249897558126746;2022-03-12T15:00:00Z
336.6674;0.0;0.0;178.02666666666667;9.93160400390002;0.5869905353;8.029305893862071;2022-03-12T16:00:00Z
845.88375;0.0;0.0;46.20444444444444;8.145898437500023;0.5869886279;8.673199654270427;2022-03-12T17:00:00Z
81.55116666666667;0.0;0.0;0.0;6.23922119140002;0.5869939923;9.317369334579244;2022-03-12T18:00:00Z
66.98393333333334;0.0;0.0;0.0;5.2905212402000075;0.5870034099;9.844085079436594;2022-03-12T19:00:00Z
71.60061666666667;0.0;0.0;0.0;4.437127685500002;0.5869938731;9.481068086622814;2022-03-12T20:00:00Z
87.9503;0.0;0.0;0.0;3.409631347700042;0.5869776607;8.645254442483036;2022-03-12T21:00:00Z
38.001816666666656;0.0;0.0;0.0;2.8018432617000144;0.5869785547;8.654240386773747;2022-03-12T22:00:00Z
30.28573333333333;0.0;0.0;0.0;2.0244384766000394;0.5869681835;8.055616895232538;2022-03-12T23:00:00Z
24.96748333333333;0.0;0.0;0.0;1.1644531250000227;0.5869634748;7.683375316649603;2022-03-13T00:00:00Z
43.98343333333334;0.0;0.0;0.0;0.42641601560001163;0.5869631171;7.601870601496944;2022-03-13T01:00:00Z
38.26673333333333;0.0;0.0;0.0;-0.14246215819997587;0.5869622827;7.467789001255982;2022-03-13T02:00:00Z
31.73343333333333;0.0;0.0;0.0;-0.634405517599987;0.5869648457;7.580893840115789;2022-03-13T03:00:00Z
27.30048333333333;0.0;0.0;0.0;-1.0073608397999578;0.5869698524;7.936215357454965;2022-03-13T04:00:00Z
34.533566666666665;0.0;0.0;0.0;-1.2476257323999675;0.5869739056;8.20465805185828;2022-03-13T05:00:00Z
24.734066666666667;0.0;0.0;8.977777777777778;-1.1223205565999592;0.5869776607;8.448392753237094;2022-03-13T06:00:00Z
12.48405;31.196111111111108;5.119;107.05777777777777;0.9058471680000366;0.5869697332;8.202476248678629;2022-03-13T07:00:00Z
19.833816666666667;39.187111111111115;20.119;251.37777777777777;3.3502441406000116;0.5869870782;7.069756892198873;2022-03-13T08:00:00Z
65.6671;9.886777777777777;0.1199999999999999;387.00444444444446;5.724511718800045;0.587002933;6.665440823257837;2022-03-13T09:00:00Z
70.0;0.0;0.0;491.5733333333333;7.981256103500016;0.5869897604;6.0229533767492285;2022-03-13T10:00:00Z
70.00021666666666;0.0;0.0;553.0844444444444;9.64260253910004;0.586997211;6.189165048680032;2022-03-13T11:00:00Z
70.001;0.0;0.0;565.4755555555555;11.004541015600012;0.5870069861;6.578177489380224;2022-03-13T12:00:00Z
67.16795;0.0;0.0;527.68;12.129113769500009;0.5870090723;6.761918095425113;2022-03-13T13:00:00Z
67.83455;0.0;0.0;443.32444444444445;12.611596679700028;0.5870015025;6.862304952842684;2022-03-13T14:00:00Z
703.3336999999999;0.0;0.0;321.76;12.734643554700028;0.5869837403;6.9994415274159705;2022-03-13T15:00:00Z
386.66735;0.0;0.0;179.2888888888889;12.166162109400034;0.5869936347;8.134711872070882;2022-03-13T16:00:00Z
70.81743333333333;0.0;0.0;48.08888888888889;10.55266723630001;0.5870141387;9.424594120672417;2022-03-13T17:00:00Z
95.20008333333331;0.0;0.0;0.017777777777777778;8.911218261700014;0.5870403647;10.536855839152778;2022-03-13T18:00:00Z
84.10043333333331;0.0;0.0;0.0;7.929040527300003;0.587041378;10.705851735855934;2022-03-13T19:00:00Z
47.93456666666666;0.0;0.0;0.0;7.287835693400041;0.5870236754;10.177162689899452;2022-03-13T20:00:00Z
78.91776666666665;0.0;0.0;0.0;6.512384033200021;0.5870102048;9.814697712630716;2022-03-13T21:00:00Z
46.08468333333334;0.0;0.0;0.0;5.847802734400034;0.5870018005;9.497892921408834;2022-03-13T22:00:00Z
22.4682;0.0;0.0;0.0;4.820703125000023;0.5869870186;9.011292995374406;2022-03-13T23:00:00Z
33.133733333333325;0.0;0.0;0.0;4.035729980500037;0.5869839787;8.904233632087317;2022-03-14T00:00:00Z
34.88356666666667;0.0;0.0;0.0;3.2273803711000255;0.5869831443;8.878429379100185;2022-03-14T01:00:00Z
41.53341666666667;0.0;0.0;0.0;2.35445556640002;0.5869808793;8.767641084111128;2022-03-14T02:00:00Z
35.81668333333333;0.0;0.0;0.0;1.8046813965000297;0.5869780779;8.55287008472573;2022-03-14T03:00:00Z
30.916716666666662;0.0;0.0;0.0;1.138574218800045;0.5869776607;8.512639435160978;2022-03-14T04:00:00Z
30.916816666666666;0.0;0.0;0.0;0.7134338379000269;0.5869811177;8.71470451299985;2022-03-14T05:00:00Z
14.618433333333332;0.0;0.0;10.595555555555556;0.7739501953000172;0.5869813561;8.795296974638461;2022-03-14T06:00:00Z
8.167849999999998;26.756666666666664;20.119;112.08888888888889;2.7857299805000366;0.5869681239;8.379841018790646;2022-03-14T07:00:00Z
68.00003333333333;51.61755555555554;5.119;257.4577777777778;5.27340087890002;0.5869852304;7.18161937474402;2022-03-14T08:00:00Z
12.000966666666667;1.8957777777777776;0.1199999999999999;394.09777777777776;7.437890625000023;0.5869927406;6.1781725663518525;2022-03-14T09:00:00Z
35.33405;0.0;0.0;500.0888888888889;9.098992919900013;0.5869817138;5.416023640514283;2022-03-14T10:00:00Z
55.00025;0.0;0.0;561.5644444444445;10.530908203100012;0.5869618058;4.491767504238707;2022-03-14T11:00:00Z
62.501116666666654;0.0;0.0;550.2577777777777;11.675073242200028;0.5869566798;4.066876019749901;2022-03-14T12:00:00Z
320.00075000000004;0.0;0.0;452.35555555555555;12.091455078100012;0.5869671702;4.5508176214519285;2022-03-14T13:00:00Z
423.66751666666664;0.0;0.0;370.72;12.005395507800017;0.5869708657;5.352622462332387;2022-03-14T14:00:00Z
70.001;0.0;0.0;236.05333333333334;11.499108886700014;0.5869597793;5.408566095986424;2022-03-14T15:00:00Z
433.66735;0.0;0.0;110.7911111111111;10.573541259800038;0.5869585276;6.197224829730205;2022-03-14T16:00:00Z
42.85115;0.0;0.0;24.124444444444446;9.513177490200007;0.5869585276;6.478739356163504;2022-03-14T17:00:00Z
54.850916666666656;0.0;0.0;0.05333333333333333;8.219079589800003;0.5869668126;7.451550724669022;2022-03-14T18:00:00Z
86.45093333333334;0.0;0.0;0.0;7.656854248000002;0.5869631171;7.490119616141855;2022-03-14T19:00:00Z
83.70024999999998;0.0;0.0;0.0;7.652551269500009;0.5871070027;7.359339355633311;2022-03-14T20:00:00Z
83.16675;0.0;0.0;0.0;7.49508056640002;0.588316381;6.934089587948565;2022-03-14T21:00:00Z
71.00116666666666;0.0;0.0;0.0;7.393334960900006;0.5929906964;6.142147240190847;2022-03-14T22:00:00Z
10.6848;0.0;0.0;0.0;7.698876953100012;0.593001008;6.8410425664936065;2022-03-14T23:00:00Z
28.233666666666664;0.0;0.0;0.0;7.811547851600039;0.5930002928;7.06856348472139;2022-03-15T00:00:00Z
38.15018333333333;0.0;0.0;0.0;6.940637207000009;0.5929909348;6.330669153288973;2022-03-15T01:00:00Z
37.80035;0.0;0.0;0.0;6.266748046900034;0.5929903388;6.239773083137702;2022-03-15T02:00:00Z
34.06701666666667;0.0;0.0;0.0;5.406396484400034;0.59299016;6.128603018771515;2022-03-15T03:00:00Z
33.716833333333334;0.0;0.0;0.0;4.839746093800045;0.5929888487;5.447148254957585;2022-03-15T04:00:00Z
27.066933333333328;0.0;0.0;0.0;4.096490478500016;0.5929887295;4.863663177805503;2022-03-15T05:00:00Z
31.034583333333327;0.0;0.0;10.311111111111112;3.588403320300017;0.5929971337;4.341554739527163;2022-03-15T06:00:00Z
2.6854666666666662;40.96288888888888;0.1199999999999999;79.00444444444445;4.52926025390002;0.5928890109;3.4035524727005564;2022-03-15T07:00:00Z
47.00096666666667;22.31722222222222;5.119;212.83555555555554;5.82222900390002;0.5919699669;2.8020185368587818;2022-03-15T08:00:00Z
68.83345;19.653555555555553;20.119;302.4533333333333;7.284570312500023;0.5905838013;2.6655195845108066;2022-03-15T09:00:00Z
67.50025;0.0;0.0;365.47555555555556;9.262963867200028;0.589133203;2.0026220057395543;2022-03-15T10:00:00Z
70.00046666666667;0.0;0.0;388.19555555555553;10.342248535200042;0.5880602598;2.29438536059863;2022-03-15T11:00:00Z
8.002199999999998;0.0;0.0;370.00888888888886;11.159356689500044;0.5876253843;1.346768182434354;2022-03-15T12:00:00Z
59.50171666666665;0.0;0.0;274.88;11.631494140600012;0.587477684;0.6869440616221616;2022-03-15T13:00:00Z
45.33513333333333;0.0;0.0;221.92;11.700311279300024;0.5872791409;1.1801973242019235;2022-03-15T14:00:00Z
400.3343;0.0;0.0;129.51111111111112;11.381616210900006;0.5871483088;1.7998701357323288;2022-03-15T15:00:00Z
203.3342;0.0;0.0;64.72888888888889;10.585839843800045;0.5871370435;2.1653641068427794;2022-03-15T16:00:00Z
286.66745000000003;0.0;0.0;20.23111111111111;9.638360595700021;0.5871093273;2.8319500044520756;2022-03-15T17:00:00Z
72.06785;0.0;0.0;0.08888888888888889;8.946130371100026;0.5871962905;4.3537117309884765;2022-03-15T18:00:00Z
82.3842;0.0;0.0;0.0;8.424096679700028;0.5872191191;4.076454500666376;2022-03-15T19:00:00Z
87.61683333333333;0.0;0.0;0.0;7.947778320300017;0.5872442126;4.147975753200169;2022-03-15T20:00:00Z
55.551033333333336;0.0;0.0;0.0;7.335473632800017;0.5873633623;4.989622982186053;2022-03-15T21:00:00Z
236.43505;0.0;0.0;0.0;7.182336425800031;0.5880115032;6.56581406243557;2022-03-15T22:00:00Z
22.618716666666664;0.0;0.0;0.0;6.760064697300038;0.588014245;6.278108319431526;2022-03-15T23:00:00Z
27.53378333333333;0.0;0.0;0.0;5.906823730500037;0.5879986882;6.318343273874227;2022-03-16T00:00:00Z
32.90036666666667;0.0;0.0;0.0;4.76461181640002;0.5880331993;6.184535749498551;2022-03-16T01:00:00Z
41.18345;0.0;0.0;0.0;4.350000000000023;0.588135004;6.299692593346726;2022-03-16T02:00:00Z
31.61728333333333;0.0;0.0;0.0;3.996301269500009;0.5882411599;6.136697198719468;2022-03-16T03:00:00Z
29.167116666666665;0.0;0.0;0.0;3.2894531250000227;0.5883113742;5.536469820739968;2022-03-16T04:00:00Z
29.2836;0.0;0.0;0.0;3.1113525391000394;0.5883490443;5.040638315180861;2022-03-16T05:00:00Z
35.06733333333334;0.0;0.0;9.04888888888889;2.9662109375000227;0.588437736;5.096709471256788;2022-03-16T06:00:00Z
65.03425;21.42933333333333;5.119;76.37333333333333;4.194482421900034;0.588547349;5.122688365746234;2022-03-16T07:00:00Z
69.16675000000001;32.971888888888884;0.1199999999999999;175.6977777777778;5.817956543000037;0.5883478522;4.969919891534158;2022-03-16T08:00:00Z
69.00001666666667;24.093;20.119;269.5466666666667;7.1039367676000325;0.5879465342;3.836642830213511;2022-03-16T09:00:00Z
26.334199999999996;0.0;0.0;384.8;8.068750000000023;0.5873242021;3.509653355259398;2022-03-16T10:00:00Z
114.00026666666668;0.0;0.0;426.3822222222222;8.745538330100032;0.5871323943;3.368758080739563;2022-03-16T11:00:00Z
482.8343;0.0;0.0;424.67555555555555;9.419366455100032;0.587037921;3.2913883976180895;2022-03-16T12:00:00Z
66.16788333333334;0.0;0.0;377.1911111111111;9.779565429700028;0.5869884491;3.4927430735889335;2022-03-16T13:00:00Z
122.16828333333333;0.0;0.0;312.8355555555556;10.152673339800003;0.5869676471;3.5602382436607396;2022-03-16T14:00:00Z
203.0017;0.0;0.0;199.55555555555554;10.177270507800017;0.5869593024;3.3949174508997833;2022-03-16T15:00:00Z
56.001233333333325;0.0;0.0;107.50222222222222;9.950769043000037;0.5869582891;3.6350813646255045;2022-03-16T16:00:00Z
298.85073333333327;0.0;0.0;24.657777777777778;8.731011962900027;0.5869558454;4.617382856664266;2022-03-16T17:00:00Z
87.15021666666665;0.0;0.0;0.21333333333333332;7.513085937500023;0.5869550705;5.424202117321941;2022-03-16T18:00:00Z
90.88335;0.0;0.0;0.0;6.455102539100039;0.5869560242;5.950360128280683;2022-03-16T19:00:00Z
48.95091666666666;0.0;0.0;0.0;5.796350097700042;0.5869618058;6.727534818752604;2022-03-16T20:00:00Z
67.81795;0.0;0.0;0.0;5.301477050800031;0.58697474;7.835223735074587;2022-03-16T21:00:00Z
49.55163333333333;0.0;0.0;0.0;4.701806640600012;0.5869812369;6.979594609725368;2022-03-16T22:00:00Z
99.21781666666669;0.0;0.0;0.0;4.299523925800031;0.5870734453;6.991762877366566;2022-03-16T23:00:00Z
31.150516666666668;0.0;0.0;0.0;4.286279296900034;0.5871546865;7.439579348785671;2022-03-17T00:00:00Z
34.0668;0.0;0.0;0.0;4.12984619140002;0.5872421265;7.3000547639681725;2022-03-17T01:00:00Z
27.88383333333333;0.0;0.0;0.0;3.888146972700042;0.5873386264;7.615619864236102;2022-03-17T02:00:00Z
29.633516666666665;0.0;0.0;0.0;3.5658203125000227;0.5874310136;7.509830810232013;2022-03-17T03:00:00Z
27.5334;0.0;0.0;0.0;3.5184570312000005;0.587554872;7.184679609249564;2022-03-17T04:00:00Z
26.950316666666662;0.0;0.0;0.0;3.421411132800017;0.5876897573;7.835339044154465;2022-03-17T05:00:00Z
58.96708333333333;0.0;0.0;16.035555555555554;3.5288940430000366;0.5877481699;7.873774701426648;2022-03-17T06:00:00Z
58.50091666666666;10.774666666666667;25.118;117.31555555555556;3.8387084961000255;0.5876621008;6.489238442806899;2022-03-17T07:00:00Z
47.83405;24.980888888888888;0.1199999999999999;250.43555555555557;4.911492919900013;0.5874919295;5.637385280185596;2022-03-17T08:00:00Z
60.666933333333326;42.73866666666667;0.1199999999999999;355.73333333333335;6.313165283200021;0.5872697234;6.420123788384058;2022-03-17T09:00:00Z
22.0008;0.0;0.0;378.5422222222222;7.514367675800031;0.5871146321;6.385370594471699;2022-03-17T10:00:00Z
31.00065;0.0;0.0;355.71555555555557;8.67278442380001;0.58706218;6.573960338069514;2022-03-17T11:00:00Z
61.33469999999999;0.0;0.0;322.70222222222225;9.669641113300031;0.5870326161;6.781541982022442;2022-03-17T12:00:00Z
62.00113333333333;0.0;0.0;281.15555555555557;10.572106933600026;0.5870052576;6.563558797263381;2022-03-17T13:00:00Z
107.50161666666668;0.0;0.0;241.97333333333333;11.339990234400034;0.5869631171;5.34345311365992;2022-03-17T14:00:00Z
118.83439999999997;0.0;0.0;138.3111111111111;11.29299316410004;0.586963892;4.112752332506793;2022-03-17T15:00:00Z
220.00085;0.0;0.0;95.37777777777778;10.770104980500037;0.5876620412;3.0477736630032513;2022-03-17T16:00:00Z
75.60073333333332;0.0;0.0;19.662222222222223;9.5282226562;0.5876646638;2.1024651636574916;2022-03-17T17:00:00Z
82.41708333333332;0.0;0.0;0.26666666666666666;9.04979858400003;0.5876818299;0.9541642442670915;2022-03-17T18:00:00Z
66.61776666666667;0.0;0.0;0.0;8.793786621100026;0.587667942;3.0179820149933656;2022-03-17T19:00:00Z
80.70096666666667;0.0;0.0;0.0;8.157464599600019;0.5876393318;5.833606593459505;2022-03-17T20:00:00Z
73.53441666666666;0.0;0.0;0.0;7.733728027300003;0.5876682401;7.378083595873567;2022-03-17T21:00:00Z
454.0354;0.0;0.0;0.0;7.1239257812000005;0.5878025889;6.969925607042562;2022-03-17T22:00:00Z
315.4849;0.0;0.0;0.0;6.7430053711000255;0.5878657699;6.753222291155691;2022-03-17T23:00:00Z
0.0;0.0;0.0;0.0;6.458093261700014;0.5880192518;6.606654033823786;2022-03-18T00:00:00Z
0.0;0.0;0.0;0.0;6.198388671900034;0.5881257057;6.729237892964082;2022-03-18T01:00:00Z
0.0;0.0;0.0;0.0;6.078332519500009;0.5881516337;6.685664742646495;2022-03-18T02:00:00Z
0.0;0.0;0.0;0.0;5.790338134800038;0.5881325006;6.5606520831691215;2022-03-18T03:00:00Z
0.0;0.0;0.0;0.0;5.559136962900027;0.5881038308;6.518517573448107;2022-03-18T04:00:00Z
0.0;0.0;0.0;0.0;5.274499511700014;0.5880794525;6.298026831389431;2022-03-18T05:00:00Z
0.0;0.0;0.0;12.72888888888889;4.636193847700042;0.5880304575;5.843889999933119;2022-03-18T06:00:00Z
0.0;8.998888888888889;5.119;88.01777777777778;4.937890625000023;0.58791399;5.219879608132944;2022-03-18T07:00:00Z
0.0;10.774666666666667;20.119;239.71555555555557;6.1961303711000255;0.5876532197;4.269486081698021;2022-03-18T08:00:00Z
0.0;56.94488888888888;0.1199999999999999;345.4577777777778;7.808251953100012;0.5873348713;3.7041681939925755;2022-03-18T09:00:00Z
0.0;0.0;0.0;478.9688888888889;9.020593261700014;0.5871115327;3.1213334435607476;2022-03-18T10:00:00Z
0.0;0.0;0.0;520.7644444444444;10.228295898400006;0.5870096087;2.6275968597306045;2022-03-18T11:00:00Z
0.0;0.0;0.0;507.14666666666665;11.178765869100005;0.586969614;2.8034918481258972;2022-03-18T12:00:00Z
0.0;0.0;0.0;499.96444444444444;11.9422851562;0.5869581699;3.431095400401016;2022-03-18T13:00:00Z
0.0;0.0;0.0;397.8311111111111;12.247888183600026;0.586959362;4.009487256032014;2022-03-18T14:00:00Z
0.0;0.0;0.0;288.3022222222222;12.204766845700021;0.5869575143;4.263144925170668;2022-03-18T15:00:00Z
0.0;0.0;0.0;196.12444444444444;11.743615722700042;0.5869519711;4.576878567421201;2022-03-18T16:00:00Z
0.0;0.0;0.0;62.24;9.497644043000037;0.5869522691;5.093338417605181;2022-03-18T17:00:00Z
0.0;0.0;0.0;0.8;6.700280761700014;0.5869558454;5.879458577184395;2022-03-18T18:00:00Z
0.0;0.0;0.0;0.0;5.527703857400013;0.5869579315;6.3215535345830105;2022-03-18T19:00:00Z
0.0;0.0;0.0;0.0;4.842462158200021;0.5869560838;6.3949755429294015;2022-03-18T20:00:00Z
0.0;0.0;0.0;0.0;5.102563476600039;0.5869535804;6.206813521863146;2022-03-18T21:00:00Z
0.0;0.0;0.0;0.0;4.043420410200042;0.5869538784;6.331938011944367;2022-03-18T22:00:00Z
0.0;0.0;0.0;0.0;3.6299682617000144;0.5869631171;7.061780842968479;2022-03-18T23:00:00Z
21.46795;0.0;0.0;0.0;3.5244689941000047;0.5869806409;7.437753972354729;2022-03-19T00:00:00Z
28.700133333333333;0.0;0.0;0.0;2.826623535200042;0.5869877934;7.151951162794919;2022-03-19T01:00:00Z
28.5839;0.0;0.0;0.0;1.9925781250000227;0.5870328546;7.077908482283601;2022-03-19T02:00:00Z
41.3001;0.0;0.0;0.0;1.4071289062000005;0.5870828032;6.9247362346356605;2022-03-19T03:00:00Z
30.100733333333327;0.0;0.0;0.0;0.7428833008000311;0.587149322;6.902340642661071;2022-03-19T04:00:00Z
26.3675;0.0;0.0;0.0;0.3736206055000366;0.5872268081;6.684927497517523;2022-03-19T05:00:00Z
25.435266666666664;0.0;0.0;21.706666666666667;0.5977111816000047;0.5872734785;6.65251743784522;2022-03-19T06:00:00Z
49.65138333333333;7.223111111111111;0.1199999999999999;136.9777777777778;2.415795898400006;0.5872457623;6.511773552939593;2022-03-19T07:00:00Z
9.00168333333333;37.41133333333333;20.119;280.78222222222223;4.443261718800045;0.5871827006;6.060068263721572;2022-03-19T08:00:00Z
64.50055;32.084;5.119;411.1644444444444;6.148339843800045;0.5871194601;6.461929454710314;2022-03-19T09:00:00Z
66.667;0.0;0.0;515.9644444444444;7.689019775400027;0.5871647596;8.286306510471842;2022-03-19T10:00:00Z
70.0;0.0;0.0;517.6177777777777;8.843164062500023;0.5877996683;8.378865082993839;2022-03-19T11:00:00Z
266.33448333333325;0.0;0.0;458.9688888888889;9.181542968800045;0.587362349;8.349433835600157;2022-03-19T12:00:00Z
320.00075000000004;0.0;0.0;404.4266666666667;9.945031738300031;0.587210536;8.18175659167601;2022-03-19T13:00:00Z
65.16815;0.0;0.0;324.78222222222223;10.266381835900006;0.5871035457;8.372473038093847;2022-03-19T14:00:00Z
43.335;0.0;0.0;273.26222222222225;10.221520996100026;0.5870637894;8.520363313670233;2022-03-19T15:00:00Z
407.66835;0.0;0.0;180.85333333333332;9.655053710900006;0.5870290399;8.210707950594268;2022-03-19T16:00:00Z
201.2849666666667;0.0;0.0;62.577777777777776;8.389184570300017;0.5870091915;8.189249243498114;2022-03-19T17:00:00Z
87.38355;0.0;0.0;1.191111111111111;6.732141113300031;0.5870050788;8.471240565342892;2022-03-19T18:00:00Z
51.201066666666655;0.0;0.0;0.0;5.5828491211000255;0.5870063901;8.70481636885807;2022-03-19T19:00:00Z
38.051333333333325;0.0;0.0;0.0;4.5906616211000255;0.5870081186;8.881202502830197;2022-03-19T20:00:00Z
91.0;0.0;0.0;0.0;3.9605957031000116;0.587012589;9.132906609384857;2022-03-19T21:00:00Z
88.20116666666665;0.0;0.0;0.0;3.4844604492000144;0.5870317221;9.910596187672093;2022-03-19T22:00:00Z
44.70246666666666;0.0;0.0;0.0;3.013818359400034;0.5870307088;9.881463641085942;2022-03-19T23:00:00Z
29.166916666666665;0.0;0.0;0.0;2.50582275390002;0.587026298;9.774092452813223;2022-03-20T00:00:00Z
42.0;0.0;0.0;0.0;2.0166564941000047;0.5870163441;9.44871703035175;2022-03-20T01:00:00Z
33.13363333333333;0.0;0.0;0.0;1.63668212890002;0.587010324;9.246098279125691;2022-03-20T02:00:00Z
36.28335;0.0;0.0;0.0;1.1245361328000172;0.5870105624;9.257327051762978;2022-03-20T03:00:00Z
37.566783333333326;0.0;0.0;0.0;0.6915527344000338;0.5870159864;9.471590711089256;2022-03-20T04:00:00Z
38.85005;0.0;0.0;0.0;0.3476806641000394;0.5870138407;9.431198301983313;2022-03-20T05:00:00Z
22.983866666666668;0.0;0.0;24.995555555555555;0.4541259766000394;0.5870139599;9.299930107910916;2022-03-20T06:00:00Z
2.5674833333333327;34.74766666666666;0.1199999999999999;145.42222222222222;2.012414550800031;0.5870088339;9.389024813521415;2022-03-20T07:00:00Z
34.00143333333333;27.644555555555552;25.118;294.5777777777778;4.039392089800003;0.5870479345;8.566140026308023;2022-03-20T08:00:00Z
28.00103333333333;22.31722222222222;0.1199999999999999;431.46666666666664;6.444909668000037;0.5870466232;8.131222609515065;2022-03-20T09:00:00Z
70.0;0.0;0.0;536.7644444444444;8.400537109400034;0.5870267153;7.131112228542126;2022-03-20T10:00:00Z
66.667;0.0;0.0;598.8088888888889;9.943566894500009;0.5870342851;7.264170733887546;2022-03-20T11:00:00Z
63.167883333333336;0.0;0.0;611.2533333333333;11.040795898400006;0.58704561;7.69622534871914;2022-03-20T12:00:00Z
483.8342;0.0;0.0;572.6933333333334;11.712121582000009;0.5870553255;8.196720662335611;2022-03-20T13:00:00Z
353.33405000000005;0.0;0.0;486.7911111111111;12.072839355500037;0.5870577097;8.499424976335893;2022-03-20T14:00:00Z
70.001;0.0;0.0;362.50666666666666;12.08199462890002;0.5870440602;8.593039627735806;2022-03-20T15:00:00Z
69.6677;0.0;0.0;215.39555555555555;11.571710205100032;0.5870146155;8.400817694734355;2022-03-20T16:00:00Z
157.66806666666668;0.0;0.0;73.24444444444444;10.326745605500037;0.5870119929;8.960760168266424;2022-03-20T17:00:00Z
85.40091666666667;0.0;0.0;1.7066666666666666;8.656640625000023;0.587017417;9.536986036747525;2022-03-20T18:00:00Z
87.45026666666665;0.0;0.0;0.0;7.590112304700028;0.587016046;9.671945915857979;2022-03-20T19:00:00Z
86.16719999999998;0.0;0.0;0.0;6.667230224600019;0.5870056748;9.416160797365837;2022-03-20T20:00:00Z
87.85011666666665;0.0;0.0;0.0;5.8539367676000325;0.5869933367;9.019946187782198;2022-03-20T21:00:00Z
80.56833333333331;0.0;0.0;0.0;5.010034179700028;0.5869900584;8.904371585899705;2022-03-20T22:00:00Z
18.252316666666665;0.0;0.0;0.0;4.253533935500002;0.5869753957;8.311368332074132;2022-03-20T23:00:00Z
29.75035;0.0;0.0;0.0;3.404443359400034;0.5869706273;8.001104149631178;2022-03-21T00:00:00Z
35.583416666666665;0.0;0.0;0.0;2.6199890137000352;0.5869755149;8.3080488646684;2022-03-21T01:00:00Z
35.0;0.0;0.0;0.0;2.2105957031000116;0.5869762897;8.396847092842021;2022-03-21T02:00:00Z
36.5168;0.0;0.0;0.0;1.5469909668000241;0.5869723558;8.185493379166976;2022-03-21T03:00:00Z
35.9335;0.0;0.0;0.0;1.122827148400006;0.5869728327;8.212635057137591;2022-03-21T04:00:00Z
32.31675;0.0;0.0;0.0;0.5810485840000297;0.5869740844;8.327596412196812;2022-03-21T05:00:00Z
19.25023333333333;0.0;0.0;28.711111111111112;0.9976440430000366;0.586972177;8.184731955256826;2022-03-21T06:00:00Z
4.083483333333333;35.635555555555555;5.119;155.46666666666667;3.3548217773000033;0.5869615078;7.760147353282514;2022-03-21T07:00:00Z
45.833716666666675;19.653555555555553;0.1199999999999999;308.1777777777778;5.8211914062000005;0.5869858265;6.274488834268423;2022-03-21T08:00:00Z
21.00098333333333;25.868777777777776;20.119;446.91555555555556;7.981103515600012;0.5870105624;6.652916691866805;2022-03-21T09:00:00Z
44.000433333333326;0.0;0.0;552.4977777777777;9.324639892600032;0.5869986415;6.0873621210561595;2022-03-21T10:00:00Z
58.0002;0.0;0.0;613.4933333333333;10.740625000000023;0.5869967341;5.970808433355824;2022-03-21T11:00:00Z
69.66726666666666;0.0;0.0;623.8577777777778;11.777795410200042;0.5869966149;5.95019858698234;2022-03-21T12:00:00Z
288.83438333333334;0.0;0.0;583.1111111111111;12.558099365200007;0.5869935155;5.924806457576427;2022-03-21T13:00:00Z
509.0012833333333;0.0;0.0;495.53777777777776;13.197045898400006;0.5869861841;5.866767546944728;2022-03-21T14:00:00Z
53.33466666666667;0.0;0.0;370.0444444444444;13.421685791000016;0.5869725943;5.784295607048337;2022-03-21T15:00:00Z
68.83445;0.0;0.0;221.63555555555556;12.998284912100019;0.5869537592;5.524832759623361;2022-03-21T16:00:00Z
272.00131666666664;0.0;0.0;77.44;11.014794921900034;0.5869541764;5.796148574894913;2022-03-21T17:00:00Z
54.1843;0.0;0.0;2.2044444444444444;8.610955810500002;0.5869561434;6.19476226351432;2022-03-21T18:00:00Z
45.834333333333326;0.0;0.0;0.0;6.896691894500009;0.5869572163;6.496016845919493;2022-03-21T19:00:00Z
88.35018333333333;0.0;0.0;0.0;5.658410644500009;0.5869604945;7.049500910559336;2022-03-21T20:00:00Z
80.3673;0.0;0.0;0.0;4.86422119140002;0.5869637132;7.608510728453554;2022-03-21T21:00:00Z
152.76805;0.0;0.0;0.0;4.4002319336000255;0.5869666934;7.924193959823461;2022-03-21T22:00:00Z
50.80138333333333;0.0;0.0;0.0;3.5589233398000033;0.5869620442;7.6311123461974555;2022-03-21T23:00:00Z
25.5501;0.0;0.0;0.0;2.684716796900034;0.5869585872;7.22424951998718;2022-03-22T00:00:00Z
27.41675;0.0;0.0;0.0;1.9795776367000144;0.5869571567;6.979547920225436;2022-03-22T01:00:00Z
29.166666666666664;0.0;0.0;0.0;1.2914672852000422;0.5869546533;6.586722773836425;2022-03-22T02:00:00Z
28.0;0.0;0.0;0.0;0.6741577148000033;0.5869535804;6.220304803510455;2022-03-22T03:00:00Z
27.3001;0.0;0.0;0.0;0.3018432617000144;0.5869537592;6.355277768786452;2022-03-22T04:00:00Z
32.66685;0.0;0.0;0.0;-0.14847412109998004;0.5869532824;6.454943099821448;2022-03-22T05:00:00Z
28.583583333333333;0.0;0.0;32.14222222222222;0.1357971191000047;0.5869502425;6.2415578735837745;2022-03-22T06:00:00Z
3.8500333333333336;8.111;20.119;162.8088888888889;3.701074218800045;0.5869499445;5.766650872556644;2022-03-22T07:00:00Z
7.167466666666666;17.877777777777776;5.119;317.26222222222225;6.975793457000009;0.5869536996;4.501451258527744;2022-03-22T08:00:00Z
13.168100000000003;47.178111111111114;0.1199999999999999;456.85333333333335;9.524499511700014;0.586956501;4.132825228906934;2022-03-22T09:00:00Z
44.33423333333333;0.0;0.0;562.3111111111111;11.706445312500023;0.5869518518;3.6164728458381847;2022-03-22T10:00:00Z
64.00113333333333;0.0;0.0;622.0977777777778;13.205407714800003;0.5869502425;3.3096420097960118;2022-03-22T11:00:00Z
22.6689;0.0;0.0;630.9333333333333;14.694604492200028;0.5869500637;3.179281941118425;2022-03-22T12:00:00Z
40.0015;0.0;0.0;588.4622222222222;15.914208984400034;0.5869500041;3.226111716852467;2022-03-22T13:00:00Z
45.00141666666666;0.0;0.0;499.2711111111111;16.632012939500044;0.5869501233;3.226285635802309;2022-03-22T14:00:00Z
888.6676000000001;0.0;0.0;372.85333333333335;16.913415527300003;0.5869520307;3.168997865741168;2022-03-22T15:00:00Z
186.66755;0.0;0.0;224.16;16.400476074200014;0.5869645476;2.8621052442119517;2022-03-22T16:00:00Z
86.08451666666667;0.0;0.0;79.89333333333333;14.296166992200028;0.5869501233;3.129054535268616;2022-03-22T17:00:00Z
57.93436666666666;0.0;0.0;2.7377777777777776;10.5868164062;0.5869535208;3.7520345350989195;2022-03-22T18:00:00Z
88.01678333333332;0.0;0.0;0.0;7.7576538086000255;0.5869518518;4.400710744526676;2022-03-22T19:00:00Z
49.98455;0.0;0.0;0.0;5.541528320300017;0.5869505405;4.488224369959186;2022-03-22T20:00:00Z
87.98404999999998;0.0;0.0;0.0;4.292626953100012;0.5869499445;4.234642804732946;2022-03-22T21:00:00Z
85.00149999999998;0.0;0.0;0.0;3.852319335900006;0.5869506598;4.232843302289868;2022-03-22T22:00:00Z
47.56871666666667;0.0;0.0;0.0;3.1402832031000116;0.5869506001;4.270366431848476;2022-03-22T23:00:00Z
34.18411666666667;0.0;0.0;0.0;2.4036499023000033;0.5869504809;4.140737329019009;2022-03-23T00:00:00Z
42.350066666666656;0.0;0.0;0.0;1.742944335900006;0.5869507194;3.641789464054012;2022-03-23T01:00:00Z
37.683816666666665;0.0;0.0;0.0;1.496636962900027;0.5869523287;2.950616847137469;2022-03-23T02:00:00Z
38.266766666666655;0.0;0.0;0.0;1.914819335900006;0.5869651437;2.038975895709832;2022-03-23T03:00:00Z
33.83403333333333;0.0;0.0;0.0;1.01851806640002;0.5870089531;0.9205251426017006;2022-03-23T04:00:00Z
39.73386666666667;0.0;0.0;0.0;-0.5082153319999634;0.586990416;1.0777395102685694;2022-03-23T05:00:00Z
93.01701666666665;0.0;0.0;34.11555555555555;0.27193603520004217;0.5869714022;2.0400492908952765;2022-03-23T06:00:00Z
37.28426666666667;8.998888888888889;0.1199999999999999;162.34666666666666;4.20797119140002;0.587044239;2.722924838088359;2022-03-23T07:00:00Z
40.6676;28.532444444444444;5.119;313.12;8.243615722700042;0.5870466232;2.1906845184912624;2022-03-23T08:00:00Z
3.0019500000000003;47.178111111111114;20.119;449.5111111111111;11.105737304700028;0.5870510936;1.4542597104100694;2022-03-23T09:00:00Z
43.167766666666665;0.0;0.0;552.9422222222222;13.608972168000037;0.5870256424;1.6867703518105215;2022-03-23T10:00:00Z
69.00021666666666;0.0;0.0;612.3555555555556;15.517663574200014;0.5870078206;1.7257335291632852;2022-03-23T11:00:00Z
868.50035;0.0;0.0;622.2933333333333;16.783959960900006;0.5869825482;1.92716271016878;2022-03-23T12:00:00Z
403.334;0.0;0.0;582.2222222222222;17.505059814500044;0.5869585276;2.433951965165875;2022-03-23T13:00:00Z
70.001;0.0;0.0;495.96444444444444;17.877343750000023;0.5869504809;3.20336002920835;2022-03-23T14:00:00Z
70.001;0.0;0.0;372.3911111111111;17.51076660160004;0.5869514942;3.97208033491744;2022-03-23T15:00:00Z
70.001;0.0;0.0;225.88444444444445;16.632348632800017;0.586953938;5.4213799819205395;2022-03-23T16:00:00Z
75.01765;0.0;0.0;82.68444444444444;14.952905273400006;0.5869646072;6.960367055408645;2022-03-23T17:00:00Z
87.03371666666665;0.0;0.0;3.36;12.250268554700028;0.5869699717;7.660567938876371;2022-03-23T18:00:00Z
71.26711666666668;0.0;0.0;0.0;9.817468261700014;0.5869658589;7.514732750202867;2022-03-23T19:00:00Z
23.151766666666667;0.0;0.0;0.0;7.887353515600012;0.5869603753;7.1499710366368605;2022-03-23T20:00:00Z
25.38488333333333;0.0;0.0;0.0;6.52242431640002;0.5869541764;6.593893637500119;2022-03-23T21:00:00Z
45.16796666666666;0.0;0.0;0.0;5.076074218800045;0.5869519114;6.040489330896324;2022-03-23T22:00:00Z
14.934583333333334;0.0;0.0;0.0;3.619500732400013;0.5869504213;5.63952541365298;2022-03-23T23:00:00Z
23.100516666666667;0.0;0.0;0.0;2.2295776367000144;0.5869498849;5.294988738977888;2022-03-24T00:00:00Z
27.534033333333333;0.0;0.0;0.0;1.1196533203000172;0.5869498849;5.006512075835424;2022-03-24T01:00:00Z
21.001;0.0;0.0;0.0;0.2425170898000033;0.5869517326;4.619799936416766;2022-03-24T02:00:00Z
27.88383333333333;0.0;0.0;0.0;-0.6115783690999592;0.5869572759;4.369732215572359;2022-03-24T03:00:00Z
32.6667;0.0;0.0;0.0;-1.3355163573999675;0.5869666934;4.247949928121529;2022-03-24T04:00:00Z
35.35;0.0;0.0;0.0;-2.055212402299958;0.5869809389;4.28771964573477;2022-03-24T05:00:00Z
28.966833333333334;0.0;0.0;38.471111111111114;-0.5307983397999578;0.5870031714;4.205718935163446;2022-03-24T06:00:00Z
18.167116666666665;0.1199999999999999;0.1199999999999999;169.44;2.798211669900013;0.5870096087;3.396278674449402;2022-03-24T07:00:00Z
29.334316666666663;30.308222222222216;25.118;321.1911111111111;6.099755859400034;0.5870243311;1.7872646713397748;2022-03-24T08:00:00Z
70.0;48.066;0.1199999999999999;457.70666666666665;8.86419067380001;0.5870782733;1.0447818619701923;2022-03-24T09:00:00Z
70.0;0.0;0.0;560.5866666666667;10.895074462900027;0.5870841742;0.8676835964304899;2022-03-24T10:00:00Z
70.0;0.0;0.0;620.0;12.837213134800038;0.5870328546;1.007407219781243;2022-03-24T11:00:00Z
66.66798333333334;0.0;0.0;630.0444444444445;14.068933105500037;0.5869860053;1.5173130559326788;2022-03-24T12:00:00Z
531.3342166666665;0.0;0.0;589.9022222222222;14.861047363300031;0.5869652033;1.9609119753751438;2022-03-24T13:00:00Z
17.001883333333335;0.0;0.0;503.5022222222222;15.1629882812;0.5869584084;2.2244270148921963;2022-03-24T14:00:00Z
70.001;0.0;0.0;379.34222222222223;15.172479248000002;0.5869589448;2.3591974185337556;2022-03-24T15:00:00Z
66.668;0.0;0.0;231.92888888888888;14.790399169900013;0.5869609118;2.8185122575110304;2022-03-24T16:00:00Z
398.66803333333326;0.0;0.0;86.91555555555556;12.419641113300031;0.5869505405;3.7923319970073703;2022-03-24T17:00:00Z
84.68385;0.0;0.0;4.1066666666666665;8.799279785200042;0.5869522691;4.730847957111664;2022-03-24T18:00:00Z
82.8168;0.0;0.0;0.0;6.150720214800003;0.5869523287;5.136312171802477;2022-03-24T19:00:00Z
86.09999999999998;0.0;0.0;0.0;4.524194335900006;0.5869554877;4.974408793847322;2022-03-24T20:00:00Z
88.11693333333332;0.0;0.0;0.0;3.194635009800038;0.5869642496;4.660801404470926;2022-03-24T21:00:00Z
185.469;0.0;0.0;0.0;2.569848632800017;0.5869538188;4.786586465905645;2022-03-24T22:00:00Z
17.61863333333333;0.0;0.0;0.0;1.990136718800045;0.5869606137;3.7950597486234976;2022-03-24T23:00:00Z
0.0;0.0;0.0;0.0;2.2318664551000325;0.5869879127;2.7919445236168037;2022-03-25T00:00:00Z
0.0;0.0;0.0;0.0;2.3109680176000325;0.5870418549;1.8207753473256454;2022-03-25T01:00:00Z
0.0;0.0;0.0;0.0;1.9709716797000283;0.587046802;0.9976791262477753;2022-03-25T02:00:00Z
0.0;0.0;0.0;0.0;1.312066650400027;0.5870283842;1.245856403014977;2022-03-25T03:00:00Z
0.0;0.0;0.0;0.0;0.26064453120000053;0.5870239139;2.1052905602575662;2022-03-25T04:00:00Z
0.0;0.0;0.0;0.0;-0.2968811034999703;0.5870411992;2.649565134277022;2022-03-25T05:00:00Z
0.0;0.0;0.0;40.16;0.40566406250002274;0.5870608091;3.0814376009035693;2022-03-25T06:00:00Z
0.0;51.617555555555555;20.119;170.02666666666667;4.480279541000016;0.5870869756;3.6057764157996095;2022-03-25T07:00:00Z
0.0;8.998888888888889;0.1199999999999999;318.0444444444444;8.4344726562;0.5870185494;3.5020091303761;2022-03-25T08:00:00Z
0.0;18.765666666666664;5.118999999999999;451.00444444444446;11.505517578100012;0.5869717002;3.1130279436045005;2022-03-25T09:00:00Z
0.0;0.0;0.0;551.04;13.930383300800031;0.5869612098;2.744710354291575;2022-03-25T10:00:00Z
0.0;0.0;0.0;608.1422222222222;14.944848632800017;0.5869526267;2.949726626912942;2022-03-25T11:00:00Z
0.0;0.0;0.0;617.2266666666667;15.709252929700028;0.5869514346;3.377121919198867;2022-03-25T12:00:00Z
0.0;0.0;0.0;577.2444444444444;16.124841308600026;0.5869556665;3.8813142969354604;2022-03-25T13:00:00Z
0.0;0.0;0.0;492.65777777777777;16.40621337890002;0.5869532228;3.810972237839487;2022-03-25T14:00:00Z
0.0;0.0;0.0;371.23555555555555;16.435998535200042;0.5869503617;3.7946230760788;2022-03-25T15:00:00Z
0.0;0.0;0.0;228.5511111111111;16.02803955080003;0.5869507194;3.9149833984895333;2022-03-25T16:00:00Z
0.0;0.0;0.0;86.73777777777778;14.74025878910004;0.5869513154;4.790930782275293;2022-03-25T17:00:00Z
0.0;0.0;0.0;4.657777777777778;11.975793457000009;0.5869560242;5.373576348634769;2022-03-25T18:00:00Z
0.0;0.0;0.0;0.0;9.71972045900003;0.586961329;5.884116552725189;2022-03-25T19:00:00Z
0.0;0.0;0.0;0.0;8.05956420900003;0.5869658589;6.167414470445267;2022-03-25T20:00:00Z
0.0;0.0;0.0;0.0;7.224694824200014;0.5869802237;5.734285484861741;2022-03-25T21:00:00Z
0.0;0.0;0.0;0.0;6.26656494140002;0.5869639516;5.391818383462081;2022-03-25T22:00:00Z
0.0;0.0;0.0;0.0;6.089257812500023;0.5869797468;5.841474944035914;2022-03-25T23:00:00Z
14.93405;0.0;0.0;0.0;5.772180175800031;0.5870007277;6.394174000558877;2022-03-26T00:00:00Z
32.317183333333325;0.0;0.0;0.0;5.394921875000023;0.5870175362;7.025919212844175;2022-03-26T01:00:00Z
26.83373333333333;0.0;0.0;0.0;5.254418945300017;0.5870259404;7.232268032032785;2022-03-26T02:00:00Z
29.05025;0.0;0.0;0.0;4.749749755900041;0.5870395303;7.254479141092281;2022-03-26T03:00:00Z
29.75023333333333;0.0;0.0;0.0;4.414392089800003;0.5870659351;7.393873400257999;2022-03-26T04:00:00Z
35.23363333333333;0.0;0.0;0.0;4.1479431152000075;0.5870922804;7.707615327217367;2022-03-26T05:00:00Z
25.55115;0.0;0.0;43.98222222222222;4.725915527300003;0.5870914459;7.987625210326828;2022-03-26T06:00:00Z
44.78426666666667;28.532444444444444;0.1199999999999999;170.8088888888889;7.199609375000023;0.5870747566;8.120921401622779;2022-03-26T07:00:00Z
23.00078333333333;10.774666666666667;5.119;320.74666666666667;9.425866699200014;0.587059617;7.034554798599548;2022-03-26T08:00:00Z
62.50075;38.29922222222221;20.119;414.24;11.227075195300017;0.5870513916;7.336123712510696;2022-03-26T09:00:00Z
61.50085;0.0;0.0;458.24;12.313867187500023;0.5870292783;6.787503894410594;2022-03-26T10:00:00Z
57.3336;0.0;0.0;419.52;12.730157470700021;0.5870446563;7.57767179952677;2022-03-26T11:00:00Z
21.168716666666665;0.0;0.0;406.6311111111111;13.028894043000037;0.587056458;8.360975168712066;2022-03-26T12:00:00Z
316.0017833333334;0.0;0.0;337.1377777777778;13.008142089800003;0.5870550871;8.396752242174006;2022-03-26T13:00:00Z
173.00158333333331;0.0;0.0;150.43555555555557;12.306909179700028;0.5870340466;7.899629853626556;2022-03-26T14:00:00Z
54.001266666666666;0.0;0.0;96.05333333333333;11.88768920900003;0.5870155096;7.290483495732712;2022-03-26T15:00:00Z
70.001;0.0;0.0;81.95555555555555;11.713555908200021;0.5869948864;6.227869327770858;2022-03-26T16:00:00Z
657.4172;0.0;0.0;25.10222222222222;11.144891357400013;0.5870037675;5.542321378150175;2022-03-26T17:00:00Z
85.16681666666666;0.0;0.0;2.1333333333333333;10.12865600590004;0.5871671438;4.691357320837172;2022-03-26T18:00:00Z
87.61695;0.0;0.0;0.0;9.14153442380001;0.5871801376;4.307871324824841;2022-03-26T19:00:00Z
90.53336666666665;0.0;0.0;0.0;7.911767578100012;0.5871878266;3.765068350261726;2022-03-26T20:00:00Z
85.48399999999998;0.0;0.0;0.0;6.862451171900034;0.5872021317;3.4647894862577577;2022-03-26T21:00:00Z
80.06879999999998;0.0;0.0;0.0;5.650292968800045;0.5872517824;3.832355731554949;2022-03-26T22:00:00Z
68.03548333333333;0.0;0.0;0.0;4.399926757800017;0.5872716904;3.3599442615832564;2022-03-26T23:00:00Z
28.583666666666662;0.0;0.0;0.0;3.510949707000009;0.5872975588;2.891787400174368;2022-03-27T00:00:00Z
29.05005;0.0;0.0;0.0;3.4076477051000325;0.5873194337;2.553100232919696;2022-03-27T01:00:00Z
27.65005;0.0;0.0;0.0;3.392480468800045;0.5874194503;2.5976697387820757;2022-03-27T02:00:00Z
28.816683333333334;0.0;0.0;0.0;2.0570312500000227;0.5875766873;2.7369933747872714;2022-03-27T03:00:00Z
30.683466666666668;0.0;0.0;0.0;0.6524291992000144;0.5876967311;3.0129502869260927;2022-03-27T04:00:00Z
29.866933333333332;0.0;0.0;0.017777777777777778;0.6812072754000269;0.5877440572;3.1696261261388674;2022-03-27T05:00:00Z
19.251116666666668;0.0;0.0;31.43111111111111;1.4861694336000255;0.5877858996;2.7534540403924908;2022-03-27T06:00:00Z
14.050516666666663;12.550444444444445;20.119;88.44444444444444;3.5494934082000213;0.5877718925;1.5899122187063304;2022-03-27T07:00:00Z
66.50018333333334;54.28122222222222;0.1199999999999999;146.3111111111111;6.256982421900034;0.5876511931;1.2244751350387688;2022-03-27T08:00:00Z
60.83425;15.214111111111109;5.119;249.04888888888888;9.470422363300031;0.587398231;1.5853299866241608;2022-03-27T09:00:00Z
68.0002;0.0;0.0;408.7288888888889;10.697534179700028;0.5872086287;1.9033387343706725;2022-03-27T10:00:00Z
70.0;0.0;0.0;541.1911111111111;12.748101806600005;0.587041378;2.205739087185519;2022-03-27T11:00:00Z
594.6679666666668;0.0;0.0;572.9955555555556;13.93654785160004;0.5869826674;2.262966791006638;2022-03-27T12:00:00Z
64.6682;0.0;0.0;578.8977777777778;14.921655273400006;0.5869578719;2.713136283912561;2022-03-27T13:00:00Z
70.001;0.0;0.0;489.92;15.309197998000002;0.5869517922;3.171468694742818;2022-03-27T14:00:00Z
66.668;0.0;0.0;385.49333333333334;15.584161377000044;0.5869508982;3.4244967362351906;2022-03-27T15:00:00Z
24.00176666666667;0.0;0.0;239.04;15.31343994140002;0.5869503617;3.530865967928345;2022-03-27T16:00:00Z
52.00118333333334;0.0;0.0;94.77333333333333;13.659387207000009;0.5869529247;4.186303152952083;2022-03-27T17:00:00Z
80.03338333333333;0.0;0.0;6.435555555555555;10.4754882812;0.5869582295;5.124659876735636;2022-03-27T18:00:00Z
37.050916666666666;0.0;0.0;0.0;8.908776855500037;0.5869603753;5.709240084258732;2022-03-27T19:00:00Z
43.75141666666667;0.0;0.0;0.0;7.803033447300038;0.5869596004;6.084212492348696;2022-03-27T20:00:00Z
62.21755;0.0;0.0;0.0;7.411218261700014;0.5869585276;6.331622329750333;2022-03-27T21:00:00Z
80.55199999999998;0.0;0.0;0.0;6.770684814500044;0.5869556665;6.491432250793626;2022-03-27T22:00:00Z
451.63455;0.0;0.0;0.0;6.412561035200042;0.5869566202;6.865327498817668;2022-03-27T23:00:00Z
26.48355;0.0;0.0;0.0;6.119653320300017;0.5869576335;7.046131326535066;2022-03-28T00:00:00Z
37.9168;0.0;0.0;0.0;5.422631835900006;0.5869574547;7.02789332299283;2022-03-28T01:00:00Z
34.416716666666666;0.0;0.0;0.0;4.852929687500023;0.5869606137;6.8249491419106;2022-03-28T02:00:00Z
36.16668333333333;0.0;0.0;0.0;4.460107421900034;0.5869901776;6.644379330627792;2022-03-28T03:00:00Z
28.23333333333333;0.0;0.0;0.0;4.370904541000016;0.5870549083;6.2578877373268265;2022-03-28T04:00:00Z
52.60041666666666;0.0;0.0;0.14222222222222222;4.121759033200021;0.587145865;6.108242689128114;2022-03-28T05:00:00Z
55.6176;0.0;0.0;45.47555555555556;4.560693359400034;0.5871595144;5.867336526768886;2022-03-28T06:00:00Z
70.88375;35.635555555555555;0.1199999999999999;173.36888888888888;6.084680175800031;0.5871358514;4.982509465361332;2022-03-28T07:00:00Z
65.6671;16.101999999999997;0.1199999999999999;303.73333333333335;7.567468261700014;0.5870776176;4.843542173678037;2022-03-28T08:00:00Z
65.6671;24.093;25.118;458.50666666666666;9.316857910200042;0.5870186687;4.7266216153411955;2022-03-28T09:00:00Z
69.3334;0.0;0.0;568.1066666666667;11.849450683600026;0.5874831676;4.5079104090301545;2022-03-28T10:00:00Z
66.66706666666667;0.0;0.0;634.3111111111111;13.45113525390002;0.58751899;5.02853855278672;2022-03-28T11:00:00Z
64.83485;0.0;0.0;638.8266666666667;14.644250488300031;0.5875681639;5.7767464693659845;2022-03-28T12:00:00Z
67.6679;0.0;0.0;599.3066666666666;15.542535400400027;0.5875492096;5.724931163111972;2022-03-28T13:00:00Z
551.8340000000001;0.0;0.0;508.3911111111111;16.048242187500023;0.5875034928;5.42317790593931;2022-03-28T14:00:00Z
70.001;0.0;0.0;388.2311111111111;15.933007812500023;0.5874721408;5.523007796743776;2022-03-28T15:00:00Z
54.001266666666666;0.0;0.0;243.73333333333332;15.328759765600012;0.5873521566;5.651942484864614;2022-03-28T16:00:00Z
560.0013333333333;0.0;0.0;97.58222222222223;13.700585937500023;0.5872904062;6.251428846144374;2022-03-28T17:00:00Z
73.48383333333331;0.0;0.0;7.342222222222222;11.008447265600012;0.5872608423;6.450257794596426;2022-03-28T18:00:00Z
77.81753333333333;0.0;0.0;0.0;9.58107910160004;0.587230444;6.377903649922186;2022-03-28T19:00:00Z
48.3677;0.0;0.0;0.0;8.511376953100012;0.5875416994;6.28473646690896;2022-03-28T20:00:00Z
33.267916666666665;0.0;0.0;0.0;7.925256347700042;0.588670373;6.497830255330371;2022-03-28T21:00:00Z
23.402833333333334;0.0;0.0;0.0;7.302087402300003;0.5903108716;6.298817310095613;2022-03-28T22:00:00Z
19.453166666666668;0.0;0.0;0.0;6.650109863300031;0.5914048553;6.6348729317666875;2022-03-28T23:00:00Z
28.350283333333334;0.0;0.0;0.0;6.052819824200014;0.5922573805;6.412381948326171;2022-03-29T00:00:00Z
31.2668;0.0;0.0;0.0;5.695336914100039;0.5927471519;6.209790209353681;2022-03-29T01:00:00Z
28.46713333333333;0.0;0.0;0.0;5.642938232400013;0.5927964449;5.6849965452468;2022-03-29T02:00:00Z
29.283666666666665;0.0;0.0;0.0;5.5389038086000255;0.5926735997;5.522348815316789;2022-03-29T03:00:00Z
40.133333333333326;0.0;0.0;0.0;5.28609619140002;0.5925365686;5.674875809582043;2022-03-29T04:00:00Z
33.71725;0.0;0.0;0.16;5.076196289100039;0.5923782587;5.71440938349571;2022-03-29T05:00:00Z
23.10143333333333;0.0;0.0;16.142222222222223;5.003503418000037;0.5920261145;6.616967053870647;2022-03-29T06:00:00Z
16.517850000000003;23.20511111111111;0.1199999999999999;75.41333333333333;5.303247070300017;0.5910571218;6.123247401151782;2022-03-29T07:00:00Z
60.000816666666665;20.541444444444444;20.119;153.92;5.637414550800031;0.5899701118;5.722491817888013;2022-03-29T08:00:00Z
60.001;35.635555555555555;5.118999999999999;178.11555555555555;6.311059570300017;0.5889553428;5.550935291947883;2022-03-29T09:00:00Z
63.6673;0.0;0.0;290.6488888888889;6.752587890600012;0.5880221725;5.3961586169098865;2022-03-29T10:00:00Z
62.0008;0.0;0.0;382.0444444444444;7.781579589800003;0.5873596072;6.047604874114016;2022-03-29T11:00:00Z
67.83441666666667;0.0;0.0;534.0977777777778;9.342309570300017;0.5871102214;6.333243597495628;2022-03-29T12:00:00Z
59.0016;0.0;0.0;531.2177777777778;10.093530273400006;0.5870422125;6.7801378651651465;2022-03-29T13:00:00Z
253.00191666666663;0.0;0.0;400.4266666666667;10.446527099600019;0.5870318413;7.273184890179919;2022-03-29T14:00:00Z
517.0008499999999;0.0;0.0;280.99555555555554;10.544610595700021;0.5870120525;7.16170097865798;2022-03-29T15:00:00Z
70.001;0.0;0.0;170.98666666666668;10.188134765600012;0.5869840384;6.652790965707662;2022-03-29T16:00:00Z
394.25073333333336;0.0;0.0;77.31555555555556;9.26857910160004;0.5869588256;5.8450971465404225;2022-03-29T17:00:00Z
91.00040000000001;0.0;0.0;6.542222222222223;8.075738525400027;0.5869501829;5.000698984747977;2022-03-29T18:00:00Z
91.0;0.0;0.0;0.0;6.771813964800003;0.5869508386;4.774400031528232;2022-03-29T19:00:00Z
59.01728333333333;0.0;0.0;0.0;5.213983154300024;0.5869506001;4.556276281542916;2022-03-29T20:00:00Z
29.48443333333333;0.0;0.0;0.0;3.6814819336000255;0.586951375;4.2900234255501255;2022-03-29T21:00:00Z
26.26905;0.0;0.0;0.0;3.230218505900041;0.5869637728;3.546877061207724;2022-03-29T22:00:00Z
15.002183333333331;0.0;0.0;0.0;2.475396728500016;0.5869625807;3.5306255143813146;2022-03-29T23:00:00Z
31.73385;0.0;0.0;0.0;1.5332275391000394;0.5869615674;3.7333155095973067;2022-03-30T00:00:00Z
26.60023333333333;0.0;0.0;0.0;0.9573608398000033;0.5869631767;3.660900250147355;2022-03-30T01:00:00Z
28.0;0.0;0.0;0.0;0.6641174316000047;0.5869624615;3.5093570043582543;2022-03-30T02:00:00Z
28.0;0.0;0.0;0.0;0.6526733398000033;0.5869677067;3.193414805491999;2022-03-30T03:00:00Z
26.6002;0.0;0.0;0.0;0.7135253906000116;0.5869727135;3.309555742073838;2022-03-30T04:00:00Z
26.01703333333333;0.0;0.0;0.5333333333333333;1.133508300800031;0.5869926214;3.5661766423285632;2022-03-30T05:00:00Z
38.517666666666656;0.0;0.0;50.11555555555555;1.6598144531000116;0.5870088935;3.447951674903975;2022-03-30T06:00:00Z
7.234516666666666;37.41133333333333;5.119;188.85333333333332;3.5577026367000144;0.5869914889;2.525491347872022;2022-03-30T07:00:00Z
51.16705;17.877777777777776;20.119;264.6222222222222;5.197717285200042;0.5869737267;2.5110639756598525;2022-03-30T08:00:00Z
70.0;22.31722222222222;0.1199999999999999;322.50666666666666;6.413293457000009;0.5869580507;2.94724040498653;2022-03-30T09:00:00Z
70.0;0.0;0.0;553.76;7.561303710900006;0.5869640708;2.241762463120558;2022-03-30T10:00:00Z
39.83435;0.0;0.0;580.7644444444444;8.276452636700014;0.5869615674;2.292196551857038;2022-03-30T11:00:00Z
23.6681;0.0;0.0;472.67555555555555;8.582391357400013;0.5871617198;3.069761099196635;2022-03-30T12:00:00Z
201.33501666666663;0.0;0.0;302.9866666666667;8.472863769500009;0.5872298479;3.261111278387525;2022-03-30T13:00:00Z
788.0007833333332;0.0;0.0;222.54222222222222;8.16994628910004;0.5871703625;3.7845622731500397;2022-03-30T14:00:00Z
119.1677;0.0;0.0;151.37777777777777;7.779504394500009;0.5870625377;4.245096845532028;2022-03-30T15:00:00Z
60.002;0.0;0.0;92.30222222222223;7.2562805176000325;0.5870144367;4.406216646305254;2022-03-30T16:00:00Z
71.56781666666666;0.0;0.0;46.897777777777776;6.63863525390002;0.5869930983;4.576233573457189;2022-03-30T17:00:00Z
84.234;0.0;0.0;7.395555555555555;5.357019043000037;0.5869857073;5.1274304223407565;2022-03-30T18:00:00Z
86.56701666666666;0.0;0.0;0.0;4.606011962900027;0.5869835019;5.52655918257272;2022-03-30T19:00:00Z
83.7671;0.0;0.0;0.0;3.8377319336000255;0.5869831443;6.044838460289967;2022-03-30T20:00:00Z
66.0672;0.0;0.0;0.0;3.3778015137000352;0.5869863033;6.630947464860211;2022-03-30T21:00:00Z
22.23603333333333;0.0;0.0;0.0;3.205590820300017;0.5869963765;7.445935587008205;2022-03-30T22:00:00Z
8.284966666666666;0.0;0.0;0.0;2.714624023400006;0.5869910121;7.282417243346709;2022-03-30T23:00:00Z
26.7168;0.0;0.0;0.0;2.2190185547000283;0.5869861841;7.063489066422579;2022-03-31T00:00:00Z
34.88336666666667;0.0;0.0;0.0;1.5845581055000366;0.5869786143;7.062003306263681;2022-03-31T01:00:00Z
33.71686666666667;0.0;0.0;0.0;0.8395629883000311;0.5869860649;7.139749915311584;2022-03-31T02:00:00Z
41.41668333333333;0.0;0.0;0.0;0.0496154785000158;0.5869864225;7.1952385024130985;2022-03-31T03:00:00Z
41.066733333333325;0.0;0.0;0.0;-0.7098449706999759;0.5869853497;7.179492643477281;2022-03-31T04:00:00Z
39.9003;0.0;0.0;1.12;-1.1899780272999578;0.5869822502;7.353217149443749;2022-03-31T05:00:00Z
76.51701666666665;0.0;0.0;62.29333333333334;-0.896124267599987;0.5870030522;7.051360648121287;2022-03-31T06:00:00Z
63.883533333333325;24.980888888888888;0.1199999999999999;102.1511111111111;0.09914550780001719;0.5870252848;7.396046222101789;2022-03-31T07:00:00Z
56.000316666666656;41.85077777777778;5.119;230.68444444444444;1.5333496094000338;0.5870341063;7.492091059237389;2022-03-31T08:00:00Z
67.3336;14.326222222222222;20.119;363.3955555555556;3.093560791000016;0.5870386958;7.577538277432995;2022-03-31T09:00:00Z
68.3335;0.0;0.0;410.09777777777776;3.6730285645000436;0.5870232582;7.152797605057273;2022-03-31T10:00:00Z
59.33415;0.0;0.0;402.4533333333333;4.542138671900034;0.5870138407;6.751178681840585;2022-03-31T11:00:00Z
49.00096666666667;0.0;0.0;369.97333333333336;5.199273681600005;0.5870446563;7.175728032117676;2022-03-31T12:00:00Z
103.66815;0.0;0.0;288.16;5.804254150400027;0.5870565772;7.404489168875102;2022-03-31T13:00:00Z
54.168;0.0;0.0;246.52444444444444;5.991387939500044;0.5870651007;8.063510499734031;2022-03-31T14:00:00Z
37.668233333333326;0.0;0.0;181.67111111111112;6.125634765600012;0.58706671;8.903478164945659;2022-03-31T15:00:00Z
100.6682;0.0;0.0;116.67555555555556;5.898706054700028;0.5870319605;8.797226523481534;2022-03-31T16:00:00Z
573.6673333333333;0.0;0.0;60.24888888888889;5.560296630900041;0.587030828;8.777720231491145;2022-03-31T17:00:00Z
82.95003333333332;0.0;0.0;6.168888888888889;5.119836425800031;0.5870305896;8.977185186281927;2022-03-31T18:00:00Z
74.0004;0.0;0.0;0.0;4.811639404300024;0.5870432854;9.481159779207859;2022-03-31T19:00:00Z
83.70015;0.0;0.0;0.0;4.367395019500009;0.5870603919;10.060965028575982;2022-03-31T20:00:00Z
61.38393333333333;0.0;0.0;0.0;3.9815307617000144;0.5870714188;10.378498053701824;2022-03-31T21:00:00Z
72.33501666666666;0.0;0.0;0.0;3.6524291992000144;0.5870334506;9.90024031130876;2022-03-31T22:00:00Z
211.9178833333333;0.0;0.0;0.0;3.3066650391000394;0.5870662928;9.684833296613203;2022-03-31T23:00:00Z
0.0;0.0;0.0;0.0;2.8444152832000213;0.5870584249;9.44648014270666;2022-04-01T00:00:00Z
0.0;0.0;0.0;0.0;2.3172851562000005;0.5870831013;9.552618215118128;2022-04-01T01:00:00Z
0.0;0.0;0.0;0.0;1.8373657227000422;0.5871015787;9.4746164536437;2022-04-01T02:00:00Z
0.0;0.0;0.0;0.0;1.527062988300031;0.587092936;9.189091709328709;2022-04-01T03:00:00Z
0.0;0.0;0.0;0.0;1.1812988281000116;0.5870975852;8.819387505070743;2022-04-01T04:00:00Z
0.0;0.0;0.0;0.6577777777777778;0.9856811523000033;0.5871139169;9.73901236856723;2022-04-01T05:00:00Z
0.0;0.0;0.0;27.893333333333334;1.0187622070000089;0.5870868564;9.276847321851902;2022-04-01T06:00:00Z
0.0;26.756666666666668;0.1199999999999999;145.51111111111112;1.5110717773000033;0.5871245265;9.61689233996213;2022-04-01T07:00:00Z
0.0;10.774666666666667;20.119;166.48888888888888;2.354028320300017;0.5871395469;9.766399994892456;2022-04-01T08:00:00Z
0.0;43.62655555555556;5.119;234.50666666666666;3.460168457000009;0.5871528387;9.8849956051778;2022-04-01T09:00:00Z
0.0;0.0;0.0;354.6311111111111;4.731896972700042;0.5871011615;9.748391875363264;2022-04-01T10:00:00Z
0.0;0.0;0.0;493.92;6.02633056640002;0.5870988965;9.765521850660077;2022-04-01T11:00:00Z
0.0;0.0;0.0;538.6488888888889;6.7098632812000005;0.5870856047;9.519268805851901;2022-04-01T12:00:00Z
0.0;0.0;0.0;508.58666666666664;6.904321289100039;0.5870690942;9.137524802717664;2022-04-01T13:00:00Z
0.0;0.0;0.0;450.84444444444443;6.9900756836000255;0.5870701075;9.075406876450925;2022-04-01T14:00:00Z
0.0;0.0;0.0;320.12444444444446;6.806695556600005;0.5870661736;9.248382981817233;2022-04-01T15:00:00Z
0.0;0.0;0.0;187.89333333333335;6.473779296900034;0.587046206;9.254538829061453;2022-04-01T16:00:00Z
0.0;0.0;0.0;77.29777777777778;5.599847412100019;0.5870392919;9.352557488991584;2022-04-01T17:00:00Z
0.0;0.0;0.0;9.884444444444444;4.518151855500037;0.5870594382;10.137352783952037;2022-04-01T18:00:00Z
0.0;0.0;0.0;0.0;3.6688781738000102;0.5870714188;10.563086634147158;2022-04-01T19:00:00Z
0.0;0.0;0.0;0.0;2.8201538086000255;0.5870643854;10.36280570773553;2022-04-01T20:00:00Z
0.0;0.0;0.0;0.0;1.9727416992000144;0.5870590806;10.092437930957958;2022-04-01T21:00:00Z
0.0;0.0;0.0;0.0;1.0912719727000422;0.5870541334;9.681415176485933;2022-04-01T22:00:00Z
0.0;0.0;0.0;0.0;0.5480590820000089;0.587032795;9.073666241365439;2022-04-01T23:00:00Z
21.000216666666663;0.0;0.0;0.0;0.004541015600011633;0.5870211124;8.682997498133194;2022-04-02T00:00:00Z
30.800033333333328;0.0;0.0;0.0;-0.3209594726999967;0.5870127678;8.395307199563474;2022-04-02T01:00:00Z
24.967116666666666;0.0;0.0;0.0;-0.49561157229999253;0.5870062709;8.251270969441254;2022-04-02T02:00:00Z
27.18365;0.0;0.0;0.0;-0.5314086913999745;0.5870064497;8.278399412229025;2022-04-02T03:00:00Z
31.38345;0.0;0.0;0.0;-0.65531005859998;0.5870034695;8.270801665916526;2022-04-02T04:00:00Z
41.08371666666667;0.0;0.0;2.1866666666666665;-0.5389160155999662;0.5870023966;8.134782202790571;2022-04-02T05:00:00Z
86.51716666666665;0.0;0.0;65.56444444444445;0.36074218750002274;0.5869783163;7.940235082951388;2022-04-02T06:00:00Z
56.10043333333333;4.559444444444444;0.1199999999999999;155.7511111111111;1.7393432617000144;0.5870390534;7.916605942756672;2022-04-02T07:00:00Z
65.16715;31.196111111111108;25.118;257.76;2.8000732422000283;0.5870844126;9.46809703753552;2022-04-02T08:00:00Z
27.00113333333333;40.075;0.1199999999999999;326.8622222222222;3.9795776367000144;0.5870934725;9.39456199773905;2022-04-02T09:00:00Z
58.833533333333335;0.0;0.0;383.87555555555554;4.4949584961000255;0.5870839953;8.236741096361712;2022-04-02T10:00:00Z
54.66728333333334;0.0;0.0;388.16;4.9985290527000075;0.5871025324;8.678670922614247;2022-04-02T11:00:00Z
340.33506666666665;0.0;0.0;457.24444444444447;5.551782226600039;0.5871475935;8.947621320100245;2022-04-02T12:00:00Z
98.16845;0.0;0.0;370.82666666666665;5.301782226600039;0.587174952;9.448815979227438;2022-04-02T13:00:00Z
159.83531666666664;0.0;0.0;290.08;5.0952087402000075;0.5871382356;9.474163902957502;2022-04-02T14:00:00Z
39.00151666666667;0.0;0.0;187.98222222222222;4.592980957000009;0.5870950222;9.280322452440634;2022-04-02T15:00:00Z
736.6669999999998;0.0;0.0;118.41777777777777;4.094934082000009;0.587074101;9.20866700136393;2022-04-02T16:00:00Z
39.401333333333326;0.0;0.0;56.906666666666666;3.3586364746000186;0.5870525241;8.736065681144161;2022-04-02T17:00:00Z
79.7172;0.0;0.0;9.671111111111111;2.4996582031000116;0.5870389342;8.579076965415835;2022-04-02T18:00:00Z
81.08408333333331;0.0;0.0;0.0;1.444116210900006;0.5870171785;8.021597157903818;2022-04-02T19:00:00Z
82.58401666666667;0.0;0.0;0.0;0.5832153320000089;0.5869987011;7.335899452590581;2022-04-02T20:00:00Z
66.30071666666667;0.0;0.0;0.0;-0.09253540039998143;0.5869826674;6.717839107227753;2022-04-02T21:00:00Z
45.50176666666666;0.0;0.0;0.0;-1.1816467284999703;0.586961627;6.320138306787015;2022-04-02T22:00:00Z
10.151583333333331;0.0;0.0;0.0;-1.9256042479999564;0.5869556665;6.058397414036111;2022-04-02T23:00:00Z
35.466883333333335;0.0;0.0;0.0;-2.716680908199976;0.5869526267;5.836126536839384;2022-04-03T00:00:00Z
35.4668;0.0;0.0;0.0;-3.102758789099994;0.5869522095;5.752893323438018;2022-04-03T01:00:00Z
34.5334;0.0;0.0;0.0;-3.69046630859998;0.5869511962;5.392779737406804;2022-04-03T02:00:00Z
33.8334;0.0;0.0;0.0;-3.7225708007999856;0.586951077;5.121009920547281;2022-04-03T03:00:00Z
29.2835;0.0;0.0;0.0;-3.8347229003999814;0.5869510174;5.259445821675512;2022-04-03T04:00:00Z
37.566783333333326;0.0;0.0;3.0933333333333333;-3.3375610351999967;0.5869508386;5.425477310626747;2022-04-03T05:00:00Z
29.8669;0.0;0.0;80.8;-1.7660888671999828;0.5869513154;5.3729957936602775;2022-04-03T06:00:00Z
4.43425;6.335222222222222;20.119;200.7111111111111;0.10659179690003384;0.5869566202;4.302254063541013;2022-04-03T07:00:00Z
6.001366666666667;39.187111111111115;0.1199999999999999;364.9422222222222;2.199731445300017;0.5869652629;4.419865939607029;2022-04-03T08:00:00Z
67.00005;36.52344444444444;5.119;516.8;3.8328491211000255;0.5869799256;4.967798383746713;2022-04-03T09:00:00Z
68.50015;0.0;0.0;565.6888888888889;4.302209472700042;0.5869790912;5.2617675236235435;2022-04-03T10:00:00Z
64.16725;0.0;0.0;431.5733333333333;5.0034118652000075;0.5870100856;5.62424948015965;2022-04-03T11:00:00Z
93.66805;0.0;0.0;357.4222222222222;5.483117675800031;0.5870607495;5.881436004788309;2022-04-03T12:00:00Z
68.50115;0.0;0.0;366.8088888888889;5.8982788086000255;0.5870417356;6.238794062429756;2022-04-03T13:00:00Z
362.6681;0.0;0.0;300.9422222222222;6.149926757800017;0.5870222449;6.204595324065607;2022-04-03T14:00:00Z
67.0013;0.0;0.0;283.96444444444444;6.621301269500009;0.5870512724;6.757732696282228;2022-04-03T15:00:00Z
748.33415;0.0;0.0;233.40444444444444;6.039392089800003;0.5874664187;6.203144053685117;2022-04-03T16:00:00Z
63.0017;0.0;0.0;100.08888888888889;5.354028320300017;0.5875490904;5.824994753290295;2022-04-03T17:00:00Z
126.6505;0.0;0.0;12.71111111111111;4.228723144500009;0.5875788331;6.7474967069731555;2022-04-03T18:00:00Z
48.101;0.0;0.0;0.0;3.6777282715000297;0.5876148939;7.57416459102891;2022-04-03T19:00:00Z
30.7677;0.0;0.0;0.0;3.2099853516000394;0.5876546502;8.174343879608271;2022-04-03T20:00:00Z
59.2678;0.0;0.0;0.0;2.8062988281000116;0.587734282;8.610907455399223;2022-04-03T21:00:00Z
74.9179;0.0;0.0;0.0;2.898736572300038;0.5915811062;8.206894427489006;2022-04-03T22:00:00Z
115.06855;0.0;0.0;0.0;2.526147460900006;0.5918361545;8.003475567713627;2022-04-03T23:00:00Z
38.267083333333325;0.0;0.0;0.0;1.882714843800045;0.5919734836;7.969234438561995;2022-04-04T00:00:00Z
41.5334;0.0;0.0;0.0;1.4689575195000089;0.5921420455;8.475843728864291;2022-04-04T01:00:00Z
41.41675;0.0;0.0;0.0;1.2871032715000297;0.592269063;8.808475891592485;2022-04-04T02:00:00Z
42.81675;0.0;0.0;0.0;1.0451293945000089;0.5922870636;8.993625718412641;2022-04-04T03:00:00Z
45.733383333333336;0.0;0.0;0.0;0.8609252930000366;0.5922955275;9.118068099814037;2022-04-04T04:00:00Z
33.350783333333325;0.0;0.0;3.6622222222222223;0.8388916016000394;0.5921894908;9.199209123553832;2022-04-04T05:00:00Z
34.234449999999995;0.0;0.0;69.72444444444444;1.6658569336000255;0.5917189121;9.443942602918339;2022-04-04T06:00:00Z
15.500416666666666;48.066;20.119;207.09333333333333;3.138146972700042;0.5907131433;9.032400211474362;2022-04-04T07:00:00Z
48.00035;19.653555555555553;0.1199999999999999;314.4888888888889;4.695764160200042;0.5891850591;10.26020279287977;2022-04-04T08:00:00Z
70.0;13.438333333333333;5.119;391.85777777777776;5.899072265600012;0.5880047679;11.191402674745584;2022-04-04T09:00:00Z
67.50025;0.0;0.0;418.0444444444444;6.459069824200014;0.5873855948;12.043965223596636;2022-04-04T10:00:00Z
67.00058333333334;0.0;0.0;413.4222222222222;7.160424804700028;0.5872426033;12.948019139169919;2022-04-04T11:00:00Z
47.66815;0.0;0.0;300.4977777777778;6.9305664062000005;0.5872887373;15.224079404778026;2022-04-04T12:00:00Z
814.5007833333334;0.0;0.0;226.24;5.553399658200021;0.5879788995;14.939732725503074;2022-04-04T13:00:00Z
103.00139999999998;0.0;0.0;100.0;3.657006835900006;0.5897068381;15.076312454515408;2022-04-04T14:00:00Z
29.33515;0.0;0.0;62.791111111111114;2.696740722700042;0.5922237635;14.758782529485028;2022-04-04T15:00:00Z
45.16815;0.0;0.0;47.57333333333333;2.939904785200042;0.5931597948;15.381640675332754;2022-04-04T16:00:00Z
37.90176666666667;0.0;0.0;20.017777777777777;3.1404663086000255;0.5932482481;15.177225351162356;2022-04-04T17:00:00Z
76.35073333333332;0.0;0.0;2.7555555555555555;3.362756347700042;0.5932374597;14.34063971058072;2022-04-04T18:00:00Z
53.9177;0.0;0.0;0.0;3.8487182617000144;0.5932108164;14.564846602615866;2022-04-04T19:00:00Z
62.900633333333325;0.0;0.0;0.0;4.395593261700014;0.5932222605;14.66409790067403;2022-04-04T20:00:00Z
155.66795;0.0;0.0;0.0;5.0360351562000005;0.5930430889;14.062599979482075;2022-04-04T21:00:00Z
206.28471666666664;0.0;0.0;0.0;5.503930664100039;0.5930083394;12.843206101052976;2022-04-04T22:00:00Z
51.63535;0.0;0.0;0.0;5.734033203100012;0.5930054784;12.043898388296906;2022-04-04T23:00:00Z
28.1169;0.0;0.0;0.0;5.918115234400034;0.5930919051;11.715868295301236;2022-04-05T00:00:00Z
31.616866666666663;0.0;0.0;0.0;5.993707275400027;0.593084991;11.390321389320455;2022-04-05T01:00:00Z
27.416916666666665;0.0;0.0;0.0;5.733789062500023;0.5928807259;10.890211508909466;2022-04-05T02:00:00Z
27.76685;0.0;0.0;0.0;5.256036377000044;0.5926261544;9.491001962507688;2022-04-05T03:00:00Z
32.550216666666664;0.0;0.0;0.0;4.8110290527000075;0.5929256678;8.868575103953694;2022-04-05T04:00:00Z
28.00018333333333;0.0;0.0;3.3777777777777778;4.496301269500009;0.5930368304;8.187157329256323;2022-04-05T05:00:00Z
25.31785;0.0;0.0;50.897777777777776;4.7674194336000255;0.5930587053;8.95381742703717;2022-04-05T06:00:00Z
50.15121666666667;0.1199999999999999;5.119;59.53777777777778;5.2517944336000255;0.5928400159;8.2358902783604;2022-04-05T07:00:00Z
50.00116666666666;37.41133333333333;0.1199999999999999;284.16;5.995141601600039;0.5914236903;8.512220432297298;2022-04-05T08:00:00Z
56.00073333333333;42.73866666666667;20.119;405.4577777777778;6.796624755900041;0.5896269679;9.841562979009945;2022-04-05T09:00:00Z
44.000433333333326;0.0;0.0;344.9066666666667;7.314141845700021;0.5879852772;8.370700133621645;2022-04-05T10:00:00Z
50.16745;0.0;0.0;373.76;7.624658203100012;0.5875164866;8.670155992366125;2022-04-05T11:00:00Z
61.83465;0.0;0.0;403.04;8.564263916000016;0.5872091651;8.761734352897959;2022-04-05T12:00:00Z
58.0012;0.0;0.0;287.43111111111114;8.189538574200014;0.5871146917;9.35089016322777;2022-04-05T13:00:00Z
340.0012;0.0;0.0;150.2577777777778;7.7469726562000005;0.5873006582;9.645107562940572;2022-04-05T14:00:00Z
379.3344;0.0;0.0;239.96444444444444;8.169824218800045;0.5885131955;6.906712617647548;2022-04-05T15:00:00Z
232.3345;0.0;0.0;105.2088888888889;7.941949462900027;0.5924637914;5.961848521551826;2022-04-05T16:00:00Z
34.33501666666667;0.0;0.0;56.23111111111111;7.610375976600039;0.5929991007;6.2730590575273535;2022-04-05T17:00:00Z
62.6843;0.0;0.0;9.457777777777778;6.703393554700028;0.5929942131;5.998049841995636;2022-04-05T18:00:00Z
82.48346666666667;0.0;0.0;0.0;6.438104248000002;0.5930047631;6.524694385398009;2022-04-05T19:00:00Z
80.16675;0.0;0.0;0.0;6.441979980500037;0.5930123925;7.704146097311565;2022-04-05T20:00:00Z
86.18341666666667;0.0;0.0;0.0;6.759088134800038;0.5928572416;7.642380598597535;2022-04-05T21:00:00Z
269.5678;0.0;0.0;0.0;7.177331543000037;0.5930064917;5.728790916253723;2022-04-05T22:00:00Z
44.4522;0.0;0.0;0.0;7.075524902300003;0.5930046439;5.528195695177251;2022-04-05T23:00:00Z
31.500216666666663;0.0;0.0;0.0;7.254602050800031;0.5930140615;6.580396719799945;2022-04-06T00:00:00Z
30.800166666666662;0.0;0.0;0.0;7.731103515600012;0.5930579305;8.487611336266374;2022-04-06T01:00:00Z
37.8003;0.0;0.0;0.0;8.488549804700028;0.5930546522;9.398915814302862;2022-04-06T02:00:00Z
36.40005;0.0;0.0;0.0;8.814355468800045;0.5928980708;10.732084725812655;2022-04-06T03:00:00Z
33.6002;0.0;0.0;0.0;8.540246582000009;0.5930983424;10.647425723954955;2022-04-06T04:00:00Z
30.21698333333333;0.0;0.0;3.1822222222222223;8.390954589800003;0.5930741429;9.70223010097655;2022-04-06T05:00:00Z
20.650183333333327;0.0;0.0;24.124444444444446;8.693933105500037;0.5930336118;9.47768769813501;2022-04-06T06:00:00Z
6.65005;59.608555555555554;25.118;63.413333333333334;9.24602661130001;0.5924879313;9.661539855706215;2022-04-06T07:00:00Z
49.83365;5.447333333333333;0.1199999999999999;205.63555555555556;10.059716796900034;0.5908899903;9.176837412426659;2022-04-06T08:00:00Z
66.00015;15.21411111111111;0.1199999999999999;206.52444444444444;10.837518310500002;0.588821888;12.282448207066668;2022-04-06T09:00:00Z
57.00021666666667;0.0;0.0;339.94666666666666;11.615502929700028;0.589038372;10.34302414158563;2022-04-06T10:00:00Z
22.66765;0.0;0.0;296.1777777777778;11.644342041000016;0.5888006687;10.07861772156686;2022-04-06T11:00:00Z
146.33516666666668;0.0;0.0;351.0933333333333;11.980859375000023;0.5882992744;9.252024141197454;2022-04-06T12:00:00Z
44.50155;0.0;0.0;273.5466666666667;12.196557617200028;0.5877559185;9.158090757962833;2022-04-06T13:00:00Z
65.33493333333334;0.0;0.0;235.04;12.409692382800017;0.5873569846;10.068476975619125;2022-04-06T14:00:00Z
294.33425;0.0;0.0;178.36444444444444;12.514489746100026;0.5871407986;9.060625493785503;2022-04-06T15:00:00Z
453.33395;0.0;0.0;103.05777777777777;12.121942138700035;0.5870643258;8.327465388960949;2022-04-06T16:00:00Z
107.85128333333331;0.0;0.0;54.257777777777775;11.696984863300031;0.5870320797;8.253814077768656;2022-04-06T17:00:00Z
76.45078333333333;0.0;0.0;9.493333333333334;11.104119873000002;0.5870202184;8.357249380940424;2022-04-06T18:00:00Z
93.58338333333332;0.0;0.0;0.0;10.778436279300024;0.5870164037;8.502593676593282;2022-04-06T19:00:00Z
94.50001666666665;0.0;0.0;0.0;10.5536132812;0.5870208144;8.857692743394898;2022-04-06T20:00:00Z
75.25064999999998;0.0;0.0;0.0;10.41890869140002;0.587018609;8.922410794509695;2022-04-06T21:00:00Z
208.93448333333328;0.0;0.0;0.0;10.163507080100032;0.5888658762;9.411118522398496;2022-04-06T22:00:00Z
38.48513333333333;0.0;0.0;0.0;9.967248535200042;0.5889044404;9.677973447720438;2022-04-06T23:00:00Z
22.9836;0.0;0.0;0.0;9.602929687500023;0.588886559;9.617204347821689;2022-04-07T00:00:00Z
30.917483333333333;0.0;0.0;0.0;9.327844238300031;0.5885683894;9.535438664826772;2022-04-07T01:00:00Z
32.66746666666667;0.0;0.0;0.0;8.918359375000023;0.5883635879;9.811491810258532;2022-04-07T02:00:00Z
35.583433333333325;0.0;0.0;0.0;8.636529541000016;0.5881780982;9.994203267413534;2022-04-07T03:00:00Z
33.833416666666665;0.0;0.0;0.0;8.372216796900034;0.5880206823;10.02904585913129;2022-04-07T04:00:00Z
34.3001;0.0;0.0;5.475555555555555;8.751733398400006;0.5916105509;10.524053816086848;2022-04-07T05:00:00Z
25.7838;0.0;0.0;75.55555555555556;9.878442382800017;0.5912328959;11.107802379348783;2022-04-07T06:00:00Z
47.91771666666667;34.74766666666667;0.1199999999999999;149.17333333333335;10.944055175800031;0.5896397233;11.37740477217913;2022-04-07T07:00:00Z
66.00006666666667;36.52344444444444;20.119;270.50666666666666;12.096337890600012;0.5883743167;12.695695959272435;2022-04-07T08:00:00Z
45.000416666666666;8.998888888888889;5.119;353.49333333333334;13.651757812500023;0.5877439976;13.946073631559946;2022-04-07T09:00:00Z
67.16678333333334;0.0;0.0;470.3288888888889;13.643823242200028;0.5892213583;12.159979801303004;2022-04-07T10:00:00Z
67.3336;0.0;0.0;464.5511111111111;13.74797973630001;0.5880054235;12.581904754877025;2022-04-07T11:00:00Z
68.16741666666667;0.0;0.0;143.11111111111111;11.679498291000016;0.5876768231;14.113690920381009;2022-04-07T12:00:00Z
53.50173333333333;0.0;0.0;154.86222222222221;11.155969238300031;0.591461122;15.066308385345307;2022-04-07T13:00:00Z
69.0011;0.0;0.0;189.9911111111111;11.518029785200042;0.5932235122;14.884485253555715;2022-04-07T14:00:00Z
249.3342166666667;0.0;0.0;62.08;9.569940185500002;0.5931904316;13.578991620311925;2022-04-07T15:00:00Z
43.00145;0.0;0.0;35.25333333333333;8.643334960900006;0.5920653343;13.216036722050108;2022-04-07T16:00:00Z
160.45091666666667;0.0;0.0;101.83111111111111;8.321954345700021;0.5900055766;11.673077482500329;2022-04-07T17:00:00Z
86.20003333333332;0.0;0.0;23.395555555555557;7.818566894500009;0.5890327096;10.810035565688933;2022-04-07T18:00:00Z
80.6843;0.0;0.0;0.0;7.9226928711000255;0.5885536671;11.579961406519494;2022-04-07T19:00:00Z
84.56706666666668;0.0;0.0;0.0;7.662805175800031;0.5885913968;12.247600409074945;2022-04-07T20:00:00Z
83.80071666666667;0.0;0.0;0.0;7.186700439500044;0.5884719491;13.424574701785446;2022-04-07T21:00:00Z
680.4339833333332;0.0;0.0;0.0;6.9672790527000075;0.589728713;13.499509241855725;2022-04-07T22:00:00Z
261.501;0.0;0.0;0.0;6.829614257800017;0.5898840427;14.044643726275117;2022-04-07T23:00:00Z
0.0;0.0;0.0;0.0;6.724694824200014;0.5901241302;14.977523209154349;2022-04-08T00:00:00Z
0.0;0.0;0.0;0.0;6.5008789062000005;0.5900994539;14.730196042192029;2022-04-08T01:00:00Z
0.0;0.0;0.0;0.0;6.585595703100012;0.5892188549;13.744522636673794;2022-04-08T02:00:00Z
0.0;0.0;0.0;0.0;6.365014648400006;0.5886343718;12.824131503305797;2022-04-08T03:00:00Z
0.0;0.0;0.0;0.0;6.042993164100039;0.5888403654;11.698117518365597;2022-04-08T04:00:00Z
0.0;0.0;0.0;3.3422222222222224;5.689477539100039;0.5894544125;11.656113636430614;2022-04-08T05:00:00Z
0.0;0.0;0.0;38.257777777777775;5.388146972700042;0.5904854536;11.54966148987387;2022-04-08T06:00:00Z
0.0;0.1199999999999999;20.119;67.23555555555555;5.280603027300003;0.5910122991;11.135493024905207;2022-04-08T07:00:00Z
0.0;35.635555555555555;0.1199999999999999;248.44444444444446;5.307366943400041;0.5894582272;9.73012695359626;2022-04-08T08:00:00Z
0.0;45.40233333333333;5.119;383.94666666666666;6.733209228500016;0.5884186625;9.435717033109839;2022-04-08T09:00:00Z
0.0;0.0;0.0;595.7155555555555;7.607598877000044;0.5883841515;10.924789513045216;2022-04-08T10:00:00Z
0.0;0.0;0.0;591.0222222222222;8.336083984400034;0.5878525972;10.255353971523332;2022-04-08T11:00:00Z
0.0;0.0;0.0;578.08;8.842431640600012;0.587361753;10.359988344477165;2022-04-08T12:00:00Z
0.0;0.0;0.0;433.6177777777778;8.920373535200042;0.5871469378;9.575987219607754;2022-04-08T13:00:00Z
0.0;0.0;0.0;430.3644444444444;9.300561523400006;0.5871775746;9.824937332646632;2022-04-08T14:00:00Z
0.0;0.0;0.0;282.6488888888889;9.05855712890002;0.5870757103;8.77706437606931;2022-04-08T15:00:00Z
0.0;0.0;0.0;153.44;8.594110107400013;0.5870072246;7.302609908431972;2022-04-08T16:00:00Z
0.0;0.0;0.0;70.50622395833334;8.11129150390002;0.5870034695;7.164083571610845;2022-04-08T17:00:00Z
0.0;0.0;0.0;14.026666666666667;7.013085937500023;0.5869765878;6.953841894262925;2022-04-08T18:00:00Z
0.0;0.0;0.0;0.0;5.91304931640002;0.5869631171;6.578092849713633;2022-04-08T19:00:00Z
0.0;0.0;0.0;0.0;5.01461181640002;0.5869657993;6.133998640015422;2022-04-08T20:00:00Z
0.0;0.0;0.0;0.0;4.3738647461000255;0.5869608521;6.247609007240541;2022-04-08T21:00:00Z
0.0;0.0;0.0;0.0;4.13961181640002;0.5869589448;5.5999844431571475;2022-04-08T22:00:00Z
0.0;0.0;0.0;0.0;3.774865722700042;0.5869578123;5.390577288858676;2022-04-08T23:00:00Z
30.216883333333328;0.0;0.0;0.0;3.5713745117000144;0.5869647861;6.576022379438464;2022-04-09T00:00:00Z
36.16683333333333;0.0;0.0;0.0;3.440637207000009;0.5869739652;6.865748559825081;2022-04-09T01:00:00Z
32.43355;0.0;0.0;0.0;3.2730346680000366;0.5869910121;7.5448963663596915;2022-04-09T02:00:00Z
37.566766666666666;0.0;0.0;0.0;2.830621337900027;0.5870175958;8.503726194381764;2022-04-09T03:00:00Z
35.000033333333334;0.0;0.0;0.0;2.84566650390002;0.587023437;8.45048382047771;2022-04-09T04:00:00Z
32.434066666666666;0.0;0.0;9.351111111111111;2.60054931640002;0.5870190263;8.148651235688401;2022-04-09T05:00:00Z
88.63431666666665;0.0;0.0;93.38666666666667;3.508325195300017;0.5870286822;7.799268837264303;2022-04-09T06:00:00Z
72.0175;21.42933333333333;20.119;242.89777777777778;4.567987060500002;0.5870947242;9.680908890641637;2022-04-09T07:00:00Z
24.33473333333333;59.608555555555554;0.1199999999999999;384.58666666666664;5.907678222700042;0.5879558921;9.95015964592867;2022-04-09T08:00:00Z
13.834783333333332;0.1199999999999999;5.119;518.9155555555556;6.802606201200035;0.5874651074;9.774927701896504;2022-04-09T09:00:00Z
70.0;0.0;0.0;623.1822222222222;7.632409668000037;0.5872948766;9.631924414695458;2022-04-09T10:00:00Z
70.00016666666667;0.0;0.0;647.9111111111112;8.203210449200014;0.5874342322;9.336276595346161;2022-04-09T11:00:00Z
883.6668999999998;0.0;0.0;625.4577777777778;8.468835449200014;0.5875760317;9.782203277836302;2022-04-09T12:00:00Z
325.6687;0.0;0.0;533.3333333333334;8.433129882800017;0.5876449943;10.59611976821982;2022-04-09T13:00:00Z
4.835850000000001;0.0;0.0;390.88;8.285913085900006;0.587846756;10.836321118739484;2022-04-09T14:00:00Z
7.335600000000001;0.0;0.0;331.75111111111113;7.586206054700028;0.5875188112;10.662494357839291;2022-04-09T15:00:00Z
77.6678;0.0;0.0;214.82666666666665;6.48140869140002;0.5880445242;9.89874016056111;2022-04-09T16:00:00Z
73.28461666666665;0.0;0.0;123.48444444444445;6.316033935500002;0.5903189778;10.208616383455126;2022-04-09T17:00:00Z
82.05053333333333;0.0;0.0;26.648888888888887;5.4432006836000255;0.5909032226;8.36785406282552;2022-04-09T18:00:00Z
81.001;0.0;0.0;0.0;4.746789550800031;0.5905243754;8.346973080322817;2022-04-09T19:00:00Z
80.1178;0.0;0.0;0.0;4.254479980500037;0.5903612375;8.791500802407391;2022-04-09T20:00:00Z
77.88358333333333;0.0;0.0;0.0;3.9402709961000255;0.5903388262;9.086053494081742;2022-04-09T21:00:00Z
39.768716666666656;0.0;0.0;0.0;3.5706420898000033;0.5908625722;9.524097998830609;2022-04-09T22:00:00Z
16.035533333333333;0.0;0.0;0.0;3.2591796875000227;0.5906688571;9.392920467730729;2022-04-09T23:00:00Z
31.85015;0.0;0.0;0.0;2.923364257800017;0.5904612541;9.321243604354438;2022-04-10T00:00:00Z
29.983416666666663;0.0;0.0;0.0;2.680383300800031;0.5902794003;9.629229103002128;2022-04-10T01:00:00Z
28.93348333333333;0.0;0.0;0.0;2.53414306640002;0.5900225043;9.647706440327937;2022-04-10T02:00:00Z
32.90018333333333;0.0;0.0;0.0;2.726342773400006;0.5898294449;9.309255305184841;2022-04-10T03:00:00Z
28.116666666666667;0.0;0.0;0.0;2.987512207000009;0.5896933675;9.152267025918636;2022-04-10T04:00:00Z
29.866766666666663;0.0;0.0;6.915555555555556;3.194055175800031;0.5894862413;8.886943666518402;2022-04-10T05:00:00Z
18.167416666666668;0.0;0.0;53.86666666666667;3.6299072266000394;0.5892493129;9.579157517967948;2022-04-10T06:00:00Z
10.001;16.101999999999997;0.1199999999999999;157.56444444444443;4.104364013700035;0.5894527435;9.609040076805961;2022-04-10T07:00:00Z
57.00021666666667;32.971888888888884;20.119;258.1333333333333;4.534539794900013;0.5890055895;9.502159591776282;2022-04-10T08:00:00Z
70.0;32.084;5.119;361.56444444444446;5.475976562500023;0.5882577896;8.352955963516196;2022-04-10T09:00:00Z
36.00056666666667;0.0;0.0;590.9866666666667;6.004479980500037;0.5890821218;9.321035522448124;2022-04-10T10:00:00Z
31.00098333333333;0.0;0.0;654.3644444444444;6.644586181600005;0.5882177949;9.146066395115382;2022-04-10T11:00:00Z
895.3344166666666;0.0;0.0;602.3288888888889;6.903924560500002;0.5876525044;8.622527761864703;2022-04-10T12:00:00Z
114.00105;0.0;0.0;538.56;6.955407714800003;0.5881659389;8.249038174461832;2022-04-10T13:00:00Z
186.66755;0.0;0.0;441.92;7.312158203100012;0.5884881616;8.88127433425265;2022-04-10T14:00:00Z
70.001;0.0;0.0;328.1066666666667;7.203576660200042;0.5888602734;8.591014446293487;2022-04-10T15:00:00Z
62.3351;0.0;0.0;235.2888888888889;6.768090820300017;0.5881621242;8.112361661844243;2022-04-10T16:00:00Z
68.45155;0.0;0.0;109.28;6.51656494140002;0.5878100991;7.357966219525335;2022-04-10T17:00:00Z
53.1181;0.0;0.0;20.675555555555555;5.3123413086000255;0.5879922509;7.659910503176065;2022-04-10T18:00:00Z
70.15133333333334;0.0;0.0;0.0;4.3055053711000255;0.5884682536;6.960833878263626;2022-04-10T19:00:00Z
86.28421666666665;0.0;0.0;0.0;3.3860717773000033;0.588350296;6.84134658500295;2022-04-10T20:00:00Z
89.21755;0.0;0.0;0.0;3.033349609400034;0.5882868767;7.078163911517338;2022-04-10T21:00:00Z
83.11825;0.0;0.0;0.0;3.905786132800017;0.5903388858;7.963425859480525;2022-04-10T22:00:00Z
10.718799999999998;0.0;0.0;0.0;4.016320800800031;0.5901083946;7.604898847637784;2022-04-10T23:00:00Z
38.96711666666666;0.0;0.0;0.0;4.123803710900006;0.5899757743;7.614625785560655;2022-04-11T00:00:00Z
33.8334;0.0;0.0;0.0;3.5523925781000116;0.5898913145;7.496301185069397;2022-04-11T01:00:00Z
33.71685;0.0;0.0;0.0;2.8265625000000227;0.5898187757;7.453161840521828;2022-04-11T02:00:00Z
33.4835;0.0;0.0;0.0;2.375604248000002;0.589835465;7.291434009631745;2022-04-11T03:00:00Z
37.68348333333333;0.0;0.0;0.0;1.6841674805000366;0.5899051428;7.122398048179084;2022-04-11T04:00:00Z
40.4834;0.0;0.0;14.08;1.2735534668000241;0.5899295807;6.726150302548799;2022-04-11T05:00:00Z
30.333916666666667;0.0;0.0;115.73333333333333;2.7493530273000033;0.589664042;5.994247967771392;2022-04-11T06:00:00Z
25.10075;10.774666666666667;20.119;272.24888888888887;4.940148925800031;0.5889238119;5.071973858871874;2022-04-11T07:00:00Z
49.16688333333333;35.635555555555555;0.1199999999999999;413.88444444444445;6.839257812500023;0.587998271;5.134395444706817;2022-04-11T08:00:00Z
47.50066666666665;32.971888888888884;5.119;540.2488888888889;8.265466308600026;0.5873734951;5.15642335841375;2022-04-11T09:00:00Z
68.6668;0.0;0.0;637.3866666666667;9.276940918000037;0.5870885253;5.961072985224019;2022-04-11T10:00:00Z
56.00023333333333;0.0;0.0;658.1688888888889;9.653131103500016;0.5870130658;6.025826741851195;2022-04-11T11:00:00Z
127.50124999999998;0.0;0.0;505.70666666666665;9.937585449200014;0.5869890451;5.74755342082507;2022-04-11T12:00:00Z
736.6669999999998;0.0;0.0;329.31555555555553;10.210778808600026;0.5869749188;5.16473449476865;2022-04-11T13:00:00Z
294.33425;0.0;0.0;297.4222222222222;10.73922119140002;0.5869678855;4.9133385777895535;2022-04-11T14:00:00Z
65.33463333333333;0.0;0.0;238.22222222222223;11.076562500000023;0.5869535208;4.343426059687583;2022-04-11T15:00:00Z
59.6682;0.0;0.0;197.28;11.298730468800045;0.586950779;3.497703452747403;2022-04-11T16:00:00Z
87.36813333333333;0.0;0.0;101.65333333333334;11.123254394500009;0.5869700909;2.874065406924866;2022-04-11T17:00:00Z
72.91711666666666;0.0;0.0;22.826666666666668;9.651055908200021;0.5869877338;2.0493664277943693;2022-04-11T18:00:00Z
52.80098333333333;0.0;0.0;0.0;5.902062988300031;0.5869592428;1.2377009838119555;2022-04-11T19:00:00Z
76.50056666666667;0.0;0.0;0.0;4.338555908200021;0.586967051;0.8760383297191034;2022-04-11T20:00:00Z
73.9505;0.0;0.0;0.0;2.6877685547000283;0.5870895386;1.2840221661322277;2022-04-11T21:00:00Z
81.45163333333333;0.0;0.0;0.0;2.7928100586000255;0.5869550109;4.84739176897859;2022-04-11T22:00:00Z
60.16853333333332;0.0;0.0;0.0;2.2564331055000366;0.5869671702;4.8131354674126365;2022-04-11T23:00:00Z
19.250166666666665;0.0;0.0;0.0;1.6800170898000033;0.5869860649;4.838937098688733;2022-04-12T00:00:00Z
44.566733333333325;0.0;0.0;0.0;0.8158813477000422;0.5870068073;4.346423694232292;2022-04-12T01:00:00Z
36.16686666666666;0.0;0.0;0.0;0.3427978516000394;0.587022841;4.114794948047826;2022-04-12T02:00:00Z
32.433416666666666;0.0;0.0;0.0;0.0662170410000158;0.5870437622;4.222572193496141;2022-04-12T03:00:00Z
33.36695;0.0;0.0;0.0;0.01931152340000608;0.5870690346;4.6671314818119365;2022-04-12T04:00:00Z
36.983383333333336;0.0;0.0;16.24888888888889;0.1789794922000283;0.5870744586;5.12983118856597;2022-04-12T05:00:00Z
27.367083333333333;0.0;0.0;124.44444444444444;2.6718688965000297;0.5870597363;4.992435249146641;2022-04-12T06:00:00Z
7.950733333333335;16.102;20.119;275.3066666666667;6.185083007800017;0.5870242119;3.839515907003556;2022-04-12T07:00:00Z
23.001616666666667;27.644555555555552;5.119;430.22222222222223;9.564843750000023;0.586989522;3.9108439990995834;2022-04-12T08:00:00Z
64.50038333333333;40.075;0.1199999999999999;547.6088888888889;11.703485107400013;0.5869877934;4.988162038586187;2022-04-12T09:00:00Z
35.00058333333334;0.0;0.0;604.8533333333334;12.828424072300038;0.5869863033;5.271255308749309;2022-04-12T10:00:00Z
61.333533333333335;0.0;0.0;638.1155555555556;13.73333129880001;0.5869703889;4.893907849802137;2022-04-12T11:00:00Z
32.501233333333325;0.0;0.0;649.0133333333333;14.572839355500037;0.5869626999;4.523825686789221;2022-04-12T12:00:00Z
152.00186666666667;0.0;0.0;594.3111111111111;15.217004394500009;0.5869794488;5.107195435982481;2022-04-12T13:00:00Z
560.1675666666665;0.0;0.0;582.9333333333333;15.849114990200007;0.5869619846;4.5517876855536725;2022-04-12T14:00:00Z
466.3343;0.0;0.0;472.90666666666664;16.104333496100026;0.5869594216;4.442178882230779;2022-04-12T15:00:00Z
70.001;0.0;0.0;316.16;15.921685791000016;0.5869647264;5.55277384748151;2022-04-12T16:00:00Z
71.28435;0.0;0.0;151.68;14.934625244100005;0.5869748592;7.214686440829502;2022-04-12T17:00:00Z
86.68398333333333;0.0;0.0;30.826666666666668;12.962548828100012;0.5869788527;8.209180078035569;2022-04-12T18:00:00Z
89.36668333333331;0.0;0.0;0.0;11.424096679700028;0.5869799852;8.504001912264714;2022-04-12T19:00:00Z
69.8837;0.0;0.0;0.0;10.626184082000009;0.5869914889;9.100394812102277;2022-04-12T20:00:00Z
74.05041666666665;0.0;0.0;0.0;10.031854248000002;0.5869908333;9.098791997064142;2022-04-12T21:00:00Z
62.002316666666665;0.0;0.0;0.0;9.578179931600005;0.5869960189;9.131866149583987;2022-04-12T22:00:00Z
27.051316666666665;0.0;0.0;0.0;8.91506347660004;0.586976707;8.37289160780771;2022-04-12T23:00:00Z
25.666933333333336;0.0;0.0;0.0;7.856958007800017;0.5869639516;7.592656752392763;2022-04-13T00:00:00Z
46.200166666666654;0.0;0.0;0.0;7.284570312500023;0.5869743824;8.132360025462422;2022-04-13T01:00:00Z
47.366816666666665;0.0;0.0;0.0;6.781518554700028;0.5869753957;8.203215247577797;2022-04-13T02:00:00Z
48.18345;0.0;0.0;0.0;6.374658203100012;0.5869649649;7.504770305429807;2022-04-13T03:00:00Z
44.45016666666666;0.0;0.0;0.0;5.827264404300024;0.5869707465;7.865915566786507;2022-04-13T04:00:00Z
37.683416666666666;0.0;0.0;14.595555555555556;5.812707519500009;0.5869720578;8.06330521422823;2022-04-13T05:00:00Z
20.416716666666662;0.0;0.0;106.06222222222222;7.499902343800045;0.5869609118;7.559729267034955;2022-04-13T06:00:00Z
8.850566666666666;24.980888888888888;0.1199999999999999;271.3955555555556;9.734979248000002;0.5869835019;6.65524959568238;2022-04-13T07:00:00Z
44.6671;32.971888888888884;5.119;410.4533333333333;12.132287597700042;0.5869762301;5.511963026218265;2022-04-13T08:00:00Z
49.66703333333333;23.20511111111111;20.119;515.4133333333333;14.395898437500023;0.5869729519;5.107074055794962;2022-04-13T09:00:00Z
56.66708333333333;0.0;0.0;602.5422222222222;16.25945434570002;0.5869603753;4.446219920269803;2022-04-13T10:00:00Z
67.83355;0.0;0.0;676.5333333333333;17.96993408200001;0.5869706869;4.792181607180329;2022-04-13T11:00:00Z
49.66781666666667;0.0;0.0;655.4666666666667;19.30053100590004;0.5869706869;4.785478086365222;2022-04-13T12:00:00Z
135.66770000000002;0.0;0.0;634.24;20.257226562500023;0.5869526863;3.623453037602731;2022-04-13T13:00:00Z
33.50181666666667;0.0;0.0;547.6444444444444;20.754724121100026;0.5869504809;3.183125787776006;2022-04-13T14:00:00Z
44.00143333333333;0.0;0.0;390.84444444444443;20.746606445300017;0.5869513154;3.881715280517176;2022-04-13T15:00:00Z
35.335049999999995;0.0;0.0;249.24444444444444;20.265954589800003;0.5869572759;3.987648503011454;2022-04-13T16:00:00Z
70.001;0.0;0.0;119.78666666666666;19.23333129880001;0.5869499445;4.432430105878388;2022-04-13T17:00:00Z
84.00005;0.0;0.0;25.28;17.206506347700042;0.586951077;5.18048138609213;2022-04-13T18:00:00Z
91.01671666666665;0.0;0.0;0.0;14.544610595700021;0.5869506001;5.287993912015686;2022-04-13T19:00:00Z
89.4668;0.0;0.0;0.0;12.98537597660004;0.5869508982;5.022555794007708;2022-04-13T20:00:00Z
87.31688333333332;0.0;0.0;0.0;12.354913330100032;0.5869591832;5.8310135300201384;2022-04-13T21:00:00Z
836.7675166666666;0.0;0.0;0.0;12.001062011700014;0.5874279141;5.4822039243292435;2022-04-13T22:00:00Z
98.91756666666669;0.0;0.0;0.0;11.033746337900027;0.587418735;5.173925216733148;2022-04-13T23:00:00Z
18.31705;0.0;0.0;0.0;9.923699951200035;0.5874118805;4.711055226324645;2022-04-14T00:00:00Z
26.950166666666664;0.0;0.0;0.0;9.055322265600012;0.5874168277;3.8014038964653705;2022-04-14T01:00:00Z
28.700333333333333;0.0;0.0;0.0;9.236657714800003;0.5874172449;4.3837409649980295;2022-04-14T02:00:00Z
28.116983333333334;0.0;0.0;0.0;9.283349609400034;0.5874755979;6.283668648111626;2022-04-14T03:00:00Z
26.95058333333333;0.0;0.0;0.0;8.911584472700042;0.587559998;8.193980486304064;2022-04-14T04:00:00Z
30.683433333333333;0.0;0.0;18.15111111111111;8.853326416000016;0.5875276327;7.806638349055099;2022-04-14T05:00:00Z
18.31783333333333;0.0;0.0;117.49333333333334;10.566918945300017;0.587457478;5.791122360277778;2022-04-14T06:00:00Z
32.50035;11.662555555555555;0.1199999999999999;194.24;12.575585937500023;0.5881264806;3.704084003685268;2022-04-14T07:00:00Z
52.0003;48.95388888888888;25.118;319.46666666666664;13.961450195300017;0.5879692435;3.724044543210818;2022-04-14T08:00:00Z
70.0;21.42933333333333;0.1199999999999999;403.8222222222222;14.81148681640002;0.5875489712;4.186979003967993;2022-04-14T09:00:00Z
54.00026666666666;0.0;0.0;522.9866666666667;15.627404785200042;0.587649703;3.8107225662763695;2022-04-14T10:00:00Z
43.001;0.0;0.0;498.75555555555553;15.623803710900006;0.5883527994;2.035765053466103;2022-04-14T11:00:00Z
45.00141666666666;0.0;0.0;327.1644444444444;14.936334228500016;0.5896643996;3.0248673603342886;2022-04-14T12:00:00Z
703.3336999999999;0.0;0.0;234.61333333333334;14.054315185500002;0.5931313634;5.687444962429169;2022-04-14T13:00:00Z
66.16805;0.0;0.0;221.24444444444444;13.488610839800003;0.5933082104;4.565300402542798;2022-04-14T14:00:00Z
253.33415;0.0;0.0;118.82666666666667;12.90139160160004;0.5932865143;3.9828390555156266;2022-04-14T15:00:00Z
88.83516666666665;0.0;0.0;63.84;12.514367675800031;0.592890501;3.662056764990363;2022-04-14T16:00:00Z
60.1187;0.0;0.0;68.17777777777778;12.299249267600032;0.592282176;2.2117455738096035;2022-04-14T17:00:00Z
74.46861666666668;0.0;0.0;28.942222222222224;11.472924804700028;0.592386961;3.6637423300622727;2022-04-14T18:00:00Z
74.20125;0.0;0.0;0.0;11.124841308600026;0.592792809;5.396056262107957;2022-04-14T19:00:00Z
86.98373333333333;0.0;0.0;0.0;11.263269043000037;0.5932033062;5.789162254296947;2022-04-14T20:00:00Z
61.03483333333333;0.0;0.0;0.0;11.075341796900034;0.5931952;5.411786799504026;2022-04-14T21:00:00Z
78.1016;0.0;0.0;0.0;10.259301757800017;0.5929924846;6.330273569809288;2022-04-14T22:00:00Z
63.451833333333326;0.0;0.0;0.0;10.073846435500002;0.5929961801;7.036767694642598;2022-04-14T23:00:00Z
0.0;0.0;0.0;0.0;9.966088867200028;0.592995584;6.7558184024760966;2022-04-15T00:00:00Z
0.0;0.0;0.0;0.0;9.799035644500009;0.5929964781;6.8393187173102366;2022-04-15T01:00:00Z
0.0;0.0;0.0;0.0;9.179589843800045;0.5929785371;6.692067061997656;2022-04-15T02:00:00Z
0.0;0.0;0.0;0.0;8.536920166000016;0.5928704739;6.671641381180305;2022-04-15T03:00:00Z
0.0;0.0;0.0;0.0;7.715844726600039;0.592782259;6.5627986865648635;2022-04-15T04:00:00Z
0.0;0.0;0.0;12.0;7.574548339800003;0.5925129652;6.33180890469074;2022-04-15T05:00:00Z
0.0;0.0;0.0;49.528888888888886;7.44329223630001;0.5919754505;6.419552106021826;2022-04-15T06:00:00Z
0.0;19.65355555555556;20.119;66.1511111111111;7.906945800800031;0.5912922621;7.334063874359145;2022-04-15T07:00:00Z
0.0;22.31722222222222;5.118999999999999;66.66666666666667;7.951715087900027;0.5902841091;7.8274509279781;2022-04-15T08:00:00Z
0.0;32.971888888888884;0.1199999999999999;74.84444444444445;8.164819335900006;0.5899486542;8.588478359982032;2022-04-15T09:00:00Z
0.0;0.0;0.0;74.45333333333333;8.378259277300003;0.5909330845;7.523458526764384;2022-04-15T10:00:00Z
0.0;0.0;0.0;98.84444444444445;8.544458007800017;0.5930451751;8.222972730393865;2022-04-15T11:00:00Z
0.0;0.0;0.0;112.90666666666667;8.502160644500009;0.5930191278;7.8124264255456115;2022-04-15T12:00:00Z
0.0;0.0;0.0;110.54222222222222;8.316033935500002;0.5923213959;7.90127200325494;2022-04-15T13:00:00Z
0.0;0.0;0.0;156.44444444444446;8.159295654300024;0.5911633372;6.771883897295219;2022-04-15T14:00:00Z
0.0;0.0;0.0;118.27555555555556;7.697167968800045;0.590308845;6.793051305301377;2022-04-15T15:00:00Z
0.0;0.0;0.0;98.80888888888889;7.196435546900034;0.5896608829;7.80727635155808;2022-04-15T16:00:00Z
0.0;0.0;0.0;39.84;6.612176513700035;0.5891427994;8.110682146358219;2022-04-15T17:00:00Z
0.0;0.0;0.0;7.982222222222222;6.187707519500009;0.58876127;7.879632099877751;2022-04-15T18:00:00Z
0.0;0.0;0.0;0.0;5.80367431640002;0.5884762406;7.80794236281103;2022-04-15T19:00:00Z
0.0;0.0;0.0;0.0;5.3719116211000255;0.5882226229;7.849157630877367;2022-04-15T20:00:00Z
0.0;0.0;0.0;0.0;5.008172607400013;0.5880213976;8.132730186536273;2022-04-15T21:00:00Z
0.0;0.0;0.0;0.0;4.315942382800017;0.5878216624;8.367926524405908;2022-04-15T22:00:00Z
0.0;0.0;0.0;0.0;3.570825195300017;0.5876483321;8.26994576660828;2022-04-15T23:00:00Z
26.83373333333333;0.0;0.0;0.0;2.836083984400034;0.5875234604;8.270599935115312;2022-04-16T00:00:00Z
27.76693333333333;0.0;0.0;0.0;2.364770507800017;0.5874376893;7.886247379364987;2022-04-16T01:00:00Z
28.116916666666665;0.0;0.0;0.0;2.087701416000016;0.5873559117;7.646204760243723;2022-04-16T02:00:00Z
37.6835;0.0;0.0;0.0;1.8268066406000116;0.5872825384;7.105735999975322;2022-04-16T03:00:00Z
33.60028333333333;0.0;0.0;0.0;1.8348022461000255;0.5872277021;6.530797979121282;2022-04-16T04:00:00Z
25.667066666666663;0.0;0.0;17.191111111111113;2.000695800800031;0.5871877074;6.229967998689965;2022-04-16T05:00:00Z
18.934;0.0;0.0;104.35555555555555;3.078668212900027;0.5871604681;6.351431845740736;2022-04-16T06:00:00Z
34.667783333333325;0.1199999999999999;0.1199999999999999;229.61777777777777;4.314172363300031;0.5871070027;6.579869489099099;2022-04-16T07:00:00Z
63.33366666666666;32.971888888888884;25.118;361.1377777777778;5.974633789100039;0.5870480537;6.199615792729153;2022-04-16T08:00:00Z
12.501583333333333;48.95388888888889;0.1199999999999999;526.1155555555556;7.636437988300031;0.5870129466;5.810884004966797;2022-04-16T09:00:00Z
64.6672;0.0;0.0;586.8622222222223;9.065209960900006;0.5869736075;4.769667432625335;2022-04-16T10:00:00Z
68.00056666666667;0.0;0.0;643.8755555555556;9.983850097700042;0.5869802833;5.039697682010142;2022-04-16T11:00:00Z
64.6682;0.0;0.0;627.0044444444444;10.996728515600012;0.5869907141;5.393894157367122;2022-04-16T12:00:00Z
153.33425;0.0;0.0;610.2577777777777;11.517297363300031;0.5869921446;5.4087584016316645;2022-04-16T13:00:00Z
253.33415;0.0;0.0;622.2755555555556;12.067071533200021;0.5869894028;5.44605656603796;2022-04-16T14:00:00Z
150.16863333333333;0.0;0.0;485.2266666666667;12.078210449200014;0.5869840384;5.399244768486333;2022-04-16T15:00:00Z
7.6689;0.0;0.0;342.1333333333333;11.63765869140002;0.5869790912;5.596159356159293;2022-04-16T16:00:00Z
30.01826666666667;0.0;0.0;179.4488888888889;10.741052246100026;0.5869631171;5.73876066050488;2022-04-16T17:00:00Z
67.20054999999999;0.0;0.0;45.77777777777778;9.527062988300031;0.5869630575;6.391266221442036;2022-04-16T18:00:00Z
90.5334;0.0;0.0;0.017777777777777778;7.27340087890002;0.5869649649;6.885832660368484;2022-04-16T19:00:00Z
86.16715;0.0;0.0;0.0;5.485009765600012;0.586959362;6.711196095099868;2022-04-16T20:00:00Z
70.30043333333333;0.0;0.0;0.0;4.032250976600039;0.5869532824;6.304163209064951;2022-04-16T21:00:00Z
655.1840666666667;0.0;0.0;0.0;2.600061035200042;0.5869507194;5.970654070073335;2022-04-16T22:00:00Z
41.068583333333336;0.0;0.0;0.0;1.5846191406000116;0.5869498849;5.4858104515474695;2022-04-16T23:00:00Z
26.016966666666665;0.0;0.0;0.0;0.76070556640002;0.5869499445;5.120042066880723;2022-04-17T00:00:00Z
31.61693333333333;0.0;0.0;0.0;-0.03500976559996616;0.5869501233;4.934680833714677;2022-04-17T01:00:00Z
34.7667;0.0;0.0;0.0;-0.4615844726999967;0.5869550705;4.5037336015900475;2022-04-17T02:00:00Z
35.0;0.0;0.0;0.0;-0.7993225097999925;0.5869622827;3.8201118908901637;2022-04-17T03:00:00Z
33.48355;0.0;0.0;0.0;-0.6264709472999925;0.586997211;2.986604834319979;2022-04-17T04:00:00Z
35.00078333333333;0.0;0.0;27.128888888888888;-0.9839233397999578;0.5870212913;2.384086441180848;2022-04-17T05:00:00Z
35.351150000000004;0.0;0.0;135.73333333333332;2.2376342773000033;0.5870084763;2.8172856623434535;2022-04-17T06:00:00Z
10.368183333333334;21.42933333333333;20.119;284.2311111111111;5.345483398400006;0.5869909525;2.0275550938297;2022-04-17T07:00:00Z
61.00015;26.756666666666668;5.119;387.36;7.895562744100005;0.5869752169;2.0721802689990376;2022-04-17T08:00:00Z
65.6671;29.42033333333333;0.1199999999999999;470.5422222222222;9.90236816410004;0.5869624019;2.335368656691187;2022-04-17T09:00:00Z
67.0003;0.0;0.0;617.1555555555556;11.435388183600026;0.5869550705;2.589571410300088;2022-04-17T10:00:00Z
70.0;0.0;0.0;727.5377777777778;12.815698242200028;0.586951673;3.4025368626446215;2022-04-17T11:00:00Z
44.33486666666667;0.0;0.0;751.04;13.392480468800045;0.5869525671;3.5922520600046735;2022-04-17T12:00:00Z
10.001999999999997;0.0;0.0;710.3644444444444;13.951989746100026;0.5869544148;3.7396336307735094;2022-04-17T13:00:00Z
341.0019;0.0;0.0;626.4888888888889;14.288903808600026;0.5869547725;3.768401068208091;2022-04-17T14:00:00Z
186.5025;0.0;0.0;498.8622222222222;14.234033203100012;0.5869523287;3.692741434641941;2022-04-17T15:00:00Z
30.00166666666667;0.0;0.0;351.75111111111113;13.923394775400027;0.586950779;3.8177443662909147;2022-04-17T16:00:00Z
268.1511333333333;0.0;0.0;186.73777777777778;13.017297363300031;0.5869508386;4.355038884518522;2022-04-17T17:00:00Z
247.26701666666668;0.0;0.0;48.01777777777778;10.997949218800045;0.586953342;5.640853670676832;2022-04-17T18:00:00Z
90.15005;0.0;0.0;0.05333333333333333;9.08202514650003;0.5869566202;6.530004114705328;2022-04-17T19:00:00Z
86.56666666666666;0.0;0.0;0.0;7.307153320300017;0.5869525671;6.112361277794026;2022-04-17T20:00:00Z
79.33406666666667;0.0;0.0;0.0;5.732019043000037;0.5869511366;5.72398315070328;2022-04-17T21:00:00Z
131.6012;0.0;0.0;0.0;4.04485473630001;0.5869504213;5.707072370753655;2022-04-17T22:00:00Z
41.05193333333333;0.0;0.0;0.0;2.75679931640002;0.5869500637;5.024888633602862;2022-04-17T23:00:00Z
33.717749999999995;0.0;0.0;0.0;1.7970214844000338;0.5869503021;4.925811876073661;2022-04-18T00:00:00Z
37.68395;0.0;0.0;0.0;0.9894042969000338;0.5869528055;4.811470494908914;2022-04-18T01:00:00Z
43.4003;0.0;0.0;0.0;0.35811767580003107;0.5869594216;4.749004245634706;2022-04-18T02:00:00Z
48.18345;0.0;0.0;0.0;0.23037109380004495;0.5869689584;4.742850117974135;2022-04-18T03:00:00Z
44.56711666666666;0.0;0.0;0.0;0.1707397461000255;0.5869815946;4.657869873785214;2022-04-18T04:00:00Z
37.10031666666666;0.0;0.0;31.306666666666665;1.0971923828000172;0.586995542;4.626556825997657;2022-04-18T05:00:00Z
27.0674;0.0;0.0;154.64888888888888;3.830834960900006;0.5869914889;3.9204345619681757;2022-04-18T06:00:00Z
29.2683;29.42033333333333;25.118;309.90222222222224;6.525720214800003;0.5869807601;2.679764624421409;2022-04-18T07:00:00Z
40.66751666666666;21.42933333333333;0.1199999999999999;463.3066666666667;8.710015869100005;0.5869763494;2.274313832807806;2022-04-18T08:00:00Z
61.00015;27.644555555555556;0.1199999999999999;595.5733333333334;10.699853515600012;0.5869677067;2.178205181767145;2022-04-18T09:00:00Z
70.0;0.0;0.0;692.1244444444444;12.173974609400034;0.586954236;2.580562724628039;2022-04-18T10:00:00Z
70.0;0.0;0.0;745.1911111111111;13.14818725590004;0.5869515538;2.7202006757002755;2022-04-18T11:00:00Z
40.001166666666656;0.0;0.0;750.4177777777778;13.970788574200014;0.5869502425;3.166058374297497;2022-04-18T12:00:00Z
49.00135;0.0;0.0;709.7955555555556;14.537622070300017;0.5869553089;3.678455864656363;2022-04-18T13:00:00Z
776.0009833333331;0.0;0.0;619.8577777777778;14.731896972700042;0.5869582891;3.956881760887154;2022-04-18T14:00:00Z
210.00101666666663;0.0;0.0;494.5777777777778;14.82131347660004;0.5869585276;4.122132214665524;2022-04-18T15:00:00Z
26.00173333333333;0.0;0.0;338.68444444444447;14.370935058600026;0.586956799;4.442600360833371;2022-04-18T16:00:00Z
63.7179;0.0;0.0;179.98222222222222;13.406518554700028;0.5869504809;4.818150173726765;2022-04-18T17:00:00Z
45.78515;0.0;0.0;49.17333333333333;11.776452636700014;0.5869525671;5.772790033854728;2022-04-18T18:00:00Z
53.217416666666665;0.0;0.0;0.12444444444444444;9.852380371100026;0.586956501;6.53168439028504;2022-04-18T19:00:00Z
56.7174;0.0;0.0;0.0;8.411584472700042;0.586956799;6.601441984005635;2022-04-18T20:00:00Z
71.33456666666666;0.0;0.0;0.0;6.963250732400013;0.5869570374;6.580753295642091;2022-04-18T21:00:00Z
191.0018;0.0;0.0;0.0;5.717492675800031;0.5869535804;6.3780097712602;2022-04-18T22:00:00Z
52.76845;0.0;0.0;0.0;4.911645507800017;0.5869507194;5.768328425785851;2022-04-18T23:00:00Z
25.20061666666667;0.0;0.0;0.0;4.606225585900006;0.5869519114;5.831874295453376;2022-04-19T00:00:00Z
26.01698333333333;0.0;0.0;0.0;4.4008117676000325;0.5869551301;6.178852441484763;2022-04-19T01:00:00Z
38.15025;0.0;0.0;0.0;4.15523681640002;0.5869609118;6.719423479596718;2022-04-19T02:00:00Z
42.2336;0.0;0.0;0.0;3.8000427246000186;0.5869621634;6.763381099089455;2022-04-19T03:00:00Z
29.9835;0.0;0.0;0.0;3.2630859375000227;0.5869596004;6.593311852100534;2022-04-19T04:00:00Z
30.800233333333328;0.0;0.0;33.013333333333335;3.282739257800017;0.5869544744;6.727248572454921;2022-04-19T05:00:00Z
42.000933333333336;0.0;0.0;163.84;4.811059570300017;0.5869703889;5.91054525222338;2022-04-19T06:00:00Z
42.00058333333333;12.550444444444445;0.1199999999999999;321.5288888888889;6.795373535200042;0.5869769454;5.510849737311673;2022-04-19T07:00:00Z
5.501316666666666;11.662555555555555;0.1199999999999999;456.3911111111111;8.722497558600026;0.5869820118;5.497558821450445;2022-04-19T08:00:00Z
27.66748333333333;54.28122222222222;25.118;580.0177777777777;10.69729003910004;0.5869994164;6.002719083901247;2022-04-19T09:00:00Z
69.3334;0.0;0.0;696.7288888888888;11.947747802700007;0.5869995952;5.835097126835113;2022-04-19T10:00:00Z
68.8338;0.0;0.0;739.84;12.767114257800017;0.5870162845;6.232138147863946;2022-04-19T11:00:00Z
69.16775;0.0;0.0;492.32;12.546655273400006;0.5870357156;7.248084866442562;2022-04-19T12:00:00Z
66.50135;0.0;0.0;415.5022222222222;12.55764160160004;0.5870654583;7.065290651376104;2022-04-19T13:00:00Z
70.001;0.0;0.0;389.47555555555556;12.662591552700007;0.5870435834;6.761365458543296;2022-04-19T14:00:00Z
753.33365;0.0;0.0;300.35555555555555;12.43160400390002;0.5870967507;6.308333673802417;2022-04-19T15:00:00Z
436.6673;0.0;0.0;204.96;12.177087402300003;0.5870196819;5.776688791101627;2022-04-19T16:00:00Z
70.1177;0.0;0.0;148.90666666666667;11.651940918000037;0.5869808793;5.082909023935415;2022-04-19T17:00:00Z
78.71729999999998;0.0;0.0;39.25333333333333;10.676171875000023;0.5869742632;4.9755699560812126;2022-04-19T18:00:00Z
91.9671;0.0;0.0;0.17777777777777778;8.54689941410004;0.5869709253;5.283629502992629;2022-04-19T19:00:00Z
77.65055000000001;0.0;0.0;0.0;7.5213256836000255;0.5869688988;5.751315324631636;2022-04-19T20:00:00Z
34.4015;0.0;0.0;0.0;6.617822265600012;0.5869659781;5.697249919144177;2022-04-19T21:00:00Z
36.83545;0.0;0.0;0.0;6.867913818400041;0.5869809389;3.732238934635823;2022-04-19T22:00:00Z
23.385416666666668;0.0;0.0;0.0;6.008874511700014;0.5869813561;3.5038856181676437;2022-04-19T23:00:00Z
24.500166666666665;0.0;0.0;0.0;5.583276367200028;0.5869829655;3.1740112338151723;2022-04-20T00:00:00Z
37.3334;0.0;0.0;0.0;5.565484619100005;0.5869836807;4.004644006440159;2022-04-20T01:00:00Z
38.03345;0.0;0.0;0.0;5.36617431640002;0.5884076953;4.145555751040451;2022-04-20T02:00:00Z
34.88336666666667;0.0;0.0;0.0;5.3735290527000075;0.5887746811;4.139781551302198;2022-04-20T03:00:00Z
38.0334;0.0;0.0;0.0;5.383020019500009;0.588847816;5.535767520248881;2022-04-20T04:00:00Z
35.70066666666666;0.0;0.0;20.355555555555554;5.487023925800031;0.5887497067;5.271550700699288;2022-04-20T05:00:00Z
30.551;0.0;0.0;130.38222222222223;6.293176269500009;0.5885411501;4.850250162371331;2022-04-20T06:00:00Z
5.100716666666667;42.73866666666667;5.119;149.33333333333334;7.232293701200035;0.5882515311;4.160451811478357;2022-04-20T07:00:00Z
43.00068333333333;18.765666666666668;0.1199999999999999;246.89777777777778;8.123345947300038;0.5877707005;4.42283055002412;2022-04-20T08:00:00Z
56.16721666666668;16.102;20.119;337.7422222222222;8.779199218800045;0.5873156786;4.783484580575872;2022-04-20T09:00:00Z
68.00003333333333;0.0;0.0;208.0;9.222131347700042;0.588724196;3.3267809755334805;2022-04-20T10:00:00Z
64.00063333333333;0.0;0.0;244.58666666666667;9.84642944340004;0.5893322229;1.7483691898952163;2022-04-20T11:00:00Z
62.00113333333333;0.0;0.0;261.47555555555556;10.582849121100026;0.5901768208;3.617978285565771;2022-04-20T12:00:00Z
67.00105;0.0;0.0;216.44444444444446;11.321069335900006;0.5884398818;6.50241439456095;2022-04-20T13:00:00Z
601.6673;0.0;0.0;222.93333333333334;12.052575683600026;0.5875234008;7.195542694562895;2022-04-20T14:00:00Z
32.001883333333325;0.0;0.0;301.40444444444444;12.992272949200014;0.5873037577;7.3573057026911455;2022-04-20T15:00:00Z
54.00143333333333;0.0;0.0;205.47555555555556;12.645043945300017;0.5872241855;7.608067613436644;2022-04-20T16:00:00Z
123.00178333333332;0.0;0.0;100.48;11.816308593800045;0.5871449113;7.565443435534082;2022-04-20T17:00:00Z
493.7673;0.0;0.0;21.795555555555556;10.666802978500016;0.5871150494;7.295839605932159;2022-04-20T18:00:00Z
65.00031666666666;0.0;0.0;0.16;9.558679199200014;0.5871156454;7.026161003386049;2022-04-20T19:00:00Z
73.33406666666666;0.0;0.0;0.0;8.784967041000016;0.5870856643;6.944143481003014;2022-04-20T20:00:00Z
75.71748333333333;0.0;0.0;0.0;8.240533447300038;0.5870589614;6.809345643528874;2022-04-20T21:00:00Z
80.31826666666667;0.0;0.0;0.0;8.256555175800031;0.5906073451;6.194508502882391;2022-04-20T22:00:00Z
38.018383333333325;0.0;0.0;0.0;7.88570556640002;0.5924586058;6.275985889167072;2022-04-20T23:00:00Z
30.100333333333328;0.0;0.0;0.0;7.759973144500009;0.5924830437;5.411964659104132;2022-04-21T00:00:00Z
39.4335;0.0;0.0;0.0;7.560937500000023;0.5920867324;5.408721280273105;2022-04-21T01:00:00Z
41.18333333333334;0.0;0.0;0.0;7.218133544900013;0.5918120146;5.685415566939744;2022-04-21T02:00:00Z
40.716716666666656;0.0;0.0;0.0;6.948052978500016;0.5915908813;5.530940809338223;2022-04-21T03:00:00Z
32.2003;0.0;0.0;0.0;6.737695312500023;0.5915056467;5.555234551205819;2022-04-21T04:00:00Z
29.63358333333333;0.0;0.0;12.053333333333333;6.79979858400003;0.5915785432;5.184464925447832;2022-04-21T05:00:00Z
22.167066666666663;0.0;0.0;25.244444444444444;6.967187500000023;0.5914019942;5.137885749892496;2022-04-21T06:00:00Z
18.8173;42.73866666666665;20.119;140.14222222222222;7.717065429700028;0.5907424092;4.625454230307253;2022-04-21T07:00:00Z
55.66726666666667;27.644555555555556;5.118999999999999;248.8;8.729272460900006;0.5895248652;5.56949081951088;2022-04-21T08:00:00Z
70.0;8.111;0.1199999999999999;341.68888888888887;9.56252441410004;0.5884511471;6.220322172283422;2022-04-21T09:00:00Z
53.667133333333325;0.0;0.0;336.8177777777778;10.958276367200028;0.5876976848;4.9317607790401325;2022-04-21T10:00:00Z
39.000833333333325;0.0;0.0;173.5288888888889;10.630456543000037;0.58749789;5.391115913681302;2022-04-21T11:00:00Z
49.00135;0.0;0.0;96.83555555555556;10.511926269500009;0.5877511501;6.098327124201826;2022-04-21T12:00:00Z
273.66766666666666;0.0;0.0;80.19555555555556;10.67287597660004;0.5879504085;5.585171159844021;2022-04-21T13:00:00Z
67.00105;0.0;0.0;110.11555555555556;11.011132812500023;0.5878219008;4.798070712868965;2022-04-21T14:00:00Z
100.33435;0.0;0.0;121.97333333333333;11.523950195300017;0.5879092216;3.820095794099987;2022-04-21T15:00:00Z
166.00096666666667;0.0;0.0;71.34222222222222;11.527551269500009;0.5882483721;3.891587080331874;2022-04-21T16:00:00Z
285.76798333333335;0.0;0.0;57.88444444444445;11.497521972700042;0.5882158875;3.8303693622953157;2022-04-21T17:00:00Z
53.634583333333325;0.0;0.0;23.786666666666665;11.140924072300038;0.588177979;3.6631780313725;2022-04-21T18:00:00Z
80.65033333333331;0.0;0.0;0.39111111111111113;9.941857910200042;0.5881707668;3.688577051800096;2022-04-21T19:00:00Z
51.93481666666666;0.0;0.0;0.0;8.844995117200028;0.5881828666;4.091053868459091;2022-04-21T20:00:00Z
46.7184;0.0;0.0;0.0;9.1454101562;0.5882190466;5.091679086637421;2022-04-21T21:00:00Z
292.88575000000003;0.0;0.0;0.0;8.652429199200014;0.5882205367;4.932051919824172;2022-04-21T22:00:00Z
177.26916666666665;0.0;0.0;0.0;8.265069580100032;0.5882458687;4.9327788841615225;2022-04-21T23:00:00Z
0.0;0.0;0.0;0.0;7.364801025400027;0.5882692337;5.407824551328633;2022-04-22T00:00:00Z
0.0;0.0;0.0;0.0;6.781884765600012;0.5882667899;5.5954417395227765;2022-04-22T01:00:00Z
0.0;0.0;0.0;0.0;6.281579589800003;0.5882458687;5.344473146605293;2022-04-22T02:00:00Z
0.0;0.0;0.0;0.0;6.122094726600039;0.5882658958;5.345463274523488;2022-04-22T03:00:00Z
0.0;0.0;0.0;0.0;6.091027832000009;0.588258028;5.317644889610527;2022-04-22T04:00:00Z
0.0;0.0;0.0;27.2;6.344384765600012;0.5882119536;5.038951643108081;2022-04-22T05:00:00Z
0.0;0.0;0.0;94.43555555555555;7.347375488300031;0.5880743861;5.478164836203853;2022-04-22T06:00:00Z
0.0;9.886777777777777;5.118999999999999;196.39111111111112;8.908959960900006;0.5878514647;6.088699190806265;2022-04-22T07:00:00Z
0.0;39.187111111111115;0.1199999999999999;322.43555555555554;10.304284668000037;0.5886021852;6.913671906260381;2022-04-22T08:00:00Z
0.0;24.093;20.119;318.5422222222222;11.452203369100005;0.5880773664;7.438464828226923;2022-04-22T09:00:00Z
0.0;0.0;0.0;247.6977777777778;12.048669433600026;0.5901549459;6.199969842081532;2022-04-22T10:00:00Z
0.0;0.0;0.0;263.4488888888889;12.258630371100026;0.5889062881;8.088241955442482;2022-04-22T11:00:00Z
0.0;0.0;0.0;367.2888888888889;12.769891357400013;0.588342309;8.292937978417006;2022-04-22T12:00:00Z
0.0;0.0;0.0;322.27555555555557;13.18850097660004;0.5877879262;8.2016771304527;2022-04-22T13:00:00Z
0.0;0.0;0.0;299.0755555555556;13.636926269500009;0.5874267817;8.409482529483794;2022-04-22T14:00:00Z
0.0;0.0;0.0;308.14222222222224;13.852868652300003;0.5872129798;7.915603893045863;2022-04-22T15:00:00Z
0.0;0.0;0.0;248.92444444444445;13.864892578100012;0.5871037841;7.380572420020203;2022-04-22T16:00:00Z
0.0;0.0;0.0;148.81777777777776;13.464929199200014;0.5870555639;7.488358909744382;2022-04-22T17:00:00Z
0.0;0.0;0.0;44.76444444444444;12.495172119100005;0.5870396495;7.833490743739317;2022-04-22T18:00:00Z
0.0;0.0;0.0;0.48;11.676293945300017;0.5870229602;7.7788050831071835;2022-04-22T19:00:00Z
0.0;0.0;0.0;0.0;10.601098632800017;0.5870069265;7.4722451152590015;2022-04-22T20:00:00Z
0.0;0.0;0.0;0.0;9.553979492200028;0.5869884491;7.030718520394094;2022-04-22T21:00:00Z
0.0;0.0;0.0;0.0;8.805261230500037;0.5869881511;7.214704973490806;2022-04-22T22:00:00Z
0.0;0.0;0.0;0.0;7.422021484400034;0.5869776607;7.040259083985241;2022-04-22T23:00:00Z
17.150983333333333;0.0;0.0;0.0;6.267114257800017;0.5869724154;6.9703897130601025;2022-04-23T00:00:00Z
37.333533333333335;0.0;0.0;0.0;5.1508117676000325;0.5869742036;7.144037296506637;2022-04-23T01:00:00Z
28.933333333333334;0.0;0.0;0.0;4.55468139650003;0.5869773626;7.101475534074112;2022-04-23T02:00:00Z
31.38333333333333;0.0;0.0;0.0;4.186700439500044;0.5869814157;7.023485490554825;2022-04-23T03:00:00Z
26.250366666666665;0.0;0.0;0.07111111111111111;3.6254821777000075;0.5869870782;6.987726271846169;2022-04-23T04:00:00Z
24.617316666666667;0.0;0.0;47.093333333333334;4.376184082000009;0.5869804025;6.4559781220673615;2022-04-23T05:00:00Z
27.417366666666663;0.0;0.0;179.37777777777777;7.2260070801000325;0.5869746804;5.298293539594299;2022-04-23T06:00:00Z
13.416766666666664;30.308222222222216;5.119;338.70222222222225;9.987573242200028;0.5869665146;3.923457055104233;2022-04-23T07:00:00Z
1.3344833333333335;19.653555555555553;0.1199999999999999;491.46666666666664;12.118554687500023;0.5869629383;4.046637992193051;2022-04-23T08:00:00Z
57.00105;32.084;20.119;622.0266666666666;13.780053710900006;0.5869665146;4.436755904442192;2022-04-23T09:00:00Z
65.6671;0.0;0.0;716.1066666666667;14.889947509800038;0.586981535;5.044702643436157;2022-04-23T10:00:00Z
70.0;0.0;0.0;607.9644444444444;15.52144775390002;0.5869931579;5.546666448441517;2022-04-23T11:00:00Z
67.33451666666667;0.0;0.0;481.99111111111114;16.141931152300003;0.5869971514;5.830858584833105;2022-04-23T12:00:00Z
369.6676333333333;0.0;0.0;325.4222222222222;16.377770996100026;0.5869897604;5.682117040975633;2022-04-23T13:00:00Z
505.0008;0.0;0.0;247.05777777777777;16.55922851560001;0.5869853497;5.529349439335603;2022-04-23T14:00:00Z
130.6682;0.0;0.0;235.7511111111111;16.59633789060001;0.5869811773;5.51346420968484;2022-04-23T15:00:00Z
69.83435;0.0;0.0;178.61333333333334;16.20040283200001;0.5869645476;5.392148614361148;2022-04-23T16:00:00Z
50.91755;0.0;0.0;113.83111111111111;15.460168457000009;0.586956203;5.682972842308613;2022-04-23T17:00:00Z
78.25058333333334;0.0;0.0;36.62222222222222;14.129541015600012;0.586967051;6.850167069070552;2022-04-23T18:00:00Z
85.40038333333332;0.0;0.0;1.0844444444444445;12.532067871100026;0.5869855881;7.842153309108313;2022-04-23T19:00:00Z
83.18344999999998;0.0;0.0;0.0;11.259851074200014;0.5870049596;8.488081737437012;2022-04-23T20:00:00Z
85.98371666666665;0.0;0.0;0.0;10.415551757800017;0.5870050192;8.670647038791262;2022-04-23T21:00:00Z
29.83515;0.0;0.0;0.0;9.518640136700014;0.586991787;8.317966785199443;2022-04-23T22:00:00Z
17.718716666666666;0.0;0.0;0.0;8.670312500000023;0.5869812369;7.975398514453884;2022-04-23T23:00:00Z
12.484333333333332;0.0;0.0;0.0;7.717828369100005;0.5869798064;7.9982419479001585;2022-04-24T00:00:00Z
31.5004;0.0;0.0;0.0;7.322045898400006;0.5869815946;8.104101206119822;2022-04-24T01:00:00Z
32.31705;0.0;0.0;0.0;6.675897216800024;0.5869780183;7.891746681602562;2022-04-24T02:00:00Z
34.5334;0.0;0.0;0.0;6.656457519500009;0.5869727135;7.61224240451602;2022-04-24T03:00:00Z
31.150216666666665;0.0;0.0;0.16;6.175378418000037;0.5869758725;7.7140659853571645;2022-04-24T04:00:00Z
31.150633333333328;0.0;0.0;34.29333333333334;6.0326477051000325;0.586966157;7.390822639974201;2022-04-24T05:00:00Z
20.184916666666663;0.0;0.0;132.03555555555556;7.04686889650003;0.5869684815;5.845216126403058;2022-04-24T06:00:00Z
2.584366666666667;5.447333333333333;20.119;273.31555555555553;8.992944335900006;0.5869800448;5.490888748796336;2022-04-24T07:00:00Z
6.334666666666665;62.27222222222222;5.119;454.91555555555556;10.9403320312;0.5869895816;5.6312704294819795;2022-04-24T08:00:00Z
27.00113333333333;11.662555555555555;0.1199999999999999;618.0266666666666;12.941125488300031;0.5869954228;5.616463124590485;2022-04-24T09:00:00Z
67.6669;0.0;0.0;713.4933333333333;14.3622070312;0.5871953368;7.153294242345932;2022-04-24T10:00:00Z
70.0;0.0;0.0;630.8266666666667;14.877984619100005;0.5873526931;7.711049816078244;2022-04-24T11:00:00Z
41.00101666666666;0.0;0.0;551.6444444444444;15.172204589800003;0.5872192979;7.462918355234459;2022-04-24T12:00:00Z
65.00108333333334;0.0;0.0;469.9377777777778;15.688989257800017;0.5872092247;7.654989190680991;2022-04-24T13:00:00Z
327.66755;0.0;0.0;353.40444444444444;15.805444335900006;0.5870898366;7.761718442409505;2022-04-24T14:00:00Z
203.3342;0.0;0.0;257.2088888888889;15.349786377000044;0.5870296359;7.249761083881416;2022-04-24T15:00:00Z
703.3336999999999;0.0;0.0;203.16444444444446;14.856103515600012;0.587017715;6.626978480410732;2022-04-24T16:00:00Z
61.06781666666667;0.0;0.0;130.29333333333332;13.450341796900034;0.586981833;6.169610818640935;2022-04-24T17:00:00Z
76.03386666666665;0.0;0.0;33.79555555555555;12.035607910200042;0.5869783163;6.696268512403126;2022-04-24T18:00:00Z
67.86696666666667;0.0;0.0;1.2622222222222221;10.861199951200035;0.58697927;6.763114306286461;2022-04-24T19:00:00Z
72.86725;0.0;0.0;0.0;10.032403564500044;0.5870622396;6.4078775965851085;2022-04-24T20:00:00Z
26.10163333333333;0.0;0.0;0.0;9.292749023400006;0.587297678;6.689727466565171;2022-04-24T21:00:00Z
54.48593333333333;0.0;0.0;0.0;8.828729248000002;0.5910128355;7.818669141532422;2022-04-24T22:00:00Z
43.93608333333333;0.0;0.0;0.0;8.445947265600012;0.5929376483;7.303487563295526;2022-04-24T23:00:00Z
36.05021666666666;0.0;0.0;0.0;7.967370605500037;0.5929442644;7.314923727979423;2022-04-25T00:00:00Z
45.85018333333333;0.0;0.0;0.0;7.323571777300003;0.5928663611;7.604716504398961;2022-04-25T01:00:00Z
48.88335;0.0;0.0;0.0;6.432672119100005;0.5927048326;7.499895184310756;2022-04-25T02:00:00Z
48.41675;0.0;0.0;0.0;5.640161132800017;0.5924580693;7.302167012163449;2022-04-25T03:00:00Z
46.90006666666667;0.0;0.0;0.35555555555555557;5.137078857400013;0.5921832919;7.19071480687019;2022-04-25T04:00:00Z
33.83356666666666;0.0;0.0;43.80444444444444;5.212426757800017;0.591822207;6.7967526429630105;2022-04-25T05:00:00Z
28.000366666666665;0.0;0.0;128.42666666666668;5.775109863300031;0.5908746719;6.171563147368028;2022-04-25T06:00:00Z
10.00005;34.74766666666667;0.1199999999999999;278.73777777777775;6.461083984400034;0.5895460844;5.497776480325493;2022-04-25T07:00:00Z
61.83356666666666;27.644555555555556;20.119;348.67555555555555;7.646112060500002;0.5882815719;5.458951894882804;2022-04-25T08:00:00Z
57.50075;23.205111111111112;5.118999999999999;437.8488888888889;8.873437500000023;0.5875104666;5.399548469780969;2022-04-25T09:00:00Z
62.83363333333334;0.0;0.0;549.5644444444445;9.953179931600005;0.5871977806;3.389989695853651;2022-04-25T10:00:00Z
40.33455000000001;0.0;0.0;540.7644444444444;11.014062500000023;0.5870622993;3.86395578973126;2022-04-25T11:00:00Z
659.1672666666667;0.0;0.0;479.9822222222222;11.96483764650003;0.5870038271;3.9952594146620037;2022-04-25T12:00:00Z
241.33476666666667;0.0;0.0;445.99111111111114;12.462060546900034;0.5869798064;4.229570181246569;2022-04-25T13:00:00Z
67.50125;0.0;0.0;352.6933333333333;12.900750732400013;0.5869716406;4.449958206933387;2022-04-25T14:00:00Z
286.66745000000003;0.0;0.0;245.35111111111112;13.040093994100005;0.5869637132;4.332284015755057;2022-04-25T15:00:00Z
69.50105;0.0;0.0;175.34222222222223;12.95894775390002;0.5869595408;4.27154626859252;2022-04-25T16:00:00Z
66.0014;0.0;0.0;133.24444444444444;12.385278320300017;0.5869542956;4.511306015045213;2022-04-25T17:00:00Z
73.90086666666666;0.0;0.0;55.55555555555556;11.118310546900034;0.5869566202;5.352217351957207;2022-04-25T18:00:00Z
86.45036666666665;0.0;0.0;1.9022222222222223;9.18654785160004;0.5869529247;5.376617679588168;2022-04-25T19:00:00Z
87.00006666666665;0.0;0.0;0.0;7.680200195300017;0.5869509578;4.623527551275344;2022-04-25T20:00:00Z
72.0005;0.0;0.0;0.0;6.199517822300038;0.5869567394;4.022116458870324;2022-04-25T21:00:00Z
83.00113333333331;0.0;0.0;0.0;4.620233154300024;0.5869576335;4.003864489988952;2022-04-25T22:00:00Z
65.15143333333334;0.0;0.0;0.0;3.765832519500009;0.5869603753;4.1074972541855015;2022-04-25T23:00:00Z
32.43365;0.0;0.0;0.0;3.078271484400034;0.5869663358;4.714843233711604;2022-04-26T00:00:00Z
30.917066666666663;0.0;0.0;0.0;2.4563842773000033;0.586971283;4.677607407840965;2022-04-26T01:00:00Z
25.783666666666665;0.0;0.0;0.0;1.788629150400027;0.5869806409;4.1694995917134925;2022-04-26T02:00:00Z
32.31691666666667;0.0;0.0;0.0;1.4621215820000089;0.5869931579;3.659584499618389;2022-04-26T03:00:00Z
35.58336666666666;0.0;0.0;0.6222222222222222;0.7934814453000172;0.5870145559;3.616297372425889;2022-04-26T04:00:00Z
33.60053333333333;0.0;0.0;49.973333333333336;2.46968994140002;0.5870350003;3.7321704126869157;2022-04-26T05:00:00Z
63.951716666666655;0.0;0.0;179.4488888888889;6.086541748000002;0.5870221257;2.6896460159588353;2022-04-26T06:00:00Z
64.91688333333333;36.52344444444444;20.119;278.3288888888889;8.89058837890002;0.5870062113;2.036338179417518;2022-04-26T07:00:00Z
10.001;13.438333333333333;0.1199999999999999;433.5288888888889;10.964044189500044;0.5869903564;1.8744982243238277;2022-04-26T08:00:00Z
10.001;27.644555555555552;5.119;604.4266666666666;12.500390625000023;0.5869701505;2.0310996726607606;2022-04-26T09:00:00Z
10.001;0.0;0.0;726.3288888888889;13.676416015600012;0.5869909525;1.324759863150666;2022-04-26T10:00:00Z
10.001016666666667;0.0;0.0;709.5466666666666;14.57808837890002;0.587231636;1.529263498270832;2022-04-26T11:00:00Z
52.0013;0.0;0.0;699.4844444444444;15.503259277300003;0.5871208906;1.1696234758025044;2022-04-26T12:00:00Z
170.0009;0.0;0.0;539.1111111111111;15.630029296900034;0.5871041417;0.6786911167645204;2022-04-26T13:00:00Z
598.83425;0.0;0.0;350.93333333333334;15.913415527300003;0.5871046782;0.5300214565757753;2022-04-26T14:00:00Z
136.6676;0.0;0.0;301.4222222222222;15.86037597660004;0.5871598125;1.0822637241800563;2022-04-26T15:00:00Z
136.6676;0.0;0.0;238.82666666666665;15.718530273400006;0.5871461034;1.840410390824586;2022-04-26T16:00:00Z
87.50109999999998;0.0;0.0;164.94222222222223;15.043176269500009;0.5871148705;2.3664439701194175;2022-04-26T17:00:00Z
87.86701666666667;0.0;0.0;54.29333333333334;13.779382324200014;0.5870730281;2.9823587655793715;2022-04-26T18:00:00Z
83.00021666666667;0.0;0.0;2.2044444444444444;12.3368164062;0.5870594382;3.740658730078368;2022-04-26T19:00:00Z
82.93415;0.0;0.0;0.0;11.141320800800031;0.5870552063;4.043870599381859;2022-04-26T20:00:00Z
86.41724999999998;0.0;0.0;0.0;10.266198730500037;0.5870515704;4.18270338985138;2022-04-26T21:00:00Z
61.05213333333333;0.0;0.0;0.0;9.50875244140002;0.5870623589;6.604561402002432;2022-04-26T22:00:00Z
199.26903333333328;0.0;0.0;0.0;8.485925293000037;0.5870575905;6.041302019625682;2022-04-26T23:00:00Z
31.266833333333327;0.0;0.0;0.0;6.580712890600012;0.5870733261;4.46118836441487;2022-04-27T00:00:00Z
28.466733333333327;0.0;0.0;0.0;5.714562988300031;0.5870867372;3.928468540214441;2022-04-27T01:00:00Z
35.466833333333334;0.0;0.0;0.0;5.147149658200021;0.5870918632;5.811312857276193;2022-04-27T02:00:00Z
30.10003333333333;0.0;0.0;0.0;4.984582519500009;0.5870988369;5.95852420020513;2022-04-27T03:00:00Z
27.18345;0.0;0.0;0.8;5.085809326200035;0.5871027708;5.269394280441128;2022-04-27T04:00:00Z
28.350066666666663;0.0;0.0;47.89333333333333;5.8431945801000325;0.587105751;4.643577866017314;2022-04-27T05:00:00Z
35.20098333333333;0.0;0.0;172.03555555555556;8.210107421900034;0.5870760679;3.597036798753554;2022-04-27T06:00:00Z
28.117516666666663;45.40233333333333;20.119;296.2133333333333;10.29683837890002;0.5870352387;2.735927368000168;2022-04-27T07:00:00Z
32.00063333333333;25.868777777777776;5.118999999999999;467.32444444444445;12.337182617200028;0.586987257;2.753158451368306;2022-04-27T08:00:00Z
69.00001666666667;16.101999999999997;0.1199999999999999;566.88;13.871270752000044;0.5869624615;2.9630962736579467;2022-04-27T09:00:00Z
70.0;0.0;0.0;694.4;14.710229492200028;0.5869537592;2.6711334743043698;2022-04-27T10:00:00Z
86.66671666666667;0.0;0.0;670.3644444444444;15.497583007800017;0.5869578123;3.737979420597679;2022-04-27T11:00:00Z
920.00015;0.0;0.0;450.43555555555554;15.542565918000037;0.5869647264;4.10048517666195;2022-04-27T12:00:00Z
97.83485;0.0;0.0;329.76;15.548120117200028;0.5869756937;4.7433458008173055;2022-04-27T13:00:00Z
60.002;0.0;0.0;325.3511111111111;15.786462402300003;0.5870246887;4.808188205801735;2022-04-27T14:00:00Z
60.002;0.0;0.0;220.7288888888889;15.70287475590004;0.5870794058;4.523717983011462;2022-04-27T15:00:00Z
57.50133333333333;0.0;0.0;151.48444444444445;15.578027343800045;0.5870115161;4.44768217777969;2022-04-27T16:00:00Z
64.50135;0.0;0.0;83.27111111111111;14.94820556640002;0.5869870186;4.170456088473036;2022-04-27T17:00:00Z
77.60051666666665;0.0;0.0;34.275555555555556;13.8016601562;0.5869847536;4.24025414250097;2022-04-27T18:00:00Z
81.0002;0.0;0.0;2.862222222222222;12.070214843800045;0.5869837403;4.384145939457668;2022-04-27T19:00:00Z
36.584616666666655;0.0;0.0;0.0;10.55053100590004;0.5869835019;4.744943698404219;2022-04-27T20:00:00Z
77.61709999999998;0.0;0.0;0.0;8.965509033200021;0.5869832635;5.216467982385996;2022-04-27T21:00:00Z
83.96798333333331;0.0;0.0;0.0;7.198449707000009;0.5869811177;5.062455284105308;2022-04-27T22:00:00Z
47.31876666666666;0.0;0.0;0.0;6.287011718800045;0.5869838595;4.217248552520115;2022-04-27T23:00:00Z
25.90025;0.0;0.0;0.0;5.983056640600012;0.586987555;3.741171077283087;2022-04-28T00:00:00Z
27.88355;0.0;0.0;0.0;6.119653320300017;0.5869903564;3.805098895179982;2022-04-28T01:00:00Z
26.3669;0.0;0.0;0.0;5.829370117200028;0.5870037675;4.242563792148568;2022-04-28T02:00:00Z
31.3836;0.0;0.0;0.0;5.03511962890002;0.5870196819;4.475358424288964;2022-04-28T03:00:00Z
28.23358333333333;0.0;0.0;1.0133333333333334;4.790612793000037;0.5870274901;4.374723884051069;2022-04-28T04:00:00Z
27.06685;0.0;0.0;56.92444444444445;5.56441650390002;0.5870441198;4.08409141605528;2022-04-28T05:00:00Z
69.60125;0.0;0.0;180.4088888888889;8.057092285200042;0.5870262384;2.8521603700812164;2022-04-28T06:00:00Z
3.735416666666667;41.85077777777778;5.119;292.8355555555556;10.379418945300017;0.5870049596;2.2525687867587187;2022-04-28T07:00:00Z
9.0011;24.980888888888888;0.1199999999999999;437.15555555555557;12.21947631840004;0.586998105;1.8793987942721038;2022-04-28T08:00:00Z
20.00083333333333;14.326222222222222;20.119;577.1022222222222;13.608605957000009;0.5869569778;2.872040034840865;2022-04-28T09:00:00Z
68.50015;0.0;0.0;610.1333333333333;14.393914794900013;0.5869527459;2.878068555396382;2022-04-28T10:00:00Z
49.00035;0.0;0.0;498.08;14.846490478500016;0.5869508386;3.1571600171457166;2022-04-28T11:00:00Z
500.3345166666666;0.0;0.0;401.31555555555553;15.303033447300038;0.5869504809;3.1734263906100497;2022-04-28T12:00:00Z
67.50125;0.0;0.0;380.05333333333334;15.809106445300017;0.5869516134;3.34024913306232;2022-04-28T13:00:00Z
60.002;0.0;0.0;330.1511111111111;16.06417236330003;0.5869540572;3.678856883611218;2022-04-28T14:00:00Z
282.00221666666664;0.0;0.0;278.22222222222223;16.216333007800017;0.5869561434;4.0160159582666894;2022-04-28T15:00:00Z
404.3356;0.0;0.0;198.77333333333334;16.02602539060001;0.5869564414;4.396727737918184;2022-04-28T16:00:00Z
185.36765;0.0;0.0;122.4;15.613763427700007;0.5869501829;4.366549694813268;2022-04-28T17:00:00Z
83.06681666666665;0.0;0.0;54.77333333333333;14.310906982400013;0.5869535208;4.201071546027215;2022-04-28T18:00:00Z
87.96678333333331;0.0;0.0;3.128888888888889;12.192071533200021;0.5869517922;4.3919755192656185;2022-04-28T19:00:00Z
90.7667;0.0;0.0;0.0;10.511865234400034;0.5869518518;4.352981072009395;2022-04-28T20:00:00Z
89.1002;0.0;0.0;0.0;8.965295410200042;0.5869527459;4.063469319978617;2022-04-28T21:00:00Z
86.21763333333334;0.0;0.0;0.0;6.816735839800003;0.5869523883;4.1475549075041656;2022-04-28T22:00:00Z
33.751999999999995;0.0;0.0;0.0;5.89354858400003;0.5869587064;3.4584292600455675;2022-04-28T23:00:00Z
0.0;0.0;0.0;0.0;4.688500976600039;0.586969018;3.122135704131708;2022-04-29T00:00:00Z
0.0;0.0;0.0;0.0;4.142358398400006;0.5869758129;2.8342541380491038;2022-04-29T01:00:00Z
0.0;0.0;0.0;0.0;3.9004150391000394;0.5869857073;2.928551336604214;2022-04-29T02:00:00Z
0.0;0.0;0.0;0.0;3.5338378906000116;0.5870036483;2.932608081751922;2022-04-29T03:00:00Z
0.0;0.0;0.0;1.7955555555555556;2.901483154300024;0.5870233178;2.896473079810602;2022-04-29T04:00:00Z
0.0;0.0;0.0;67.1288888888889;5.053826904300024;0.5870868564;2.5529540472155365;2022-04-29T05:00:00Z
0.0;0.0;0.0;207.21777777777777;8.098779296900034;0.5871378183;1.979828883988172;2022-04-29T06:00:00Z
0.0;47.178111111111114;20.119;345.9555555555556;11.066003418000037;0.5871137977;0.8694722974859709;2022-04-29T07:00:00Z
0.0;16.101999999999997;5.119;484.8888888888889;13.15432128910004;0.5872940421;0.26442628685100295;2022-04-29T08:00:00Z
0.0;15.21411111111111;0.1199999999999999;608.7111111111111;14.292687988300031;0.5871035457;0.7074367938388089;2022-04-29T09:00:00Z
0.0;0.0;0.0;710.2933333333333;15.446923828100012;0.5871506333;0.48343042522505414;2022-04-29T10:00:00Z
0.0;0.0;0.0;760.9066666666666;16.2625976562;0.5870899558;0.6521185030058781;2022-04-29T11:00:00Z
0.0;0.0;0.0;770.0266666666666;17.06469116210002;0.5871867537;0.42094650402588624;2022-04-29T12:00:00Z
0.0;0.0;0.0;732.8533333333334;17.669763183600026;0.5871715546;0.3766922038880421;2022-04-29T13:00:00Z
0.0;0.0;0.0;586.2577777777777;17.85619506840004;0.5870975256;0.6577314538856168;2022-04-29T14:00:00Z
0.0;0.0;0.0;460.96;18.05727539060001;0.5871177912;0.5868821208856349;2022-04-29T15:00:00Z
0.0;0.0;0.0;268.8355555555556;17.799645996100026;0.5871348381;0.6485173828841102;2022-04-29T16:00:00Z
0.0;0.0;0.0;163.73333333333332;17.207788085900006;0.5870449543;0.9351128093072546;2022-04-29T17:00:00Z
0.0;0.0;0.0;59.12888888888889;15.313989257800017;0.586978972;1.652053633047899;2022-04-29T18:00:00Z
0.0;0.0;0.0;3.911111111111111;13.471398925800031;0.5869561434;2.615030748012436;2022-04-29T19:00:00Z
0.0;0.0;0.0;0.0;12.425073242200028;0.5869501233;3.8117376591090224;2022-04-29T20:00:00Z
0.0;0.0;0.0;0.0;11.595208740200007;0.5869507194;4.040316908536887;2022-04-29T21:00:00Z
0.0;0.0;0.0;0.0;9.99123535160004;0.5869607329;3.7210010893229932;2022-04-29T22:00:00Z
0.0;0.0;0.0;0.0;9.7196289062;0.5869524479;4.367361275576039;2022-04-29T23:00:00Z
32.550349999999995;0.0;0.0;0.0;9.501550293000037;0.5869514346;5.176603972771714;2022-04-30T00:00:00Z
37.10008333333333;0.0;0.0;0.0;9.107934570300017;0.5869515538;5.421321504958358;2022-04-30T01:00:00Z
35.0;0.0;0.0;0.0;8.439660644500009;0.5869550109;4.782028142357352;2022-04-30T02:00:00Z
33.71685;0.0;0.0;0.0;7.439965820300017;0.5869665742;4.036748752483078;2022-04-30T03:00:00Z
33.71685;0.0;0.0;2.062222222222222;6.870843505900041;0.5870146155;3.0065027324516076;2022-04-30T04:00:00Z
35.70028333333333;0.0;0.0;55.44888888888889;7.6722961426000325;0.587061584;1.4690867829516099;2022-04-30T05:00:00Z
28.00023333333333;0.0;0.0;155.34222222222223;9.131250000000023;0.587050736;0.09630382817167743;2022-04-30T06:00:00Z
29.700683333333327;22.317222222222224;5.119;326.3466666666667;10.932275390600012;0.5870619416;0.6245548557104513;2022-04-30T07:00:00Z
68.16685;39.187111111111115;20.119;453.58222222222224;12.830163574200014;0.5870711803;0.6341481420295927;2022-04-30T08:00:00Z
28.834116666666663;18.765666666666664;0.1199999999999999;548.9777777777778;14.296777343800045;0.5870602727;0.7960736247024106;2022-04-30T09:00:00Z
34.50063333333333;0.0;0.0;635.6266666666667;15.234521484400034;0.5871759057;0.8368386271874112;2022-04-30T10:00:00Z
65.16691666666667;0.0;0.0;672.5688888888889;16.452722168000037;0.5870999098;0.4951764405688118;2022-04-30T11:00:00Z
45.66826666666666;0.0;0.0;579.9644444444444;17.23018798830003;0.587095499;0.5299240723324047;2022-04-30T12:00:00Z
70.001;0.0;0.0;530.0622222222222;17.876123046900034;0.5870639086;0.6806407979599941;2022-04-30T13:00:00Z
11.168716666666667;0.0;0.0;515.7688888888889;18.22164306640002;0.5870888233;0.46610937058387464;2022-04-30T14:00:00Z
54.8346;0.0;0.0;369.0488888888889;18.173425293000037;0.5872645378;0.6578832256872355;2022-04-30T15:00:00Z
820.0002499999998;0.0;0.0;236.83555555555554;17.520867919900013;0.5872756243;1.9615542598533935;2022-04-30T16:00:00Z
103.00071666666666;0.0;0.0;129.33333333333334;16.71999511720003;0.5871307254;3.8153945597888437;2022-04-30T17:00:00Z
84.78356666666667;0.0;0.0;50.00888888888889;15.599725341800024;0.5870702267;4.820965462851661;2022-04-30T18:00:00Z
92.65015;0.0;0.0;4.711111111111111;14.118402099600019;0.5870511532;5.237204640296206;2022-04-30T19:00:00Z
80.15014999999998;0.0;0.0;0.0;12.606713867200028;0.5870434642;5.35020769553564;2022-04-30T20:00:00Z
20.13475;0.0;0.0;0.0;11.206933593800045;0.5870380998;5.430059839335851;2022-04-30T21:00:00Z
36.452533333333335;0.0;0.0;0.0;9.652551269500009;0.5870392919;6.7733884508303435;2022-04-30T22:00:00Z
283.0353666666667;0.0;0.0;0.0;8.6395507812;0.5870323181;6.608177522442235;2022-04-30T23:00:00Z
30.2171;0.0;0.0;0.0;7.527062988300031;0.5870267153;6.324816688224214;2022-05-01T00:00:00Z
33.36675;0.0;0.0;0.0;6.72750244140002;0.5870226622;6.195484846436817;2022-05-01T01:00:00Z
32.43346666666667;0.0;0.0;0.0;6.089501953100012;0.5870181918;5.860077406355277;2022-05-01T02:00:00Z
34.3;0.0;0.0;0.0;5.816064453100012;0.5870152712;5.491277483140605;2022-05-01T03:00:00Z
40.950183333333335;0.0;0.0;2.6133333333333333;5.8650756836000255;0.5870123506;5.540800021677882;2022-05-01T04:00:00Z
40.8335;0.0;0.0;63.23555555555556;6.973260498000002;0.5870078206;5.208246309724051;2022-05-01T05:00:00Z
57.71721666666667;0.0;0.0;175.68;9.250573730500037;0.5869931579;4.251069531968168;2022-05-01T06:00:00Z
48.500283333333336;15.21411111111111;20.119;269.08444444444444;11.404870605500037;0.5869787335;3.91707245037985;2022-05-01T07:00:00Z
52.50045000000001;51.617555555555555;5.118999999999999;334.8088888888889;13.144433593800045;0.5869655609;3.648636925379066;2022-05-01T08:00:00Z
60.001;17.877777777777776;0.1199999999999999;372.53333333333336;14.555139160200042;0.5869569182;3.4246486340801896;2022-05-01T09:00:00Z
60.3343;0.0;0.0;463.43111111111114;14.367883300800031;0.5870744586;3.3410163540818756;2022-05-01T10:00:00Z
70.00023333333333;0.0;0.0;564.2666666666667;15.062341308600026;0.5869977474;3.7298684040862367;2022-05-01T11:00:00Z
470.0006;0.0;0.0;575.1111111111111;15.562036132800017;0.5869763494;3.992078873900059;2022-05-01T12:00:00Z
70.001;0.0;0.0;597.8488888888888;16.101892089800003;0.5869716406;4.167151595818085;2022-05-01T13:00:00Z
582.33415;0.0;0.0;521.0311111111112;15.924645996100026;0.5869686007;4.200865723131403;2022-05-01T14:00:00Z
51.00131666666666;0.0;0.0;432.53333333333336;15.867944335900006;0.5869660974;4.086103686497346;2022-05-01T15:00:00Z
70.001;0.0;0.0;322.3644444444444;15.624536132800017;0.5869616866;4.0640725728321305;2022-05-01T16:00:00Z
111.9014;0.0;0.0;194.4711111111111;14.816217041000016;0.5869565606;4.162713920277955;2022-05-01T17:00:00Z
173.101;0.0;0.0;74.45333333333333;13.672479248000002;0.5869520903;4.548142215312076;2022-05-01T18:00:00Z
72.98366666666665;0.0;0.0;4.586666666666667;12.060876464800003;0.5869507194;5.135466150030869;2022-05-01T19:00:00Z
54.48403333333333;0.0;0.0;0.0;11.03609619140002;0.5869498253;5.261653251408423;2022-05-01T20:00:00Z
93.80001666666665;0.0;0.0;0.0;10.302392578100012;0.5869506001;5.05029996215273;2022-05-01T21:00:00Z
35.1679;0.0;0.0;0.0;8.926293945300017;0.5870702863;4.956944868333376;2022-05-01T22:00:00Z
18.4513;0.0;0.0;0.0;8.351892089800003;0.5870899558;4.708521169002585;2022-05-01T23:00:00Z
27.18388333333333;0.0;0.0;0.0;7.865747070300017;0.587098062;4.470089869320431;2022-05-02T00:00:00Z
33.60021666666667;0.0;0.0;0.0;6.732873535200042;0.5873177648;4.351637446222419;2022-05-02T01:00:00Z
33.60021666666667;0.0;0.0;0.0;5.709375000000023;0.5874324441;3.95184590052886;2022-05-02T02:00:00Z
36.28385;0.0;0.0;0.0;5.5697570801000325;0.5874994993;3.240778116198549;2022-05-02T03:00:00Z
40.716816666666666;0.0;0.0;2.488888888888889;5.365625000000023;0.5875069499;2.8359282290348076;2022-05-02T04:00:00Z
36.28385;0.0;0.0;53.12;6.614434814500044;0.5875284672;2.951164881385579;2022-05-02T05:00:00Z
28.233733333333333;0.0;0.0;155.37777777777777;9.312829589800003;0.5874711871;2.601630773569777;2022-05-02T06:00:00Z
11.267299999999999;9.886777777777777;0.1199999999999999;122.41777777777777;11.84182128910004;0.5873494744;1.9124331434814223;2022-05-02T07:00:00Z
65.3338;48.95388888888888;5.119;248.62222222222223;13.944604492200028;0.5872434378;1.6547062165285888;2022-05-02T08:00:00Z
38.00053333333334;20.54144444444444;20.119;416.53333333333336;15.285852050800031;0.5870862007;1.7402739844540798;2022-05-02T09:00:00Z
29.000683333333328;0.0;0.0;701.9733333333334;15.92455444340004;0.5870354176;1.463820926625398;2022-05-02T10:00:00Z
34.000733333333336;0.0;0.0;788.1066666666667;17.032556152300003;0.5870367289;1.225608772441971;2022-05-02T11:00:00Z
27.001716666666663;0.0;0.0;685.1022222222222;17.81899414060001;0.5869677663;2.423345661196281;2022-05-02T12:00:00Z
201.83466666666664;0.0;0.0;539.3066666666666;18.428826904300024;0.5869541168;3.2995050417038936;2022-05-02T13:00:00Z
632.0009666666667;0.0;0.0;340.6044444444444;18.441857910200042;0.5869532228;3.7925171884368902;2022-05-02T14:00:00Z
69.6677;0.0;0.0;245.38666666666666;18.25612792970003;0.5869595408;4.4138142995440734;2022-05-02T15:00:00Z
70.001;0.0;0.0;119.48444444444445;17.695703125000023;0.5869677663;5.102300406561451;2022-05-02T16:00:00Z
74.48431666666666;0.0;0.0;117.10222222222222;17.065576171900034;0.5869647861;5.545843183800624;2022-05-02T17:00:00Z
90.43345;0.0;0.0;66.80888888888889;15.841394043000037;0.5869506598;4.732639108974349;2022-05-02T18:00:00Z
82.23385;0.0;0.0;5.973333333333334;12.880212402300003;0.5869532824;4.12427143762523;2022-05-02T19:00:00Z
97.50005;0.0;0.0;0.0;11.721307373000002;0.5869573355;3.67183096551532;2022-05-02T20:00:00Z
95.0834;0.0;0.0;0.0;11.986596679700028;0.5869686604;3.1638792609096984;2022-05-02T21:00:00Z
254.25113333333329;0.0;0.0;0.0;8.622399902300003;0.5869905949;3.0979053631283846;2022-05-02T22:00:00Z
133.55213333333333;0.0;0.0;0.0;7.756311035200042;0.5869553089;3.751090476842631;2022-05-02T23:00:00Z
26.13375;0.0;0.0;0.0;7.3041320801000325;0.5869573951;4.279413203413073;2022-05-03T00:00:00Z
35.00006666666667;0.0;0.0;0.0;6.967950439500044;0.5869545937;4.194154464107953;2022-05-03T01:00:00Z
32.200083333333325;0.0;0.0;0.0;6.32515869140002;0.5869535208;4.335172608564584;2022-05-03T02:00:00Z
27.3001;0.0;0.0;0.0;5.957330322300038;0.5869560242;4.540173610405925;2022-05-03T03:00:00Z
27.30013333333333;0.0;0.0;3.2888888888888888;5.222924804700028;0.5869601965;4.6327938518184695;2022-05-03T04:00:00Z
34.884366666666665;0.0;0.0;64.62222222222222;7.3129211426000325;0.5869871974;3.9063516844570647;2022-05-03T05:00:00Z
79.76796666666665;0.0;0.0;181.86666666666667;9.855065918000037;0.5869849324;2.3909475576468333;2022-05-03T06:00:00Z
75.95015;47.178111111111114;0.1199999999999999;348.0888888888889;12.39135131840004;0.5869764686;1.977833717155492;2022-05-03T07:00:00Z
67.3336;32.084;5.119;410.9511111111111;13.989404296900034;0.5869563818;2.414398555915601;2022-05-03T08:00:00Z
70.0;0.1199999999999999;20.119;555.9644444444444;15.232934570300017;0.5869529843;2.50457577535781;2022-05-03T09:00:00Z
43.00045;0.0;0.0;707.5022222222223;15.860223388700035;0.5869506001;2.817535611950969;2022-05-03T10:00:00Z
232.0007666666667;0.0;0.0;791.3244444444445;16.73726806640002;0.5869525075;2.5454899487249456;2022-05-03T11:00:00Z
242.00126666666668;0.0;0.0;654.3822222222223;17.35415039060001;0.5869526267;3.4010093554956344;2022-05-03T12:00:00Z
57.00121666666666;0.0;0.0;526.4177777777778;17.629663085900006;0.5869724154;4.571656354245828;2022-05-03T13:00:00Z
70.001;0.0;0.0;447.43111111111114;17.95314941410004;0.5869770646;4.845285081121092;2022-05-03T14:00:00Z
253.33415;0.0;0.0;454.8622222222222;17.872399902300003;0.5869937539;5.5218195061275095;2022-05-03T15:00:00Z
120.00094999999997;0.0;0.0;235.80444444444444;17.095147705100032;0.586984992;5.31030883355135;2022-05-03T16:00:00Z
72.91711666666667;0.0;0.0;183.98222222222222;16.26146850590004;0.5869616866;4.74986364220518;2022-05-03T17:00:00Z
79.90048333333334;0.0;0.0;80.17777777777778;15.200585937500023;0.5869498849;4.561721529181553;2022-05-03T18:00:00Z
86.68376666666667;0.0;0.0;6.773333333333333;12.806787109400034;0.5869505405;4.5686051159771095;2022-05-03T19:00:00Z
28.985016666666663;0.0;0.0;0.0;10.376062011700014;0.5869528651;4.31554945654611;2022-05-03T20:00:00Z
24.818;0.0;0.0;0.0;9.286431884800038;0.5869556665;4.0709924341365085;2022-05-03T21:00:00Z
24.36913333333333;0.0;0.0;0.0;8.826318359400034;0.5869508386;4.3900383898597894;2022-05-03T22:00:00Z
308.9846666666667;0.0;0.0;0.0;8.338708496100026;0.5869534612;4.016495164871922;2022-05-03T23:00:00Z
38.150433333333325;0.0;0.0;0.0;7.19530639650003;0.5869625807;3.3645436732229217;2022-05-04T00:00:00Z
46.43344999999999;0.0;0.0;0.0;6.922326660200042;0.58698982;2.6409131085050324;2022-05-04T01:00:00Z
39.31688333333334;0.0;0.0;0.0;6.36229858400003;0.5870173573;2.2348912176896816;2022-05-04T02:00:00Z
31.383616666666665;0.0;0.0;0.0;5.922082519500009;0.5870538354;1.709348670394142;2022-05-04T03:00:00Z
34.76671666666667;0.0;0.0;3.68;6.25969848630001;0.5870562792;1.2495892359825305;2022-05-04T04:00:00Z
35.8167;0.0;0.0;60.16;7.910180664100039;0.5870791078;0.7885882895936195;2022-05-04T05:00:00Z
40.450116666666666;0.0;0.0;161.0311111111111;10.41695556640002;0.587112844;0.2989783988637662;2022-05-04T06:00:00Z
31.86745;40.075;0.1199999999999999;280.35555555555555;12.990075683600026;0.5870677233;0.6629943707245651;2022-05-04T07:00:00Z
38.00066666666667;14.326222222222222;25.118;290.22222222222223;14.85061035160004;0.5870296359;1.0406779799618613;2022-05-04T08:00:00Z
70.0;28.532444444444444;0.1199999999999999;357.6711111111111;16.204553222700042;0.5871350765;1.6594397862515433;2022-05-04T09:00:00Z
69.83335;0.0;0.0;430.61333333333334;16.598046875000023;0.5873726606;0.48404682512958386;2022-05-04T10:00:00Z
151.66696666666667;0.0;0.0;471.9288888888889;17.368615722700042;0.587130785;1.5314237160464477;2022-05-04T11:00:00Z
198.50118333333327;0.0;0.0;396.3377777777778;17.90426025390002;0.5870409608;1.5967023107018419;2022-05-04T12:00:00Z
56.3347;0.0;0.0;331.2;18.341271972700042;0.5871142149;1.1268618536425552;2022-05-04T13:00:00Z
6.002400000000001;0.0;0.0;324.97777777777776;18.90401611330003;0.5871952176;0.2275587378070711;2022-05-04T14:00:00Z
113.66798333333332;0.0;0.0;330.1333333333333;19.061975097700042;0.5870440006;0.9175065107267075;2022-05-04T15:00:00Z
544.66785;0.0;0.0;268.9244444444444;18.89721069340004;0.5869920254;1.6703512986964602;2022-05-04T16:00:00Z
29.168366666666667;0.0;0.0;174.02666666666667;18.59053955080003;0.5869863629;2.2215760418735635;2022-05-04T17:00:00Z
160.28393333333332;0.0;0.0;77.61777777777777;16.92873535160004;0.5869820714;2.075746345972142;2022-05-04T18:00:00Z
90.76668333333332;0.0;0.0;5.333333333333333;14.92092285160004;0.5869597197;2.7389980623378625;2022-05-04T19:00:00Z
83.33351666666665;0.0;0.0;0.0;14.347314453100012;0.5869582891;3.884187122590944;2022-05-04T20:00:00Z
88.50033333333333;0.0;0.0;0.0;13.546594238300031;0.5869616866;4.371648326444197;2022-05-04T21:00:00Z
44.501583333333336;0.0;0.0;0.0;12.809899902300003;0.5908799767;2.739894552332136;2022-05-04T22:00:00Z
17.38458333333333;0.0;0.0;0.0;12.550469970700021;0.5925597548;0.3403039165441403;2022-05-04T23:00:00Z
23.10058333333333;0.0;0.0;0.0;12.423608398400006;0.5927073956;2.674098867133242;2022-05-05T00:00:00Z
33.25026666666667;0.0;0.0;0.0;12.000695800800031;0.592875421;3.6782109707300155;2022-05-05T01:00:00Z
42.350199999999994;0.0;0.0;0.0;11.790246582000009;0.5929298997;4.474351195146095;2022-05-05T02:00:00Z
33.60028333333334;0.0;0.0;0.0;11.765466308600026;0.5929537416;4.460751613193203;2022-05-05T03:00:00Z
38.15031666666666;0.0;0.0;2.488888888888889;11.197473144500009;0.5929459333;4.373298951476514;2022-05-05T04:00:00Z
25.43391666666667;0.0;0.0;29.635555555555555;10.970361328100012;0.5928118825;4.597040146464085;2022-05-05T05:00:00Z
29.417483333333333;0.0;0.0;118.32888888888888;11.292443847700042;0.5926823616;3.542092837903357;2022-05-05T06:00:00Z
9.33393333333333;22.31722222222222;0.1199999999999999;140.69333333333333;11.664575195300017;0.5918388367;2.941154040966166;2022-05-05T07:00:00Z
35.667316666666665;32.084;5.119;283.0933333333333;12.626489257800017;0.5903534889;3.5675435625965317;2022-05-05T08:00:00Z
67.3336;37.41133333333333;20.119;441.2088888888889;13.766076660200042;0.5887737274;4.109715683582237;2022-05-05T09:00:00Z
19.501216666666668;0.0;0.0;554.24;15.13283691410004;0.587861836;3.374926598586623;2022-05-05T10:00:00Z
65.83375;0.0;0.0;619.3955555555556;16.174188232400013;0.5873054862;2.6141796345103607;2022-05-05T11:00:00Z
70.00053333333334;0.0;0.0;633.92;16.77211914060001;0.5870980024;3.010254776400644;2022-05-05T12:00:00Z
70.001;0.0;0.0;723.1644444444445;17.780145263700035;0.5870253444;3.707473323993205;2022-05-05T13:00:00Z
67.00105;0.0;0.0;614.6133333333333;17.974389648400006;0.5869850516;3.7690447734870127;2022-05-05T14:00:00Z
553.33385;0.0;0.0;499.0577777777778;18.181542968800045;0.5869674087;3.9500474237943735;2022-05-05T15:00:00Z
70.001;0.0;0.0;369.9555555555556;18.052575683600026;0.5869618654;4.098137522284807;2022-05-05T16:00:00Z
70.0006;0.0;0.0;213.13777777777779;17.257348632800017;0.5869571567;4.322074518920908;2022-05-05T17:00:00Z
44.667333333333325;0.0;0.0;91.11111111111111;16.17379150390002;0.5869529247;4.518485111869118;2022-05-05T18:00:00Z
42.88456666666666;0.0;0.0;8.924444444444445;14.346520996100026;0.5869530439;5.157064644681326;2022-05-05T19:00:00Z
81.68393333333331;0.0;0.0;0.0;12.148950195300017;0.5869541168;5.247178375393751;2022-05-05T20:00:00Z
78.48356666666666;0.0;0.0;0.0;10.853601074200014;0.5869535208;5.06097816443181;2022-05-05T21:00:00Z
71.21851666666667;0.0;0.0;0.0;9.269189453100012;0.5869557261;6.283040241768115;2022-05-05T22:00:00Z
472.63453333333325;0.0;0.0;0.0;8.216088867200028;0.5869520903;5.693465991476947;2022-05-05T23:00:00Z
0.0;0.0;0.0;0.0;6.8188415527000075;0.5869545341;4.697985298826555;2022-05-06T00:00:00Z
0.0;0.0;0.0;0.0;6.02633056640002;0.5869757533;3.5486071634545326;2022-05-06T01:00:00Z
0.0;0.0;0.0;0.0;6.2114196777000075;0.5870172381;2.2716218763154155;2022-05-06T02:00:00Z
0.0;0.0;0.0;0.0;6.580163574200014;0.5870537162;0.7626940037585785;2022-05-06T03:00:00Z
0.0;0.0;0.0;6.3822222222222225;5.294030761700014;0.5870563388;0.4234653617459097;2022-05-06T04:00:00Z
0.0;0.0;0.0;80.48;7.171594238300031;0.5871868134;0.8481215971749283;2022-05-06T05:00:00Z
0.0;0.0;0.0;216.64;10.615808105500037;0.5871924162;1.0853342471311958;2022-05-06T06:00:00Z
0.0;32.97188888888889;0.1199999999999999;352.26666666666665;13.307458496100026;0.5871114135;0.947970595003595;2022-05-06T07:00:00Z
0.0;10.774666666666667;5.119;463.64444444444445;15.018609619100005;0.5870549083;1.1842930733069257;2022-05-06T08:00:00Z
0.0;32.084;20.119;607.3244444444445;16.41597900390002;0.5871109962;1.8838220955489953;2022-05-06T09:00:00Z
0.0;0.0;0.0;571.7866666666666;17.051263427700007;0.5871527195;1.916661134892105;2022-05-06T10:00:00Z
0.0;0.0;0.0;378.4533333333333;17.32979736330003;0.5870794058;2.0701139402566704;2022-05-06T11:00:00Z
0.0;0.0;0.0;480.5511111111111;18.37325439450001;0.5870047808;2.0063223039696982;2022-05-06T12:00:00Z
0.0;0.0;0.0;398.84444444444443;18.69429931640002;0.5869876146;2.3478799391591587;2022-05-06T13:00:00Z
0.0;0.0;0.0;300.12444444444446;19.072045898400006;0.5869783759;2.2295500315220833;2022-05-06T14:00:00Z
0.0;0.0;0.0;254.68444444444444;18.963037109400034;0.5869814157;2.343242316589002;2022-05-06T15:00:00Z
0.0;0.0;0.0;194.06222222222223;18.80391845700001;0.5869726539;2.6800081988123625;2022-05-06T16:00:00Z
0.0;0.0;0.0;105.79555555555555;18.635278320300017;0.5869889855;2.3639374828930184;2022-05-06T17:00:00Z
0.0;0.0;0.0;56.60444444444445;17.54711303710002;0.5870471597;1.5944720743533345;2022-05-06T18:00:00Z
0.0;0.0;0.0;5.973333333333334;16.76098022460002;0.5870772004;0.9168420330974397;2022-05-06T19:00:00Z
0.0;0.0;0.0;0.0;15.482232666000016;0.5872406363;0.08137525230285804;2022-05-06T20:00:00Z
0.0;0.0;0.0;0.0;12.167108154300024;0.5870817304;1.0484704365664705;2022-05-06T21:00:00Z
0.0;0.0;0.0;0.0;11.53197631840004;0.5869629979;3.1146996175047326;2022-05-06T22:00:00Z
0.0;0.0;0.0;0.0;9.824578857400013;0.5869655013;4.390939028020779;2022-05-06T23:00:00Z
37.566766666666666;0.0;0.0;0.0;9.155511474600019;0.5869710445;4.909246920865721;2022-05-07T00:00:00Z
34.41675;0.0;0.0;0.0;9.479364013700035;0.5869790316;5.376210296925778;2022-05-07T01:00:00Z
34.41668333333333;0.0;0.0;0.0;9.318078613300031;0.58697927;5.692567318860898;2022-05-07T02:00:00Z
27.76678333333333;0.0;0.0;0.0;8.965264892600032;0.5869839787;5.6614778751584796;2022-05-07T03:00:00Z
26.483683333333328;0.0;0.0;6.702222222222222;9.542382812500023;0.5869958401;5.503722876410597;2022-05-07T04:00:00Z
30.100566666666666;0.0;0.0;80.60444444444444;11.11037597660004;0.5870021582;5.380400536935518;2022-05-07T05:00:00Z
32.10053333333333;0.0;0.0;204.76444444444445;13.962304687500023;0.586984098;4.715200346859557;2022-05-07T06:00:00Z
2.2686;0.1199999999999999;0.1199999999999999;327.5022222222222;16.746240234400034;0.5869678259;3.6701184845094073;2022-05-07T07:00:00Z
32.33443333333334;55.169111111111114;5.118999999999999;484.14222222222224;18.921044921900034;0.5870158672;3.5773984451512892;2022-05-07T08:00:00Z
66.00006666666667;22.31722222222222;20.119;553.7777777777778;20.360925293000037;0.5870147943;3.3587756790035783;2022-05-07T09:00:00Z
41.000483333333335;0.0;0.0;620.6577777777778;21.091943359400034;0.5869668126;3.748641344328159;2022-05-07T10:00:00Z
39.00051666666666;0.0;0.0;659.5377777777778;21.3055664062;0.5877528787;4.434644698051716;2022-05-07T11:00:00Z
43.83478333333333;0.0;0.0;625.3511111111111;21.41274414060001;0.5886924267;4.232127292098144;2022-05-07T12:00:00Z
714.6682;0.0;0.0;540.7111111111111;21.53118286130001;0.5880374908;3.192714228226556;2022-05-07T13:00:00Z
60.002;0.0;0.0;416.0;20.400750732400013;0.5873670578;2.3712021369211405;2022-05-07T14:00:00Z
60.002;0.0;0.0;436.8;20.611627197300038;0.5871152878;3.134400494464798;2022-05-07T15:00:00Z
68.50115;0.0;0.0;308.4088888888889;20.357263183600026;0.5870223641;3.6392445087960517;2022-05-07T16:00:00Z
70.00091666666667;0.0;0.0;174.29333333333332;19.653894043000037;0.5870041847;3.6848536865838324;2022-05-07T17:00:00Z
82.25001666666665;0.0;0.0;60.42666666666667;17.936120605500037;0.5869979858;4.052750369827261;2022-05-07T18:00:00Z
92.16666666666664;0.0;0.0;8.533333333333333;16.554162597700042;0.5869905353;4.830148311373631;2022-05-07T19:00:00Z
77.00023333333334;0.0;0.0;0.0;14.832299804700028;0.5869891047;5.071127595426753;2022-05-07T20:00:00Z
83.83379999999998;0.0;0.0;0.0;13.976770019500009;0.5869886875;4.670169514090163;2022-05-07T21:00:00Z
61.03536666666666;0.0;0.0;0.0;13.318933105500037;0.58711344;5.608963449576284;2022-05-07T22:00:00Z
373.93518333333327;0.0;0.0;0.0;12.870690918000037;0.587109983;5.195487590196418;2022-05-07T23:00:00Z
26.833683333333333;0.0;0.0;0.0;12.317193603500016;0.587121129;5.015681980319658;2022-05-08T00:00:00Z
29.867166666666662;0.0;0.0;0.0;11.90725097660004;0.5874644518;4.737366544098388;2022-05-08T01:00:00Z
30.450416666666666;0.0;0.0;0.0;11.59447631840004;0.5880072713;4.5163915197663576;2022-05-08T02:00:00Z
28.46668333333333;0.0;0.0;0.0;11.660913085900006;0.5894824862;5.08260358783518;2022-05-08T03:00:00Z
27.883416666666665;0.0;0.0;3.0755555555555554;11.522790527300003;0.5907056332;5.4675959320793535;2022-05-08T04:00:00Z
27.41675;0.0;0.0;38.062222222222225;11.285546875000023;0.5904554129;4.792761040258959;2022-05-08T05:00:00Z
21.98485;0.0;0.0;111.53777777777778;11.800073242200028;0.5896723866;3.5025371986712748;2022-05-08T06:00:00Z
60.00066666666667;16.101999999999997;0.1199999999999999;276.14222222222224;12.84566650390002;0.5884712934;2.958816239117107;2022-05-08T07:00:00Z
62.66683333333334;31.196111111111108;20.119;524.8355555555555;14.319116210900006;0.5875737667;2.893288690888727;2022-05-08T08:00:00Z
70.0;28.53244444444444;5.119;648.6755555555555;15.896081543000037;0.5871427655;3.4053690356679387;2022-05-08T09:00:00Z
70.0;0.0;0.0;737.9022222222222;16.993310546900034;0.586987257;3.7984758088919293;2022-05-08T10:00:00Z
63.33411666666667;0.0;0.0;767.1111111111111;18.074792480500037;0.5869669318;4.019825369280366;2022-05-08T11:00:00Z
14.002766666666668;0.0;0.0;811.3955555555556;18.66665039060001;0.5869669914;4.174670699241802;2022-05-08T12:00:00Z
12.168783333333332;0.0;0.0;761.2266666666667;18.95043334960002;0.5869672298;4.257891818368815;2022-05-08T13:00:00Z
70.001;0.0;0.0;687.6444444444444;19.19948730470003;0.5869702101;4.327842079212394;2022-05-08T14:00:00Z
70.001;0.0;0.0;563.52;19.020989990200007;0.5869726539;4.579355424450588;2022-05-08T15:00:00Z
420.00065;0.0;0.0;412.6933333333333;18.642968750000023;0.58696872;4.608978218200595;2022-05-08T16:00:00Z
223.50105;0.0;0.0;253.54666666666665;17.970544433600026;0.5869600177;4.486898352218918;2022-05-08T17:00:00Z
34.26801666666667;0.0;0.0;107.53777777777778;16.662500000000023;0.586956203;5.104765849757747;2022-05-08T18:00:00Z
38.001;0.0;0.0;12.835555555555555;14.396936035200042;0.5869635344;6.259752936450355;2022-05-08T19:00:00Z
28.20146666666667;0.0;0.0;0.0;12.219506835900006;0.5869692564;6.849924980452158;2022-05-08T20:00:00Z
39.151316666666666;0.0;0.0;0.0;10.61812744140002;0.5869656801;6.777823284975923;2022-05-08T21:00:00Z
317.5355666666667;0.0;0.0;0.0;9.366448974600019;0.5869543552;6.2935075403140335;2022-05-08T22:00:00Z
280.38536666666664;0.0;0.0;0.0;8.410913085900006;0.5869508386;5.86796208701939;2022-05-08T23:00:00Z
19.950366666666667;0.0;0.0;0.0;7.175012207000009;0.5869500637;5.597464489638168;2022-05-09T00:00:00Z
36.516850000000005;0.0;0.0;0.0;6.3601928711000255;0.5869500041;5.531621959040945;2022-05-09T01:00:00Z
34.533433333333335;0.0;0.0;0.0;5.857019043000037;0.5869537592;5.455002501261657;2022-05-09T02:00:00Z
29.86688333333333;0.0;0.0;0.0;5.41893920900003;0.5869737267;5.12786119469447;2022-05-09T03:00:00Z
37.80015;0.0;0.0;9.635555555555555;5.414270019500009;0.5870053768;5.107470011351588;2022-05-09T04:00:00Z
33.75075;0.0;0.0;96.78222222222222;7.333276367200028;0.5870022774;4.798648053053782;2022-05-09T05:00:00Z
23.601316666666666;0.0;0.0;238.57777777777778;9.616571044900013;0.5869902968;3.6336632285043002;2022-05-09T06:00:00Z
0.001;8.111;0.1199999999999999;395.14666666666665;12.041223144500009;0.5869723558;3.1751606990710024;2022-05-09T07:00:00Z
3.83465;25.868777777777776;0.1199999999999999;544.5155555555556;14.452783203100012;0.5869593024;3.165068523760854;2022-05-09T08:00:00Z
8.501149999999999;44.51444444444444;25.118;671.36;16.50167236330003;0.5869526863;3.1522453750705637;2022-05-09T09:00:00Z
37.00055;0.0;0.0;762.3111111111111;17.983483886700014;0.5869505405;2.900530767587483;2022-05-09T10:00:00Z
70.0;0.0;0.0;811.7155555555555;19.068261718800045;0.5869513154;2.722523438957768;2022-05-09T11:00:00Z
70.0006;0.0;0.0;810.7733333333333;19.87984619140002;0.586951077;2.757664836296255;2022-05-09T12:00:00Z
345.00166666666667;0.0;0.0;765.6177777777777;20.66890869140002;0.5869509578;2.7510999982164996;2022-05-09T13:00:00Z
58.66895;0.0;0.0;681.7777777777778;21.027673339800003;0.5869522095;2.658265569437909;2022-05-09T14:00:00Z
115.1681;0.0;0.0;558.0266666666666;21.32491455080003;0.5869555473;2.4923061622594416;2022-05-09T15:00:00Z
203.3342;0.0;0.0;408.6044444444444;21.261071777300003;0.5869554877;2.480577816794935;2022-05-09T16:00:00Z
314.05175;0.0;0.0;253.08444444444444;20.75679931640002;0.5869553089;2.752541905692036;2022-05-09T17:00:00Z
72.30123333333331;0.0;0.0;108.8;19.04653320310001;0.5869518518;3.675290235960725;2022-05-09T18:00:00Z
55.250816666666665;0.0;0.0;13.955555555555556;15.957696533200021;0.5869515538;5.018911794998163;2022-05-09T19:00:00Z
33.63466666666667;0.0;0.0;0.0;14.177819824200014;0.5869549513;6.099697160158437;2022-05-09T20:00:00Z
91.9336;0.0;0.0;0.0;13.315270996100026;0.5869621634;7.285188582201072;2022-05-09T21:00:00Z
254.11875;0.0;0.0;0.0;12.76168212890002;0.5869701505;7.940088882215315;2022-05-09T22:00:00Z
23.96903333333333;0.0;0.0;0.0;12.22164306640002;0.5869653821;7.697204958118671;2022-05-09T23:00:00Z
35.816766666666666;0.0;0.0;0.0;11.65139160160004;0.5869589448;7.258806616970258;2022-05-10T00:00:00Z
34.06701666666667;0.0;0.0;0.0;10.767480468800045;0.5869526267;6.534854855963688;2022-05-10T01:00:00Z
40.60008333333333;0.0;0.0;0.0;9.930932617200028;0.5869529843;6.5042975429819245;2022-05-10T02:00:00Z
40.6001;0.0;0.0;0.0;9.118341064500044;0.5869500041;5.959236908672859;2022-05-10T03:00:00Z
38.85011666666666;0.0;0.0;10.755555555555556;8.991510009800038;0.5869501829;5.772545345934351;2022-05-10T04:00:00Z
32.266866666666665;0.0;0.0;100.21333333333334;10.94240722660004;0.5869500637;5.661745467327817;2022-05-10T05:00:00Z
75.85041666666667;0.0;0.0;240.49777777777777;13.734521484400034;0.5869514942;3.708440346744843;2022-05-10T06:00:00Z
69.21731666666668;0.1199999999999999;5.119;387.73333333333335;16.700341796900034;0.5869506598;3.214554536277457;2022-05-10T07:00:00Z
70.0;34.74766666666666;20.119;522.9333333333333;19.65920410160004;0.5869521499;3.6240074977307204;2022-05-10T08:00:00Z
68.50015;41.85077777777778;0.1199999999999999;647.6444444444444;21.9500976562;0.5869608521;4.156778193694854;2022-05-10T09:00:00Z
68.3335;0.0;0.0;741.6177777777777;23.41604003910004;0.586956203;3.8170536557030057;2022-05-10T10:00:00Z
70.0;0.0;0.0;776.6044444444444;24.608483886700014;0.5869550109;3.745326271976528;2022-05-10T11:00:00Z
267.16723333333334;0.0;0.0;733.5288888888889;25.4774414062;0.5869554877;3.8555433460868143;2022-05-10T12:00:00Z
478.6680500000001;0.0;0.0;627.9288888888889;25.90355834960002;0.5869761109;5.30040667054145;2022-05-10T13:00:00Z
66.16805;0.0;0.0;507.34222222222223;26.27016601560001;0.5869859457;5.192588255351477;2022-05-10T14:00:00Z
28.0017;0.0;0.0;356.7288888888889;25.95577392580003;0.5869761109;5.363321633794844;2022-05-10T15:00:00Z
10.001999999999997;0.0;0.0;230.63111111111112;25.516442871100026;0.5869729519;5.405426035694279;2022-05-10T16:00:00Z
98.1186;0.0;0.0;114.13333333333334;24.66079101560001;0.5869543552;4.684037576048806;2022-05-10T17:00:00Z
365.03448333333336;0.0;0.0;71.34222222222222;23.31905517580003;0.5869551301;4.886925226283302;2022-05-10T18:00:00Z
49.85083333333333;0.0;0.0;14.204444444444444;21.34444580080003;0.5869607925;6.261241846686776;2022-05-10T19:00:00Z
86.13365;0.0;0.0;0.0;20.137048339800003;0.5869637132;7.143947765852214;2022-05-10T20:00:00Z
85.50074999999998;0.0;0.0;0.0;19.791406250000023;0.5869702697;7.691108401323099;2022-05-10T21:00:00Z
75.43471666666667;0.0;0.0;0.0;19.07543334960002;0.5884590745;7.065765233346911;2022-05-10T22:00:00Z
34.21881666666667;0.0;0.0;0.0;18.770104980500037;0.5881065726;6.829046149135773;2022-05-10T23:00:00Z
24.61683333333333;0.0;0.0;0.0;18.21413574220003;0.5878297091;6.240484735716123;2022-05-11T00:00:00Z
32.783433333333335;0.0;0.0;0.0;17.558099365200007;0.5876671076;4.083318261693181;2022-05-11T01:00:00Z
31.850183333333334;0.0;0.0;0.0;16.85152587890002;0.5876840353;2.4003274684848637;2022-05-11T02:00:00Z
29.98355;0.0;0.0;0.0;16.262292480500037;0.5876387954;1.288659649254349;2022-05-11T03:00:00Z
40.71683333333333;0.0;0.0;1.2266666666666666;15.679406738300031;0.5880840421;1.889493550106111;2022-05-11T04:00:00Z
37.566833333333335;0.0;0.0;18.08;15.619927978500016;0.5889028907;0.7564173814890226;2022-05-11T05:00:00Z
21.23418333333333;0.0;0.0;65.01333333333334;15.931970214800003;0.5889627934;2.045210738986834;2022-05-11T06:00:00Z
24.484766666666665;1.0078888888888888;5.119;123.11111111111111;16.51625976560001;0.5883380175;4.022357135569349;2022-05-11T07:00:00Z
37.50091666666666;51.617555555555555;20.119;379.68;18.712976074200014;0.587606132;5.0983268336425605;2022-05-11T08:00:00Z
55.33396666666666;28.532444444444444;0.1199999999999999;544.1777777777778;20.852716064500044;0.5872111917;6.043925800737075;2022-05-11T09:00:00Z
70.0;0.0;0.0;679.7688888888889;25.102868652300003;0.587220788;6.8845016503748635;2022-05-11T10:00:00Z
17.334683333333334;0.0;0.0;596.0533333333333;26.650170898400006;0.5871227384;7.906524623677389;2022-05-11T11:00:00Z
28.502;0.0;0.0;424.4088888888889;26.882653808600026;0.5893985033;9.396057716335394;2022-05-11T12:00:00Z
44.66836666666666;0.0;0.0;521.7066666666667;27.525994873000002;0.5874094963;8.320168465507372;2022-05-11T13:00:00Z
342.002;0.0;0.0;433.31555555555553;27.585534668000037;0.5871770978;10.126264209458977;2022-05-11T14:00:00Z
31.001816666666663;0.0;0.0;392.3022222222222;27.710717773400006;0.5871371627;10.531887655999084;2022-05-11T15:00:00Z
70.001;0.0;0.0;266.41777777777776;27.543023681600005;0.5870842934;9.632371906878893;2022-05-11T16:00:00Z
71.93440000000001;0.0;0.0;171.78666666666666;26.88866577150003;0.5870244503;8.441192593543498;2022-05-11T17:00:00Z
87.03433333333331;0.0;0.0;68.69333333333333;25.7665039062;0.5870122313;8.857947126877747;2022-05-11T18:00:00Z
95.78333333333332;0.0;0.0;14.933333333333334;23.807946777300003;0.5869993567;8.945668746528469;2022-05-11T19:00:00Z
95.43335;0.0;0.0;0.0;22.214685058600026;0.5869919062;8.579879156417956;2022-05-11T20:00:00Z
49.000816666666665;0.0;0.0;0.0;21.32149658200001;0.5869845152;7.8930173133937185;2022-05-11T21:00:00Z
163.10118333333335;0.0;0.0;0.0;19.766992187500023;0.5870572925;7.05571978883694;2022-05-11T22:00:00Z
618.7012666666666;0.0;0.0;0.0;18.836328125000023;0.5870277882;6.097218994163147;2022-05-11T23:00:00Z
25.20063333333333;0.0;0.0;0.0;18.0204101562;0.5870242119;6.575925055298858;2022-05-12T00:00:00Z
33.950399999999995;0.0;0.0;0.0;17.923272705100032;0.5870052576;5.188276132336696;2022-05-12T01:00:00Z
34.65036666666666;0.0;0.0;0.0;16.66863403320002;0.5878760219;6.927527330149272;2022-05-12T02:00:00Z
35.23396666666667;0.0;0.0;0.0;15.451806640600012;0.591781795;10.553821936617926;2022-05-12T03:00:00Z
47.83348333333333;0.0;0.0;6.506666666666667;15.141076660200042;0.5926428437;10.05157134057784;2022-05-12T04:00:00Z
54.70046666666666;0.0;0.0;64.05333333333333;15.29390869140002;0.5913431644;12.752233186368953;2022-05-12T05:00:00Z
58.067816666666666;0.0;0.0;149.92;14.893029785200042;0.5894781947;11.78313922192375;2022-05-12T06:00:00Z
44.00046666666666;29.42033333333333;25.118;344.4266666666667;14.978845214800003;0.5879999399;10.906060033131357;2022-05-12T07:00:00Z
18.66805;24.093;0.1199999999999999;476.35555555555555;15.411553955100032;0.5873978734;10.60012406662251;2022-05-12T08:00:00Z
32.00063333333333;24.980888888888884;0.1199999999999999;561.92;16.158105468800045;0.5871664286;9.34275964821352;2022-05-12T09:00:00Z
70.0;0.0;0.0;689.5111111111111;17.06801757810001;0.587098062;7.203193263832493;2022-05-12T10:00:00Z
66.3337;0.0;0.0;768.0;18.025292968800045;0.5870432258;6.736237887045863;2022-05-12T11:00:00Z
243.33495;0.0;0.0;645.8311111111111;18.61303100590004;0.5870351195;6.789040075433265;2022-05-12T12:00:00Z
65.83475;0.0;0.0;549.4222222222222;19.088220214800003;0.5870516896;7.32838448878941;2022-05-12T13:00:00Z
70.001;0.0;0.0;446.6488888888889;19.59758911130001;0.587227881;7.6185032252228915;2022-05-12T14:00:00Z
33.00161666666666;0.0;0.0;308.1066666666667;19.581170654300024;0.5870830417;7.434430048321708;2022-05-12T15:00:00Z
47.00138333333334;0.0;0.0;268.48;19.357873535200042;0.5870140791;6.280743776119692;2022-05-12T16:00:00Z
54.48578333333333;0.0;0.0;218.0088888888889;18.844873046900034;0.5869896412;5.999577748503767;2022-05-12T17:00:00Z
45.60203333333333;0.0;0.0;85.97333333333333;17.808496093800045;0.5869543552;5.067332852275013;2022-05-12T18:00:00Z
98.0;0.0;0.0;10.115555555555556;15.914331054700028;0.5869546533;4.470014218316913;2022-05-12T19:00:00Z
97.3001;0.0;0.0;0.0;13.719445800800031;0.5869537592;4.554337365194276;2022-05-12T20:00:00Z
92.63371666666669;0.0;0.0;0.0;13.232507324200014;0.5869510174;4.77469714358731;2022-05-12T21:00:00Z
205.10111666666663;0.0;0.0;0.0;13.255334472700042;0.5869518518;5.7633281692292515;2022-05-12T22:00:00Z
736.2684499999998;0.0;0.0;0.0;11.050073242200028;0.5869526863;5.883128544122225;2022-05-12T23:00:00Z
0.0;0.0;0.0;0.0;9.928430175800031;0.5869534612;5.787494320075839;2022-05-13T00:00:00Z
0.0;0.0;0.0;0.0;9.132714843800045;0.5869523883;5.501991693868559;2022-05-13T01:00:00Z
0.0;0.0;0.0;0.0;8.147668457000009;0.5869525075;5.495723262300164;2022-05-13T02:00:00Z
0.0;0.0;0.0;0.0;7.2641540527000075;0.5869503021;5.0433433169550215;2022-05-13T03:00:00Z
0.0;0.0;0.0;13.902222222222223;8.359277343800045;0.5869504213;5.050132660648659;2022-05-13T04:00:00Z
0.0;0.0;0.0;108.67555555555556;10.84566650390002;0.5869512558;4.472065014534249;2022-05-13T05:00:00Z
0.0;0.0;0.0;231.23555555555555;13.58004150390002;0.5869541168;3.9323413826754186;2022-05-13T06:00:00Z
0.0;30.308222222222216;0.1199999999999999;357.6711111111111;15.711999511700014;0.5869711041;4.602789790723068;2022-05-13T07:00:00Z
0.0;35.635555555555555;0.1199999999999999;418.18666666666667;17.26882324220003;0.5870847106;7.067356888745047;2022-05-13T08:00:00Z
0.0;15.21411111111111;25.118;356.44444444444446;17.154382324200014;0.5872163177;8.085995521760267;2022-05-13T09:00:00Z
0.0;0.0;0.0;423.36;18.07741699220003;0.5871042013;7.226609343394025;2022-05-13T10:00:00Z
0.0;0.0;0.0;474.41777777777776;17.999108886700014;0.587115109;7.9380706126396285;2022-05-13T11:00:00Z
0.0;0.0;0.0;521.6;17.949273681600005;0.587150991;8.984807157982305;2022-05-13T12:00:00Z
0.0;0.0;0.0;446.08;17.14348754880001;0.5871293545;9.456317309143557;2022-05-13T13:00:00Z
0.0;0.0;0.0;468.67555555555555;17.41597900390002;0.5871094465;9.339602570422718;2022-05-13T14:00:00Z
0.0;0.0;0.0;384.4977777777778;17.373437500000023;0.5870937705;9.181698943606664;2022-05-13T15:00:00Z
0.0;0.0;0.0;201.63555555555556;17.06417236330003;0.5870676041;8.672850327654649;2022-05-13T16:00:00Z
0.0;0.0;0.0;143.34222222222223;16.957879638700035;0.5871271491;8.289865591118001;2022-05-13T17:00:00Z
0.0;0.0;0.0;71.55555555555556;16.342553710900006;0.587025404;6.649433509836147;2022-05-13T18:00:00Z
0.0;0.0;0.0;6.0088888888888885;14.90523681640002;0.5869910121;5.818441833751023;2022-05-13T19:00:00Z
0.0;0.0;0.0;0.0;13.680383300800031;0.5869764686;5.4140626456023835;2022-05-13T20:00:00Z
0.0;0.0;0.0;0.0;12.837060546900034;0.5869724154;5.562654386320964;2022-05-13T21:00:00Z
0.0;0.0;0.0;0.0;12.340142822300038;0.5869777203;6.493851721057921;2022-05-13T22:00:00Z
0.0;0.0;0.0;0.0;12.350366210900006;0.5869775414;6.441054534217654;2022-05-13T23:00:00Z
23.566816666666664;0.0;0.0;0.0;12.012200927700007;0.586967051;5.752483262113092;2022-05-14T00:00:00Z
38.1501;0.0;0.0;0.0;11.632348632800017;0.5869666934;5.3294212353619805;2022-05-14T01:00:00Z
29.51673333333333;0.0;0.0;0.0;11.218255615200007;0.5869782567;5.513395608214728;2022-05-14T02:00:00Z
29.63343333333333;0.0;0.0;0.0;11.508386230500037;0.5870143175;5.876730819039816;2022-05-14T03:00:00Z
30.683433333333333;0.0;0.0;8.373333333333333;11.438958740200007;0.5870577693;6.434790083336357;2022-05-14T04:00:00Z
33.36675;0.0;0.0;86.43555555555555;12.031762695300017;0.5870411992;6.395490131748069;2022-05-14T05:00:00Z
19.2501;0.0;0.0;233.29777777777778;13.679498291000016;0.5870528817;6.6507127617469175;2022-05-14T06:00:00Z
6.183383333333333;51.617555555555555;20.119;363.87555555555554;15.035913085900006;0.5870608091;7.533473111500783;2022-05-14T07:00:00Z
27.83365;16.98988888888889;5.119;453.56444444444446;15.929833984400034;0.5871078372;8.957321341970403;2022-05-14T08:00:00Z
53.00028333333333;10.774666666666667;0.1199999999999999;429.4222222222222;16.748376464800003;0.5871030092;9.291820743473366;2022-05-14T09:00:00Z
59.66686666666667;0.0;0.0;433.68888888888887;18.02440795900003;0.5875746608;8.215917331024576;2022-05-14T10:00:00Z
68.3335;0.0;0.0;416.26666666666665;18.386834716800024;0.5872855186;8.097072943459088;2022-05-14T11:00:00Z
68.16741666666667;0.0;0.0;391.6622222222222;18.980584716800024;0.5873535872;8.630676926488047;2022-05-14T12:00:00Z
42.001466666666666;0.0;0.0;278.31111111111113;19.020898437500023;0.5871798396;7.963642668153294;2022-05-14T13:00:00Z
69.0011;0.0;0.0;295.6977777777778;19.321679687500023;0.5871562958;7.449045265242046;2022-05-14T14:00:00Z
119.1677;0.0;0.0;276.9066666666667;19.61617431640002;0.5870988965;7.3218658306162565;2022-05-14T15:00:00Z
921.00045;0.0;0.0;187.98222222222222;19.34279785160004;0.587033689;6.776096881427177;2022-05-14T16:00:00Z
55.517933333333325;0.0;0.0;159.39555555555555;18.93920288090004;0.5870108008;6.806845257233465;2022-05-14T17:00:00Z
54.80088333333333;0.0;0.0;76.51555555555555;18.27858886720003;0.5869936943;6.7599156655173624;2022-05-14T18:00:00Z
65.56718333333333;0.0;0.0;14.862222222222222;16.684197998000002;0.5869733691;6.400513308264631;2022-05-14T19:00:00Z
84.56685;0.0;0.0;0.0;14.869226074200014;0.5869596601;6.0560086054204785;2022-05-14T20:00:00Z
66.00030000000001;0.0;0.0;0.0;12.673059082000009;0.5869538784;5.591468188723066;2022-05-14T21:00:00Z
58.38476666666666;0.0;0.0;0.0;10.618249511700014;0.5869546533;4.973334262716927;2022-05-14T22:00:00Z
82.03481666666667;0.0;0.0;0.0;9.349755859400034;0.5869544744;4.718148477517997;2022-05-14T23:00:00Z
26.717166666666667;0.0;0.0;0.0;8.316552734400034;0.5869545937;4.708015157777799;2022-05-15T00:00:00Z
28.350383333333333;0.0;0.0;0.0;7.415612793000037;0.5869573951;4.349838698204458;2022-05-15T01:00:00Z
32.90003333333333;0.0;0.0;0.0;6.862695312500023;0.5869725943;3.8607879522720108;2022-05-15T02:00:00Z
33.017083333333325;0.0;0.0;0.0;6.260491943400041;0.5869835019;3.6933472950279302;2022-05-15T03:00:00Z
36.750316666666656;0.0;0.0;16.32;6.085534668000037;0.5870002508;3.8528610791049336;2022-05-15T04:00:00Z
34.9004;0.0;0.0;111.44888888888889;9.33590087890002;0.5870104432;3.5995431055298197;2022-05-15T05:00:00Z
76.03406666666666;0.0;0.0;252.90666666666667;12.220819091800024;0.5869845748;2.592101272700767;2022-05-15T06:00:00Z
30.434;51.617555555555555;5.119;408.24888888888887;13.977899169900013;0.5869764686;2.204108542060556;2022-05-15T07:00:00Z
46.50051666666666;31.196111111111108;0.1199999999999999;553.3688888888889;15.486901855500037;0.5869627595;2.2484888278024373;2022-05-15T08:00:00Z
65.3338;0.1199999999999999;20.119;679.0933333333334;16.722802734400034;0.5869594216;2.201340647987471;2022-05-15T09:00:00Z
56.00023333333333;0.0;0.0;773.5111111111111;18.03997192380001;0.5869974494;1.4664551417745837;2022-05-15T10:00:00Z
180.667;0.0;0.0;817.5644444444445;18.87569580080003;0.5870124698;1.2623062515190557;2022-05-15T11:00:00Z
320.00075000000004;0.0;0.0;818.8266666666667;19.770867919900013;0.5869887471;1.5275487335749878;2022-05-15T12:00:00Z
153.33425;0.0;0.0;776.4266666666666;20.604577636700014;0.5869989991;1.3896724594082324;2022-05-15T13:00:00Z
70.001;0.0;0.0;689.7244444444444;21.082482910200042;0.5869981647;1.4191896057011333;2022-05-15T14:00:00Z
70.001;0.0;0.0;566.6666666666666;21.364312744100005;0.5869965553;1.457630090182912;2022-05-15T15:00:00Z
70.001;0.0;0.0;423.84;21.339471435500002;0.5869745016;1.8153519702052914;2022-05-15T16:00:00Z
70.001;0.0;0.0;266.9511111111111;20.822778320300017;0.5869582891;2.3850628780015932;2022-05-15T17:00:00Z
60.61756666666666;0.0;0.0;122.95111111111112;19.640222168000037;0.5869671702;2.740245612596508;2022-05-15T18:00:00Z
58.25053333333333;0.0;0.0;21.546666666666667;16.62233886720003;0.5869503021;4.008197395863009;2022-05-15T19:00:00Z
28.618083333333328;0.0;0.0;0.0;14.313287353500016;0.5869513154;5.1705191203411305;2022-05-15T20:00:00Z
57.53465;0.0;0.0;0.0;13.247308349600019;0.5869606137;6.594121070153777;2022-05-15T21:00:00Z
635.1682666666667;0.0;0.0;0.0;12.402978515600012;0.5869690776;7.216575146299907;2022-05-15T22:00:00Z
20.402;0.0;0.0;0.0;11.303247070300017;0.5869612694;6.753630039798328;2022-05-15T23:00:00Z
18.5509;0.0;0.0;0.0;10.037561035200042;0.5869578719;6.528599553337239;2022-05-16T00:00:00Z
33.60005;0.0;0.0;0.0;9.27730712890002;0.5869585276;6.619252821094127;2022-05-16T01:00:00Z
31.38338333333333;0.0;0.0;0.0;8.641198730500037;0.586955905;6.497680920403863;2022-05-16T02:00:00Z
35.46668333333333;0.0;0.0;0.0;8.050042724600019;0.5869523883;5.9616742972508945;2022-05-16T03:00:00Z
29.983516666666663;0.0;0.0;17.404444444444444;8.449304199200014;0.5869530439;6.165883543443912;2022-05-16T04:00:00Z
29.750533333333333;0.0;0.0;112.32;11.115136718800045;0.5869534016;6.129109517587911;2022-05-16T05:00:00Z
20.11853333333333;0.0;0.0;245.5822222222222;14.072839355500037;0.5869571567;4.548038804746299;2022-05-16T06:00:00Z
64.66766666666666;46.29022222222222;0.1199999999999999;379.96444444444444;16.357751464800003;0.5869608521;4.357226488333664;2022-05-16T07:00:00Z
20.668183333333328;9.886777777777777;25.118;509.38666666666666;18.614434814500044;0.5869593024;4.161826560510084;2022-05-16T08:00:00Z
10.001;22.31722222222222;0.1199999999999999;633.7422222222223;20.439843750000023;0.5869544744;3.708745404543184;2022-05-16T09:00:00Z
36.00056666666667;0.0;0.0;716.5511111111111;21.87008056640002;0.5869542956;3.6552765884719385;2022-05-16T10:00:00Z
65.00008333333334;0.0;0.0;771.2533333333333;23.04760131840004;0.5869535804;3.4181105413029695;2022-05-16T11:00:00Z
70.00086666666667;0.0;0.0;775.8933333333333;24.010064697300038;0.5869594216;3.7881454975555875;2022-05-16T12:00:00Z
70.001;0.0;0.0;749.5644444444445;24.671380615200007;0.5869529247;3.4492942484913542;2022-05-16T13:00:00Z
86.66764999999998;0.0;0.0;657.2622222222222;24.958306884800038;0.5869508386;3.227078600111944;2022-05-16T14:00:00Z
603.3338;0.0;0.0;446.4;24.86062011720003;0.5869599581;3.957544113982635;2022-05-16T15:00:00Z
439.66803333333337;0.0;0.0;260.48;24.43032226560001;0.5869696736;4.737601012707796;2022-05-16T16:00:00Z
38.001283333333326;0.0;0.0;143.04;23.2762695312;0.5869731307;5.717481823389777;2022-05-16T17:00:00Z
25.067933333333336;0.0;0.0;64.17777777777778;21.902734375000023;0.5869905949;7.163493413417848;2022-05-16T18:00:00Z
44.38456666666666;0.0;0.0;13.03111111111111;20.30861816410004;0.5870056748;8.17585602502839;2022-05-16T19:00:00Z
76.7513;0.0;0.0;0.0;19.13451538090004;0.5869902968;7.7992825883084915;2022-05-16T20:00:00Z
47.86848333333333;0.0;0.0;0.0;18.075769043000037;0.5869787335;7.414242029813726;2022-05-16T21:00:00Z
54.7688;0.0;0.0;0.0;17.550256347700042;0.5871918797;6.87427168219562;2022-05-16T22:00:00Z
51.05246666666667;0.0;0.0;0.0;17.017419433600026;0.5879712701;6.329057139542435;2022-05-16T23:00:00Z
21.58373333333333;0.0;0.0;0.0;16.738824462900027;0.5878560543;6.275628467758849;2022-05-17T00:00:00Z
27.417566666666666;0.0;0.0;0.0;16.510339355500037;0.5880318284;4.4387887998897595;2022-05-17T01:00:00Z
37.3336;0.0;0.0;0.0;15.836694335900006;0.5881470442;1.7823533313453153;2022-05-17T02:00:00Z
33.13368333333333;0.0;0.0;0.0;15.283776855500037;0.5884275436;2.360248497981706;2022-05-17T03:00:00Z
26.600516666666664;0.0;0.0;4.764444444444444;14.650048828100012;0.5883612633;3.0101118515636043;2022-05-17T04:00:00Z
30.25045;0.0;0.0;36.16;14.404443359400034;0.5880880356;3.073755445318449;2022-05-17T05:00:00Z
29.634;0.0;0.0;73.99111111111111;14.650292968800045;0.5879077911;2.3749752282755847;2022-05-17T06:00:00Z
53.800816666666655;32.97188888888889;20.119;186.50666666666666;14.947869873000002;0.5878502131;1.1392563450571982;2022-05-17T07:00:00Z
59.1675;39.187111111111115;5.119;234.56;15.167321777300003;0.5874419808;0.46875993400657084;2022-05-17T08:00:00Z
66.3337;8.111;0.1199999999999999;306.09777777777776;15.5165039062;0.5871499181;1.5312272291488704;2022-05-17T09:00:00Z
70.0;0.0;0.0;373.08444444444444;18.411981201200035;0.5884837508;1.4346597101009335;2022-05-17T10:00:00Z
65.50093333333334;0.0;0.0;568.0888888888888;20.20964965820002;0.5878452063;2.389663428913622;2022-05-17T11:00:00Z
370.0007;0.0;0.0;573.6355555555556;21.065820312500023;0.587295711;2.911121155826866;2022-05-17T12:00:00Z
22.335433333333327;0.0;0.0;422.1511111111111;21.32033691410004;0.5871816278;2.334834987095741;2022-05-17T13:00:00Z
393.66763333333336;0.0;0.0;398.52444444444444;21.611657714800003;0.5871722102;1.7241926764628803;2022-05-17T14:00:00Z
470.0006;0.0;0.0;257.97333333333336;21.39473876950001;0.5872440934;1.2045882025290517;2022-05-17T15:00:00Z
60.00116666666666;0.0;0.0;199.62666666666667;21.151818847700042;0.5877672434;1.0562033736627976;2022-05-17T16:00:00Z
23.1679;0.0;0.0;135.21777777777777;20.660577392600032;0.5875119567;1.4448806505912217;2022-05-17T17:00:00Z
82.13353333333333;0.0;0.0;83.68;20.032983398400006;0.5874301791;1.7592610094204573;2022-05-17T18:00:00Z
77.83358333333332;0.0;0.0;16.302222222222223;18.51973876950001;0.5874302983;1.593130580485828;2022-05-17T19:00:00Z
26.801366666666663;0.0;0.0;0.0;17.277490234400034;0.5874361396;1.454596185644429;2022-05-17T20:00:00Z
27.635066666666663;0.0;0.0;0.0;16.309136962900027;0.5874429345;1.3683518195340323;2022-05-17T21:00:00Z
44.20231666666666;0.0;0.0;0.0;14.847161865200007;0.5874252319;6.738728448114163;2022-05-17T22:00:00Z
70.76831666666665;0.0;0.0;0.0;14.56249389650003;0.5873996615;8.384227941648716;2022-05-17T23:00:00Z
30.100166666666663;0.0;0.0;0.0;13.738061523400006;0.587302506;9.160353943127223;2022-05-18T00:00:00Z
32.31668333333333;0.0;0.0;0.0;12.775048828100012;0.5871921182;9.022270013311418;2022-05-18T01:00:00Z
27.300166666666662;0.0;0.0;0.0;12.002465820300017;0.5871114731;8.750003866842667;2022-05-18T02:00:00Z
29.51685;0.0;0.0;0.0;11.23830566410004;0.5870646834;8.65118080127454;2022-05-18T03:00:00Z
33.600116666666665;0.0;0.0;17.297777777777778;11.100762939500044;0.5870206356;8.028771597701912;2022-05-18T04:00:00Z
35.000816666666665;0.0;0.0;93.38666666666667;11.747613525400027;0.587007463;6.647355792684209;2022-05-18T05:00:00Z
73.43461666666667;0.0;0.0;210.13333333333333;12.97164306640002;0.587002039;6.224884530042922;2022-05-18T06:00:00Z
73.00056666666667;9.886777777777777;5.118999999999999;329.08444444444444;14.820703125000023;0.5869931579;5.77079370119;2022-05-18T07:00:00Z
67.50025;40.075;20.119;500.74666666666667;16.720117187500023;0.5869911313;5.475452951702781;2022-05-18T08:00:00Z
61.83415;34.74766666666667;0.1199999999999999;626.4355555555555;18.921441650400027;0.5870061517;5.8890275209606715;2022-05-18T09:00:00Z
63.83395;0.0;0.0;733.76;20.993218994100005;0.5875691772;5.2222579920933105;2022-05-18T10:00:00Z
65.66718333333333;0.0;0.0;797.4044444444445;22.58001098630001;0.5875800848;5.393735082252237;2022-05-18T11:00:00Z
67.6679;0.0;0.0;811.5377777777778;23.657373046900034;0.5875834227;5.438673510981843;2022-05-18T12:00:00Z
61.001650000000005;0.0;0.0;725.2977777777778;24.381951904300024;0.5875633955;5.276963164117582;2022-05-18T13:00:00Z
4.3359000000000005;0.0;0.0;681.8311111111111;24.954888916000016;0.5875611305;5.3509443468224385;2022-05-18T14:00:00Z
17.33535;0.0;0.0;546.8444444444444;25.313073730500037;0.5874872208;4.752379868372017;2022-05-18T15:00:00Z
332.0012;0.0;0.0;413.38666666666666;25.491967773400006;0.5874247551;4.310223658917174;2022-05-18T16:00:00Z
586.66715;0.0;0.0;246.9688888888889;25.270288085900006;0.5873777866;4.641226422624062;2022-05-18T17:00:00Z
210.9839333333333;0.0;0.0;128.83555555555554;24.248193359400034;0.5872844458;5.678891749685265;2022-05-18T18:00:00Z
88.00021666666667;0.0;0.0;23.982222222222223;21.737756347700042;0.5872722864;6.811214635458892;2022-05-18T19:00:00Z
30.65105;0.0;0.0;0.0;19.604821777300003;0.5872766972;7.239550898411566;2022-05-18T20:00:00Z
30.884533333333334;0.0;0.0;0.0;18.708459472700042;0.5872933269;7.485182146304627;2022-05-18T21:00:00Z
129.8851;0.0;0.0;0.0;17.796228027300003;0.5869665742;7.5795325762231975;2022-05-18T22:00:00Z
25.6683;0.0;0.0;0.0;16.927117919900013;0.5869627595;7.365479150554394;2022-05-18T23:00:00Z
17.61765;0.0;0.0;0.0;16.016931152300003;0.5869615078;7.2012022650658185;2022-05-19T00:00:00Z
23.567666666666668;0.0;0.0;0.0;15.086999511700014;0.5869575143;6.82942473483901;2022-05-19T01:00:00Z
32.08358333333333;0.0;0.0;0.0;14.265466308600026;0.5869548917;6.41180068535402;2022-05-19T02:00:00Z
39.783366666666666;0.0;0.0;0.0;13.342279052700007;0.5869537592;6.337416954101792;2022-05-19T03:00:00Z
36.983716666666666;0.0;0.0;20.675555555555555;13.601220703100012;0.5869497657;5.715443250219137;2022-05-19T04:00:00Z
35.000416666666666;0.0;0.0;112.53333333333333;15.493737793000037;0.5869501829;5.469825401493054;2022-05-19T05:00:00Z
19.534566666666663;0.0;0.0;231.2888888888889;17.789849853500016;0.5869598985;4.75406150117654;2022-05-19T06:00:00Z
12.05035;30.308222222222216;5.119;326.27555555555557;20.005395507800017;0.5869683027;4.75679494932435;2022-05-19T07:00:00Z
64.33348333333333;46.29022222222222;0.1199999999999999;509.17333333333335;22.44851074220003;0.5869727731;4.816776526273319;2022-05-19T08:00:00Z
70.0;3.671555555555555;20.119;643.68;24.647607421900034;0.5869731903;4.755821267874639;2022-05-19T09:00:00Z
70.0;0.0;0.0;714.6133333333333;26.383874511700014;0.5869830251;5.160645316061131;2022-05-19T10:00:00Z
34.000600000000006;0.0;0.0;748.8;27.497521972700042;0.5869903564;5.407816206174086;2022-05-19T11:00:00Z
57.16816666666666;0.0;0.0;777.0133333333333;28.130639648400006;0.5869870186;5.194545824869271;2022-05-19T12:00:00Z
70.001;0.0;0.0;746.1866666666666;28.6571289062;0.5869808197;4.976627086437794;2022-05-19T13:00:00Z
220.00085;0.0;0.0;628.8;28.86745605470003;0.5869839787;5.157932904370119;2022-05-19T14:00:00Z
331.83470000000005;0.0;0.0;534.1511111111112;28.77175292970003;0.586999476;5.997446023877611;2022-05-19T15:00:00Z
400.50095;0.0;0.0;406.2577777777778;28.438317871100026;0.5869921446;5.875042394215039;2022-05-19T16:00:00Z
63.23531666666666;0.0;0.0;247.94666666666666;27.68166503910004;0.5869752765;5.712095734529005;2022-05-19T17:00:00Z
82.00109999999998;0.0;0.0;116.97777777777777;25.80434570310001;0.5869506001;5.132153147349729;2022-05-19T18:00:00Z
73.80078333333331;0.0;0.0;22.41777777777778;22.97649536130001;0.5869502425;5.146175216375276;2022-05-19T19:00:00Z
67.88401666666667;0.0;0.0;0.0;21.472131347700042;0.5869501829;5.139599811664928;2022-05-19T20:00:00Z
67.56798333333333;0.0;0.0;0.0;20.68917236330003;0.5869503021;5.04875024362721;2022-05-19T21:00:00Z
33.88571666666667;0.0;0.0;0.0;19.840661621100026;0.5877801776;7.131858520756305;2022-05-19T22:00:00Z
223.10208333333327;0.0;0.0;0.0;19.123620605500037;0.5874746442;8.062733340580571;2022-05-19T23:00:00Z
0.0;0.0;0.0;0.0;18.4090820312;0.5873346925;7.862379356293383;2022-05-20T00:00:00Z
0.0;0.0;0.0;0.0;18.16573486330003;0.5872604251;7.618140906345223;2022-05-20T01:00:00Z
0.0;0.0;0.0;0.0;17.56023559570002;0.58720541;7.348144219757628;2022-05-20T02:00:00Z
0.0;0.0;0.0;0.0;16.917596435500002;0.5871508718;5.96268560345582;2022-05-20T03:00:00Z
0.0;0.0;0.0;21.084444444444443;16.76195678710002;0.5871402025;6.448950665849022;2022-05-20T04:00:00Z
0.0;0.0;0.0;99.11111111111111;17.271905517600032;0.5871530771;6.865987685898415;2022-05-20T05:00:00Z
0.0;0.0;0.0;190.04444444444445;17.79561767580003;0.5870922208;5.619747242883097;2022-05-20T06:00:00Z
0.0;41.85077777777778;0.1199999999999999;293.7422222222222;18.524194335900006;0.5870387554;5.437273470543791;2022-05-20T07:00:00Z
0.0;29.42033333333333;25.118;444.3911111111111;19.519311523400006;0.5869998932;5.051408255305008;2022-05-20T08:00:00Z
0.0;1.8957777777777776;0.1199999999999999;570.0088888888889;20.53908691410004;0.586994946;5.313953298698052;2022-05-20T09:00:00Z
0.0;0.0;0.0;625.9377777777778;21.695214843800045;0.5871946216;6.107102662294264;2022-05-20T10:00:00Z
0.0;0.0;0.0;750.3644444444444;22.56243286130001;0.5869948864;3.7680921767401974;2022-05-20T11:00:00Z
0.0;0.0;0.0;818.9333333333333;23.727075195300017;0.5869703293;4.153893546446597;2022-05-20T12:00:00Z
0.0;0.0;0.0;780.2133333333334;24.486169433600026;0.5869688392;4.405374912273787;2022-05-20T13:00:00Z
0.0;0.0;0.0;632.8;24.543481445300017;0.5869556069;3.710315977177676;2022-05-20T14:00:00Z
0.0;0.0;0.0;458.18666666666667;24.637048339800003;0.5869504809;2.896015236018485;2022-05-20T15:00:00Z
0.0;0.0;0.0;263.62666666666667;24.517022705100032;0.586956799;2.5856227732342107;2022-05-20T16:00:00Z
0.0;0.0;0.0;123.69777777777777;23.729974365200007;0.586966753;2.087683941723664;2022-05-20T17:00:00Z
0.0;0.0;0.0;104.97777777777777;22.30825195310001;0.5872716308;3.2606640582092825;2022-05-20T18:00:00Z
0.0;0.0;0.0;9.262222222222222;20.533959960900006;0.5885298848;0.1787743234133974;2022-05-20T19:00:00Z
0.0;0.0;0.0;0.0;18.635247802700007;0.5926080346;3.090543712019725;2022-05-20T20:00:00Z
0.0;0.0;0.0;0.0;17.203637695300017;0.5929700136;4.354115062073571;2022-05-20T21:00:00Z
0.0;0.0;0.0;0.0;16.923364257800017;0.5929911733;4.080979915093779;2022-05-20T22:00:00Z
0.0;0.0;0.0;0.0;17.707513427700007;0.5927779675;9.715057476291959;2022-05-20T23:00:00Z
24.617016666666668;0.0;0.0;0.0;16.893914794900013;0.5917047262;14.403743476423248;2022-05-21T00:00:00Z
29.16713333333333;0.0;0.0;0.0;14.833673095700021;0.5900349021;15.42269562598641;2022-05-21T01:00:00Z
31.850333333333328;0.0;0.0;0.0;14.403894043000037;0.5888603926;13.89881575285558;2022-05-21T02:00:00Z
32.3172;0.0;0.0;0.0;14.025170898400006;0.5881954432;12.884927655910563;2022-05-21T03:00:00Z
33.0167;0.0;0.0;19.662222222222223;13.444940185500002;0.5877732038;10.880710389713041;2022-05-21T04:00:00Z
36.166816666666655;0.0;0.0;99.28888888888889;13.187402343800045;0.5875118375;10.211218167499698;2022-05-21T05:00:00Z
33.01701666666666;0.0;0.0;198.2577777777778;13.330865478500016;0.5873065591;10.668365139149568;2022-05-21T06:00:00Z
14.234116666666665;56.94488888888888;20.119;392.4977777777778;13.833581543000037;0.58721596;12.308910993436568;2022-05-21T07:00:00Z
9.666999999999998;22.31722222222222;5.119;374.4711111111111;14.764367675800031;0.5871721506;12.077241086000043;2022-05-21T08:00:00Z
28.0007;0.1199999999999999;0.1199999999999999;434.5422222222222;15.789361572300038;0.5873211026;12.140907663588056;2022-05-21T09:00:00Z
55.00025;0.0;0.0;387.14666666666665;15.628991699200014;0.5879129171;9.945932172499756;2022-05-21T10:00:00Z
52.00033333333334;0.0;0.0;365.8488888888889;15.896386718800045;0.5881152749;10.154528558870703;2022-05-21T11:00:00Z
290.50121666666666;0.0;0.0;586.2577777777777;16.69698486330003;0.5885245204;10.266793651723788;2022-05-21T12:00:00Z
365.83445;0.0;0.0;626.4355555555555;17.243920898400006;0.5878335834;11.021269997543595;2022-05-21T13:00:00Z
318.66755;0.0;0.0;528.3377777777778;17.63372192380001;0.5873460174;10.46165728375701;2022-05-21T14:00:00Z
212.0014;0.0;0.0;410.43555555555554;17.96264038090004;0.5879377723;10.091236082840437;2022-05-21T15:00:00Z
44.66828333333334;0.0;0.0;353.1022222222222;17.655664062500023;0.5882755518;9.450583234690006;2022-05-21T16:00:00Z
70.001;0.0;0.0;242.72;17.293481445300017;0.5876696706;7.635124330354416;2022-05-21T17:00:00Z
61.6011;0.0;0.0;118.18666666666667;16.76076660160004;0.5874364376;7.4800255340704656;2022-05-21T18:00:00Z
60.36798333333333;0.0;0.0;25.93777777777778;15.455712890600012;0.587300241;7.116656120014341;2022-05-21T19:00:00Z
88.26715;0.0;0.0;0.0;14.338098144500009;0.5872238278;7.158320813518924;2022-05-21T20:00:00Z
79.31776666666666;0.0;0.0;0.0;13.531396484400034;0.5871735811;7.433396967441145;2022-05-21T21:00:00Z
80.55135;0.0;0.0;0.0;12.694665527300003;0.5871264338;7.380025794246005;2022-05-21T22:00:00Z
59.60181666666667;0.0;0.0;0.0;11.85738525390002;0.5870983601;7.193876064390603;2022-05-21T23:00:00Z
33.600583333333326;0.0;0.0;0.0;11.235559082000009;0.5870684385;6.630048815069408;2022-05-22T00:00:00Z
34.8837;0.0;0.0;0.0;10.6102539062;0.5870521665;6.350193570887404;2022-05-22T01:00:00Z
38.26671666666667;0.0;0.0;0.0;10.267785644500009;0.5870420337;6.285642176012644;2022-05-22T02:00:00Z
42.35025;0.0;0.0;0.0;9.930871582000009;0.5870310664;5.868414345576535;2022-05-22T03:00:00Z
39.667066666666656;0.0;0.0;20.675555555555555;9.890710449200014;0.5870192647;5.38562101039466;2022-05-22T04:00:00Z
37.33375;0.0;0.0;88.33777777777777;10.94524536130001;0.5870316029;5.461831194224769;2022-05-22T05:00:00Z
32.80051666666667;0.0;0.0;163.00444444444443;12.13283691410004;0.587031126;5.917724467019257;2022-05-22T06:00:00Z
35.700083333333325;53.39333333333333;20.119;209.7422222222222;13.399255371100026;0.5870879292;5.432454101574188;2022-05-22T07:00:00Z
70.0;18.765666666666664;0.1199999999999999;331.1644444444444;14.119958496100026;0.5871121883;5.483255257610748;2022-05-22T08:00:00Z
58.0002;8.111;5.119;325.24444444444447;14.658593750000023;0.5870904922;5.219049135384352;2022-05-22T09:00:00Z
64.6672;0.0;0.0;280.1066666666667;15.16115722660004;0.5874019861;4.322640697576523;2022-05-22T10:00:00Z
63.16735;0.0;0.0;279.0577777777778;15.805993652300003;0.5873713493;4.526541242256226;2022-05-22T11:00:00Z
70.0005;0.0;0.0;427.1644444444444;16.70113525390002;0.5872123241;4.486965042681849;2022-05-22T12:00:00Z
603.3338;0.0;0.0;463.1644444444444;17.570153808600026;0.5870690346;4.0639864824996215;2022-05-22T13:00:00Z
63.00111666666666;0.0;0.0;356.2133333333333;17.85354003910004;0.5869935751;3.281879996989102;2022-05-22T14:00:00Z
62.335;0.0;0.0;379.23555555555555;18.487084960900006;0.5869696736;2.995739214182086;2022-05-22T15:00:00Z
300.0027;0.0;0.0;297.0133333333333;18.49575195310001;0.5869625807;2.7402872330701027;2022-05-22T16:00:00Z
251.10123333333337;0.0;0.0;170.27555555555554;18.183953857400013;0.5869697928;2.4320247547983875;2022-05-22T17:00:00Z
80.68381666666666;0.0;0.0;97.99111111111111;17.2450195312;0.5870125294;1.9048003461393204;2022-05-22T18:00:00Z
69.90081666666666;0.0;0.0;24.0;14.096826171900034;0.5870293975;1.4755206121678006;2022-05-22T19:00:00Z
85.10051666666665;0.0;0.0;0.0;12.379235839800003;0.5869634151;2.4645102615889365;2022-05-22T20:00:00Z
64.35106666666667;0.0;0.0;0.0;11.649804687500023;0.5869561434;3.908390609256399;2022-05-22T21:00:00Z
59.73566666666667;0.0;0.0;0.0;11.057153320300017;0.586956799;6.063469372516303;2022-05-22T22:00:00Z
18.668333333333333;0.0;0.0;0.0;10.436791992200028;0.586953938;5.615439247237952;2022-05-22T23:00:00Z
35.467150000000004;0.0;0.0;0.0;9.808190918000037;0.5869537592;5.480486027844559;2022-05-23T00:00:00Z
40.1336;0.0;0.0;0.0;9.125695800800031;0.5869569778;6.108305818511374;2022-05-23T01:00:00Z
40.6002;0.0;0.0;0.0;8.694726562500023;0.5869567394;6.245085779963273;2022-05-23T02:00:00Z
38.50056666666666;0.0;0.0;0.0;8.587243652300003;0.5869731307;6.490638047932174;2022-05-23T03:00:00Z
41.65005;0.0;0.0;21.884444444444444;9.15432128910004;0.5869784355;6.911048805276838;2022-05-23T04:00:00Z
41.766683333333326;0.0;0.0;121.95555555555555;11.7118164062;0.5869762301;6.351257917927376;2022-05-23T05:00:00Z
17.500566666666668;0.0;0.0;261.6711111111111;14.282403564500044;0.5869919062;5.658009613237135;2022-05-23T06:00:00Z
5.167066666666666;56.057;5.119;389.12;16.40822753910004;0.5870052576;6.06585300942334;2022-05-23T07:00:00Z
16.667583333333333;10.774666666666667;20.119;487.80444444444447;18.02926025390002;0.587022841;6.604974226846885;2022-05-23T08:00:00Z
37.00055;8.111;0.1199999999999999;598.1511111111112;19.22585449220003;0.5870395303;7.099952140614182;2022-05-23T09:00:00Z
69.00001666666667;0.0;0.0;709.2088888888889;20.20473632810001;0.5870085955;6.037474599420541;2022-05-23T10:00:00Z
56.50051666666666;0.0;0.0;739.36;21.028833007800017;0.587010026;6.1083437208115114;2022-05-23T11:00:00Z
34.334733333333325;0.0;0.0;767.3244444444445;21.83596191410004;0.5870267749;6.642995360477068;2022-05-23T12:00:00Z
696.3345333333333;0.0;0.0;716.1955555555555;22.381372070300017;0.5870306492;6.899502561842448;2022-05-23T13:00:00Z
60.00116666666666;0.0;0.0;663.7866666666666;22.460290527300003;0.5870324969;6.946486763206232;2022-05-23T14:00:00Z
65.00108333333334;0.0;0.0;556.64;22.717309570300017;0.5870314837;7.098020621160154;2022-05-23T15:00:00Z
47.00138333333334;0.0;0.0;392.8888888888889;22.73531494140002;0.5870178938;6.969930672111228;2022-05-23T16:00:00Z
71.63433333333333;0.0;0.0;218.66666666666666;22.416101074200014;0.5870025158;7.312659345486079;2022-05-23T17:00:00Z
85.40071666666665;0.0;0.0;102.52444444444444;21.367730712900027;0.587012887;8.222680710931295;2022-05-23T18:00:00Z
91.00001666666665;0.0;0.0;23.608888888888888;19.967584228500016;0.5870235562;8.977111518525614;2022-05-23T19:00:00Z
91.0;0.0;0.0;0.0;18.82982788090004;0.5870363116;9.567256583462479;2022-05-23T20:00:00Z
85.31726666666665;0.0;0.0;0.0;18.369653320300017;0.5870582461;10.225603714356899;2022-05-23T21:00:00Z
223.0845;0.0;0.0;0.0;18.511895752000044;0.5883092284;9.74465498422757;2022-05-23T22:00:00Z
149.0851166666667;0.0;0.0;0.0;18.048669433600026;0.5908113122;10.486100864231517;2022-05-23T23:00:00Z
21.700133333333333;0.0;0.0;0.0;17.30758056640002;0.5927784443;11.68009611981487;2022-05-24T00:00:00Z
36.51671666666667;0.0;0.0;0.0;16.15456542970003;0.5930404067;10.264484897850567;2022-05-24T01:00:00Z
40.95003333333334;0.0;0.0;0.0;15.679589843800045;0.5930154324;9.215939000265013;2022-05-24T02:00:00Z
34.41675;0.0;0.0;0.0;15.564111328100012;0.5929812789;7.401216740244333;2022-05-24T03:00:00Z
33.36666666666667;0.0;0.0;7.484444444444445;15.525109863300031;0.5929196477;6.6127604789250425;2022-05-24T04:00:00Z
30.216733333333327;0.0;0.0;19.786666666666665;16.288415527300003;0.592274487;6.500054102044948;2022-05-24T05:00:00Z
23.450066666666668;0.0;0.0;21.84888888888889;16.75216064450001;0.5912244916;5.617243268286182;2022-05-24T06:00:00Z
2.8006166666666665;15.21411111111111;5.118999999999999;323.6622222222222;16.654077148400006;0.589364171;7.578546148790008;2022-05-24T07:00:00Z
0.00155;45.40233333333333;20.119;403.04;17.11715087890002;0.5881094933;7.439686033934441;2022-05-24T08:00:00Z
47.000633333333326;22.31722222222222;0.1199999999999999;406.75555555555553;18.17208251950001;0.5874692798;6.679148871975145;2022-05-24T09:00:00Z
70.0;0.0;0.0;523.6444444444444;18.980584716800024;0.589261353;5.346119838813602;2022-05-24T10:00:00Z
69.3334;0.0;0.0;656.0177777777777;20.20571289060001;0.5883497596;4.198309591384374;2022-05-24T11:00:00Z
130.50105;0.0;0.0;675.2533333333333;21.00557861330003;0.5878995061;3.9927146973114627;2022-05-24T12:00:00Z
546.33475;0.0;0.0;398.3822222222222;20.828424072300038;0.587520659;7.338206462850207;2022-05-24T13:00:00Z
10.001999999999997;0.0;0.0;166.02666666666667;19.935998535200042;0.5873086452;6.227889869538597;2022-05-24T14:00:00Z
221.33468333333337;0.0;0.0;102.84444444444445;18.562127685500002;0.5895262361;6.025785149528843;2022-05-24T15:00:00Z
136.3343;0.0;0.0;201.76;18.90841064450001;0.5890510678;5.618219264017205;2022-05-24T16:00:00Z
298.5007166666667;0.0;0.0;168.39111111111112;18.94692382810001;0.588375926;4.843622073150977;2022-05-24T17:00:00Z
74.93394999999998;0.0;0.0;78.86222222222223;18.125329589800003;0.5879874229;5.20007458601143;2022-05-24T18:00:00Z
82.36716666666666;0.0;0.0;26.862222222222222;16.34865722660004;0.5877901912;5.102554289410756;2022-05-24T19:00:00Z
91.81688333333331;0.0;0.0;0.017777777777777778;14.602197265600012;0.5877018571;5.3065341956877505;2022-05-24T20:00:00Z
97.5334;0.0;0.0;0.0;13.537866210900006;0.5876563787;5.3102028000682395;2022-05-24T21:00:00Z
89.40131666666667;0.0;0.0;0.0;11.899133300800031;0.5877465606;5.1807405099971815;2022-05-24T22:00:00Z
63.78533333333333;0.0;0.0;0.0;10.872155761700014;0.5877065063;6.27890712765862;2022-05-24T23:00:00Z
29.983683333333328;0.0;0.0;0.0;10.321069335900006;0.5876643658;5.583835951488918;2022-05-25T00:00:00Z
28.233733333333333;0.0;0.0;0.0;9.793115234400034;0.5876604319;4.779850817807433;2022-05-25T01:00:00Z
27.7669;0.0;0.0;0.0;9.731591796900034;0.5876773;4.218358916789395;2022-05-25T02:00:00Z
33.600049999999996;0.0;0.0;0.0;9.669519043000037;0.5876837969;4.052821384710726;2022-05-25T03:00:00Z
33.25028333333333;0.0;0.0;23.52;10.382714843800045;0.5877103209;3.3837353153519683;2022-05-25T04:00:00Z
35.11718333333334;0.0;0.0;91.39555555555556;12.162591552700007;0.5876159072;2.7789456270193558;2022-05-25T05:00:00Z
23.80198333333333;0.0;0.0;134.24;13.467370605500037;0.5874224901;2.579248231760043;2022-05-25T06:00:00Z
67.35118333333334;29.42033333333333;20.119;329.24444444444447;14.925866699200014;0.5872101188;2.4912431609177705;2022-05-25T07:00:00Z
60.001;40.96288888888888;5.118999999999999;422.84444444444443;15.997888183600026;0.5870909095;3.1752896234303116;2022-05-25T08:00:00Z
65.50045;7.223111111111111;0.1199999999999999;549.5644444444445;17.341577148400006;0.587026;3.865787207952075;2022-05-25T09:00:00Z
70.0;0.0;0.0;603.271111111111;18.310052490200007;0.5871356726;4.322408571704186;2022-05-25T10:00:00Z
62.0008;0.0;0.0;697.2622222222222;19.119744873000002;0.5872020125;4.949601797592353;2022-05-25T11:00:00Z
69.33401666666667;0.0;0.0;787.0044444444444;19.829492187500023;0.5873240829;5.221429377009105;2022-05-25T12:00:00Z
276.33455000000004;0.0;0.0;700.4977777777777;19.97365722660004;0.587184906;5.404451011500522;2022-05-25T13:00:00Z
7.335600000000001;0.0;0.0;586.08;19.629663085900006;0.587171495;5.699935505173131;2022-05-25T14:00:00Z
471.50205;0.0;0.0;545.7244444444444;19.741052246100026;0.5871168375;5.834556806086935;2022-05-25T15:00:00Z
9.502216666666664;0.0;0.0;349.12;19.257958984400034;0.5878657699;5.898994438215382;2022-05-25T16:00:00Z
103.3343;0.0;0.0;195.50222222222223;19.290612793000037;0.5876427293;6.18549067754157;2022-05-25T17:00:00Z
77.60141666666665;0.0;0.0;104.53333333333333;18.773522949200014;0.5873730779;5.023405281769918;2022-05-25T18:00:00Z
91.88366666666664;0.0;0.0;25.84888888888889;16.73208007810001;0.5873153806;4.219292188391858;2022-05-25T19:00:00Z
80.00006666666665;0.0;0.0;0.05333333333333333;14.593347168000037;0.5873064399;5.348695430116686;2022-05-25T20:00:00Z
74.00016666666667;0.0;0.0;0.0;13.994470214800003;0.5872947574;6.23885307519264;2022-05-25T21:00:00Z
51.28478333333334;0.0;0.0;0.0;13.385247802700007;0.587276876;6.843288608264788;2022-05-25T22:00:00Z
22.419;0.0;0.0;0.0;12.260369873000002;0.5872537494;4.995466385821927;2022-05-25T23:00:00Z
23.68385;0.0;0.0;0.0;11.29390869140002;0.5872791409;4.519506531603597;2022-05-26T00:00:00Z
34.06666666666666;0.0;0.0;0.0;12.478295898400006;0.5872861743;6.284625657842877;2022-05-26T01:00:00Z
28.583366666666663;0.0;0.0;0.0;13.625146484400034;0.5872408748;7.697828703389062;2022-05-26T02:00:00Z
28.23336666666667;0.0;0.0;0.0;14.234155273400006;0.5871835947;8.44140902671785;2022-05-26T03:00:00Z
33.0168;0.0;0.0;6.5777777777777775;14.547479248000002;0.5871335268;8.156403961409602;2022-05-26T04:00:00Z
31.2673;0.0;0.0;58.13333333333333;15.10228881840004;0.5870639682;7.856537717038044;2022-05-26T05:00:00Z
20.30068333333333;0.0;0.0;176.48;16.073297119100005;0.5870854259;8.09723139824908;2022-05-26T06:00:00Z
18.16753333333333;48.066;20.119;201.5822222222222;16.782983398400006;0.5871427655;9.793748601470169;2022-05-26T07:00:00Z
59.8336;30.308222222222224;0.1199999999999999;171.73333333333332;16.97164306640002;0.5871119499;9.401346536549173;2022-05-26T08:00:00Z
36.00056666666667;2.7836666666666665;5.119;426.61333333333334;17.229882812500023;0.5873337984;10.310482173586426;2022-05-26T09:00:00Z
70.0;0.0;0.0;429.97333333333336;18.262475585900006;0.5876781344;10.336960322589984;2022-05-26T10:00:00Z
11.168383333333333;0.0;0.0;606.8266666666667;19.356835937500023;0.5872612596;10.179453011726476;2022-05-26T11:00:00Z
60.001133333333335;0.0;0.0;523.7155555555555;20.20083007810001;0.5871474743;10.621506709771854;2022-05-26T12:00:00Z
42.001466666666666;0.0;0.0;364.5155555555556;19.81417236330003;0.5871399045;10.927305886337411;2022-05-26T13:00:00Z
36.00156666666667;0.0;0.0;332.3377777777778;19.779412841800024;0.5871315002;10.897670119523136;2022-05-26T14:00:00Z
69.00101666666667;0.0;0.0;327.2711111111111;19.73928222660004;0.5871079564;10.759789570164823;2022-05-26T15:00:00Z
36.00156666666667;0.0;0.0;248.23111111111112;19.393334960900006;0.5870839357;10.276688375886904;2022-05-26T16:00:00Z
71.98416666666667;0.0;0.0;163.07555555555555;18.780450439500044;0.5870401263;9.049900851757965;2022-05-26T17:00:00Z
57.90041666666666;0.0;0.0;78.84444444444445;18.24050292970003;0.5870012641;7.574953785781009;2022-05-26T18:00:00Z
68.16733333333333;0.0;0.0;10.648888888888889;17.772851562500023;0.5869863033;7.313875074038399;2022-05-26T19:00:00Z
59.16731666666666;0.0;0.0;0.035555555555555556;17.305444335900006;0.5870077014;8.028425974937319;2022-05-26T20:00:00Z
78.20059999999998;0.0;0.0;0.0;16.98894653320002;0.5870013833;7.501755335302273;2022-05-26T21:00:00Z
541.38485;0.0;0.0;0.0;16.175866699200014;0.5873038173;6.414203449860595;2022-05-26T22:00:00Z
466.2351166666667;0.0;0.0;0.0;15.258264160200042;0.5878996253;7.419822223299794;2022-05-26T23:00:00Z
0.0;0.0;0.0;0.0;15.017114257800017;0.5879837871;8.898867407735885;2022-05-27T00:00:00Z
0.0;0.0;0.0;0.0;14.818566894500009;0.5889629126;9.679865841526437;2022-05-27T01:00:00Z
0.0;0.0;0.0;0.0;14.462060546900034;0.5888186097;9.936545377352637;2022-05-27T02:00:00Z
0.0;0.0;0.0;0.0;14.654199218800045;0.588447392;9.26604773364144;2022-05-27T03:00:00Z
0.0;0.0;0.0;6.133333333333334;14.343347168000037;0.5903831124;9.178901979390837;2022-05-27T04:00:00Z
0.0;0.0;0.0;35.946666666666665;14.292077636700014;0.5928698182;8.369776473269797;2022-05-27T05:00:00Z
0.0;0.0;0.0;89.92;14.044488525400027;0.5930102468;7.944941530890327;2022-05-27T06:00:00Z
0.0;44.51444444444444;5.118999999999999;66.72;13.923181152300003;0.5928711295;7.801502770428476;2022-05-27T07:00:00Z
0.0;24.093;0.1199999999999999;309.6355555555555;14.363549804700028;0.5906443596;8.22266429240807;2022-05-27T08:00:00Z
0.0;15.21411111111111;20.119;549.9022222222222;15.282739257800017;0.5885465741;8.732816392952188;2022-05-27T09:00:00Z
0.0;0.0;0.0;673.8488888888888;16.587792968800045;0.5872017741;11.550688219789116;2022-05-27T10:00:00Z
0.0;0.0;0.0;705.8844444444444;17.19729003910004;0.5872040987;12.203344714100963;2022-05-27T11:00:00Z
0.0;0.0;0.0;720.9955555555556;17.21843872070002;0.5872349143;11.419834725773834;2022-05-27T12:00:00Z
0.0;0.0;0.0;675.0577777777778;17.15209350590004;0.5873191953;12.555541449802279;2022-05-27T13:00:00Z
0.0;0.0;0.0;631.2533333333333;16.88106689450001;0.5879048705;12.77674659805205;2022-05-27T14:00:00Z
0.0;0.0;0.0;510.4533333333333;16.063012695300017;0.5873396993;11.232794421563073;2022-05-27T15:00:00Z
0.0;0.0;0.0;270.20444444444445;15.105187988300031;0.5871459246;10.794926648065044;2022-05-27T16:00:00Z
0.0;0.0;0.0;276.24888888888887;14.829675293000037;0.5877951384;12.304735582656557;2022-05-27T17:00:00Z
0.0;0.0;0.0;116.64;13.848107910200042;0.587402761;8.971690412568377;2022-05-27T18:00:00Z
0.0;0.0;0.0;36.906666666666666;12.738732910200042;0.587274611;9.924051805547997;2022-05-27T19:00:00Z
0.0;0.0;0.0;0.21333333333333332;11.517663574200014;0.5872210264;10.976860973921264;2022-05-27T20:00:00Z
0.0;0.0;0.0;0.0;10.661981201200035;0.5872752666;11.625769365382194;2022-05-27T21:00:00Z
0.0;0.0;0.0;0.0;9.867608642600032;0.5902552009;10.936364583540295;2022-05-27T22:00:00Z
0.0;0.0;0.0;0.0;9.158837890600012;0.5896211863;10.632780707834453;2022-05-27T23:00:00Z
22.05015;0.0;0.0;0.0;8.92867431640002;0.5893253684;10.630385551575541;2022-05-28T00:00:00Z
34.65015;0.0;0.0;0.0;8.708886718800045;0.5891850591;11.037880171737953;2022-05-28T01:00:00Z
39.90016666666666;0.0;0.0;0.0;8.657403564500044;0.588811934;10.824079745398826;2022-05-28T02:00:00Z
38.616766666666656;0.0;0.0;0.0;8.3504882812;0.5883818269;10.755042467168758;2022-05-28T03:00:00Z
35.11666666666667;0.0;0.0;25.973333333333333;8.472863769500009;0.5881015658;11.3161023833557;2022-05-28T04:00:00Z
33.83336666666667;0.0;0.0;107.84;8.718286132800017;0.5880144238;11.947911620513855;2022-05-28T05:00:00Z
36.35055;0.0;0.0;211.48444444444445;9.314172363300031;0.5876387954;11.73556879669642;2022-05-28T06:00:00Z
17.301099999999998;10.774666666666667;20.119;347.00444444444446;10.23531494140002;0.5873813629;11.30663852692725;2022-05-28T07:00:00Z
27.334766666666663;55.169111111111114;5.119;536.48;11.381494140600012;0.5876454711;11.788524535444152;2022-05-28T08:00:00Z
41.33436666666666;17.87777777777778;0.1199999999999999;577.4222222222222;12.394860839800003;0.5875127912;11.862981809369858;2022-05-28T09:00:00Z
69.3334;0.0;0.0;569.8488888888888;13.256494140600012;0.587398231;11.292148139274722;2022-05-28T10:00:00Z
70.0;0.0;0.0;589.6;14.272851562500023;0.5874575377;10.9723999431905;2022-05-28T11:00:00Z
164.66723333333334;0.0;0.0;518.2577777777777;14.798608398400006;0.5876176953;10.620212596162435;2022-05-28T12:00:00Z
809.50125;0.0;0.0;505.72444444444443;14.621362304700028;0.58888942;10.177234510607107;2022-05-28T13:00:00Z
25.00175;0.0;0.0;493.7422222222222;14.832238769500009;0.58777529;12.082592234587459;2022-05-28T14:00:00Z
70.001;0.0;0.0;379.6977777777778;14.746270752000044;0.5873636603;11.11219267507514;2022-05-28T15:00:00Z
70.001;0.0;0.0;218.04444444444445;13.571130371100026;0.5873256922;11.164757278743785;2022-05-28T16:00:00Z
67.00106666666666;0.0;0.0;136.2488888888889;13.109460449200014;0.5871816874;9.598640203794385;2022-05-28T17:00:00Z
73.7677;0.0;0.0;100.8;12.788446044900013;0.58710742;8.285802240634943;2022-05-28T18:00:00Z
83.01731666666667;0.0;0.0;30.293333333333333;12.053552246100026;0.5870522261;7.703680085777487;2022-05-28T19:00:00Z
67.31718333333333;0.0;0.0;0.24888888888888888;11.508599853500016;0.5870312452;7.602215827481991;2022-05-28T20:00:00Z
29.90188333333333;0.0;0.0;0.0;11.139245605500037;0.5870163441;7.519814137629738;2022-05-28T21:00:00Z
44.385666666666665;0.0;0.0;0.0;10.290185546900034;0.5870143175;7.181962988373953;2022-05-28T22:00:00Z
49.53601666666666;0.0;0.0;0.0;9.592492675800031;0.5870012641;6.667351745142621;2022-05-28T23:00:00Z
30.33395;0.0;0.0;0.0;9.312402343800045;0.5869996548;6.639646365333432;2022-05-29T00:00:00Z
39.90005;0.0;0.0;0.0;9.153833007800017;0.5869968534;6.694379902762025;2022-05-29T01:00:00Z
36.8668;0.0;0.0;0.0;8.818933105500037;0.5869852304;6.579044169468519;2022-05-29T02:00:00Z
31.96723333333333;0.0;0.0;0.017777777777777778;8.711206054700028;0.5869746208;5.948516623481536;2022-05-29T03:00:00Z
33.717083333333335;0.0;0.0;20.835555555555555;8.609918212900027;0.5869786739;5.391947066255522;2022-05-29T04:00:00Z
37.3338;0.0;0.0;96.88888888888889;9.476159668000037;0.5870547295;5.429603051372075;2022-05-29T05:00:00Z
27.151416666666663;0.0;0.0;170.9688888888889;10.237634277300003;0.5871790648;5.399468981313103;2022-05-29T06:00:00Z
9.0173;68.48744444444444;0.1199999999999999;208.32;11.032067871100026;0.5872145295;5.1334904573225;2022-05-29T07:00:00Z
9.667583333333333;7.223111111111111;20.119;306.02666666666664;11.388146972700042;0.5879510641;4.999140281319045;2022-05-29T08:00:00Z
69.00001666666667;3.671555555555555;5.119;422.0444444444444;12.016778564500044;0.5883902311;5.4147738450787815;2022-05-29T09:00:00Z
55.00025;0.0;0.0;474.3288888888889;13.0907226562;0.5881184936;4.626565663626003;2022-05-29T10:00:00Z
35.00096666666667;0.0;0.0;565.12;13.735925293000037;0.5883558989;5.053518908448979;2022-05-29T11:00:00Z
573.6673666666667;0.0;0.0;537.6;14.101098632800017;0.5880023837;4.698362878384197;2022-05-29T12:00:00Z
68.00103333333334;0.0;0.0;613.1911111111111;14.639764404300024;0.5876417756;4.068827832005841;2022-05-29T13:00:00Z
5.33605;0.0;0.0;573.6711111111111;14.774011230500037;0.5873482823;3.609217303743671;2022-05-29T14:00:00Z
54.001266666666666;0.0;0.0;428.87111111111113;14.790246582000009;0.5871395469;3.336137045679963;2022-05-29T15:00:00Z
520.6674666666667;0.0;0.0;344.8888888888889;14.863061523400006;0.5870428085;3.882463852226214;2022-05-29T16:00:00Z
47.502;0.0;0.0;203.2711111111111;14.482080078100012;0.5870011449;3.631132955142083;2022-05-29T17:00:00Z
35.968283333333325;0.0;0.0;126.77333333333333;14.014093017600032;0.5870042443;3.156406180877761;2022-05-29T18:00:00Z
68.16696666666667;0.0;0.0;34.897777777777776;12.227746582000009;0.5870193243;3.23768179591424;2022-05-29T19:00:00Z
56.63451666666666;0.0;0.0;0.28444444444444444;10.548394775400027;0.5870183706;3.604902201914408;2022-05-29T20:00:00Z
83.18438333333334;0.0;0.0;0.0;10.268884277300003;0.5870149732;3.551204383350817;2022-05-29T21:00:00Z
63.30165;0.0;0.0;0.0;10.151635742200028;0.590423286;4.1952347328941295;2022-05-29T22:00:00Z
78.36773333333333;0.0;0.0;0.0;9.363671875000023;0.5903621316;5.20742411487581;2022-05-29T23:00:00Z
31.033716666666663;0.0;0.0;0.0;8.950341796900034;0.5904372334;5.712679822046318;2022-05-30T00:00:00Z
30.450316666666662;0.0;0.0;0.0;8.5086914062;0.5904926062;4.862393579171378;2022-05-30T01:00:00Z
32.43351666666666;0.0;0.0;0.0;7.709222412100019;0.5905527472;4.629869259946778;2022-05-30T02:00:00Z
35.58368333333333;0.0;0.0;0.017777777777777778;7.487603759800038;0.5906382203;4.232874219185742;2022-05-30T03:00:00Z
40.71683333333333;0.0;0.0;29.706666666666667;8.624200439500044;0.5906327963;4.515948056778892;2022-05-30T04:00:00Z
37.216816666666666;0.0;0.0;123.16444444444444;9.50093994140002;0.5902909636;4.241685344959236;2022-05-30T05:00:00Z
26.600966666666668;0.0;0.0;224.51555555555555;10.40426025390002;0.5894032717;4.304967647669788;2022-05-30T06:00:00Z
3.5011166666666664;7.223111111111111;25.118;296.2133333333333;11.435754394500009;0.5884162188;4.566396818287089;2022-05-30T07:00:00Z
38.50098333333334;46.29022222222222;0.1199999999999999;511.2711111111111;12.576928710900006;0.5880323052;4.520121270590986;2022-05-30T08:00:00Z
43.16751666666666;26.756666666666668;0.1199999999999999;594.4;13.426171875000023;0.5880166888;4.343556170427298;2022-05-30T09:00:00Z
66.16688333333333;0.0;0.0;620.1422222222222;13.936364746100026;0.5874435306;4.791186670714586;2022-05-30T10:00:00Z
47.16743333333333;0.0;0.0;724.0711111111111;14.701043701200035;0.5872564912;4.868121924300449;2022-05-30T11:00:00Z
69.83435;0.0;0.0;624.6222222222223;14.562280273400006;0.5874990225;5.632454183942925;2022-05-30T12:00:00Z
70.001;0.0;0.0;602.1155555555556;14.754174804700028;0.587190032;5.036653288553867;2022-05-30T13:00:00Z
236.6675;0.0;0.0;597.4222222222222;15.21383056640002;0.5871724486;5.319512725202066;2022-05-30T14:00:00Z
67.50125;0.0;0.0;463.02222222222224;15.122827148400006;0.5873966217;5.51490217348386;2022-05-30T15:00:00Z
67.83455;0.0;0.0;354.08;14.376306152300003;0.5876314044;6.001767777464593;2022-05-30T16:00:00Z
554.0339666666665;0.0;0.0;245.0311111111111;14.008020019500009;0.5873749852;4.860314679012197;2022-05-30T17:00:00Z
357.1002;0.0;0.0;131.52;13.603051757800017;0.5872926116;4.483876881697532;2022-05-30T18:00:00Z
66.70134999999999;0.0;0.0;25.706666666666667;12.862542724600019;0.58726722;4.456326227150664;2022-05-30T19:00:00Z
96.16685;0.0;0.0;0.39111111111111113;11.201440429700028;0.5872573853;4.197550424050098;2022-05-30T20:00:00Z
90.617;0.0;0.0;0.0;9.495660400400027;0.587249279;3.9234349827483985;2022-05-30T21:00:00Z
67.10151666666665;0.0;0.0;0.0;9.29683837890002;0.5872251987;2.6113494247682727;2022-05-30T22:00:00Z
28.38525;0.0;0.0;0.0;8.453485107400013;0.5872135758;2.560576355983899;2022-05-30T23:00:00Z
24.500216666666663;0.0;0.0;0.0;8.05367431640002;0.5872095227;2.974552754345255;2022-05-31T00:00:00Z
33.6002;0.0;0.0;0.0;7.728692627000044;0.5872062445;3.034799267328731;2022-05-31T01:00:00Z
38.96698333333333;0.0;0.0;0.0;7.535791015600012;0.5871998072;3.0145122908496926;2022-05-31T02:00:00Z
41.41676666666665;0.0;0.0;0.035555555555555556;7.230920410200042;0.5872070789;2.68288952986833;2022-05-31T03:00:00Z
41.650116666666655;0.0;0.0;27.306666666666665;7.538537597700042;0.5872055888;2.5664019751814946;2022-05-31T04:00:00Z
38.38421666666667;0.0;0.0;118.7911111111111;9.60033569340004;0.5871716142;2.130242079613236;2022-05-31T05:00:00Z
49.3844;0.0;0.0;257.28;11.738977050800031;0.5871345401;1.7586760055389563;2022-05-31T06:00:00Z
10.918;24.980888888888888;20.119;308.0711111111111;13.336694335900006;0.5870978236;1.3191700699968176;2022-05-31T07:00:00Z
4.501550000000001;27.644555555555552;5.119;440.48;14.725061035200042;0.5870186687;1.5743240371172078;2022-05-31T08:00:00Z
31.50068333333333;26.756666666666664;0.1199999999999999;581.76;15.881677246100026;0.5869674683;2.249292829573155;2022-05-31T09:00:00Z
70.0;0.0;0.0;679.1644444444445;17.102014160200042;0.5871101618;2.1692294693093137;2022-05-31T10:00:00Z
34.000600000000006;0.0;0.0;504.65777777777777;17.713281250000023;0.5871819258;3.33154291188602;2022-05-31T11:00:00Z
8.335166666666668;0.0;0.0;511.4488888888889;18.622247314500044;0.587097764;3.0959074469539933;2022-05-31T12:00:00Z
398.50115;0.0;0.0;440.64;19.038964843800045;0.5870227814;3.0631355912704077;2022-05-31T13:00:00Z
186.66755;0.0;0.0;341.97333333333336;19.05465087890002;0.58708781;3.6953201985494135;2022-05-31T14:00:00Z
320.00075000000004;0.0;0.0;340.0;19.772790527300003;0.5870419145;2.0010608629959914;2022-05-31T15:00:00Z
268.66775;0.0;0.0;290.1688888888889;19.387231445300017;0.5869910121;2.0485373442242096;2022-05-31T16:00:00Z
60.38453333333334;0.0;0.0;240.01777777777778;19.166131591800024;0.5870219469;1.6810166913743034;2022-05-31T17:00:00Z
38.6184;0.0;0.0;130.45333333333335;17.753808593800045;0.5871373415;0.6000635193425706;2022-05-31T18:00:00Z
89.26746666666665;0.0;0.0;44.76444444444444;15.290551757800017;0.5869737864;2.0891821746599217;2022-05-31T19:00:00Z
58.0846;0.0;0.0;0.6044444444444445;12.958276367200028;0.5869632363;3.2315439213946218;2022-05-31T20:00:00Z
90.8674;0.0;0.0;0.0;11.655480957000009;0.5869600773;3.9104396678890065;2022-05-31T21:00:00Z
80.56818333333332;0.0;0.0;0.0;12.006280517600032;0.5907391906;1.7021859477241685;2022-05-31T22:00:00Z
23.152616666666663;0.0;0.0;0.0;11.576379394500009;0.5907016397;2.5978799784576467;2022-05-31T23:00:00Z
22.2837;0.0;0.0;0.0;11.68334350590004;0.5907882452;5.04494575500669;2022-06-01T00:00:00Z
34.18375;0.0;0.0;0.0;10.553369140600012;0.591532588;5.022423242037841;2022-06-01T01:00:00Z
27.3002;0.0;0.0;0.0;10.078332519500009;0.5925781131;4.384216336295825;2022-06-01T02:00:00Z
30.10035;0.0;0.0;0.07111111111111111;9.84084472660004;0.59271878;4.912824392072236;2022-06-01T03:00:00Z
26.483816666666662;0.0;0.0;27.893333333333334;10.1473632812;0.5928067565;5.342575023848107;2022-06-01T04:00:00Z
34.05038333333333;0.0;0.0;121.86666666666666;10.99416503910004;0.5924921036;4.320456085584137;2022-06-01T05:00:00Z
43.35048333333333;0.0;0.0;239.25333333333333;11.9286132812;0.5912178755;3.3692892009960675;2022-06-01T06:00:00Z
22.85033333333333;54.28122222222222;0.1199999999999999;369.0133333333333;13.578424072300038;0.5896859765;3.152115758673582;2022-06-01T07:00:00Z
10.0005;0.1199999999999999;25.118;439.6977777777778;14.820123291000016;0.5886808634;3.475725426961658;2022-06-01T08:00:00Z
37.000716666666655;19.653555555555553;0.1199999999999999;534.4355555555555;16.117028808600026;0.5883144736;4.5019491613194225;2022-06-01T09:00:00Z
62.66681666666666;0.0;0.0;656.3555555555556;16.99608764650003;0.5876972675;4.031111629840864;2022-06-01T10:00:00Z
70.00015;0.0;0.0;773.4222222222222;17.527856445300017;0.5872282386;5.479481987214188;2022-06-01T11:00:00Z
70.001;0.0;0.0;699.3777777777777;17.627496337900027;0.5871376395;6.97286395782631;2022-06-01T12:00:00Z
136.6676;0.0;0.0;702.2933333333333;18.227380371100026;0.5871315002;7.209829001421672;2022-06-01T13:00:00Z
67.83455;0.0;0.0;639.9288888888889;18.58910522460002;0.5870993733;7.191304616471265;2022-06-01T14:00:00Z
46.16838333333333;0.0;0.0;516.0711111111111;17.859765625000023;0.5893629193;6.928113045755503;2022-06-01T15:00:00Z
294.6681166666667;0.0;0.0;345.0311111111111;17.27410278320002;0.5884641409;6.545770080570103;2022-06-01T16:00:00Z
189.23471666666663;0.0;0.0;236.16;16.994653320300017;0.5878768563;3.391630988321001;2022-06-01T17:00:00Z
56.45141666666667;0.0;0.0;122.68444444444444;15.841516113300031;0.5876850486;1.751546207160572;2022-06-01T18:00:00Z
77.35078333333331;0.0;0.0;37.44;13.8680664062;0.5877082944;3.193394690099761;2022-06-01T19:00:00Z
79.71791666666665;0.0;0.0;0.8355555555555556;11.830529785200042;0.5881860256;4.4801563948806145;2022-06-01T20:00:00Z
78.50048333333332;0.0;0.0;0.0;10.908410644500009;0.5881174207;5.112875611604525;2022-06-01T21:00:00Z
550.1351500000001;0.0;0.0;0.0;11.498162841800024;0.5899336338;6.100244398039906;2022-06-01T22:00:00Z
46.13575;0.0;0.0;0.0;10.990533447300038;0.5915625691;6.7770761720383;2022-06-01T23:00:00Z
21.93363333333333;0.0;0.0;0.0;10.66311035160004;0.591481626;5.860637077529448;2022-06-02T00:00:00Z
33.60015;0.0;0.0;0.0;10.418420410200042;0.5914058685;6.143242757138664;2022-06-02T01:00:00Z
28.000066666666665;0.0;0.0;0.0;9.79982910160004;0.5913567543;6.56999175587857;2022-06-02T02:00:00Z
28.23335;0.0;0.0;0.12444444444444444;9.222070312500023;0.591552794;6.588088892839678;2022-06-02T03:00:00Z
28.58343333333333;0.0;0.0;34.18666666666667;9.322961425800031;0.591658771;5.806570722474482;2022-06-02T04:00:00Z
32.334066666666665;0.0;0.0;140.74666666666667;10.42971191410004;0.5910537839;5.101609855578249;2022-06-02T05:00:00Z
59.70076666666667;0.0;0.0;284.24888888888887;11.828576660200042;0.5898399353;4.887220729342027;2022-06-02T06:00:00Z
55.00025;34.74766666666667;5.119;355.8933333333333;13.272088623000002;0.588621676;4.863225709222026;2022-06-02T07:00:00Z
44.000433333333326;20.541444444444444;20.119;458.0444444444444;14.48629150390002;0.5878277421;5.548192073508495;2022-06-02T08:00:00Z
49.00035;29.42033333333333;0.1199999999999999;565.2444444444444;15.444665527300003;0.5873369575;6.120126244644788;2022-06-02T09:00:00Z
58.33358333333334;0.0;0.0;616.9244444444445;16.241296386700014;0.5873839259;5.475133093508472;2022-06-02T10:00:00Z
17.001966666666664;0.0;0.0;697.8666666666667;17.18618164060001;0.5871104002;5.5817193417537725;2022-06-02T11:00:00Z
47.00221666666666;0.0;0.0;664.3911111111111;17.960351562500023;0.5870510936;6.071417722760637;2022-06-02T12:00:00Z
62.3351;0.0;0.0;591.5911111111111;18.42571411130001;0.5870136619;6.171309538897312;2022-06-02T13:00:00Z
570.0005;0.0;0.0;471.52;18.853295898400006;0.5870040655;6.184660664689324;2022-06-02T14:00:00Z
70.001;0.0;0.0;392.8888888888889;18.85842285160004;0.5869924426;5.946401682579219;2022-06-02T15:00:00Z
70.001;0.0;0.0;341.88444444444445;18.547998046900034;0.5869832039;5.708946404543412;2022-06-02T16:00:00Z
636.6671;0.0;0.0;200.32;18.08461914060001;0.5869651437;5.243189035640937;2022-06-02T17:00:00Z
80.15048333333331;0.0;0.0;144.78222222222223;17.599084472700042;0.5869517922;4.561431380060717;2022-06-02T18:00:00Z
66.38401666666667;0.0;0.0;36.96;15.03121337890002;0.5869560838;3.7979072788959636;2022-06-02T19:00:00Z
20.63525;0.0;0.0;0.9066666666666666;12.786462402300003;0.5869615674;3.221139481618357;2022-06-02T20:00:00Z
76.33451666666667;0.0;0.0;0.0;11.814538574200014;0.5869914293;2.8967148824230473;2022-06-02T21:00:00Z
36.00228333333333;0.0;0.0;0.0;11.308129882800017;0.5873535872;1.945643564572718;2022-06-02T22:00:00Z
16.251716666666667;0.0;0.0;0.0;10.643334960900006;0.5870038867;1.8448553852799305;2022-06-02T23:00:00Z
0.0;0.0;0.0;0.0;8.60643920900003;0.5869944096;1.511209640243913;2022-06-03T00:00:00Z
0.0;0.0;0.0;0.0;7.459039306600005;0.5870128274;0.9025276389187582;2022-06-03T01:00:00Z
0.0;0.0;0.0;0.0;6.7439819336000255;0.5870994925;0.19045121303612667;2022-06-03T02:00:00Z
0.0;0.0;0.0;0.16;6.73922119140002;0.5871478915;0.4211825457213859;2022-06-03T03:00:00Z
0.0;0.0;0.0;38.22222222222222;7.540765380900041;0.5870968103;1.116939340829694;2022-06-03T04:00:00Z
0.0;0.0;0.0;146.13333333333333;11.293542480500037;0.5871284008;1.7828899017629052;2022-06-03T05:00:00Z
0.0;0.0;0.0;289.99111111111114;14.828820800800031;0.5870543718;1.6688745971787977;2022-06-03T06:00:00Z
0.0;35.635555555555555;0.1199999999999999;443.6088888888889;17.30150756840004;0.5869874358;1.9864754391084056;2022-06-03T07:00:00Z
0.0;6.335222222222222;25.118;589.1733333333333;18.74025878910004;0.5869647861;2.253019884715493;2022-06-03T08:00:00Z
0.0;36.52344444444444;0.1199999999999999;714.7733333333333;19.931054687500023;0.5869614482;2.1617514720604496;2022-06-03T09:00:00Z
0.0;0.0;0.0;772.9955555555556;21.109887695300017;0.5869538188;2.4440581151027443;2022-06-03T10:00:00Z
0.0;0.0;0.0;833.0311111111112;22.219201660200042;0.5869528055;2.4746671338718143;2022-06-03T11:00:00Z
0.0;0.0;0.0;845.7955555555556;23.15645751950001;0.5869505405;2.7581898524212063;2022-06-03T12:00:00Z
0.0;0.0;0.0;806.0977777777778;23.994500732400013;0.5869754553;2.000751870335319;2022-06-03T13:00:00Z
0.0;0.0;0.0;723.4488888888889;24.441491699200014;0.586984098;1.6696432969989947;2022-06-03T14:00:00Z
0.0;0.0;0.0;610.4711111111111;24.66701660160004;0.5869762897;1.974206411782487;2022-06-03T15:00:00Z
0.0;0.0;0.0;432.8355555555556;24.89428100590004;0.5870895982;1.2409022339945817;2022-06-03T16:00:00Z
0.0;0.0;0.0;246.8088888888889;24.292565918000037;0.5869640708;1.8173208365239713;2022-06-03T17:00:00Z
0.0;0.0;0.0;113.49333333333334;23.137170410200042;0.5869499445;4.1104004220529875;2022-06-03T18:00:00Z
0.0;0.0;0.0;39.91111111111111;21.251367187500023;0.5869573355;5.8022960612228545;2022-06-03T19:00:00Z
0.0;0.0;0.0;1.1377777777777778;19.750390625000023;0.5869665742;7.296144349373197;2022-06-03T20:00:00Z
0.0;0.0;0.0;0.0;18.823846435500002;0.5869649053;7.283025610214828;2022-06-03T21:00:00Z
0.0;0.0;0.0;0.0;17.8348632812;0.5869776011;7.928175111690316;2022-06-03T22:00:00Z
0.0;0.0;0.0;0.0;16.945886230500037;0.5871216655;6.094461490938576;2022-06-03T23:00:00Z
37.800583333333336;0.0;0.0;0.0;16.08266601560001;0.5873850584;5.048081551068815;2022-06-04T00:00:00Z
38.38385;0.0;0.0;0.0;15.706506347700042;0.5873397589;4.830305834656354;2022-06-04T01:00:00Z
38.50051666666666;0.0;0.0;0.0;15.209802246100026;0.5873059034;4.690760221701737;2022-06-04T02:00:00Z
39.20018333333333;0.0;0.0;0.10666666666666666;14.846948242200028;0.5872812867;5.975228085492069;2022-06-04T03:00:00Z
41.7667;0.0;0.0;19.662222222222223;14.650781250000023;0.5872370005;6.982691862021095;2022-06-04T04:00:00Z
40.25023333333333;0.0;0.0;61.6;14.6493164062;0.5871631503;6.062974571532612;2022-06-04T05:00:00Z
19.967216666666666;0.0;0.0;116.16;15.514245605500037;0.587105453;5.513991727335467;2022-06-04T06:00:00Z
11.833649999999999;13.438333333333333;20.119;282.1511111111111;16.51265869140002;0.5870372653;5.197998814502851;2022-06-04T07:00:00Z
0.0015166666666666;4.559444444444444;0.1199999999999999;503.46666666666664;17.996240234400034;0.586997807;5.178351876025063;2022-06-04T08:00:00Z
56.0004;56.94488888888888;5.119;549.7066666666667;19.354608154300024;0.58701998;5.428888354981347;2022-06-04T09:00:00Z
37.00055;0.0;0.0;581.9911111111111;20.775720214800003;0.5870006084;5.56721319929576;2022-06-04T10:00:00Z
45.000416666666666;0.0;0.0;680.9066666666666;21.838342285200042;0.5869888067;5.433877848429867;2022-06-04T11:00:00Z
10.0015;0.0;0.0;675.3244444444445;22.75002441410004;0.587000072;5.678924166717276;2022-06-04T12:00:00Z
27.002216666666666;0.0;0.0;672.6933333333334;23.2606445312;0.5869973302;5.66426039284838;2022-06-04T13:00:00Z
0.003;0.0;0.0;563.8933333333333;23.27175292970003;0.5869780779;4.879512744750348;2022-06-04T14:00:00Z
417.1683833333333;0.0;0.0;425.6355555555555;22.962976074200014;0.5869714022;4.634926689556611;2022-06-04T15:00:00Z
436.6673;0.0;0.0;333.72444444444443;22.64772949220003;0.5869697332;4.464410668898608;2022-06-04T16:00:00Z
70.00056666666667;0.0;0.0;239.05777777777777;22.05764160160004;0.5869991183;6.051094703293562;2022-06-04T17:00:00Z
72.6679;0.0;0.0;142.72;21.017877197300038;0.586984694;6.324627292295827;2022-06-04T18:00:00Z
86.03428333333333;0.0;0.0;50.31111111111111;19.208581543000037;0.5869759321;6.68507772893536;2022-06-04T19:00:00Z
84.13405;0.0;0.0;1.4222222222222223;16.839440918000037;0.5869614482;6.296211374341787;2022-06-04T20:00:00Z
86.28399999999998;0.0;0.0;0.0;14.925927734400034;0.5869560838;6.092688731338952;2022-06-04T21:00:00Z
195.0683833333333;0.0;0.0;0.0;13.521203613300031;0.5869624019;6.819818222644329;2022-06-04T22:00:00Z
66.80111666666667;0.0;0.0;0.0;12.232232666000016;0.5869583488;6.365986696078464;2022-06-04T23:00:00Z
25.55056666666667;0.0;0.0;0.0;10.862695312500023;0.5869521499;5.790175322497685;2022-06-05T00:00:00Z
29.400416666666665;0.0;0.0;0.0;9.866052246100026;0.586951673;5.776525945346731;2022-06-05T01:00:00Z
30.566666666666663;0.0;0.0;0.0;9.213159179700028;0.5869519114;5.697377154164341;2022-06-05T02:00:00Z
31.73353333333333;0.0;0.0;0.26666666666666666;8.849755859400034;0.5869566798;5.495551764558476;2022-06-05T03:00:00Z
33.71691666666666;0.0;0.0;40.51555555555556;9.477258300800031;0.5869715214;4.538393359223769;2022-06-05T04:00:00Z
41.300733333333326;0.0;0.0;149.65333333333334;12.13381347660004;0.5869569778;4.349152485876402;2022-06-05T05:00:00Z
35.60125;0.0;0.0;292.97777777777776;14.746484375000023;0.5869545341;3.5662784334745794;2022-06-05T06:00:00Z
6.40195;32.084;20.119;454.6488888888889;17.369287109400034;0.586955905;3.692126083450281;2022-06-05T07:00:00Z
3.335;27.644555555555552;5.119;597.6;20.066918945300017;0.5869545937;3.776258252244267;2022-06-05T08:00:00Z
32.501;18.765666666666664;0.1199999999999999;701.2088888888889;22.286218261700014;0.5869503021;3.103182155160724;2022-06-05T09:00:00Z
27.6674;0.0;0.0;794.5777777777778;23.801232910200042;0.5869569182;3.736485338790331;2022-06-05T10:00:00Z
70.00056666666667;0.0;0.0;839.5377777777778;25.09182128910004;0.5869737267;4.609033013751636;2022-06-05T11:00:00Z
485.834;0.0;0.0;851.5911111111111;26.02797851560001;0.5869628787;4.181408851044892;2022-06-05T12:00:00Z
69.16775;0.0;0.0;792.4444444444445;26.975183105500037;0.5869812369;4.866646701819837;2022-06-05T13:00:00Z
67.0013;0.0;0.0;684.4444444444445;27.52047119140002;0.5870022774;5.693394999990447;2022-06-05T14:00:00Z
661.83455;0.0;0.0;521.4755555555555;27.92019042970003;0.586996913;5.7655563229963676;2022-06-05T15:00:00Z
68.50115;0.0;0.0;307.62666666666667;27.886315918000037;0.5870015621;6.090627723254842;2022-06-05T16:00:00Z
70.70108333333333;0.0;0.0;155.87555555555556;27.192163085900006;0.5869864821;6.361404346165376;2022-06-05T17:00:00Z
88.61735;0.0;0.0;82.75555555555556;26.20211181640002;0.5869646668;6.165039695368636;2022-06-05T18:00:00Z
69.2013;0.0;0.0;32.42666666666667;24.74904785160004;0.5869851708;7.707413562090926;2022-06-05T19:00:00Z
79.25104999999998;0.0;0.0;0.9955555555555555;23.16625366210002;0.5869900584;8.232827438543591;2022-06-05T20:00:00Z
82.40051666666666;0.0;0.0;0.0;21.91573486330003;0.5869762897;7.859317022063575;2022-06-05T21:00:00Z
40.66865;0.0;0.0;0.0;21.44851074220003;0.5872012973;9.183802590917379;2022-06-05T22:00:00Z
16.685133333333333;0.0;0.0;0.0;21.07613525390002;0.5876843929;8.320062762316768;2022-06-05T23:00:00Z
14.466966666666666;0.0;0.0;0.0;20.902398681600005;0.5905061364;7.102497113566744;2022-06-06T00:00:00Z
36.86701666666666;0.0;0.0;0.0;20.306054687500023;0.5926032066;6.284433830364256;2022-06-06T01:00:00Z
41.5334;0.0;0.0;0.0;19.077233886700014;0.5928942561;5.403804773606213;2022-06-06T02:00:00Z
30.4503;0.0;0.0;0.07111111111111111;17.92962036130001;0.5929533243;5.747199714214689;2022-06-06T03:00:00Z
28.7;0.0;0.0;6.115555555555556;17.26485595700001;0.5929533243;5.310032186616517;2022-06-06T04:00:00Z
31.8671;0.0;0.0;23.448888888888888;17.177880859400034;0.5929605365;5.183801067946604;2022-06-06T05:00:00Z
44.36758333333333;0.0;0.0;112.12444444444445;17.884210205100032;0.5929566026;5.481947658952304;2022-06-06T06:00:00Z
22.317416666666663;18.765666666666664;5.119;167.4488888888889;19.08175048830003;0.592942059;5.868132066301898;2022-06-06T07:00:00Z
63.50035;24.093;20.119;332.3911111111111;20.18236694340004;0.5913094878;6.457992663570113;2022-06-06T08:00:00Z
37.167783333333325;38.29922222222221;0.1199999999999999;413.58222222222224;21.610650634800038;0.5890094638;5.053337406464029;2022-06-06T09:00:00Z
9.0011;0.0;0.0;647.7511111111111;22.82128295900003;0.587161839;3.7750220637073464;2022-06-06T10:00:00Z
7.6679;0.0;0.0;620.8711111111111;23.421228027300003;0.5871300697;4.277484127316103;2022-06-06T11:00:00Z
52.0007;0.0;0.0;622.3111111111111;24.12493286130001;0.5870065093;4.048403220890659;2022-06-06T12:00:00Z
70.001;0.0;0.0;378.2577777777778;24.08178100590004;0.5869618654;3.1913097202827934;2022-06-06T13:00:00Z
470.0006;0.0;0.0;427.6622222222222;24.267999267600032;0.5869560242;3.4522588249076622;2022-06-06T14:00:00Z
453.33395;0.0;0.0;343.5733333333333;23.647088623000002;0.5869624019;4.167330797107009;2022-06-06T15:00:00Z
67.83455;0.0;0.0;287.87555555555554;22.480249023400006;0.5869786739;6.007628683822685;2022-06-06T16:00:00Z
68.93430000000001;0.0;0.0;157.72444444444446;21.09102783200001;0.5871074796;6.908551816592189;2022-06-06T17:00:00Z
28.301683333333333;0.0;0.0;95.96444444444444;19.693933105500037;0.5872215033;4.289179508686751;2022-06-06T18:00:00Z
78.20069999999998;0.0;0.0;20.8;18.70571289060001;0.5871793032;3.2400000607840314;2022-06-06T19:00:00Z
88.46694999999998;0.0;0.0;1.3333333333333333;16.5907226562;0.5871723294;3.215481417925214;2022-06-06T20:00:00Z
71.41765;0.0;0.0;0.0;16.428765869100005;0.5871695876;3.5075683291600765;2022-06-06T21:00:00Z
87.75216666666665;0.0;0.0;0.0;15.261926269500009;0.5901665092;4.0335748501470965;2022-06-06T22:00:00Z
158.21783333333335;0.0;0.0;0.0;14.553521728500016;0.5900902748;5.812441465140177;2022-06-06T23:00:00Z
27.067116666666664;0.0;0.0;0.0;13.632287597700042;0.5900617242;5.409794745375778;2022-06-07T00:00:00Z
38.500183333333325;0.0;0.0;0.0;13.649621582000009;0.5900478363;4.869750513961826;2022-06-07T01:00:00Z
34.76683333333333;0.0;0.0;0.0;13.251855468800045;0.5900560617;5.139442223792922;2022-06-07T02:00:00Z
28.11675;0.0;0.0;0.3022222222222222;13.16115722660004;0.5904427171;5.2326102058074815;2022-06-07T03:00:00Z
30.91675;0.0;0.0;29.44;13.902185058600026;0.5903858542;4.290137338115353;2022-06-07T04:00:00Z
57.66728333333333;0.0;0.0;109.28;15.322412109400034;0.5899610519;2.464662893997667;2022-06-07T05:00:00Z
36.41866666666667;0.0;0.0;259.52;17.258569335900006;0.5890993476;1.5352925142113425;2022-06-07T06:00:00Z
1.8686666666666665;24.980888888888888;5.119;397.40444444444444;18.929284668000037;0.5881325006;1.5859022233729723;2022-06-07T07:00:00Z
2.3351;48.066;0.1199999999999999;447.73333333333335;20.346032714800003;0.5873575211;2.0547991907845145;2022-06-07T08:00:00Z
46.0004;7.223111111111111;20.119;626.0266666666666;21.263055419900013;0.5870529413;3.5328654007861715;2022-06-07T09:00:00Z
39.33415;0.0;0.0;679.7866666666666;22.166589355500037;0.5870761871;3.4911829969241714;2022-06-07T10:00:00Z
34.833933333333334;0.0;0.0;668.5155555555556;22.783380127000044;0.5869861245;3.7317341736838907;2022-06-07T11:00:00Z
330.0013666666667;0.0;0.0;561.8844444444444;22.956933593800045;0.5869976282;5.7620349089946945;2022-06-07T12:00:00Z
42.50175;0.0;0.0;383.62666666666667;22.87075195310001;0.5869911313;5.612973958700753;2022-06-07T13:00:00Z
60.002;0.0;0.0;355.32444444444445;23.027185058600026;0.5870203376;4.989902138815825;2022-06-07T14:00:00Z
63.50165;0.0;0.0;252.4622222222222;22.88372192380001;0.5869859457;4.895435599848181;2022-06-07T15:00:00Z
60.16865;0.0;0.0;263.2888888888889;22.973474121100026;0.586969018;4.721167575694468;2022-06-07T16:00:00Z
371.2838833333333;0.0;0.0;148.23111111111112;22.52922973630001;0.586956799;4.3999540063311295;2022-06-07T17:00:00Z
84.28366666666666;0.0;0.0;91.39555555555556;22.181756591800024;0.5869724751;3.3848964650231275;2022-06-07T18:00:00Z
82.60081666666667;0.0;0.0;36.39111111111111;20.12789306640002;0.5870096087;2.599819183017242;2022-06-07T19:00:00Z
88.61668333333331;0.0;0.0;1.4933333333333334;17.46965942380001;0.5870911479;1.6237621593546026;2022-06-07T20:00:00Z
87.08388333333333;0.0;0.0;0.0;15.718469238300031;0.5870195031;1.4847592055423777;2022-06-07T21:00:00Z
80.68466666666667;0.0;0.0;0.0;15.943719482400013;0.5869652629;3.3093397448164903;2022-06-07T22:00:00Z
188.21803333333332;0.0;0.0;0.0;15.589074707000009;0.5869660974;3.0966943718025113;2022-06-07T23:00:00Z
16.5669;0.0;0.0;0.0;14.810601806600005;0.5869546533;3.444866212332075;2022-06-08T00:00:00Z
28.93373333333333;0.0;0.0;0.0;15.177575683600026;0.586956799;3.5061313710530353;2022-06-08T01:00:00Z
35.11693333333333;0.0;0.0;0.0;15.479943847700042;0.5869556069;3.6565836216898893;2022-06-08T02:00:00Z
30.333616666666664;0.0;0.0;0.16;14.910668945300017;0.5869540572;3.89574126904073;2022-06-08T03:00:00Z
25.20045;0.0;0.0;20.213333333333335;14.695886230500037;0.5869604349;4.00241470481156;2022-06-08T04:00:00Z
26.367016666666665;0.0;0.0;94.16888888888889;16.269982910200042;0.5869913697;3.4041690349801965;2022-06-08T05:00:00Z
30.10055;0.0;0.0;227.5377777777778;17.956140136700014;0.587000668;1.7998975480685908;2022-06-08T06:00:00Z
22.784416666666665;39.187111111111115;25.118;332.7111111111111;19.19698486330003;0.586974442;1.8046820264760226;2022-06-08T07:00:00Z
70.0;24.980888888888888;0.1199999999999999;479.71555555555557;20.541772460900006;0.5869510174;2.9731141263198415;2022-06-08T08:00:00Z
47.00038333333334;20.541444444444444;0.1199999999999999;534.6844444444445;21.827020263700035;0.5871347189;4.1271680120105625;2022-06-08T09:00:00Z
33.00128333333333;0.0;0.0;720.0533333333333;23.22359619140002;0.5870014429;3.76871806001013;2022-06-08T10:00:00Z
22.50173333333333;0.0;0.0;677.3688888888889;23.951348877000044;0.5870094895;4.8834601745827335;2022-06-08T11:00:00Z
16.169216666666667;0.0;0.0;664.6044444444444;24.40261230470003;0.5870363116;4.729340634640743;2022-06-08T12:00:00Z
67.16795;0.0;0.0;617.1555555555556;24.696862793000037;0.5870289803;4.226402629404107;2022-06-08T13:00:00Z
720.00035;0.0;0.0;513.4577777777778;24.941308593800045;0.587074995;4.0891591902681235;2022-06-08T14:00:00Z
370.0007;0.0;0.0;441.17333333333335;25.083581543000037;0.5888401866;3.6567410409648726;2022-06-08T15:00:00Z
70.001;0.0;0.0;296.99555555555554;23.936120605500037;0.5895463824;3.63158954336215;2022-06-08T16:00:00Z
386.3336;0.0;0.0;177.9911111111111;22.22481689450001;0.5893402696;1.064742441381022;2022-06-08T17:00:00Z
81.20016666666666;0.0;0.0;96.0;21.327539062500023;0.5888765454;0.7315947136415906;2022-06-08T18:00:00Z
64.80055;0.0;0.0;40.284444444444446;20.18041381840004;0.5888803005;2.3129922800671996;2022-06-08T19:00:00Z
68.30058333333334;0.0;0.0;1.4222222222222223;18.53634033200001;0.5889295936;3.671109970418647;2022-06-08T20:00:00Z
53.034216666666666;0.0;0.0;0.0;18.39809570310001;0.5887897611;4.148997256715983;2022-06-08T21:00:00Z
28.8525;0.0;0.0;0.0;18.318750000000023;0.5889233351;4.064538915436131;2022-06-08T22:00:00Z
59.35221666666667;0.0;0.0;0.0;17.78908691410004;0.5911779404;4.461172125780339;2022-06-08T23:00:00Z
16.683633333333333;0.0;0.0;0.0;16.791101074200014;0.5929513574;4.284623609571836;2022-06-09T00:00:00Z
44.6837;0.0;0.0;0.0;16.492639160200042;0.5928858519;3.598895716016866;2022-06-09T01:00:00Z
35.700833333333335;0.0;0.0;0.0;15.90523681640002;0.592657268;5.159233491415388;2022-06-09T02:00:00Z
34.18353333333333;0.0;0.0;0.3022222222222222;15.795159912100019;0.5922744274;6.3338625241206765;2022-06-09T03:00:00Z
31.96673333333333;0.0;0.0;30.346666666666668;15.972924804700028;0.5919028521;5.801180513369873;2022-06-09T04:00:00Z
34.650216666666665;0.0;0.0;120.30222222222223;17.40352783200001;0.5912670493;5.4462042462237275;2022-06-09T05:00:00Z
26.71695;0.0;0.0;177.56444444444443;18.3114257812;0.5898227096;5.164616053855738;2022-06-09T06:00:00Z
6.684466666666667;20.541444444444444;5.119;345.77777777777777;18.743920898400006;0.5884231925;4.659201969665227;2022-06-09T07:00:00Z
6.334466666666666;29.42033333333333;0.1199999999999999;436.1777777777778;19.05977783200001;0.5879731178;4.434008728460625;2022-06-09T08:00:00Z
9.50105;30.308222222222216;20.119;487.9822222222222;19.041345214800003;0.5875096321;4.643312237573245;2022-06-09T09:00:00Z
40.0005;0.0;0.0;463.8222222222222;19.78978881840004;0.5887341499;4.559036731435649;2022-06-09T10:00:00Z
42.16765;0.0;0.0;567.0044444444444;20.51271972660004;0.5890650153;3.9949748557027775;2022-06-09T11:00:00Z
38.1686;0.0;0.0;771.2177777777778;21.2137695312;0.5898032784;3.3817094003294206;2022-06-09T12:00:00Z
840.6674666666668;0.0;0.0;693.0844444444444;21.43911132810001;0.5896809697;3.5459515104675265;2022-06-09T13:00:00Z
68.6678;0.0;0.0;559.7511111111111;21.770898437500023;0.5896924138;3.625277845308297;2022-06-09T14:00:00Z
70.001;0.0;0.0;401.0488888888889;22.028161621100026;0.5902221203;3.6682887779977214;2022-06-09T15:00:00Z
120.00094999999997;0.0;0.0;269.3688888888889;22.017114257800017;0.5914358497;3.658265528498384;2022-06-09T16:00:00Z
186.66755;0.0;0.0;196.96;22.039575195300017;0.5901820064;3.783744980734503;2022-06-09T17:00:00Z
83.76716666666665;0.0;0.0;138.68444444444444;21.643090820300017;0.5894777775;3.6328187805020806;2022-06-09T18:00:00Z
82.70076666666665;0.0;0.0;38.84444444444444;20.347131347700042;0.5892719626;4.045046135902241;2022-06-09T19:00:00Z
85.56713333333333;0.0;0.0;0.8711111111111111;19.07152709960002;0.5891910791;4.881154441474144;2022-06-09T20:00:00Z
91.81701666666666;0.0;0.0;0.0;17.910913085900006;0.5890714526;5.561857436188068;2022-06-09T21:00:00Z
85.51829999999998;0.0;0.0;0.0;16.815026855500037;0.5884984136;6.450708614414542;2022-06-09T22:00:00Z
18.151333333333334;0.0;0.0;0.0;16.100427246100026;0.5882943273;7.302506645876985;2022-06-09T23:00:00Z
0.0;0.0;0.0;0.0;15.124566650400027;0.5881168246;7.11530846611036;2022-06-10T00:00:00Z
0.0;0.0;0.0;0.0;14.305017089800003;0.5879827142;7.000309495946999;2022-06-10T01:00:00Z
0.0;0.0;0.0;0.0;13.429528808600026;0.5878968239;6.864751229165513;2022-06-10T02:00:00Z
0.0;0.0;0.0;0.4622222222222222;12.724206543000037;0.587829411;6.364128763557432;2022-06-10T03:00:00Z
0.0;0.0;0.0;39.07555555555555;12.854364013700035;0.5877340436;5.933450487580908;2022-06-10T04:00:00Z
0.0;0.0;0.0;132.26666666666668;14.225946044900013;0.5875551105;5.268559746548795;2022-06-10T05:00:00Z
0.0;0.0;0.0;272.8;15.606835937500023;0.587300837;5.285100787475075;2022-06-10T06:00:00Z
0.0;8.998888888888889;0.1199999999999999;444.90666666666664;17.223413085900006;0.5871190429;5.798058869846868;2022-06-10T07:00:00Z
0.0;24.980888888888888;0.1199999999999999;594.5244444444445;18.75124511720003;0.587044239;6.40092598270597;2022-06-10T08:00:00Z
0.0;47.178111111111114;25.118;659.0933333333334;20.046014404300024;0.5870237947;6.464139437742489;2022-06-10T09:00:00Z
0.0;0.0;0.0;745.2977777777778;21.48171386720003;0.5869871378;5.175805095509124;2022-06-10T10:00:00Z
0.0;0.0;0.0;828.3911111111111;22.544000244100005;0.5869917274;5.376324205086431;2022-06-10T11:00:00Z
0.0;0.0;0.0;858.6666666666666;23.52214965820002;0.5869829655;5.12475084838389;2022-06-10T12:00:00Z
0.0;0.0;0.0;806.8622222222223;23.967614746100026;0.5869767666;4.81197197455262;2022-06-10T13:00:00Z
0.0;0.0;0.0;725.5644444444445;24.541772460900006;0.5869663954;4.43911999979049;2022-06-10T14:00:00Z
0.0;0.0;0.0;596.8355555555555;24.97854003910004;0.5869596601;4.138739552014001;2022-06-10T15:00:00Z
0.0;0.0;0.0;462.5422222222222;25.016900634800038;0.5869565606;4.025492844332902;2022-06-10T16:00:00Z
0.0;0.0;0.0;307.1644444444444;24.846734619100005;0.5869519114;4.02198134624616;2022-06-10T17:00:00Z
0.0;0.0;0.0;157.5288888888889;24.188073730500037;0.5869567394;3.7461865555680913;2022-06-10T18:00:00Z
0.0;0.0;0.0;47.04;22.42348632810001;0.5869594216;3.7391960468074066;2022-06-10T19:00:00Z
0.0;0.0;0.0;2.2577777777777777;20.49630126950001;0.5870005488;3.404930851868243;2022-06-10T20:00:00Z
0.0;0.0;0.0;0.0;18.967919921900034;0.5869742632;2.8418201369161693;2022-06-10T21:00:00Z
0.0;0.0;0.0;0.0;15.866967773400006;0.5869815946;1.6490904638200419;2022-06-10T22:00:00Z
0.0;0.0;0.0;0.0;15.701684570300017;0.5870159268;2.077040741572248;2022-06-10T23:00:00Z
22.86715;0.0;0.0;0.0;15.221459960900006;0.5869968534;2.3149072139041547;2022-06-11T00:00:00Z
35.233549999999994;0.0;0.0;0.0;14.983056640600012;0.5869909525;2.3634078128231835;2022-06-11T01:00:00Z
32.20061666666667;0.0;0.0;0.0;14.646051025400027;0.5869772434;2.927229265835332;2022-06-11T02:00:00Z
37.80011666666666;0.0;0.0;0.4088888888888889;14.267419433600026;0.5869668126;3.1545165640002906;2022-06-11T03:00:00Z
35.583349999999996;0.0;0.0;35.413333333333334;15.122644043000037;0.5869648457;3.316996880915939;2022-06-11T04:00:00Z
35.11666666666667;0.0;0.0;100.24888888888889;16.851342773400006;0.5869781971;3.659422438908574;2022-06-11T05:00:00Z
27.883916666666664;0.0;0.0;174.61333333333334;18.82613525390002;0.5869761109;3.666300280091389;2022-06-11T06:00:00Z
19.85085;11.662555555555555;5.119;220.58666666666667;21.302911377000044;0.5869546533;3.151758164005586;2022-06-11T07:00:00Z
60.001;39.187111111111115;0.1199999999999999;292.53333333333336;22.584069824200014;0.586958766;4.216825636146709;2022-06-11T08:00:00Z
66.83356666666667;31.196111111111108;20.119;546.8622222222223;24.073541259800038;0.5869699717;4.648772368108374;2022-06-11T09:00:00Z
53.00028333333333;0.0;0.0;600.8355555555555;25.272546386700014;0.5869860649;4.941293612624569;2022-06-11T10:00:00Z
65.66768333333333;0.0;0.0;452.8355555555556;25.736779785200042;0.5869757533;5.021745355905478;2022-06-11T11:00:00Z
70.001;0.0;0.0;477.31555555555553;26.416375732400013;0.5869851708;5.4703180873820205;2022-06-11T12:00:00Z
267.00109999999995;0.0;0.0;461.24444444444447;26.478845214800003;0.5869905949;5.700963901082367;2022-06-11T13:00:00Z
665.8351833333334;0.0;0.0;380.0;26.31640014650003;0.5869911909;5.850217219961465;2022-06-11T14:00:00Z
20.00183333333333;0.0;0.0;309.38666666666666;25.951989746100026;0.5869936943;6.029338709248844;2022-06-11T15:00:00Z
64.0011;0.0;0.0;271.7688888888889;26.168115234400034;0.5869835615;5.924264073446919;2022-06-11T16:00:00Z
203.3342;0.0;0.0;226.4177777777778;26.115075683600026;0.5869595408;5.047904067243831;2022-06-11T17:00:00Z
80.96771666666666;0.0;0.0;124.37333333333333;25.335046386700014;0.5869534612;4.026220569960026;2022-06-11T18:00:00Z
90.06681666666665;0.0;0.0;23.68;23.234857177700007;0.5869563222;3.832601824885614;2022-06-11T19:00:00Z
91.0;0.0;0.0;1.4755555555555555;20.84102783200001;0.5869591236;3.7673120635121307;2022-06-11T20:00:00Z
46.85113333333333;0.0;0.0;0.0;19.055749511700014;0.5869618058;3.469787908379753;2022-06-11T21:00:00Z
59.085166666666666;0.0;0.0;0.0;17.3114257812;0.5869715214;3.5426368980840697;2022-06-11T22:00:00Z
267.2527;0.0;0.0;0.0;16.674584960900006;0.5869809389;2.9373471196706213;2022-06-11T23:00:00Z
29.5169;0.0;0.0;0.0;15.909692382800017;0.5869662762;3.26335006459952;2022-06-12T00:00:00Z
28.700133333333333;0.0;0.0;0.0;15.213647460900006;0.5869577527;3.8743945003565368;2022-06-12T01:00:00Z
27.88343333333333;0.0;0.0;0.0;15.345300293000037;0.5869789124;3.3688909954603012;2022-06-12T02:00:00Z
33.71691666666666;0.0;0.0;0.4622222222222222;14.552514648400006;0.5870528221;2.0050676547877893;2022-06-12T03:00:00Z
34.0668;0.0;0.0;27.52;15.158074951200035;0.5871011019;1.376151655580158;2022-06-12T04:00:00Z
29.516816666666667;0.0;0.0;85.79555555555555;17.396356201200035;0.5875825286;0.12669855879571335;2022-06-12T05:00:00Z
26.9503;0.0;0.0;124.85333333333334;18.72097167970003;0.5878722668;0.9568100568782738;2022-06-12T06:00:00Z
3.4503333333333326;30.308222222222216;5.118999999999999;250.45333333333332;20.047692871100026;0.5886116624;1.2120109758132758;2022-06-12T07:00:00Z
51.500433333333326;17.877777777777776;20.119;340.19555555555553;21.193200683600026;0.5882771015;0.6284585873441962;2022-06-12T08:00:00Z
64.16683333333333;24.093;0.1199999999999999;499.8933333333333;22.383843994100005;0.5876203179;0.470306796464324;2022-06-12T09:00:00Z
56.83373333333333;0.0;0.0;599.6266666666667;23.835748291000016;0.5883309245;2.50481864657265;2022-06-12T10:00:00Z
66.00006666666667;0.0;0.0;582.7555555555556;24.645288085900006;0.5875150561;2.4638323833191627;2022-06-12T11:00:00Z
186.66695;0.0;0.0;567.4488888888889;25.088494873000002;0.5873147249;3.3021377300096764;2022-06-12T12:00:00Z
53.50181666666667;0.0;0.0;634.9866666666667;25.662927246100026;0.587097168;3.808167806856499;2022-06-12T13:00:00Z
333.3344;0.0;0.0;612.5866666666667;25.94335327150003;0.5869944096;3.986896667106437;2022-06-12T14:00:00Z
70.001;0.0;0.0;541.4755555555555;26.13088378910004;0.5869807005;4.631095417544956;2022-06-12T15:00:00Z
91.00143333333331;0.0;0.0;453.08444444444444;26.121911621100026;0.5869835019;5.130349206267749;2022-06-12T16:00:00Z
452.20075;0.0;0.0;303.1822222222222;25.4168945312;0.5869766474;5.287633659385003;2022-06-12T17:00:00Z
78.06745;0.0;0.0;159.68;24.18038330080003;0.5869525075;4.413391590870891;2022-06-12T18:00:00Z
54.85115;0.0;0.0;50.82666666666667;22.42507324220003;0.5869529843;4.01274016224504;2022-06-12T19:00:00Z
64.46738333333334;0.0;0.0;2.56;20.90981445310001;0.5869526267;4.494407376479832;2022-06-12T20:00:00Z
89.60021666666665;0.0;0.0;0.0;18.97878417970003;0.5869545341;6.003616282363117;2022-06-12T21:00:00Z
85.61815;0.0;0.0;0.0;17.456597900400027;0.5869699121;5.83118889453986;2022-06-12T22:00:00Z
62.53483333333333;0.0;0.0;0.0;16.65157470700001;0.5870254636;7.176012082030523;2022-06-12T23:00:00Z
27.650766666666662;0.0;0.0;0.0;15.90130004880001;0.5870270729;7.340660412861515;2022-06-13T00:00:00Z
38.616833333333325;0.0;0.0;0.0;15.37401733400003;0.5870628953;8.139949517645006;2022-06-13T01:00:00Z
31.26698333333333;0.0;0.0;0.0;14.490441894500009;0.5870866179;8.013932420269366;2022-06-13T02:00:00Z
34.53403333333333;0.0;0.0;0.48;14.069146728500016;0.587148726;6.717386621476051;2022-06-13T03:00:00Z
33.133783333333334;0.0;0.0;37.86666666666667;13.905847168000037;0.5878219008;5.650471400803093;2022-06-13T04:00:00Z
26.01708333333333;0.0;0.0;137.17333333333335;14.814782714800003;0.5876935124;4.8434919015682;2022-06-13T05:00:00Z
19.95103333333333;0.0;0.0;288.26666666666665;15.838250732400013;0.5873914361;6.239458335806882;2022-06-13T06:00:00Z
3.0347833333333334;16.98988888888889;0.1199999999999999;272.99555555555554;16.769616699200014;0.5871599913;6.5782729440757945;2022-06-13T07:00:00Z
5.3341;28.532444444444444;0.1199999999999999;370.6311111111111;17.300347900400027;0.5870661736;6.340846000346865;2022-06-13T08:00:00Z
58.0002;36.52344444444444;25.118;516.6222222222223;17.95382080080003;0.5870620012;7.324996629327471;2022-06-13T09:00:00Z
65.83375;0.0;0.0;620.0533333333333;18.68947753910004;0.5870361328;6.727934757181506;2022-06-13T10:00:00Z
36.001883333333325;0.0;0.0;669.6355555555556;18.782983398400006;0.5870319605;6.700187176350624;2022-06-13T11:00:00Z
7.50275;0.0;0.0;682.4888888888889;19.08693847660004;0.588157475;7.494118158357571;2022-06-13T12:00:00Z
403.0009333333333;0.0;0.0;736.9244444444445;19.029626464800003;0.5879269242;9.141841206411277;2022-06-13T13:00:00Z
251.33418333333333;0.0;0.0;580.9244444444445;18.73305664060001;0.587288022;7.836555417213599;2022-06-13T14:00:00Z
65.50145;0.0;0.0;528.2311111111111;18.952478027300003;0.5870975852;7.368163101274383;2022-06-13T15:00:00Z
68.83445;0.0;0.0;362.50666666666666;18.59694824220003;0.5870962739;8.280920938927752;2022-06-13T16:00:00Z
420.4674;0.0;0.0;274.52444444444444;18.14260253910004;0.5870966315;8.211077277750315;2022-06-13T17:00:00Z
78.98411666666665;0.0;0.0;132.5688888888889;17.220117187500023;0.5871367455;7.245781013722212;2022-06-13T18:00:00Z
82.71684999999998;0.0;0.0;38.77333333333333;16.098260498000002;0.5870504975;6.192975985611297;2022-06-13T19:00:00Z
84.0;0.0;0.0;2.2755555555555556;14.764215087900027;0.5870224833;5.933134755947337;2022-06-13T20:00:00Z
95.9;0.0;0.0;0.0;13.909387207000009;0.5870081186;5.856872220389026;2022-06-13T21:00:00Z
76.08496666666667;0.0;0.0;0.0;12.915856933600026;0.5892009139;6.4711414782215915;2022-06-13T22:00:00Z
49.019466666666666;0.0;0.0;0.0;12.363183593800045;0.5889558196;6.338812935766491;2022-06-13T23:00:00Z
25.55015;0.0;0.0;0.0;11.408990478500016;0.5887774825;6.780392785568099;2022-06-14T00:00:00Z
32.43358333333333;0.0;0.0;0.0;10.71187744140002;0.5885993242;7.346875081797124;2022-06-14T01:00:00Z
28.8167;0.0;0.0;0.0;9.61321411130001;0.5884037614;7.050458885957866;2022-06-14T02:00:00Z
27.88343333333333;0.0;0.0;0.64;9.039147949200014;0.5882542133;6.5881529293353385;2022-06-14T03:00:00Z
33.36685;0.0;0.0;41.90222222222222;9.574578857400013;0.5880927444;5.851789024446809;2022-06-14T04:00:00Z
35.3337;0.0;0.0;138.2577777777778;10.914392089800003;0.5878633857;5.7555312340409;2022-06-14T05:00:00Z
22.05128333333333;0.0;0.0;234.79111111111112;12.290155029300024;0.5875486732;5.708678977246416;2022-06-14T06:00:00Z
9.600599999999998;13.438333333333333;25.118;281.97333333333336;13.822351074200014;0.5872795582;6.49646095056836;2022-06-14T07:00:00Z
36.00098333333333;35.635555555555555;0.1199999999999999;475.52;14.84566650390002;0.5871190429;6.826836148816462;2022-06-14T08:00:00Z
68.83345;29.42033333333333;0.1199999999999999;473.0311111111111;15.825250244100005;0.5870628357;6.666347849913575;2022-06-14T09:00:00Z
64.16725;0.0;0.0;363.43111111111114;16.451501464800003;0.5871177316;5.6952941363260985;2022-06-14T10:00:00Z
61.3342;0.0;0.0;370.75555555555553;16.91115722660004;0.587051332;5.315128820918433;2022-06-14T11:00:00Z
40.16803333333333;0.0;0.0;333.7422222222222;17.74538574220003;0.5870152712;5.407585620330966;2022-06-14T12:00:00Z
140.0014;0.0;0.0;315.3955555555556;18.009881591800024;0.5870028138;5.7686574471582155;2022-06-14T13:00:00Z
653.33375;0.0;0.0;306.4711111111111;18.651422119100005;0.586994648;5.709247880456198;2022-06-14T14:00:00Z
70.001;0.0;0.0;322.9511111111111;19.019952392600032;0.5869857669;5.527487159936469;2022-06-14T15:00:00Z
70.001;0.0;0.0;249.40444444444444;19.14089355470003;0.5869722962;5.074583523987116;2022-06-14T16:00:00Z
71.28425;0.0;0.0;187.52;18.951715087900027;0.5869660378;4.812520637485079;2022-06-14T17:00:00Z
43.817800000000005;0.0;0.0;102.52444444444444;18.44820556640002;0.5869515538;4.26752606031585;2022-06-14T18:00:00Z
31.117833333333326;0.0;0.0;56.44444444444444;16.699517822300038;0.5869542956;3.978513078674288;2022-06-14T19:00:00Z
84.76678333333332;0.0;0.0;3.128888888888889;14.490075683600026;0.586961925;3.4075122248613146;2022-06-14T20:00:00Z
76.01751666666665;0.0;0.0;0.0;13.481744384800038;0.586964488;2.9263191674152726;2022-06-14T21:00:00Z
67.88588333333334;0.0;0.0;0.0;11.26070556640002;0.5870118141;1.9189464666866165;2022-06-14T22:00:00Z
320.03551666666664;0.0;0.0;0.0;10.41793212890002;0.5869804025;0.9881290266434921;2022-06-14T23:00:00Z
18.433483333333328;0.0;0.0;0.0;8.775872802700007;0.5869579911;2.131317732422926;2022-06-15T00:00:00Z
24.967116666666666;0.0;0.0;0.0;8.061242675800031;0.5869618058;3.3800705506421718;2022-06-15T01:00:00Z
27.3005;0.0;0.0;0.0;7.649591064500044;0.5869764686;3.5315664603109327;2022-06-15T02:00:00Z
26.71685;0.0;0.0;0.6222222222222222;7.729547119100005;0.5870364904;2.914972333440126;2022-06-15T03:00:00Z
27.30025;0.0;0.0;37.99111111111111;9.15816650390002;0.5870252252;1.7336297918459749;2022-06-15T04:00:00Z
31.400966666666665;0.0;0.0;141.1911111111111;12.365136718800045;0.5870796442;1.4809793788175234;2022-06-15T05:00:00Z
36.71715;0.0;0.0;253.24444444444444;15.232934570300017;0.5870385766;1.1764462023820232;2022-06-15T06:00:00Z
8.05113333333333;39.187111111111115;0.1199999999999999;393.56444444444446;17.904687500000023;0.5869739652;1.9274524224329663;2022-06-15T07:00:00Z
2.3351;37.41133333333333;5.119;577.6177777777777;19.357720947300038;0.5869629979;2.152476275965088;2022-06-15T08:00:00Z
27.334433333333333;9.886777777777777;20.119;667.7866666666666;20.575341796900034;0.5869962573;1.4561379959860998;2022-06-15T09:00:00Z
60.001;0.0;0.0;767.2355555555556;21.664544677700007;0.5869787931;1.6904305366084071;2022-06-15T10:00:00Z
63.50065;0.0;0.0;754.8622222222223;22.83809814450001;0.587213695;0.16620518368465784;2022-06-15T11:00:00Z
170.0006;0.0;0.0;707.4666666666667;23.805078125000023;0.5872270465;0.3241130677489434;2022-06-15T12:00:00Z
69.0011;0.0;0.0;701.3866666666667;24.70375976560001;0.587090373;0.6260367328101262;2022-06-15T13:00:00Z
350.66765000000004;0.0;0.0;650.7733333333333;25.249108886700014;0.5870404243;0.9201300359283586;2022-06-15T14:00:00Z
688.5012666666664;0.0;0.0;571.9111111111112;25.57387695310001;0.5870025158;1.3396148030699366;2022-06-15T15:00:00Z
65.3348;0.0;0.0;421.70666666666665;25.750146484400034;0.5869720578;1.7821836553106822;2022-06-15T16:00:00Z
70.58435;0.0;0.0;274.52444444444444;25.19558105470003;0.5869627595;2.071104668257633;2022-06-15T17:00:00Z
86.45043333333332;0.0;0.0;175.71555555555557;24.22487792970003;0.5869498849;3.8290338051598396;2022-06-15T18:00:00Z
88.20018333333334;0.0;0.0;61.297777777777775;22.275262451200035;0.5869579911;5.962894669134118;2022-06-15T19:00:00Z
92.93353333333333;0.0;0.0;3.2711111111111113;19.78872070310001;0.5869665742;7.0932940439622945;2022-06-15T20:00:00Z
85.50071666666666;0.0;0.0;0.0;17.94625244140002;0.5869631171;7.043289531053694;2022-06-15T21:00:00Z
87.21805;0.0;0.0;0.0;16.588464355500037;0.5871831179;5.59539002668684;2022-06-15T22:00:00Z
23.06878333333333;0.0;0.0;0.0;15.536645507800017;0.587141037;5.0463481348135435;2022-06-15T23:00:00Z
29.9835;0.0;0.0;0.0;14.616052246100026;0.5871233344;4.599668168448237;2022-06-16T00:00:00Z
33.950116666666666;0.0;0.0;0.0;13.853051757800017;0.5871580839;4.851173033672261;2022-06-16T01:00:00Z
34.18345;0.0;0.0;0.0;13.103021240200007;0.5871267915;4.6486529633890195;2022-06-16T02:00:00Z
39.550033333333324;0.0;0.0;0.64;12.547631835900006;0.5871486068;4.7511342834293995;2022-06-16T03:00:00Z
35.00001666666667;0.0;0.0;34.18666666666667;12.902215576200035;0.5872149467;5.121740701921851;2022-06-16T04:00:00Z
36.05011666666666;0.0;0.0;124.33777777777777;14.23433837890002;0.5873188972;4.524222321129461;2022-06-16T05:00:00Z
28.70015;0.0;0.0;271.32444444444445;16.18816528320002;0.5873827934;4.176286809027628;2022-06-16T06:00:00Z
6.067483333333334;34.74766666666667;25.118;359.52;18.01662597660004;0.5874406099;4.292484129489815;2022-06-16T07:00:00Z
46.50085;39.187111111111115;0.1199999999999999;462.61333333333334;19.462670898400006;0.5874612331;4.382961108216253;2022-06-16T08:00:00Z
15.50145;7.223111111111111;0.1199999999999999;575.0044444444444;20.99733886720003;0.5874584913;4.06168981656127;2022-06-16T09:00:00Z
68.00003333333333;0.0;0.0;652.0888888888888;22.083764648400006;0.5869804025;4.384191931614154;2022-06-16T10:00:00Z
69.33396666666667;0.0;0.0;627.6088888888889;22.949029541000016;0.5870980024;5.291328813104649;2022-06-16T11:00:00Z
186.66755;0.0;0.0;617.3866666666667;23.40014038090004;0.5870222449;5.198435489547931;2022-06-16T12:00:00Z
636.6671;0.0;0.0;687.0933333333334;23.99312744140002;0.586976409;4.41518622696225;2022-06-16T13:00:00Z
70.001;0.0;0.0;624.4088888888889;24.271386718800045;0.5869963169;5.349615600396918;2022-06-16T14:00:00Z
70.001;0.0;0.0;480.67555555555555;23.93160400390002;0.5870251656;6.436113409916876;2022-06-16T15:00:00Z
403.3347166666666;0.0;0.0;343.53777777777776;23.450982666000016;0.5870369077;7.159802916976812;2022-06-16T16:00:00Z
22.468466666666668;0.0;0.0;224.19555555555556;22.34346923830003;0.587021172;6.854283572587442;2022-06-16T17:00:00Z
36.717666666666666;0.0;0.0;165.72444444444446;21.24410400390002;0.5870025158;6.699890996391788;2022-06-16T18:00:00Z
88.30013333333333;0.0;0.0;63.16444444444444;19.867944335900006;0.5869815946;6.564770848184255;2022-06-16T19:00:00Z
28.71808333333333;0.0;0.0;3.431111111111111;17.74343261720003;0.5869583488;5.794741426989622;2022-06-16T20:00:00Z
43.118333333333325;0.0;0.0;0.0;15.556420898400006;0.5869499445;4.7672648369042;2022-06-16T21:00:00Z
30.586216666666665;0.0;0.0;0.0;14.914880371100026;0.5869535804;5.777137596345363;2022-06-16T22:00:00Z
23.33468333333333;0.0;0.0;0.0;13.626611328100012;0.5869523287;4.547112990691089;2022-06-16T23:00:00Z
0.0;0.0;0.0;0.0;12.906152343800045;0.5869517326;4.43367805033192;2022-06-17T00:00:00Z
0.0;0.0;0.0;0.0;12.556085205100032;0.5869539976;4.418212764159733;2022-06-17T01:00:00Z
0.0;0.0;0.0;0.0;12.320764160200042;0.5869511962;5.575603132520605;2022-06-17T02:00:00Z
0.0;0.0;0.0;0.6222222222222222;11.477624511700014;0.5869538188;4.7598242721250585;2022-06-17T03:00:00Z
0.0;0.0;0.0;42.275555555555556;12.249780273400006;0.5869501233;4.868294539726352;2022-06-17T04:00:00Z
0.0;0.0;0.0;149.44;14.495385742200028;0.5869565606;5.0485190284483075;2022-06-17T05:00:00Z
0.0;0.0;0.0;290.52444444444444;16.855310058600026;0.5869509578;3.2055821205872754;2022-06-17T06:00:00Z
0.0;28.532444444444444;0.1199999999999999;404.0888888888889;18.864556884800038;0.5869609118;3.965607899136989;2022-06-17T07:00:00Z
0.0;21.42933333333333;5.118999999999999;566.88;20.401818847700042;0.5869841576;5.065304606404482;2022-06-17T08:00:00Z
0.0;33.85977777777778;20.119;699.5555555555555;21.66915283200001;0.5869585872;3.8745115259820766;2022-06-17T09:00:00Z
0.0;0.0;0.0;797.1733333333333;22.673730468800045;0.5869515538;3.1452296667189588;2022-06-17T10:00:00Z
0.0;0.0;0.0;838.5777777777778;23.793145752000044;0.5869508982;2.6203762507237416;2022-06-17T11:00:00Z
0.0;0.0;0.0;850.3822222222223;24.810693359400034;0.5869498849;2.983049469070488;2022-06-17T12:00:00Z
0.0;0.0;0.0;772.4444444444445;25.382592773400006;0.5869508386;2.894994200055619;2022-06-17T13:00:00Z
0.0;0.0;0.0;533.5111111111111;25.73598632810001;0.5869498253;2.8578118807433674;2022-06-17T14:00:00Z
0.0;0.0;0.0;417.3688888888889;25.79555664060001;0.5869585872;3.889361592397823;2022-06-17T15:00:00Z
0.0;0.0;0.0;289.26222222222225;25.723504638700035;0.5869572163;3.96076733548779;2022-06-17T16:00:00Z
0.0;0.0;0.0;195.73333333333332;25.443200683600026;0.5869500637;3.3214064511834747;2022-06-17T17:00:00Z
0.0;0.0;0.0;113.04888888888888;24.685083007800017;0.586959362;2.9371129514491776;2022-06-17T18:00:00Z
0.0;0.0;0.0;38.73777777777778;23.519006347700042;0.58698982;2.38764631197293;2022-06-17T19:00:00Z
0.0;0.0;0.0;1.8133333333333332;21.17189941410004;0.5870509148;1.605328837558437;2022-06-17T20:00:00Z
0.0;0.0;0.0;0.0;19.384362793000037;0.58699435;1.5236953878488764;2022-06-17T21:00:00Z
0.0;0.0;0.0;0.0;19.324060058600026;0.5881335139;4.033477932866912;2022-06-17T22:00:00Z
0.0;0.0;0.0;0.0;19.225885009800038;0.5880420804;4.503006132365388;2022-06-17T23:00:00Z
27.06718333333333;0.0;0.0;0.0;18.59539184570002;0.5879414678;5.387485839518931;2022-06-18T00:00:00Z
29.7503;0.0;0.0;0.0;17.72387084960002;0.5878525376;6.000116406877532;2022-06-18T01:00:00Z
40.950183333333335;0.0;0.0;0.0;16.959375000000023;0.5877619982;6.219071873199161;2022-06-18T02:00:00Z
26.95018333333333;0.0;0.0;0.6222222222222222;16.577020263700035;0.5876512527;6.807210965034136;2022-06-18T03:00:00Z
29.5167;0.0;0.0;41.742222222222225;17.20626220700001;0.5875252485;7.015899261272383;2022-06-18T04:00:00Z
35.366883333333334;0.0;0.0;140.62222222222223;19.37526855470003;0.5873641968;6.957052268469616;2022-06-18T05:00:00Z
38.58375;0.0;0.0;244.7111111111111;22.05764160160004;0.5871854424;5.885380234505356;2022-06-18T06:00:00Z
18.86845;9.886777777777777;20.119;424.7288888888889;24.976373291000016;0.5870499015;5.5957752998568155;2022-06-18T07:00:00Z
6.50135;56.057;0.1199999999999999;577.9733333333334;27.625360107400013;0.586999774;5.380501533847222;2022-06-18T08:00:00Z
39.500633333333326;10.774666666666667;5.119;691.9288888888889;29.60228881840004;0.5870017409;5.721714139665578;2022-06-18T09:00:00Z
70.0;0.0;0.0;783.0044444444444;30.762841796900034;0.5870005488;5.6133502975451055;2022-06-18T10:00:00Z
66.50035;0.0;0.0;828.2488888888889;31.8329101562;0.5870015621;5.79305656634914;2022-06-18T11:00:00Z
60.002;0.0;0.0;826.2755555555556;32.668115234400034;0.5870125294;6.0035445599909965;2022-06-18T12:00:00Z
60.002;0.0;0.0;742.4711111111111;33.28746948240001;0.5870218873;6.724342002754921;2022-06-18T13:00:00Z
61.16855;0.0;0.0;552.8533333333334;33.44210205080003;0.5870273709;7.149314379868334;2022-06-18T14:00:00Z
233.83445;0.0;0.0;491.34222222222223;33.492272949200014;0.5870062113;6.507269270245682;2022-06-18T15:00:00Z
69.83435;0.0;0.0;319.9288888888889;33.0054870605;0.5869870782;5.666521267295946;2022-06-18T16:00:00Z
70.83466666666665;0.0;0.0;194.50666666666666;32.0647827148;0.5869577527;4.759382334434375;2022-06-18T17:00:00Z
79.60111666666667;0.0;0.0;108.88888888888889;30.629968261700014;0.5869498253;4.1586784226571805;2022-06-18T18:00:00Z
81.05091666666665;0.0;0.0;54.275555555555556;28.231286621100026;0.5869502425;4.674724434731029;2022-06-18T19:00:00Z
27.734483333333333;0.0;0.0;2.986666666666667;25.554589843800045;0.5869519114;5.38471525178759;2022-06-18T20:00:00Z
23.534716666666665;0.0;0.0;0.0;24.23336181640002;0.5869501829;5.251010709851942;2022-06-18T21:00:00Z
578.6683;0.0;0.0;0.0;22.00124511720003;0.5875365734;4.760832579554514;2022-06-18T22:00:00Z
157.60236666666663;0.0;0.0;0.0;21.375817871100026;0.5874736905;4.838783258138109;2022-06-18T23:00:00Z
35.35016666666667;0.0;0.0;0.0;20.69600830080003;0.5874308348;4.66573134963551;2022-06-19T00:00:00Z
35.350116666666665;0.0;0.0;0.0;20.21804199220003;0.5874028206;5.384581763129573;2022-06-19T01:00:00Z
34.18343333333333;0.0;0.0;0.0;19.72823486330003;0.5873653889;6.230188676825619;2022-06-19T02:00:00Z
36.75023333333333;0.0;0.0;0.5333333333333333;19.69692382810001;0.5873228908;6.7637659630708935;2022-06-19T03:00:00Z
31.617016666666668;0.0;0.0;36.08888888888889;20.557397460900006;0.5872619152;6.6938450555941476;2022-06-19T04:00:00Z
37.36686666666667;0.0;0.0;143.21777777777777;22.628808593800045;0.5871754289;6.052130081519519;2022-06-19T05:00:00Z
30.70125;0.0;0.0;278.9688888888889;25.520593261700014;0.5870981216;5.3204479824231985;2022-06-19T06:00:00Z
62.667550000000006;33.85977777777778;5.118999999999999;421.76;28.560876464800003;0.5870401859;5.80904609073757;2022-06-19T07:00:00Z
66.33361666666667;30.308222222222216;20.119;569.12;31.58791503910004;0.5870450139;6.8944152045374745;2022-06-19T08:00:00Z
19.334566666666667;21.42933333333333;0.1199999999999999;695.9466666666667;33.72091064450001;0.5871059895;9.094076538506243;2022-06-19T09:00:00Z
63.66705;0.0;0.0;773.4755555555555;35.34707031250002;0.5871334672;10.514903926746177;2022-06-19T10:00:00Z
39.00136666666666;0.0;0.0;768.0;36.25582275390002;0.5871040225;8.906048345574641;2022-06-19T11:00:00Z
64.16825;0.0;0.0;820.4622222222222;35.83498535160004;0.5890717506;8.52772494274677;2022-06-19T12:00:00Z
248.5013;0.0;0.0;586.4888888888889;33.462976074200014;0.5872032046;7.5286388457162365;2022-06-19T13:00:00Z
815.1673999999998;0.0;0.0;386.68444444444447;30.861230468800045;0.5871591568;8.096350463531191;2022-06-19T14:00:00Z
254.00106666666667;0.0;0.0;427.2;28.883966064500044;0.5871050358;7.909954554123633;2022-06-19T15:00:00Z
45.66876666666667;0.0;0.0;378.0444444444444;26.988854980500037;0.587038815;6.712247205877793;2022-06-19T16:00:00Z
77.91771666666665;0.0;0.0;276.8355555555556;24.993249511700014;0.5870700479;8.159910514560625;2022-06-19T17:00:00Z
76.43378333333331;0.0;0.0;161.15555555555557;22.379937744100005;0.5870466232;7.75410351760341;2022-06-19T18:00:00Z
90.0001;0.0;0.0;56.72888888888889;20.44304809570002;0.5870116353;6.741178069757815;2022-06-19T19:00:00Z
52.41791666666667;0.0;0.0;3.6622222222222223;18.524774169900013;0.586984098;5.909321795457988;2022-06-19T20:00:00Z
70.73408333333333;0.0;0.0;0.0;17.01137695310001;0.5869822502;6.035777957442058;2022-06-19T21:00:00Z
76.00125;0.0;0.0;0.0;15.27736816410004;0.5924575925;3.9398339611678748;2022-06-19T22:00:00Z
45.385450000000006;0.0;0.0;0.0;14.473718261700014;0.5928698778;4.752460574263042;2022-06-19T23:00:00Z
20.76693333333333;0.0;0.0;0.0;13.817254638700035;0.5929597616;3.2966351785131436;2022-06-20T00:00:00Z
31.9668;0.0;0.0;0.0;13.532434082000009;0.5928723216;4.899096130488815;2022-06-20T01:00:00Z
36.75001666666667;0.0;0.0;0.0;13.246545410200042;0.592269063;4.477022731573712;2022-06-20T02:00:00Z
30.4501;0.0;0.0;0.28444444444444444;13.054589843800045;0.5917099118;2.6633733088337412;2022-06-20T03:00:00Z
24.9671;0.0;0.0;20.8;12.97365722660004;0.5913752913;2.403947352744452;2022-06-20T04:00:00Z
35.8167;0.0;0.0;64.51555555555555;13.473229980500037;0.5916883349;3.595421670861893;2022-06-20T05:00:00Z
30.4502;0.0;0.0;149.01333333333332;13.984460449200014;0.5920882225;3.5612719967364552;2022-06-20T06:00:00Z
6.383966666666667;13.438333333333333;5.119;148.0;13.985223388700035;0.5929234624;3.7355455402200275;2022-06-20T07:00:00Z
67.66681666666666;1.8957777777777776;0.1199999999999999;126.27555555555556;14.080133056600005;0.592961967;3.918496661711212;2022-06-20T08:00:00Z
70.0;64.93588888888888;20.119;202.61333333333334;13.882165527300003;0.5929628015;2.8951050127904403;2022-06-20T09:00:00Z
65.00008333333334;0.0;0.0;271.68;14.08785400390002;0.5929761529;1.7403048484318204;2022-06-20T10:00:00Z
64.83343333333333;0.0;0.0;104.81777777777778;13.601342773400006;0.5929653049;2.9421355124472237;2022-06-20T11:00:00Z
70.00046666666667;0.0;0.0;70.88;13.606652832000009;0.5928682089;1.6215278369819204;2022-06-20T12:00:00Z
620.00045;0.0;0.0;144.21333333333334;13.61522827150003;0.5913670063;3.227883827852543;2022-06-20T13:00:00Z
210.3349;0.0;0.0;159.0222222222222;13.789208984400034;0.5897918344;4.4035643722423865;2022-06-20T14:00:00Z
47.33606666666667;0.0;0.0;207.80444444444444;14.81447753910004;0.5883117914;5.3986130622020765;2022-06-20T15:00:00Z
56.001983333333335;0.0;0.0;276.9066666666667;16.06636962890002;0.5874897242;6.290869084511088;2022-06-20T16:00:00Z
270.78381666666667;0.0;0.0;196.0;16.692529296900034;0.5872573256;7.186712829758983;2022-06-20T17:00:00Z
70.95021666666668;0.0;0.0;152.39111111111112;16.34981689450001;0.5871389508;7.776062991732401;2022-06-20T18:00:00Z
76.00013333333332;0.0;0.0;37.67111111111111;14.853417968800045;0.587150991;7.865466167938273;2022-06-20T19:00:00Z
85.31675;0.0;0.0;2.1866666666666665;13.589685058600026;0.5877617002;6.305934227096213;2022-06-20T20:00:00Z
89.2003;0.0;0.0;0.0;12.796289062500023;0.5877871513;6.234003510453744;2022-06-20T21:00:00Z
51.66833333333333;0.0;0.0;0.0;12.714013671900034;0.5881525278;7.033783290570679;2022-06-20T22:00:00Z
20.8852;0.0;0.0;0.0;12.241662597700042;0.5889692307;7.526132904790006;2022-06-20T23:00:00Z
16.683799999999994;0.0;0.0;0.0;11.701409912100019;0.5893258452;7.880098658643632;2022-06-21T00:00:00Z
25.0838;0.0;0.0;0.0;11.359704589800003;0.5891328454;7.904075537862914;2022-06-21T01:00:00Z
28.0;0.0;0.0;0.0;11.146600341800024;0.588886559;7.682943192225502;2022-06-21T02:00:00Z
28.0;0.0;0.0;0.48;10.887139892600032;0.5886781812;7.977945407457815;2022-06-21T03:00:00Z
29.167166666666663;0.0;0.0;33.88444444444445;11.326318359400034;0.588524282;8.160443795843273;2022-06-21T04:00:00Z
31.4508;0.0;0.0;114.47111111111111;12.220910644500009;0.5882891417;8.167263904731346;2022-06-21T05:00:00Z
48.26691666666667;0.0;0.0;224.62222222222223;13.50100097660004;0.5877726674;6.792611417253808;2022-06-21T06:00:00Z
44.96841666666666;19.653555555555553;5.119;344.0711111111111;15.063256835900006;0.5873580575;6.167945651648425;2022-06-21T07:00:00Z
32.001466666666666;18.765666666666668;20.119;522.7022222222222;16.767724609400034;0.5871267319;6.55231542330498;2022-06-21T08:00:00Z
45.00075;33.85977777777778;0.1199999999999999;686.2222222222222;18.580590820300017;0.5870263577;6.025625141218228;2022-06-21T09:00:00Z
65.0005;0.0;0.0;793.0844444444444;20.581811523400006;0.5869900584;5.045887033706208;2022-06-21T10:00:00Z
56.00071666666666;0.0;0.0;860.64;21.931024169900013;0.5869857669;4.828948035522001;2022-06-21T11:00:00Z
557.6676333333334;0.0;0.0;861.9733333333334;23.08004150390002;0.5869828463;4.806939666816281;2022-06-21T12:00:00Z
37.00155;0.0;0.0;733.7777777777778;23.6063476562;0.5869790316;4.772476268294885;2022-06-21T13:00:00Z
56.001233333333325;0.0;0.0;655.4311111111111;24.201226806600005;0.5869607925;4.123748898589497;2022-06-21T14:00:00Z
55.00125;0.0;0.0;513.3688888888889;24.299645996100026;0.5869519114;3.467046694580372;2022-06-21T15:00:00Z
99.33436666666664;0.0;0.0;454.43555555555554;24.513146972700042;0.586951077;3.079271337188142;2022-06-21T16:00:00Z
359.40093333333334;0.0;0.0;304.85333333333335;23.9969726562;0.5869604349;2.4603107142909235;2022-06-21T17:00:00Z
75.53409999999998;0.0;0.0;166.1511111111111;22.84279785160004;0.5869685411;2.621993214016953;2022-06-21T18:00:00Z
51.06733333333334;0.0;0.0;60.8;20.898828125000023;0.5869598985;2.7640766741250307;2022-06-21T19:00:00Z
79.58345;0.0;0.0;4.071111111111111;18.1063476562;0.5869601965;2.937961768950119;2022-06-21T20:00:00Z
76.45086666666667;0.0;0.0;0.0;16.680078125000023;0.5869639516;3.49605315637425;2022-06-21T21:00:00Z
67.25243333333333;0.0;0.0;0.0;16.00612792970003;0.5869777799;2.469387256477938;2022-06-21T22:00:00Z
51.75240000000001;0.0;0.0;0.0;14.464318847700042;0.5869783759;1.584953858670648;2022-06-21T23:00:00Z
25.78375;0.0;0.0;0.0;13.067956543000037;0.587000668;0.771908647209537;2022-06-22T00:00:00Z
34.8835;0.0;0.0;0.0;12.631005859400034;0.5870807171;0.7933255020898742;2022-06-22T01:00:00Z
37.333466666666666;0.0;0.0;0.0;11.332849121100026;0.5869604349;1.5947591590573562;2022-06-22T02:00:00Z
41.3001;0.0;0.0;0.5511111111111111;10.586999511700014;0.5869975686;2.4338960591164986;2022-06-22T03:00:00Z
40.13348333333333;0.0;0.0;42.29333333333334;11.935632324200014;0.5871564746;1.479344062304089;2022-06-22T04:00:00Z
46.10033333333334;0.0;0.0;150.89777777777778;15.320092773400006;0.5872010589;1.1268553733625322;2022-06-22T05:00:00Z
39.25075;0.0;0.0;294.27555555555557;18.348229980500037;0.587179482;0.3537973064439064;2022-06-22T06:00:00Z
8.834399999999999;11.662555555555555;0.1199999999999999;445.29777777777775;20.875146484400034;0.5870230794;1.1342716152775838;2022-06-22T07:00:00Z
12.50065;25.868777777777776;25.118;587.9644444444444;22.593804931600005;0.5870291591;1.1836443008751685;2022-06-22T08:00:00Z
70.0;42.73866666666667;0.1199999999999999;657.5288888888889;23.536706543000037;0.5870146155;1.381742698514085;2022-06-22T09:00:00Z
70.0;0.0;0.0;799.5377777777778;24.444421386700014;0.5869856477;1.75331554931448;2022-06-22T10:00:00Z
70.0003;0.0;0.0;849.8488888888888;25.45015869140002;0.586992085;1.5804031784678645;2022-06-22T11:00:00Z
126.66776666666668;0.0;0.0;843.7511111111111;26.116815185500002;0.586995244;1.4978394316326213;2022-06-22T12:00:00Z
253.33415;0.0;0.0;810.9688888888888;26.674310302700007;0.5870265961;1.259053086941236;2022-06-22T13:00:00Z
64.3349;0.0;0.0;721.5466666666666;27.038140869100005;0.5869644284;2.061498138751239;2022-06-22T14:00:00Z
64.0016;0.0;0.0;606.1333333333333;27.179589843800045;0.5869641304;2.193248017567614;2022-06-22T15:00:00Z
249.00125;0.0;0.0;473.3688888888889;27.16890869140002;0.5869601965;2.5159467164960065;2022-06-22T16:00:00Z
638.5337833333333;0.0;0.0;331.8933333333333;26.721276855500037;0.5869640708;2.606233172421176;2022-06-22T17:00:00Z
65.16791666666667;0.0;0.0;186.72;25.76680908200001;0.5869622827;3.3760355916294835;2022-06-22T18:00:00Z
37.6682;0.0;0.0;66.50666666666666;23.56057128910004;0.5869561434;5.5461459155547965;2022-06-22T19:00:00Z
30.068366666666662;0.0;0.0;4.2844444444444445;21.15822753910004;0.5869726539;7.585090047526592;2022-06-22T20:00:00Z
72.4676;0.0;0.0;0.0;19.1786132812;0.5869928598;8.28460217794642;2022-06-22T21:00:00Z
49.23526666666666;0.0;0.0;0.0;17.31075439450001;0.5869805217;7.582965221191971;2022-06-22T22:00:00Z
16.1678;0.0;0.0;0.0;15.837945556600005;0.5869733095;7.24550236156089;2022-06-22T23:00:00Z
27.0668;0.0;0.0;0.0;14.765496826200035;0.5869712234;7.117098479321468;2022-06-23T00:00:00Z
35.350133333333325;0.0;0.0;0.0;13.986901855500037;0.5869657993;6.906557825597085;2022-06-23T01:00:00Z
35.0;0.0;0.0;0.0;13.248132324200014;0.5869652033;7.100796782901763;2022-06-23T02:00:00Z
32.083433333333325;0.0;0.0;0.5155555555555555;12.737023925800031;0.5869557261;6.723553703665201;2022-06-23T03:00:00Z
30.566783333333333;0.0;0.0;41.973333333333336;13.424218750000023;0.5869557858;5.268076205358058;2022-06-23T04:00:00Z
27.5334;0.0;0.0;148.7288888888889;16.011163330100032;0.586954236;4.278813574328671;2022-06-23T05:00:00Z
20.8834;0.0;0.0;289.79555555555555;18.38472900390002;0.5869562626;3.012847155959855;2022-06-23T06:00:00Z
13.4171;7.223111111111111;5.119;441.0311111111111;20.68038330080003;0.5869681835;2.1195683369604974;2022-06-23T07:00:00Z
50.00033333333333;36.52344444444444;20.119;583.8755555555556;22.915490722700042;0.5869791508;1.830500891373817;2022-06-23T08:00:00Z
23.00078333333333;36.52344444444444;0.1199999999999999;706.4;24.91079101560001;0.5869733095;1.9000889706072328;2022-06-23T09:00:00Z
23.00078333333333;0.0;0.0;796.1955555555555;26.59371337890002;0.5869826674;1.8766857026293362;2022-06-23T10:00:00Z
70.00031666666666;0.0;0.0;848.0533333333333;27.693139648400006;0.5869731903;1.8903040912787963;2022-06-23T11:00:00Z
494.0009833333333;0.0;0.0;854.5422222222222;28.60476074220003;0.5869548917;2.4211116440192617;2022-06-23T12:00:00Z
65.668;0.0;0.0;816.1422222222222;29.43422851560001;0.5869503021;3.0118255077646556;2022-06-23T13:00:00Z
416.1681;0.0;0.0;735.84;29.882958984400034;0.5869508386;3.2957202762102384;2022-06-23T14:00:00Z
183.33501666666663;0.0;0.0;621.44;30.129449462900027;0.5869525075;3.570474186014341;2022-06-23T15:00:00Z
34.83526666666666;0.0;0.0;483.14666666666665;30.17598876950001;0.5869528651;3.7318217308042088;2022-06-23T16:00:00Z
70.00071666666666;0.0;0.0;331.55555555555554;29.90554199220003;0.5869505405;3.6246302575935947;2022-06-23T17:00:00Z
71.7172;0.0;0.0;185.6888888888889;28.897943115200007;0.5869504213;4.111693858502678;2022-06-23T18:00:00Z
93.8;0.0;0.0;66.64888888888889;26.619897460900006;0.5869598985;6.3058883704571445;2022-06-23T19:00:00Z
90.30003333333332;0.0;0.0;4.337777777777778;24.15328369140002;0.5869775414;7.991448852991785;2022-06-23T20:00:00Z
92.51715;0.0;0.0;0.0;22.69649658200001;0.5869864225;8.619139854236327;2022-06-23T21:00:00Z
78.45158333333333;0.0;0.0;0.0;21.371179199200014;0.5869894624;8.564842957425164;2022-06-23T22:00:00Z
47.317933333333336;0.0;0.0;0.0;20.455163574200014;0.5869775414;8.04115395603746;2022-06-23T23:00:00Z
0.0;0.0;0.0;0.0;19.48754272460002;0.5869734287;7.812818548635849;2022-06-24T00:00:00Z
0.0;0.0;0.0;0.0;18.434106445300017;0.5869696736;7.632834526843351;2022-06-24T01:00:00Z
0.0;0.0;0.0;0.0;17.922296142600032;0.5869717002;7.812231303225206;2022-06-24T02:00:00Z
0.0;0.0;0.0;0.49777777777777776;17.646997070300017;0.5869739652;7.850676418672057;2022-06-24T03:00:00Z
0.0;0.0;0.0;42.08;18.501428222700042;0.5869785547;7.850702131391232;2022-06-24T04:00:00Z
0.0;0.0;0.0;149.56444444444443;20.863793945300017;0.5869740248;7.532861321856108;2022-06-24T05:00:00Z
0.0;0.0;0.0;291.3066666666667;23.128747558600026;0.5869964957;6.335231756403994;2022-06-24T06:00:00Z
0.0;1.0078888888888888;0.1199999999999999;438.27555555555557;25.515954589800003;0.5869974494;5.9821681176719865;2022-06-24T07:00:00Z
0.0;30.308222222222216;0.1199999999999999;583.7688888888889;27.506219482400013;0.5870196223;6.359266001961874;2022-06-24T08:00:00Z
0.0;48.066;25.118;707.7511111111111;28.743951416000016;0.5870443583;7.093312042566331;2022-06-24T09:00:00Z
0.0;0.0;0.0;798.0977777777778;29.814904785200042;0.5870267153;6.3904236306809965;2022-06-24T10:00:00Z
0.0;0.0;0.0;848.8533333333334;30.21291503910004;0.5870189071;6.422050126399142;2022-06-24T11:00:00Z
0.0;0.0;0.0;857.3866666666667;30.726983642600032;0.5870319009;6.743778648397051;2022-06-24T12:00:00Z
0.0;0.0;0.0;824.1066666666667;31.185937500000023;0.5870485902;7.676688909530334;2022-06-24T13:00:00Z
0.0;0.0;0.0;726.4;31.407037353500016;0.5870448947;7.955749472830159;2022-06-24T14:00:00Z
0.0;0.0;0.0;506.2577777777778;30.071649169900013;0.5870556235;8.25572464126021;2022-06-24T15:00:00Z
0.0;0.0;0.0;224.4622222222222;26.59468994140002;0.587004602;6.595380336502926;2022-06-24T16:00:00Z
0.0;0.0;0.0;101.08444444444444;24.848046875000023;0.5869733095;5.345624613010546;2022-06-24T17:00:00Z
0.0;0.0;0.0;110.4888888888889;24.703576660200042;0.5869505405;4.104100561265963;2022-06-24T18:00:00Z
0.0;0.0;0.0;39.964444444444446;23.222558593800045;0.5869808197;3.7311268718194937;2022-06-24T19:00:00Z
0.0;0.0;0.0;2.311111111111111;21.88106689450001;0.5869739056;4.199639638859461;2022-06-24T20:00:00Z
0.0;0.0;0.0;0.0;20.70501098630001;0.5870649815;3.7486294506965305;2022-06-24T21:00:00Z
0.0;0.0;0.0;0.0;21.05169067380001;0.588000834;4.019256411435912;2022-06-24T22:00:00Z
0.0;0.0;0.0;0.0;19.79659423830003;0.5908852816;4.983804178963621;2022-06-24T23:00:00Z
22.9839;0.0;0.0;0.0;18.972802734400034;0.5926796794;5.037358496034986;2022-06-25T00:00:00Z
36.86716666666666;0.0;0.0;0.0;18.616601562500023;0.5927070975;4.390299426995225;2022-06-25T01:00:00Z
24.7338;0.0;0.0;0.0;18.23439941410004;0.5930706263;3.938140241386538;2022-06-25T02:00:00Z
35.583666666666666;0.0;0.0;0.14222222222222222;18.20238647460002;0.5929869413;2.88681413335876;2022-06-25T03:00:00Z
35.117;0.0;0.0;17.28;18.710717773400006;0.5929168463;1.6927054507117612;2022-06-25T04:00:00Z
34.18378333333334;0.0;0.0;68.85333333333334;19.75649414060001;0.5923085809;1.4065554767271937;2022-06-25T05:00:00Z
30.68405;0.0;0.0;100.8711111111111;20.55663452150003;0.5911909342;0.7482627975169698;2022-06-25T06:00:00Z
3.267816666666666;14.326222222222222;0.1199999999999999;280.58666666666664;21.23891601560001;0.5896407366;0.34246720964357086;2022-06-25T07:00:00Z
37.16706666666667;39.187111111111115;5.118999999999999;473.1022222222222;22.31179199220003;0.5885407925;0.698712618931357;2022-06-25T08:00:00Z
70.0;32.084;20.119;500.0888888888889;23.577020263700035;0.5879898071;0.5152524591956842;2022-06-25T09:00:00Z
69.3334;0.0;0.0;528.1422222222222;25.51882324220003;0.5879638791;2.1073416616411493;2022-06-25T10:00:00Z
66.16705;0.0;0.0;569.7422222222223;26.58321533200001;0.5899747014;1.40741664395818;2022-06-25T11:00:00Z
70.00046666666667;0.0;0.0;640.16;27.601739502000044;0.5877162814;1.1043251124896083;2022-06-25T12:00:00Z
70.001;0.0;0.0;498.70222222222225;27.849755859400034;0.5872400403;0.5949384732053132;2022-06-25T13:00:00Z
536.6672;0.0;0.0;410.59555555555556;27.680505371100026;0.5871858001;0.5094492204901384;2022-06-25T14:00:00Z
70.001;0.0;0.0;236.19555555555556;26.05007324220003;0.5872437358;0.22612493957678792;2022-06-25T15:00:00Z
70.001;0.0;0.0;204.69333333333333;24.967858886700014;0.5872431397;0.7269554437578621;2022-06-25T16:00:00Z
67.05165;0.0;0.0;176.65777777777777;24.27800903320002;0.5879093409;0.8217143383039969;2022-06-25T17:00:00Z
71.68501666666667;0.0;0.0;114.84444444444445;23.901940918000037;0.5923139453;2.0751118120190504;2022-06-25T18:00:00Z
79.68383333333334;0.0;0.0;42.791111111111114;22.973962402300003;0.5921835303;1.0363897729119849;2022-06-25T19:00:00Z
32.3348;0.0;0.0;2.8444444444444446;21.345483398400006;0.5922936201;1.1046440520388474;2022-06-25T20:00:00Z
45.75208333333333;0.0;0.0;0.0;21.22188720700001;0.5922406912;2.121226035389779;2022-06-25T21:00:00Z
566.5179833333333;0.0;0.0;0.0;19.677575683600026;0.5925707817;1.8692787278439127;2022-06-25T22:00:00Z
82.36903333333333;0.0;0.0;0.0;18.950585937500023;0.5925418139;2.3965801463252157;2022-06-25T23:00:00Z
26.250116666666663;0.0;0.0;0.0;18.197869873000002;0.5924784541;3.0960447818094954;2022-06-26T00:00:00Z
33.3671;0.0;0.0;0.0;18.144586181600005;0.5924801826;3.0892554821300897;2022-06-26T01:00:00Z
31.50018333333333;0.0;0.0;0.0;17.95675048830003;0.5925109982;2.589209811426434;2022-06-26T02:00:00Z
32.783483333333336;0.0;0.0;0.39111111111111113;17.47774658200001;0.5925583839;3.828673431881899;2022-06-26T03:00:00Z
31.15021666666667;0.0;0.0;36.035555555555554;18.185723877000044;0.5925642848;4.440021714285627;2022-06-26T04:00:00Z
40.25015;0.0;0.0;136.17777777777778;20.009179687500023;0.5919548273;3.8125882519360417;2022-06-26T05:00:00Z
29.28343333333333;0.0;0.0;270.50666666666666;22.144128418000037;0.5904015899;2.865841737183222;2022-06-26T06:00:00Z
2.567766666666667;24.980888888888888;25.118;392.5155555555556;24.572351074200014;0.5885852575;2.852684193031237;2022-06-26T07:00:00Z
3.33435;13.438333333333333;0.1199999999999999;513.6355555555556;26.405084228500016;0.5874434114;3.2819147664234762;2022-06-26T08:00:00Z
63.166933333333326;45.40233333333333;0.1199999999999999;606.5777777777778;27.556481933600026;0.5870757699;3.5291492719339543;2022-06-26T09:00:00Z
70.0;0.0;0.0;721.0311111111112;28.982751464800003;0.5869948268;4.527818277343666;2022-06-26T10:00:00Z
18.000866666666667;0.0;0.0;705.3511111111111;29.43715820310001;0.5869636536;3.8077389622301934;2022-06-26T11:00:00Z
68.50108333333333;0.0;0.0;718.3822222222223;30.234979248000002;0.586961329;3.3130533424776347;2022-06-26T12:00:00Z
68.50115;0.0;0.0;574.8622222222223;30.416589355500037;0.5869598985;3.827797819536004;2022-06-26T13:00:00Z
719.1671;0.0;0.0;535.5022222222223;31.029870605500037;0.5869598985;3.33136524370859;2022-06-26T14:00:00Z
84.66785;0.0;0.0;505.70666666666665;31.07613525390002;0.5874957442;1.85023810912614;2022-06-26T15:00:00Z
203.3342;0.0;0.0;395.64444444444445;30.83910522460002;0.5872045159;1.3341994318385288;2022-06-26T16:00:00Z
71.86715;0.0;0.0;241.6888888888889;30.358697509800038;0.5870831609;1.4499773154434212;2022-06-26T17:00:00Z
90.18338333333331;0.0;0.0;150.1688888888889;29.561120605500037;0.5870128274;2.3006826439733934;2022-06-26T18:00:00Z
85.98345;0.0;0.0;59.80444444444444;28.18654785160004;0.5869969726;4.115645831213613;2022-06-26T19:00:00Z
90.30008333333332;0.0;0.0;4.071111111111111;25.28679809570002;0.5869917274;4.254131776692167;2022-06-26T20:00:00Z
77.8503;0.0;0.0;0.0;23.95092163090004;0.5869893432;4.134605159206857;2022-06-26T21:00:00Z
49.60166666666667;0.0;0.0;0.0;21.612390136700014;0.589830935;5.930280658952936;2022-06-26T22:00:00Z
202.00185;0.0;0.0;0.0;20.852624511700014;0.5915260315;5.645209678705764;2022-06-26T23:00:00Z
21.23356666666667;0.0;0.0;0.0;20.507958984400034;0.5911438465;7.038127702458386;2022-06-27T00:00:00Z
30.80035;0.0;0.0;0.0;20.022821044900013;0.5908683538;6.531931877499964;2022-06-27T01:00:00Z
27.0668;0.0;0.0;0.0;19.332208252000044;0.590721786;5.7028081966044475;2022-06-27T02:00:00Z
28.583416666666665;0.0;0.0;0.3377777777777778;19.002770996100026;0.5905416608;5.128948967897138;2022-06-27T03:00:00Z
38.38341666666666;0.0;0.0;38.45333333333333;20.08168945310001;0.5902616978;5.714817773729303;2022-06-27T04:00:00Z
38.0335;0.0;0.0;141.63555555555556;22.421319580100032;0.5896264911;5.865756412153366;2022-06-27T05:00:00Z
28.350166666666663;0.0;0.0;278.0622222222222;24.74898681640002;0.5885993838;4.619880276585498;2022-06-27T06:00:00Z
1.2833833333333335;15.21411111111111;5.118999999999999;397.06666666666666;27.144952392600032;0.587628603;4.280749598356771;2022-06-27T07:00:00Z
14.667216666666667;53.39333333333333;0.1199999999999999;542.8622222222223;29.201776123000002;0.5871642232;4.446248397861661;2022-06-27T08:00:00Z
67.50025;11.662555555555556;20.119;662.6844444444445;30.771997070300017;0.5870215893;5.194792360924372;2022-06-27T09:00:00Z
69.83335;0.0;0.0;756.64;32.607202148400006;0.5876549482;5.840075171106924;2022-06-27T10:00:00Z
52.50056666666667;0.0;0.0;719.9466666666667;33.51174316410004;0.587592721;6.053730722998126;2022-06-27T11:00:00Z
47.00163333333333;0.0;0.0;761.5822222222222;34.350396728500016;0.587613225;6.477780875373337;2022-06-27T12:00:00Z
183.33455;0.0;0.0;664.5688888888889;34.89516601560001;0.5875602961;5.860373752891544;2022-06-27T13:00:00Z
202.83425;0.0;0.0;616.1066666666667;35.12545166020004;0.5876225829;5.379032843661881;2022-06-27T14:00:00Z
448.66775;0.0;0.0;465.6177777777778;34.896630859400034;0.5875314474;4.624391448192838;2022-06-27T15:00:00Z
302.0009;0.0;0.0;369.81333333333333;31.70992431640002;0.5874607563;4.902931470015839;2022-06-27T16:00:00Z
125.06778333333332;0.0;0.0;218.52444444444444;30.158349609400034;0.5874409676;5.184848549874634;2022-06-27T17:00:00Z
150.1841333333333;0.0;0.0;125.42222222222222;28.76333007810001;0.5873330832;4.898104385384976;2022-06-27T18:00:00Z
88.98351666666667;0.0;0.0;58.13333333333333;26.984735107400013;0.5873569846;5.912685393494578;2022-06-27T19:00:00Z
57.25075;0.0;0.0;4.053333333333334;25.240319824200014;0.5873948336;6.772870088747484;2022-06-27T20:00:00Z
72.41736666666665;0.0;0.0;0.0;23.82711181640002;0.5873995423;6.701038702194525;2022-06-27T21:00:00Z
69.83491666666667;0.0;0.0;0.0;23.261529541000016;0.5873740911;8.909832657145769;2022-06-27T22:00:00Z
30.585316666666664;0.0;0.0;0.0;22.271020507800017;0.5873370767;8.07326001572763;2022-06-27T23:00:00Z
32.43345;0.0;0.0;0.0;21.290185546900034;0.588056922;5.354416538417336;2022-06-28T00:00:00Z
34.18351666666666;0.0;0.0;0.0;20.530664062500023;0.5923555493;5.0062290341604845;2022-06-28T01:00:00Z
45.38336666666667;0.0;0.0;0.0;19.554467773400006;0.5930045843;6.646207403803758;2022-06-28T02:00:00Z
41.3003;0.0;0.0;0.17777777777777778;18.77309570310001;0.5929946303;6.163900588671782;2022-06-28T03:00:00Z
35.93343333333333;0.0;0.0;19.982222222222223;18.100122070300017;0.593008697;6.297596420809656;2022-06-28T04:00:00Z
38.966849999999994;0.0;0.0;63.53777777777778;17.646875000000023;0.5925171375;6.976574633783;2022-06-28T05:00:00Z
29.9843;0.0;0.0;117.12;17.66408691410004;0.5923143029;6.218046248006065;2022-06-28T06:00:00Z
6.18435;36.52344444444444;0.1199999999999999;100.28444444444445;18.207818603500016;0.5918813348;5.275129130995313;2022-06-28T07:00:00Z
23.167666666666666;17.877777777777776;25.118;243.32444444444445;19.385095214800003;0.5901859999;5.012070558591231;2022-06-28T08:00:00Z
50.50045;26.756666666666664;0.1199999999999999;359.71555555555557;20.664514160200042;0.5890442133;4.1974301463572665;2022-06-28T09:00:00Z
7.16795;0.0;0.0;587.2177777777778;21.801843261700014;0.5877637863;3.5659091689256;2022-06-28T10:00:00Z
56.667;0.0;0.0;730.0622222222222;23.52047119140002;0.5871337056;2.749417452678042;2022-06-28T11:00:00Z
68.00093333333334;0.0;0.0;693.7244444444444;24.276177978500016;0.586990118;2.2327820285049595;2022-06-28T12:00:00Z
70.001;0.0;0.0;608.8;24.71358642580003;0.5869643092;2.4090614746449592;2022-06-28T13:00:00Z
120.00094999999997;0.0;0.0;634.8977777777778;25.481958007800017;0.5869774222;2.0302092896374457;2022-06-28T14:00:00Z
453.33395;0.0;0.0;535.6088888888889;25.64034423830003;0.5870553851;1.2094284878637998;2022-06-28T15:00:00Z
486.66725;0.0;0.0;389.4577777777778;25.6063476562;0.586979866;2.2127432426295495;2022-06-28T16:00:00Z
142.43448333333333;0.0;0.0;300.58666666666664;25.585107421900034;0.5869786143;2.231568591158113;2022-06-28T17:00:00Z
36.13426666666666;0.0;0.0;151.37777777777777;24.90255126950001;0.5869601369;3.310513583820201;2022-06-28T18:00:00Z
87.30018333333332;0.0;0.0;56.995555555555555;23.197656250000023;0.5869680643;5.437646491966844;2022-06-28T19:00:00Z
75.28425;0.0;0.0;3.6977777777777776;21.12426147460002;0.5869750381;6.692051044134705;2022-06-28T20:00:00Z
90.65003333333334;0.0;0.0;0.0;19.804040527300003;0.5869708061;6.734687689560558;2022-06-28T21:00:00Z
33.86865;0.0;0.0;0.0;17.993463134800038;0.5869596601;6.216307930249878;2022-06-28T22:00:00Z
34.535349999999994;0.0;0.0;0.0;17.37136230470003;0.5869691968;6.735357624469827;2022-06-28T23:00:00Z
22.867;0.0;0.0;0.0;16.771661377000044;0.5869799256;7.243589506420372;2022-06-29T00:00:00Z
34.3001;0.0;0.0;0.0;16.18087158200001;0.586971879;6.980449595149433;2022-06-29T01:00:00Z
34.65005;0.0;0.0;0.0;15.70894775390002;0.5869605541;6.312187713862483;2022-06-29T02:00:00Z
33.95015;0.0;0.0;0.26666666666666666;15.263543701200035;0.5869688988;6.880473967846181;2022-06-29T03:00:00Z
34.65005;0.0;0.0;32.65777777777778;15.717065429700028;0.5869529247;5.9589187697997374;2022-06-29T04:00:00Z
33.60046666666666;0.0;0.0;107.04;17.439569091800024;0.5869528651;4.850665138166079;2022-06-29T05:00:00Z
19.95128333333333;0.0;0.0;199.39555555555555;19.19039306640002;0.5869640112;4.537440918481256;2022-06-29T06:00:00Z
3.0673833333333334;35.635555555555555;0.1199999999999999;408.8177777777778;20.759301757800017;0.5869804025;5.133736464923636;2022-06-29T07:00:00Z
17.500799999999998;13.438333333333333;25.118;498.9511111111111;21.202539062500023;0.5869867802;5.300342742616548;2022-06-29T08:00:00Z
66.00006666666667;38.299222222222234;0.1199999999999999;551.4488888888889;21.192956543000037;0.5869849324;5.106460363713379;2022-06-29T09:00:00Z
52.500416666666666;0.0;0.0;505.40444444444444;23.01296386720003;0.5871205926;3.1301964664237163;2022-06-29T10:00:00Z
70.0;0.0;0.0;454.8622222222222;23.101892089800003;0.5876693726;4.610618224441122;2022-06-29T11:00:00Z
50.000916666666654;0.0;0.0;465.4577777777778;23.576776123000002;0.5871090293;4.351012421744795;2022-06-29T12:00:00Z
70.001;0.0;0.0;433.31555555555553;23.41335449220003;0.5869918466;4.4724639349462425;2022-06-29T13:00:00Z
374.66755;0.0;0.0;402.20444444444445;23.30684814450001;0.5872753859;4.749133573401797;2022-06-29T14:00:00Z
58.0012;0.0;0.0;372.74666666666667;23.7782226562;0.58703655;4.652894722593864;2022-06-29T15:00:00Z
336.6674;0.0;0.0;415.0577777777778;24.04973754880001;0.5869812369;4.311169706470308;2022-06-29T16:00:00Z
520.0004333333334;0.0;0.0;316.8;24.022027587900027;0.5869652629;4.006524074087091;2022-06-29T17:00:00Z
47.05061666666667;0.0;0.0;170.4;23.55639038090004;0.5869591832;4.049939575226984;2022-06-29T18:00:00Z
51.350750000000005;0.0;0.0;55.76888888888889;22.39376220700001;0.5869545937;4.438907820593954;2022-06-29T19:00:00Z
55.50085;0.0;0.0;3.057777777777778;21.119470214800003;0.586953938;4.616983304001113;2022-06-29T20:00:00Z
70.41810000000001;0.0;0.0;0.0;20.473809814500044;0.5869536996;4.490888585909626;2022-06-29T21:00:00Z
54.95236666666666;0.0;0.0;0.0;19.57128295900003;0.5869535804;5.847345816494981;2022-06-29T22:00:00Z
15.868799999999998;0.0;0.0;0.0;19.359521484400034;0.5869564414;6.182044078585244;2022-06-29T23:00:00Z
26.0169;0.0;0.0;0.0;19.251733398400006;0.5869551897;5.669708720986869;2022-06-30T00:00:00Z
30.683383333333328;0.0;0.0;0.0;19.243676757800017;0.5869523287;4.515203690977829;2022-06-30T01:00:00Z
29.8669;0.0;0.0;0.0;19.34859619140002;0.5869543552;4.3665823443289495;2022-06-30T02:00:00Z
32.08336666666666;0.0;0.0;0.08888888888888889;19.0418945312;0.5869628191;3.8054063606613533;2022-06-30T03:00:00Z
33.6002;0.0;0.0;15.182222222222222;18.894921875000023;0.5869674683;4.587288140426867;2022-06-30T04:00:00Z
33.25025;0.0;0.0;61.26222222222222;19.178857421900034;0.5869714618;4.285031988982969;2022-06-30T05:00:00Z
26.117416666666664;0.0;0.0;93.15555555555555;19.41698608400003;0.5870099664;2.413859451639166;2022-06-30T06:00:00Z
15.250166666666667;49.84177777777778;5.119;340.12444444444446;19.592919921900034;0.5870600343;1.1076433858220995;2022-06-30T07:00:00Z
28.500950000000003;3.671555555555555;0.1199999999999999;294.7911111111111;19.87621459960002;0.5869864821;1.6981621323281146;2022-06-30T08:00:00Z
68.0002;24.980888888888884;20.119;233.33333333333334;19.99086914060001;0.5869864821;1.7342307653227673;2022-06-30T09:00:00Z
54.66695;0.0;0.0;317.3333333333333;22.943902587900027;0.5892878771;2.3954251222393146;2022-06-30T10:00:00Z
70.0;0.0;0.0;297.8666666666667;23.53347167970003;0.5880557299;2.181511700632211;2022-06-30T11:00:00Z
70.0005;0.0;0.0;381.5111111111111;24.391748046900034;0.5874853134;1.5766169483204613;2022-06-30T12:00:00Z
291.3343;0.0;0.0;451.04;25.655358886700014;0.5872392058;1.5291822434846045;2022-06-30T13:00:00Z
794.6677833333333;0.0;0.0;325.6533333333333;26.004663085900006;0.5872109532;0.9849065928992349;2022-06-30T14:00:00Z
38.00203333333334;0.0;0.0;366.59555555555556;27.03292236330003;0.5871580243;1.0661740330930445;2022-06-30T15:00:00Z
37.83555;0.0;0.0;325.24444444444447;27.364587402300003;0.5870239735;2.1565371069035666;2022-06-30T16:00:00Z
69.95091666666667;0.0;0.0;212.94222222222223;27.13570556640002;0.5869892836;3.0230402436396666;2022-06-30T17:00:00Z
59.38388333333334;0.0;0.0;144.42666666666668;26.68746337890002;0.5869780779;3.8417968601147097;2022-06-30T18:00:00Z
79.66701666666665;0.0;0.0;51.18222222222222;25.460717773400006;0.5869746208;4.6438036746875895;2022-06-30T19:00:00Z
89.00043333333333;0.0;0.0;3.8755555555555556;23.335717773400006;0.5869775414;5.7072627559275135;2022-06-30T20:00:00Z
35.251333333333335;0.0;0.0;0.0;22.182977294900013;0.5869725347;5.611100518556444;2022-06-30T21:00:00Z
55.7689;0.0;0.0;0.0;21.364709472700042;0.5869838595;7.3560175880744545;2022-06-30T22:00:00Z
60.235433333333326;0.0;0.0;0.0;20.779626464800003;0.5869651437;6.661287440886008;2022-06-30T23:00:00Z
0.0;0.0;0.0;0.0;20.34932861330003;0.5869637132;6.094503221079527;2022-07-01T00:00:00Z
0.0;0.0;0.0;0.0;19.78197631840004;0.5869769454;7.072739046111712;2022-07-01T01:00:00Z
0.0;0.0;0.0;0.0;19.22426757810001;0.5869806409;7.447794760507661;2022-07-01T02:00:00Z
0.0;0.0;0.0;0.16;18.78801879880001;0.5869621038;4.720167704407883;2022-07-01T03:00:00Z
0.0;0.0;0.0;35.48444444444444;19.194390869100005;0.5869714022;3.8094250219013683;2022-07-01T04:00:00Z
0.0;0.0;0.0;136.14222222222222;20.636804199200014;0.5869675875;4.949195371061566;2022-07-01T05:00:00Z
0.0;0.0;0.0;272.8;22.31765136720003;0.5869649649;3.4301064126737217;2022-07-01T06:00:00Z
0.0;50.72966666666665;0.1199999999999999;255.23555555555555;24.11348876950001;0.5873430967;1.1891874528679023;2022-07-01T07:00:00Z
0.0;13.438333333333333;0.1199999999999999;290.9688888888889;25.769708252000044;0.5871946216;2.184348195456323;2022-07-01T08:00:00Z
0.0;14.326222222222222;25.118;345.0133333333333;26.71779785160004;0.5870628953;5.0026401465674235;2022-07-01T09:00:00Z
0.0;0.0;0.0;408.99555555555554;20.717828369100005;0.5916931033;9.762474190330892;2022-07-01T10:00:00Z
0.0;0.0;0.0;254.88;18.81997070310001;0.5893723369;9.150725212728885;2022-07-01T11:00:00Z
0.0;0.0;0.0;267.80444444444447;18.172631835900006;0.5892039537;8.0813154804865;2022-07-01T12:00:00Z
0.0;0.0;0.0;320.7111111111111;18.022637939500044;0.588780582;6.306049386858916;2022-07-01T13:00:00Z
0.0;0.0;0.0;241.08444444444444;17.87764892580003;0.5881642103;6.353750190118811;2022-07-01T14:00:00Z
0.0;0.0;0.0;287.4844444444444;17.92836914060001;0.5875838399;7.589185534326661;2022-07-01T15:00:00Z
0.0;0.0;0.0;252.99555555555557;17.88967285160004;0.5875107646;8.209022696352555;2022-07-01T16:00:00Z
0.0;0.0;0.0;199.57333333333332;17.74898681640002;0.5873430371;7.380543439712846;2022-07-01T17:00:00Z
0.0;0.0;0.0;118.93333333333334;17.367333984400034;0.5871992707;6.966417292477457;2022-07-01T18:00:00Z
0.0;0.0;0.0;32.284444444444446;17.00808105470003;0.5871140957;6.830820318741886;2022-07-01T19:00:00Z
0.0;0.0;0.0;0.8888888888888888;16.811608886700014;0.5871109962;6.248692635963893;2022-07-01T20:00:00Z
0.0;0.0;0.0;0.0;16.43483886720003;0.5870758295;5.87088332470757;2022-07-01T21:00:00Z
0.0;0.0;0.0;0.0;15.599237060500002;0.5875939727;5.224411357188426;2022-07-01T22:00:00Z
0.0;0.0;0.0;0.0;15.196069335900006;0.5875380039;5.29766882240732;2022-07-01T23:00:00Z
33.016933333333334;0.0;0.0;0.0;14.640161132800017;0.5875133872;4.999918522251906;2022-07-02T00:00:00Z
35.00013333333333;0.0;0.0;0.0;14.154016113300031;0.5875181556;4.777001620401104;2022-07-02T01:00:00Z
34.766683333333326;0.0;0.0;0.0;13.460198974600019;0.5875456333;4.170243951142547;2022-07-02T02:00:00Z
34.53335;0.0;0.0;0.12444444444444444;12.710351562500023;0.5875717402;4.515878037522485;2022-07-02T03:00:00Z
26.95015;0.0;0.0;36.586666666666666;13.149133300800031;0.5875718594;4.614509798698734;2022-07-02T04:00:00Z
29.40011666666667;0.0;0.0;141.63555555555556;14.990136718800045;0.5874783397;3.5844521276705037;2022-07-02T05:00:00Z
19.01695;0.0;0.0;282.31111111111113;17.05568847660004;0.5872853398;3.0429866500136176;2022-07-02T06:00:00Z
36.21733333333333;10.774666666666667;0.1199999999999999;432.19555555555553;19.259545898400006;0.5870985389;3.0816601033035482;2022-07-02T07:00:00Z
39.00085;47.178111111111114;0.1199999999999999;571.36;20.995568847700042;0.5870860219;3.7207062194543767;2022-07-02T08:00:00Z
36.00115;20.54144444444444;25.118;519.6622222222222;22.258203125000023;0.5869838595;3.847571481153737;2022-07-02T09:00:00Z
64.66686666666665;0.0;0.0;659.5022222222223;22.858270263700035;0.5869646668;3.11434431366703;2022-07-02T10:00:00Z
60.001;0.0;0.0;678.6666666666666;23.621545410200042;0.5869531035;2.972421140691011;2022-07-02T11:00:00Z
69.334;0.0;0.0;608.3911111111111;24.113610839800003;0.5869547725;2.64437556002678;2022-07-02T12:00:00Z
469.83395;0.0;0.0;546.8444444444444;24.76955566410004;0.5869676471;2.1188629559527032;2022-07-02T13:00:00Z
67.16795;0.0;0.0;543.04;25.51394042970003;0.5869675279;2.064326381663406;2022-07-02T14:00:00Z
70.001;0.0;0.0;529.1022222222222;25.98433837890002;0.586979568;1.8136339551666576;2022-07-02T15:00:00Z
70.001;0.0;0.0;437.68888888888887;26.15523681640002;0.5869697332;1.9781270470006702;2022-07-02T16:00:00Z
70.40103333333333;0.0;0.0;336.9244444444444;25.870629882800017;0.5869604349;2.331550487517576;2022-07-02T17:00:00Z
50.4843;0.0;0.0;188.32;25.109490966800024;0.5869611502;2.764556916018799;2022-07-02T18:00:00Z
82.25033333333333;0.0;0.0;64.49777777777778;23.422204589800003;0.5869504809;3.9543338790351545;2022-07-02T19:00:00Z
77.83368333333331;0.0;0.0;3.982222222222222;20.63985595700001;0.5869511366;4.903386791744886;2022-07-02T20:00:00Z
73.00135;0.0;0.0;0.0;19.064782714800003;0.5869521499;5.619590118638345;2022-07-02T21:00:00Z
633.9181833333333;0.0;0.0;0.0;17.26137695310001;0.586969316;7.778254381310861;2022-07-02T22:00:00Z
45.06883333333333;0.0;0.0;0.0;16.40883789060001;0.586974144;7.98264129094534;2022-07-02T23:00:00Z
25.317266666666665;0.0;0.0;0.0;15.73238525390002;0.5869728327;7.848450205915227;2022-07-03T00:00:00Z
34.416933333333326;0.0;0.0;0.0;15.430108642600032;0.5869646668;7.3759757830621995;2022-07-03T01:00:00Z
33.833533333333335;0.0;0.0;0.0;15.234704589800003;0.5869605541;7.188191681346386;2022-07-03T02:00:00Z
34.88335;0.0;0.0;0.10666666666666666;14.92943725590004;0.5869572759;6.873380298260201;2022-07-03T03:00:00Z
35.58345;0.0;0.0;35.60888888888889;15.62593994140002;0.5869534612;6.47098580339034;2022-07-03T04:00:00Z
37.68356666666666;0.0;0.0;139.21777777777777;17.972100830100032;0.5869618654;6.550608995839053;2022-07-03T05:00:00Z
29.28448333333333;0.0;0.0;277.99111111111114;20.442224121100026;0.5869755149;5.436731976363916;2022-07-03T06:00:00Z
3.618016666666666;18.765666666666668;5.119;425.8488888888889;22.81347045900003;0.5869893432;5.527250043794637;2022-07-03T07:00:00Z
61.333783333333336;35.635555555555555;20.119;567.6088888888889;24.68380126950001;0.5870181322;6.388132400273462;2022-07-03T08:00:00Z
67.50025;22.317222222222224;0.1199999999999999;693.6533333333333;25.81224975590004;0.5869970918;5.663426411977807;2022-07-03T09:00:00Z
52.667233333333336;0.0;0.0;778.08;26.7411132812;0.586992085;4.590438965174795;2022-07-03T10:00:00Z
64.33436666666667;0.0;0.0;830.6666666666666;27.849511718800045;0.5870084763;3.735769115998366;2022-07-03T11:00:00Z
55.50136666666666;0.0;0.0;700.9422222222222;28.43752441410004;0.5869844556;3.5648511150024764;2022-07-03T12:00:00Z
382.33475;0.0;0.0;493.44;28.774041748000002;0.5869610906;3.275171566340577;2022-07-03T13:00:00Z
64.83485;0.0;0.0;426.88;29.14809570310001;0.5869526267;3.0308985655671092;2022-07-03T14:00:00Z
23.0022;0.0;0.0;240.5511111111111;29.19826660160004;0.5869565606;2.719779069353536;2022-07-03T15:00:00Z
334.50175;0.0;0.0;199.52;29.037866210900006;0.5869606137;2.2779419558076768;2022-07-03T16:00:00Z
68.86736666666667;0.0;0.0;196.51555555555555;28.923730468800045;0.5869558454;2.5933636969870175;2022-07-03T17:00:00Z
82.25024999999998;0.0;0.0;122.47111111111111;28.30336914060001;0.5869506598;3.863359889531109;2022-07-03T18:00:00Z
83.7667;0.0;0.0;52.0;26.175378418000037;0.5869511366;4.837419953928218;2022-07-03T19:00:00Z
83.41675;0.0;0.0;2.72;24.22820434570002;0.5869794488;3.936864797191976;2022-07-03T20:00:00Z
82.95021666666666;0.0;0.0;0.0;23.24807128910004;0.5870085359;2.4039795252030185;2022-07-03T21:00:00Z
365.43463333333335;0.0;0.0;0.0;21.350183105500037;0.5885375738;5.069140261363458;2022-07-03T22:00:00Z
21.302233333333334;0.0;0.0;0.0;20.08294067380001;0.5885136724;1.4993280769189639;2022-07-03T23:00:00Z
31.033683333333332;0.0;0.0;0.0;19.383874511700014;0.588426888;3.2060025851775955;2022-07-04T00:00:00Z
37.5668;0.0;0.0;0.0;18.355554199200014;0.5883217454;7.056192528600506;2022-07-04T01:00:00Z
43.86668333333333;0.0;0.0;0.0;17.903924560500002;0.5882251859;7.827213499473364;2022-07-04T02:00:00Z
41.53335;0.0;0.0;0.05333333333333333;17.120904541000016;0.5881345868;7.376412933552785;2022-07-04T03:00:00Z
31.150016666666662;0.0;0.0;30.06222222222222;16.6747070312;0.5879876614;6.108087534432477;2022-07-04T04:00:00Z
29.166766666666668;0.0;0.0;107.28888888888889;17.12566528320002;0.5877911448;5.706496611211773;2022-07-04T05:00:00Z
16.91725;0.0;0.0;220.5688888888889;18.130395507800017;0.5874868631;5.363691739786071;2022-07-04T06:00:00Z
14.834333333333332;11.662555555555555;5.119;389.6711111111111;19.424340820300017;0.5872232914;5.359482601929565;2022-07-04T07:00:00Z
65.6671;20.541444444444444;0.1199999999999999;495.34222222222223;20.468591308600026;0.5870599747;5.259836155134444;2022-07-04T08:00:00Z
67.3336;42.73866666666667;20.119;661.9377777777778;21.384912109400034;0.5869848132;4.56915959798643;2022-07-04T09:00:00Z
64.83385;0.0;0.0;716.9955555555556;22.966333007800017;0.5869888663;5.072648793569872;2022-07-04T10:00:00Z
31.167800000000003;0.0;0.0;665.6533333333333;23.399926757800017;0.5870162845;6.144541701748564;2022-07-04T11:00:00Z
30.00166666666667;0.0;0.0;573.2444444444444;23.97481689450001;0.5870019794;5.638405051412157;2022-07-04T12:00:00Z
10.001999999999997;0.0;0.0;633.6533333333333;24.64962158200001;0.5869942307;5.247670537858907;2022-07-04T13:00:00Z
310.0017;0.0;0.0;674.4711111111111;25.422235107400013;0.5869907737;5.231165364736974;2022-07-04T14:00:00Z
47.00138333333334;0.0;0.0;512.1422222222222;25.499200439500044;0.5869737864;4.694100102985219;2022-07-04T15:00:00Z
48.66813333333333;0.0;0.0;412.97777777777776;25.580895996100026;0.5869712234;4.73892936105533;2022-07-04T16:00:00Z
63.15205;0.0;0.0;313.68888888888887;25.352014160200042;0.5869610906;4.3935890830822855;2022-07-04T17:00:00Z
84.70016666666666;0.0;0.0;177.77777777777777;24.666314697300038;0.5869502425;3.5842244887327235;2022-07-04T18:00:00Z
88.43343333333334;0.0;0.0;61.742222222222225;22.647302246100026;0.5869776011;2.659133521732997;2022-07-04T19:00:00Z
89.60015;0.0;0.0;3.413333333333333;19.68843994140002;0.5869665742;2.480112323906127;2022-07-04T20:00:00Z
90.05026666666667;0.0;0.0;0.0;17.25063476560001;0.5869808793;2.1719776846650607;2022-07-04T21:00:00Z
362.33551666666654;0.0;0.0;0.0;16.70632324220003;0.5870530605;1.0903975135089692;2022-07-04T22:00:00Z
575.6013166666667;0.0;0.0;0.0;16.87276611330003;0.5870291591;1.02192783233234;2022-07-04T23:00:00Z
34.183683333333335;0.0;0.0;0.0;15.68062744140002;0.5869899392;2.1897128589619848;2022-07-05T00:00:00Z
39.7834;0.0;0.0;0.0;14.604577636700014;0.5869531035;4.225496614779008;2022-07-05T01:00:00Z
38.9668;0.0;0.0;0.0;13.991052246100026;0.5869538188;6.194725709700768;2022-07-05T02:00:00Z
28.234183333333327;0.0;0.0;0.035555555555555556;13.59566650390002;0.5869541168;6.505128781509237;2022-07-05T03:00:00Z
42.23333333333333;0.0;0.0;29.90222222222222;14.025659179700028;0.5869498253;5.974650864128658;2022-07-05T04:00:00Z
36.167033333333336;0.0;0.0;117.81333333333333;15.987695312500023;0.5869503021;4.673167501084797;2022-07-05T05:00:00Z
23.1014;0.0;0.0;246.88;18.238427734400034;0.5869505405;3.336356253484322;2022-07-05T06:00:00Z
5.717716666666667;17.877777777777776;5.119;377.7422222222222;20.029870605500037;0.586956799;3.171492760218712;2022-07-05T07:00:00Z
0.0014;35.635555555555555;20.119;414.4;21.373590087900027;0.5870212317;3.5773012326680655;2022-07-05T08:00:00Z
15.00175;26.756666666666668;0.1199999999999999;627.6622222222222;22.549951171900034;0.586990416;4.27248551561666;2022-07-05T09:00:00Z
63.50065;0.0;0.0;701.9733333333334;23.42696533200001;0.5869702697;4.253843829950883;2022-07-05T10:00:00Z
65.83426666666665;0.0;0.0;660.3911111111111;23.957116699200014;0.5869860649;5.202796194232566;2022-07-05T11:00:00Z
118.83439999999997;0.0;0.0;536.16;24.14428100590004;0.5869976878;5.341482063401546;2022-07-05T12:00:00Z
333.16775;0.0;0.0;588.6044444444444;24.70510253910004;0.5869883895;5.099654629554829;2022-07-05T13:00:00Z
67.83455;0.0;0.0;506.61333333333334;25.119744873000002;0.5869857669;5.031436670755823;2022-07-05T14:00:00Z
68.3345;0.0;0.0;411.6088888888889;24.944482421900034;0.5869865417;5.062777747089779;2022-07-05T15:00:00Z
553.33385;0.0;0.0;339.73333333333335;24.648339843800045;0.5869878531;5.260850253527266;2022-07-05T16:00:00Z
198.30075;0.0;0.0;247.60888888888888;24.26146850590004;0.5869795084;5.1503644544443254;2022-07-05T17:00:00Z
49.484133333333325;0.0;0.0;144.60444444444445;23.40548095700001;0.5869649649;4.8350854736610795;2022-07-05T18:00:00Z
71.65025;0.0;0.0;61.102222222222224;22.312097168000037;0.586953342;4.718583599721001;2022-07-05T19:00:00Z
34.534216666666666;0.0;0.0;2.3466666666666667;20.388818359400034;0.5869502425;4.5732319995742765;2022-07-05T20:00:00Z
24.401116666666663;0.0;0.0;0.0;19.28188476560001;0.5869507194;4.3148506344302975;2022-07-05T21:00:00Z
51.101716666666654;0.0;0.0;0.0;17.553247070300017;0.5869514346;4.159338581395046;2022-07-05T22:00:00Z
13.068066666666667;0.0;0.0;0.0;16.730554199200014;0.5879435539;4.423887007482556;2022-07-05T23:00:00Z
21.116966666666663;0.0;0.0;0.0;16.185998535200042;0.587780416;5.382637975887137;2022-07-06T00:00:00Z
35.700183333333335;0.0;0.0;0.0;15.708245849600019;0.5879840851;6.132127329615996;2022-07-06T01:00:00Z
34.76675;0.0;0.0;0.0;15.030114746100026;0.5880180001;5.1529811098889375;2022-07-06T02:00:00Z
34.18345;0.0;0.0;0.017777777777777778;14.163507080100032;0.5880038738;5.14541414218254;2022-07-06T03:00:00Z
33.01695;0.0;0.0;26.755555555555556;14.026696777300003;0.5879066586;5.874322289461609;2022-07-06T04:00:00Z
26.71743333333333;0.0;0.0;114.95111111111112;14.643365478500016;0.5876425505;5.8222636496100595;2022-07-06T05:00:00Z
22.284716666666668;0.0;0.0;248.17777777777778;15.647119140600012;0.5873505473;5.216201358923216;2022-07-06T06:00:00Z
39.75186666666667;11.662555555555555;25.118;368.85333333333335;16.979272460900006;0.5871325135;5.089832329401479;2022-07-06T07:00:00Z
67.3336;61.38433333333333;0.1199999999999999;515.36;18.29299316410004;0.5870574117;6.192212333481783;2022-07-06T08:00:00Z
21.334616666666665;6.335222222222222;0.1199999999999999;506.4533333333333;18.76094970700001;0.5870603323;7.339958434252474;2022-07-06T09:00:00Z
68.83345;0.0;0.0;460.14222222222224;18.789483642600032;0.5870978832;7.159338207661629;2022-07-06T10:00:00Z
69.16675000000001;0.0;0.0;465.6;19.306054687500023;0.5870639682;7.300807295513907;2022-07-06T11:00:00Z
236.66743333333332;0.0;0.0;353.44;19.356530761700014;0.5871705413;7.036551943327677;2022-07-06T12:00:00Z
67.83455;0.0;0.0;298.08;19.39180908200001;0.587395072;7.159897354139679;2022-07-06T13:00:00Z
64.3349;0.0;0.0;326.73777777777775;19.621484375000023;0.587226212;7.126948049050955;2022-07-06T14:00:00Z
118.8344;0.0;0.0;289.5466666666667;19.496484375000023;0.5872434974;7.027166085847125;2022-07-06T15:00:00Z
586.66715;0.0;0.0;267.6622222222222;19.50191650390002;0.5872082114;6.916372877650778;2022-07-06T16:00:00Z
162.00096666666667;0.0;0.0;154.48888888888888;19.244897460900006;0.5873060226;6.740952316607542;2022-07-06T17:00:00Z
17.234766666666665;0.0;0.0;72.90666666666667;18.727014160200042;0.5871186852;5.887441989428727;2022-07-06T18:00:00Z
33.6681;0.0;0.0;41.973333333333336;17.950006103500016;0.5870355368;4.949957678087959;2022-07-06T19:00:00Z
82.50088333333333;0.0;0.0;2.168888888888889;16.63570556640002;0.587012291;4.718912432264335;2022-07-06T20:00:00Z
89.83414999999998;0.0;0.0;0.0;14.760217285200042;0.5870034695;4.841078056243659;2022-07-06T21:00:00Z
43.551983333333325;0.0;0.0;0.0;14.587243652300003;0.5870417953;5.134434648377633;2022-07-06T22:00:00Z
30.402516666666667;0.0;0.0;0.0;14.148645019500009;0.5870369673;5.780776257934823;2022-07-06T23:00:00Z
28.2337;0.0;0.0;0.0;14.208428955100032;0.5870415568;6.890300901740138;2022-07-07T00:00:00Z
38.03361666666667;0.0;0.0;0.0;14.59670410160004;0.5870287418;6.89445627479952;2022-07-07T01:00:00Z
38.26675;0.0;0.0;0.0;14.192895507800017;0.5870187283;6.762232664728356;2022-07-07T02:00:00Z
39.90015;0.0;0.0;0.0;13.399072265600012;0.5893488526;7.1140602761326575;2022-07-07T03:00:00Z
41.41695;0.0;0.0;10.862222222222222;12.792291259800038;0.5924448967;7.41305347551485;2022-07-07T04:00:00Z
39.31681666666666;0.0;0.0;30.63111111111111;12.934167480500037;0.5929390788;7.479946930165791;2022-07-07T05:00:00Z
34.10025;0.0;0.0;48.62222222222222;13.170129394500009;0.5930256844;7.656138930303334;2022-07-07T06:00:00Z
10.8167;44.51444444444444;5.119;34.32888888888889;13.446923828100012;0.5930302739;7.641129387488607;2022-07-07T07:00:00Z
14.000483333333332;15.21411111111111;0.1199999999999999;126.45333333333333;14.065942382800017;0.5930324197;7.878160007032564;2022-07-07T08:00:00Z
47.00038333333334;20.54144444444444;20.119;379.0755555555556;15.462304687500023;0.592781961;7.735462703235525;2022-07-07T09:00:00Z
36.00056666666667;0.0;0.0;426.11555555555555;16.51589355470003;0.5924392939;5.620127740969306;2022-07-07T10:00:00Z
66.50035;0.0;0.0;277.24444444444447;16.58400878910004;0.5923618674;5.925791673291632;2022-07-07T11:00:00Z
61.50173333333333;0.0;0.0;238.08;16.92769775390002;0.5924373269;4.621379158716727;2022-07-07T12:00:00Z
60.6686;0.0;0.0;254.73777777777778;17.151940918000037;0.591517508;4.364149721235541;2022-07-07T13:00:00Z
63.83495;0.0;0.0;203.55555555555554;17.038903808600026;0.5903014541;3.887440424796058;2022-07-07T14:00:00Z
716.00075;0.0;0.0;115.32444444444444;17.109552002000044;0.5900463462;3.97449616752468;2022-07-07T15:00:00Z
131.00155;0.0;0.0;190.04444444444445;17.52834472660004;0.5909050703;4.533309792082094;2022-07-07T16:00:00Z
37.151633333333336;0.0;0.0;139.80444444444444;17.895898437500023;0.5898863673;4.7034902330113235;2022-07-07T17:00:00Z
48.901733333333326;0.0;0.0;65.49333333333334;17.264978027300003;0.5923932791;7.11781408437667;2022-07-07T18:00:00Z
80.30106666666667;0.0;0.0;18.31111111111111;15.8797851562;0.5923905969;8.011393627643118;2022-07-07T19:00:00Z
48.51791666666666;0.0;0.0;1.2977777777777777;15.757409668000037;0.5916705728;7.79439549029308;2022-07-07T20:00:00Z
62.65091666666667;0.0;0.0;0.0;15.523217773400006;0.5910863876;7.063316444686026;2022-07-07T21:00:00Z
307.2347666666667;0.0;0.0;0.0;14.625695800800031;0.5909837484;6.715030887429598;2022-07-07T22:00:00Z
23.318516666666667;0.0;0.0;0.0;14.59670410160004;0.590382874;7.139959734463013;2022-07-07T23:00:00Z
0.0;0.0;0.0;0.0;14.448541259800038;0.5897827148;7.459603467701121;2022-07-08T00:00:00Z
0.0;0.0;0.0;0.0;14.17092285160004;0.5893762708;7.531279948657277;2022-07-08T01:00:00Z
0.0;0.0;0.0;0.0;14.047326660200042;0.5892046094;7.711648844997709;2022-07-08T02:00:00Z
0.0;0.0;0.0;0.0;13.773889160200042;0.5890809894;7.590050243259841;2022-07-08T03:00:00Z
0.0;0.0;0.0;29.511111111111113;13.808251953100012;0.5889185667;7.541884011725736;2022-07-08T04:00:00Z
0.0;0.0;0.0;130.56;14.437341308600026;0.5886749029;8.218425292649766;2022-07-08T05:00:00Z
0.0;0.0;0.0;247.39555555555555;15.048120117200028;0.5881277919;8.083299086815403;2022-07-08T06:00:00Z
0.0;40.96288888888888;20.119;217.67111111111112;15.349420166000016;0.5876809359;7.487041295841058;2022-07-08T07:00:00Z
0.0;37.41133333333333;5.118999999999999;361.6177777777778;16.204553222700042;0.5873674154;6.79134072119557;2022-07-08T08:00:00Z
0.0;6.335222222222222;0.1199999999999999;499.6088888888889;17.011285400400027;0.5872018337;7.140138838375175;2022-07-08T09:00:00Z
0.0;0.0;0.0;616.1955555555555;17.321130371100026;0.587295711;6.958490898468205;2022-07-08T10:00:00Z
0.0;0.0;0.0;575.9644444444444;17.648004150400027;0.5870917439;6.6494799968273774;2022-07-08T11:00:00Z
0.0;0.0;0.0;660.0711111111111;18.932946777300003;0.5870476365;6.842734609507054;2022-07-08T12:00:00Z
0.0;0.0;0.0;524.4977777777777;19.331445312500023;0.5870432258;7.439891770345908;2022-07-08T13:00:00Z
0.0;0.0;0.0;340.12444444444446;18.992944335900006;0.5870767236;7.69186820972129;2022-07-08T14:00:00Z
0.0;0.0;0.0;190.13333333333333;18.511254882800017;0.5872601867;7.766357879000774;2022-07-08T15:00:00Z
0.0;0.0;0.0;157.33333333333334;18.851342773400006;0.5872651339;7.472397581204041;2022-07-08T16:00:00Z
0.0;0.0;0.0;107.96444444444444;19.43453369140002;0.5873881578;6.41099962648264;2022-07-08T17:00:00Z
0.0;0.0;0.0;87.43111111111111;19.62502441410004;0.5872242451;6.627406316479413;2022-07-08T18:00:00Z
0.0;0.0;0.0;49.617777777777775;18.651818847700042;0.587146163;6.582004192764745;2022-07-08T19:00:00Z
0.0;0.0;0.0;2.6133333333333333;17.13442382810001;0.5871155262;6.8145015520305625;2022-07-08T20:00:00Z
0.0;0.0;0.0;0.0;15.896325683600026;0.5870924592;6.79405839995502;2022-07-08T21:00:00Z
0.0;0.0;0.0;0.0;15.341577148400006;0.5870946646;7.644557523170776;2022-07-08T22:00:00Z
0.0;0.0;0.0;0.0;14.74022827150003;0.5870714188;6.990257760440309;2022-07-08T23:00:00Z
30.216866666666668;0.0;0.0;0.0;14.159387207000009;0.5870648026;6.9519927181895325;2022-07-09T00:00:00Z
35.23373333333333;0.0;0.0;0.0;13.612023925800031;0.5870633125;6.992995464011519;2022-07-09T01:00:00Z
31.26696666666667;0.0;0.0;0.0;13.016137695300017;0.5870568156;6.640370105657251;2022-07-09T02:00:00Z
39.43335;0.0;0.0;0.0;12.679223632800017;0.5870783329;6.339687486804742;2022-07-09T03:00:00Z
37.1;0.0;0.0;17.866666666666667;12.67748413090004;0.5870802999;6.09044323419199;2022-07-09T04:00:00Z
41.71738333333333;0.0;0.0;87.11111111111111;13.568750000000023;0.5870715976;6.0676060288055815;2022-07-09T05:00:00Z
92.55006666666665;0.0;0.0;153.88444444444445;14.413415527300003;0.5870500803;6.402421772621558;2022-07-09T06:00:00Z
46.5506;0.1199999999999999;20.119;148.62222222222223;15.362969970700021;0.5870249867;6.008844933523755;2022-07-09T07:00:00Z
13.50115;54.28122222222222;5.119;140.64;15.854699707000009;0.5870301127;6.542689920192791;2022-07-09T08:00:00Z
62.6674;24.980888888888888;0.1199999999999999;160.9777777777778;16.596032714800003;0.5872724056;7.0183412876648905;2022-07-09T09:00:00Z
70.0;0.0;0.0;269.97333333333336;17.608575439500044;0.5886718035;6.920499541503706;2022-07-09T10:00:00Z
42.00046666666666;0.0;0.0;337.5111111111111;18.705590820300017;0.5878096819;6.594676159276788;2022-07-09T11:00:00Z
38.001133333333335;0.0;0.0;472.0;19.816522216800024;0.5874154568;6.259994569895977;2022-07-09T12:00:00Z
303.33410000000003;0.0;0.0;593.7955555555556;20.680444335900006;0.587577045;5.537458873165468;2022-07-09T13:00:00Z
713.0004666666667;0.0;0.0;571.4666666666667;21.03292236330003;0.588886559;5.773486828946602;2022-07-09T14:00:00Z
205.66801666666663;0.0;0.0;448.0711111111111;20.97454223630001;0.5912023187;6.298586166105797;2022-07-09T15:00:00Z
10.001999999999997;0.0;0.0;330.1333333333333;20.95571289060001;0.5915110707;6.9297125277765685;2022-07-09T16:00:00Z
41.98485;0.0;0.0;166.8088888888889;19.45278320310001;0.5900551677;6.006115413662337;2022-07-09T17:00:00Z
83.50013333333332;0.0;0.0;119.28888888888889;18.477044677700007;0.5893508792;6.2859883553328695;2022-07-09T18:00:00Z
52.70105;0.0;0.0;40.51555555555556;17.685693359400034;0.5896448493;7.289090328448774;2022-07-09T19:00:00Z
80.81696666666667;0.0;0.0;1.9555555555555555;16.72756347660004;0.5893028975;7.495081181176514;2022-07-09T20:00:00Z
49.66766666666666;0.0;0.0;0.0;15.788629150400027;0.5888190866;7.71383138395815;2022-07-09T21:00:00Z
87.30126666666665;0.0;0.0;0.0;14.747216796900034;0.5881085396;7.463360654244209;2022-07-09T22:00:00Z
59.55131666666666;0.0;0.0;0.0;14.417138671900034;0.5877681375;7.330762496568002;2022-07-09T23:00:00Z
24.267266666666664;0.0;0.0;0.0;14.066766357400013;0.5875149369;7.767262939733271;2022-07-10T00:00:00Z
28.466833333333334;0.0;0.0;0.0;13.743676757800017;0.5873836875;7.841721365040264;2022-07-10T01:00:00Z
35.46666666666667;0.0;0.0;0.0;13.254052734400034;0.5873183012;8.169272454357326;2022-07-10T02:00:00Z
34.300216666666664;0.0;0.0;0.0;13.0887695312;0.5874528885;7.950645254730732;2022-07-10T03:00:00Z
29.750216666666663;0.0;0.0;16.69333333333333;12.82033691410004;0.5874761939;7.841196317646958;2022-07-10T04:00:00Z
29.617733333333334;0.0;0.0;90.27555555555556;13.101342773400006;0.587695241;8.97044747866232;2022-07-10T05:00:00Z
34.968149999999994;0.0;0.0;197.47555555555556;13.67580566410004;0.5879383683;9.708215079466457;2022-07-10T06:00:00Z
15.484366666666666;32.97188888888889;25.118;183.48444444444445;14.379663085900006;0.5877069831;9.381944607078179;2022-07-10T07:00:00Z
17.000883333333334;16.101999999999997;0.1199999999999999;296.3377777777778;15.120507812500023;0.5875477791;9.202574631258157;2022-07-10T08:00:00Z
20.00083333333333;30.308222222222216;0.1199999999999999;423.36;15.787591552700007;0.5878019333;9.306551222366842;2022-07-10T09:00:00Z
70.0;0.0;0.0;414.6311111111111;16.254663085900006;0.5872817039;7.576423339044198;2022-07-10T10:00:00Z
70.00048333333334;0.0;0.0;430.27555555555557;17.048364257800017;0.5873442292;7.143016803528131;2022-07-10T11:00:00Z
152.66811666666666;0.0;0.0;337.38666666666666;17.502343750000023;0.587177217;7.185517578461003;2022-07-10T12:00:00Z
80.00161666666665;0.0;0.0;403.0933333333333;18.543420410200042;0.5870823264;6.896610896118524;2022-07-10T13:00:00Z
620.00045;0.0;0.0;376.7111111111111;19.18911132810001;0.5870635509;6.819189122378423;2022-07-10T14:00:00Z
66.50135;0.0;0.0;342.88;19.326013183600026;0.5870635509;6.620741216315303;2022-07-10T15:00:00Z
60.002;0.0;0.0;257.6;19.09273681640002;0.5870313048;6.7371940129656815;2022-07-10T16:00:00Z
67.45141666666667;0.0;0.0;206.1688888888889;18.672448730500037;0.5870744586;6.814388957725682;2022-07-10T17:00:00Z
86.25105;0.0;0.0;110.36444444444444;18.24215087890002;0.5870161653;6.235574994627693;2022-07-10T18:00:00Z
90.60075;0.0;0.0;47.89333333333333;17.089990234400034;0.5869854093;5.859018665112482;2022-07-10T19:00:00Z
92.40001666666666;0.0;0.0;1.7955555555555556;15.847802734400034;0.5869740248;5.7323415197131045;2022-07-10T20:00:00Z
79.81776666666667;0.0;0.0;0.0;14.767449951200035;0.5869714618;5.993741505373859;2022-07-10T21:00:00Z
146.81858333333332;0.0;0.0;0.0;14.253625488300031;0.5869731903;5.641494837342656;2022-07-10T22:00:00Z
154.68491666666665;0.0;0.0;0.0;13.979150390600012;0.5869740844;6.085702371605111;2022-07-10T23:00:00Z
23.217166666666667;0.0;0.0;0.0;13.344445800800031;0.5869798064;6.539610045608404;2022-07-11T00:00:00Z
27.416866666666667;0.0;0.0;0.0;12.719323730500037;0.5869739652;6.339826876387478;2022-07-11T01:00:00Z
30.3335;0.0;0.0;0.0;11.770837402300003;0.5869737864;6.380813046477154;2022-07-11T02:00:00Z
25.78375;0.0;0.0;0.0;10.873193359400034;0.5869755745;6.617938593311897;2022-07-11T03:00:00Z
30.800366666666665;0.0;0.0;24.266666666666666;11.075585937500023;0.5869715214;6.543536994422201;2022-07-11T04:00:00Z
28.116966666666663;0.0;0.0;119.41333333333333;12.355615234400034;0.5869873762;5.801771053152828;2022-07-11T05:00:00Z
27.53493333333333;0.0;0.0;230.11555555555555;13.863854980500037;0.5869861245;5.401252381514206;2022-07-11T06:00:00Z
42.43443333333333;36.52344444444444;20.119;367.8222222222222;15.749353027300003;0.5869874954;5.273749275564731;2022-07-11T07:00:00Z
60.001;12.550444444444445;5.118999999999999;529.2977777777778;17.505212402300003;0.5869923234;5.385191954223508;2022-07-11T08:00:00Z
67.6669;32.084;0.1199999999999999;572.9422222222222;18.716943359400034;0.5870595574;5.296486451929389;2022-07-11T09:00:00Z
70.0;0.0;0.0;577.2088888888889;19.632897949200014;0.5871636271;3.911606831623718;2022-07-11T10:00:00Z
70.0001;0.0;0.0;599.3422222222222;20.50948486330003;0.5871187449;4.246374333867456;2022-07-11T11:00:00Z
70.001;0.0;0.0;545.4755555555555;21.128991699200014;0.5870385766;4.44206338889779;2022-07-11T12:00:00Z
49.00135;0.0;0.0;433.7422222222222;21.44597778320002;0.5870190859;4.694403737296514;2022-07-11T13:00:00Z
366.00155;0.0;0.0;360.12444444444446;22.00774536130001;0.5870470405;4.723062297894874;2022-07-11T14:00:00Z
640.0009;0.0;0.0;348.5155555555556;22.18129882810001;0.5870558023;5.1470824912960005;2022-07-11T15:00:00Z
183.33453333333327;0.0;0.0;226.04444444444445;22.15358886720003;0.5870144367;5.168620459533662;2022-07-11T16:00:00Z
73.68416666666667;0.0;0.0;186.79111111111112;21.94408569340004;0.5869835019;4.9023541983624295;2022-07-11T17:00:00Z
76.73426666666667;0.0;0.0;131.76888888888888;21.432153320300017;0.5869622827;4.32750420697115;2022-07-11T18:00:00Z
89.367;0.0;0.0;43.89333333333333;19.691918945300017;0.5869621634;4.067858439994535;2022-07-11T19:00:00Z
78.83376666666666;0.0;0.0;1.6177777777777778;16.508630371100026;0.5869675279;3.706523012181966;2022-07-11T20:00:00Z
62.333866666666665;0.0;0.0;0.0;14.746789550800031;0.5869665742;3.552089103870687;2022-07-11T21:00:00Z
29.018666666666668;0.0;0.0;0.0;13.705499267600032;0.586966753;3.8227761734222927;2022-07-11T22:00:00Z
22.55143333333333;0.0;0.0;0.0;13.671411132800017;0.5869662166;3.5732064033554343;2022-07-11T23:00:00Z
21.35015;0.0;0.0;0.0;12.763116455100032;0.5869614482;4.025791702181473;2022-07-12T00:00:00Z
37.1002;0.0;0.0;0.0;11.943688964800003;0.5869604349;4.151793005433137;2022-07-12T01:00:00Z
37.80015;0.0;0.0;0.0;11.315576171900034;0.5869624019;3.81301408604961;2022-07-12T02:00:00Z
36.63336666666667;0.0;0.0;0.0;10.962976074200014;0.5869629979;3.8505310459648485;2022-07-12T03:00:00Z
41.06668333333333;0.0;0.0;25.61777777777778;11.898522949200014;0.5869630575;5.185939276185018;2022-07-12T04:00:00Z
38.850133333333325;0.0;0.0;114.56;14.23827514650003;0.586961031;5.257184341279201;2022-07-12T05:00:00Z
24.38438333333333;0.0;0.0;255.25333333333333;16.869561767600032;0.5869606137;4.152573976414537;2022-07-12T06:00:00Z
3.734483333333333;52.50544444444444;20.119;397.6355555555555;19.37624511720003;0.5869623423;4.134422566478172;2022-07-12T07:00:00Z
5.667733333333334;24.093;0.1199999999999999;566.7911111111111;21.364038085900006;0.5869842172;5.09349338544324;2022-07-12T08:00:00Z
45.000416666666666;3.671555555555555;5.119;685.5288888888889;22.90725097660004;0.5869839787;5.125469855623795;2022-07-12T09:00:00Z
10.001;0.0;0.0;687.8044444444445;23.68624267580003;0.5869820714;4.8809910281135584;2022-07-12T10:00:00Z
41.000483333333335;0.0;0.0;695.3955555555556;24.485742187500023;0.5869935155;5.30535233159936;2022-07-12T11:00:00Z
70.00075;0.0;0.0;656.48;25.492272949200014;0.5870004296;5.691592138402354;2022-07-12T12:00:00Z
320.00075000000004;0.0;0.0;563.04;25.904870605500037;0.5869907737;5.668987142806371;2022-07-12T13:00:00Z
70.001;0.0;0.0;493.77777777777777;26.402398681600005;0.5870018601;6.062044981842118;2022-07-12T14:00:00Z
70.001;0.0;0.0;454.5422222222222;26.696374511700014;0.5870078206;6.172875508922855;2022-07-12T15:00:00Z
70.001;0.0;0.0;375.3066666666667;26.77852783200001;0.5870030522;6.040738988704749;2022-07-12T16:00:00Z
826.30025;0.0;0.0;314.82666666666665;26.638574218800045;0.5870062709;6.736731230223296;2022-07-12T17:00:00Z
200.7838;0.0;0.0;175.25333333333333;25.97481689450001;0.5869677663;5.911725808172867;2022-07-12T18:00:00Z
64.86715000000001;0.0;0.0;56.17777777777778;24.020104980500037;0.5869540572;5.74042527782697;2022-07-12T19:00:00Z
19.66843333333333;0.0;0.0;2.08;21.134667968800045;0.5869541764;6.205928998291185;2022-07-12T20:00:00Z
19.48555;0.0;0.0;0.0;18.850640869100005;0.5869505405;5.771693575195529;2022-07-12T21:00:00Z
31.20265;0.0;0.0;0.0;16.836022949200014;0.5869508386;5.659055040118767;2022-07-12T22:00:00Z
20.5197;0.0;0.0;0.0;16.058953857400013;0.5869507194;5.7820134732168516;2022-07-12T23:00:00Z
24.38348333333333;0.0;0.0;0.0;14.994042968800045;0.5869504213;4.959695626084296;2022-07-13T00:00:00Z
29.40023333333333;0.0;0.0;0.0;14.954492187500023;0.5869498849;4.814556677928655;2022-07-13T01:00:00Z
30.6834;0.0;0.0;0.0;15.56636962890002;0.5869501233;5.264996360845986;2022-07-13T02:00:00Z
39.55011666666666;0.0;0.0;0.0;15.957452392600032;0.5869518518;4.7129563828778265;2022-07-13T03:00:00Z
31.266866666666665;0.0;0.0;18.755555555555556;16.63283691410004;0.5869506598;4.764394605876269;2022-07-13T04:00:00Z
34.8836;0.0;0.0;86.59555555555555;17.748895263700035;0.5869499445;5.809381024943769;2022-07-13T05:00:00Z
22.984766666666665;0.0;0.0;176.10666666666665;19.32546386720003;0.5869507194;5.260065423778602;2022-07-13T06:00:00Z
0.50095;0.1199999999999999;5.119;365.31555555555553;21.427880859400034;0.5869596601;4.5620894060058514;2022-07-13T07:00:00Z
50.00025;39.187111111111115;20.119;406.3822222222222;23.529382324200014;0.5869765282;5.057818550372083;2022-07-13T08:00:00Z
70.0;41.85077777777778;0.1199999999999999;326.70222222222225;25.28676757810001;0.586986959;5.277592764862223;2022-07-13T09:00:00Z
62.16728333333334;0.0;0.0;347.55555555555554;26.91280517580003;0.586977005;5.068370797851973;2022-07-13T10:00:00Z
60.00135;0.0;0.0;316.8;27.632989502000044;0.5869956613;5.901968737679106;2022-07-13T11:00:00Z
47.00221666666666;0.0;0.0;452.56888888888886;28.88637695310001;0.5869985819;5.909152409427648;2022-07-13T12:00:00Z
297.8346333333334;0.0;0.0;390.61333333333334;29.333520507800017;0.5869963169;5.606218203646812;2022-07-13T13:00:00Z
70.001;0.0;0.0;316.97777777777776;29.175592041000016;0.5869848728;5.29738471646531;2022-07-13T14:00:00Z
203.3342;0.0;0.0;335.6977777777778;29.592858886700014;0.587004602;6.178378545518886;2022-07-13T15:00:00Z
503.3339;0.0;0.0;268.5511111111111;29.740380859400034;0.5870084763;6.51940281194537;2022-07-13T16:00:00Z
255.90088333333333;0.0;0.0;163.37777777777777;29.41433105470003;0.5869622827;5.513550013354366;2022-07-13T17:00:00Z
90.53338333333332;0.0;0.0;87.92888888888889;28.35964355470003;0.5869509578;4.638233485734423;2022-07-13T18:00:00Z
86.09999999999998;0.0;0.0;44.81777777777778;26.624902343800045;0.5869598389;6.322974142663015;2022-07-13T19:00:00Z
84.35011666666665;0.0;0.0;1.5822222222222222;24.81765136720003;0.5869823098;7.643733537686219;2022-07-13T20:00:00Z
87.25063333333334;0.0;0.0;0.0;23.543054199200014;0.5871135592;8.102742875408584;2022-07-13T21:00:00Z
72.81869999999998;0.0;0.0;0.0;22.106530761700014;0.587027669;6.387117528742766;2022-07-13T22:00:00Z
21.7848;0.0;0.0;0.0;20.619195556600005;0.5870069265;5.954974436740304;2022-07-13T23:00:00Z
29.050233333333328;0.0;0.0;0.0;19.435144043000037;0.5870050192;6.332386759345481;2022-07-14T00:00:00Z
42.46675;0.0;0.0;0.0;18.42501220700001;0.587007165;6.787506680242819;2022-07-14T01:00:00Z
40.71693333333333;0.0;0.0;0.0;17.22487792970003;0.5870133042;7.126992263323717;2022-07-14T02:00:00Z
35.350133333333325;0.0;0.0;0.0;16.15496215820002;0.5869914889;6.367578764568852;2022-07-14T03:00:00Z
27.53355;0.0;0.0;15.573333333333334;15.358697509800038;0.5869739056;4.971973973660304;2022-07-14T04:00:00Z
32.550066666666666;0.0;0.0;86.66666666666667;15.506158447300038;0.5869765878;4.799647821630325;2022-07-14T05:00:00Z
29.051166666666667;0.0;0.0;197.90222222222224;16.406823730500037;0.5869643688;4.145447162481569;2022-07-14T06:00:00Z
43.3847;36.52344444444444;0.1199999999999999;419.85777777777776;17.509912109400034;0.5869599581;3.9872887243619797;2022-07-14T07:00:00Z
60.001;24.980888888888888;0.1199999999999999;553.7955555555556;19.001458740200007;0.5869560838;3.8051269659619398;2022-07-14T08:00:00Z
24.16808333333333;21.42933333333333;25.118;660.3022222222222;20.410058593800045;0.5869519114;3.446463994511089;2022-07-14T09:00:00Z
27.000716666666666;0.0;0.0;797.6888888888889;21.184045410200042;0.5869522095;3.3142538567802005;2022-07-14T10:00:00Z
70.0;0.0;0.0;872.6577777777778;22.53640136720003;0.5869537592;3.4321626349678214;2022-07-14T11:00:00Z
387.334;0.0;0.0;837.3511111111111;23.147912597700042;0.5869532228;3.4054708899881723;2022-07-14T12:00:00Z
52.0013;0.0;0.0;808.64;23.745263671900034;0.5869602561;3.845564941919977;2022-07-14T13:00:00Z
136.6676;0.0;0.0;742.08;24.09154663090004;0.58696419;4.022181376859564;2022-07-14T14:00:00Z
66.83465;0.0;0.0;564.3022222222222;23.88308105470003;0.5869844556;5.001927880734075;2022-07-14T15:00:00Z
60.002;0.0;0.0;393.2266666666667;23.274041748000002;0.5870107412;5.924045626816739;2022-07-14T16:00:00Z
68.0012;0.0;0.0;188.21333333333334;22.573785400400027;0.5870241523;6.738120031127152;2022-07-14T17:00:00Z
80.73391666666667;0.0;0.0;129.33333333333334;21.384271240200007;0.5870550275;8.35739931283571;2022-07-14T18:00:00Z
88.55008333333333;0.0;0.0;46.52444444444444;19.633325195300017;0.5870521069;8.665277955897075;2022-07-14T19:00:00Z
60.00051666666666;0.0;0.0;1.031111111111111;17.974084472700042;0.5870198011;7.921314000754745;2022-07-14T20:00:00Z
29.834466666666664;0.0;0.0;0.0;16.795739746100026;0.5870273709;8.121559875259978;2022-07-14T21:00:00Z
406.06903333333327;0.0;0.0;0.0;15.522302246100026;0.587012589;7.803597777286688;2022-07-14T22:00:00Z
166.26863333333333;0.0;0.0;0.0;14.50875244140002;0.5870165825;7.936737714053043;2022-07-14T23:00:00Z
0.0;0.0;0.0;0.0;13.460504150400027;0.58701092;7.8404518567777295;2022-07-15T00:00:00Z
0.0;0.0;0.0;0.0;12.645959472700042;0.587007761;7.695612649324184;2022-07-15T01:00:00Z
0.0;0.0;0.0;0.0;12.228723144500009;0.5870022178;7.588902051099872;2022-07-15T02:00:00Z
0.0;0.0;0.0;0.0;12.011865234400034;0.5870116353;7.8481359367789505;2022-07-15T03:00:00Z
0.0;0.0;0.0;22.4;12.11818847660004;0.5870099664;7.465322712301719;2022-07-15T04:00:00Z
0.0;0.0;0.0;117.8488888888889;13.197473144500009;0.5870498419;8.276673989229039;2022-07-15T05:00:00Z
0.0;0.0;0.0;236.65777777777777;14.295129394500009;0.5870757699;8.984675962391625;2022-07-15T06:00:00Z
0.0;9.886777777777777;0.1199999999999999;338.8088888888889;15.472131347700042;0.5870863795;9.197766097049794;2022-07-15T07:00:00Z
0.0;18.765666666666668;25.118;407.04;16.49337158200001;0.5871771574;9.169610312880943;2022-07-15T08:00:00Z
0.0;51.617555555555555;0.1199999999999999;383.2888888888889;17.257348632800017;0.5871469975;8.924422414926168;2022-07-15T09:00:00Z
0.0;0.0;0.0;288.35555555555555;17.551202392600032;0.5871214271;7.290463260918439;2022-07-15T10:00:00Z
0.0;0.0;0.0;273.1377777777778;17.97582397460002;0.5870608687;7.322854502243138;2022-07-15T11:00:00Z
0.0;0.0;0.0;337.70666666666665;19.039544677700007;0.5870562196;7.793646087346785;2022-07-15T12:00:00Z
0.0;0.0;0.0;317.28;19.552209472700042;0.5870711803;7.543024814365091;2022-07-15T13:00:00Z
0.0;0.0;0.0;227.62666666666667;19.268640136700014;0.5871653557;7.260740073566089;2022-07-15T14:00:00Z
0.0;0.0;0.0;253.15555555555557;19.59536132810001;0.5871154666;6.764777610058497;2022-07-15T15:00:00Z
0.0;0.0;0.0;170.2577777777778;19.734246826200035;0.5870682001;6.521812883611413;2022-07-15T16:00:00Z
0.0;0.0;0.0;139.2888888888889;19.74996337890002;0.5870745778;6.253224340682015;2022-07-15T17:00:00Z
0.0;0.0;0.0;98.22222222222223;19.20772705080003;0.5871381164;6.1742888803991125;2022-07-15T18:00:00Z
0.0;0.0;0.0;22.186666666666667;18.082482910200042;0.5870598555;6.181650070690972;2022-07-15T19:00:00Z
0.0;0.0;0.0;0.7466666666666667;16.808374023400006;0.5870204568;5.784913079320427;2022-07-15T20:00:00Z
0.0;0.0;0.0;0.0;15.924951171900034;0.5870019197;5.598629595836537;2022-07-15T21:00:00Z
0.0;0.0;0.0;0.0;15.229638671900034;0.5873952508;6.026967799348772;2022-07-15T22:00:00Z
0.0;0.0;0.0;0.0;14.728173828100012;0.5873765349;5.586262644629378;2022-07-15T23:00:00Z
36.86705;0.0;0.0;0.0;14.665643310500002;0.5873333216;4.729402099141423;2022-07-16T00:00:00Z
43.167016666666655;0.0;0.0;0.0;14.376428222700042;0.5873129368;4.493253257380966;2022-07-16T01:00:00Z
31.85035;0.0;0.0;0.0;14.186090087900027;0.5872930884;5.26663307822704;2022-07-16T02:00:00Z
31.50025;0.0;0.0;0.0;14.074548339800003;0.5880935192;6.367719652782506;2022-07-16T03:00:00Z
33.95015;0.0;0.0;10.595555555555556;14.275964355500037;0.5884098411;7.613453545775954;2022-07-16T04:00:00Z
31.5002;0.0;0.0;51.66222222222222;14.710473632800017;0.5883930326;8.711821107676775;2022-07-16T05:00:00Z
29.75075;0.0;0.0;111.60888888888888;15.25686035160004;0.5891191363;8.960316374114916;2022-07-16T06:00:00Z
19.95125;28.53244444444444;5.118999999999999;110.63111111111111;15.31926879880001;0.5886206031;8.473465183894573;2022-07-16T07:00:00Z
28.00126666666667;53.39333333333333;20.119;198.24;15.812707519500009;0.5878853798;9.278036953388733;2022-07-16T08:00:00Z
64.83385;1.0078888888888888;0.1199999999999999;413.49333333333334;16.46773681640002;0.5874788165;8.562670210513076;2022-07-16T09:00:00Z
59.000183333333325;0.0;0.0;561.9911111111111;18.117578125000023;0.5886890292;8.094674381768167;2022-07-16T10:00:00Z
47.00038333333334;0.0;0.0;728.7288888888888;19.167382812500023;0.5877450109;8.875855364573574;2022-07-16T11:00:00Z
49.00128333333335;0.0;0.0;722.1511111111112;20.298913574200014;0.5873264074;9.604927478258803;2022-07-16T12:00:00Z
65.00108333333334;0.0;0.0;706.4711111111111;20.912438964800003;0.5871360898;9.90226508479644;2022-07-16T13:00:00Z
37.00155;0.0;0.0;619.68;21.420373535200042;0.5871220827;9.930185900880723;2022-07-16T14:00:00Z
509.0007333333333;0.0;0.0;530.6666666666666;21.81020507810001;0.5871189833;10.140810906288273;2022-07-16T15:00:00Z
417.1676;0.0;0.0;425.6;22.066888427700007;0.5870990157;9.710546404245779;2022-07-16T16:00:00Z
66.46823333333333;0.0;0.0;311.8933333333333;21.29784545900003;0.5870650411;8.828524051035844;2022-07-16T17:00:00Z
86.45028333333333;0.0;0.0;178.34666666666666;20.60640869140002;0.5870163441;7.68634809747673;2022-07-16T18:00:00Z
84.58368333333334;0.0;0.0;47.98222222222222;19.052270507800017;0.5869826674;7.011104372954125;2022-07-16T19:00:00Z
89.6002;0.0;0.0;1.2622222222222221;16.747552490200007;0.5869693756;6.811537373943224;2022-07-16T20:00:00Z
70.05041666666665;0.0;0.0;0.0;15.42769775390002;0.5869693756;6.907017577034585;2022-07-16T21:00:00Z
59.63493333333333;0.0;0.0;0.0;14.527246093800045;0.5869728923;7.064114909722885;2022-07-16T22:00:00Z
49.867916666666666;0.0;0.0;0.0;13.486566162100019;0.5869638324;6.614035556380265;2022-07-16T23:00:00Z
23.800166666666662;0.0;0.0;0.0;12.250756835900006;0.5869572759;6.256172226645271;2022-07-17T00:00:00Z
31.500133333333327;0.0;0.0;0.0;11.41304931640002;0.5869557261;6.166598962347783;2022-07-17T01:00:00Z
31.73333333333333;0.0;0.0;0.0;10.128106689500044;0.5869522095;5.706361537015703;2022-07-17T02:00:00Z
33.366683333333334;0.0;0.0;0.0;9.27929077150003;0.5869541764;5.99819741818739;2022-07-17T03:00:00Z
32.200066666666665;0.0;0.0;21.706666666666667;9.828546142600032;0.5869535804;6.112762529564043;2022-07-17T04:00:00Z
37.100583333333326;0.0;0.0;114.06222222222222;11.825341796900034;0.5869576335;5.178407925292574;2022-07-17T05:00:00Z
24.15135;0.0;0.0;224.88888888888889;13.7528320312;0.5869922638;5.726985746321395;2022-07-17T06:00:00Z
4.667666666666667;17.877777777777776;25.117999999999995;309.81333333333333;15.029809570300017;0.5869787335;5.152292917522188;2022-07-17T07:00:00Z
39.33445;24.093;0.1199999999999999;266.93333333333334;15.846520996100026;0.5869752765;4.7912177304473405;2022-07-17T08:00:00Z
67.0003;41.85077777777778;0.1199999999999999;312.26666666666665;17.0418945312;0.5869894624;5.399506748761993;2022-07-17T09:00:00Z
70.0;0.0;0.0;459.04;17.61257324220003;0.5869675875;4.367501375030931;2022-07-17T10:00:00Z
70.0;0.0;0.0;582.0088888888889;19.037194824200014;0.5869799256;4.9504430949143075;2022-07-17T11:00:00Z
70.00053333333334;0.0;0.0;689.0133333333333;20.346490478500016;0.5869717002;4.551220386899322;2022-07-17T12:00:00Z
162.0017;0.0;0.0;782.3111111111111;21.919091796900034;0.5869572163;3.913086446893042;2022-07-17T13:00:00Z
152.501;0.0;0.0;714.6311111111111;22.822137451200035;0.5869544744;3.6860450295877083;2022-07-17T14:00:00Z
533.0014666666666;0.0;0.0;606.8444444444444;23.365686035200042;0.5869526267;3.554568699047153;2022-07-17T15:00:00Z
21.00265;0.0;0.0;467.87555555555554;23.527856445300017;0.5869546533;3.7569480589820032;2022-07-17T16:00:00Z
69.71733333333333;0.0;0.0;316.6044444444444;23.374200439500044;0.5869573951;4.166695785484475;2022-07-17T17:00:00Z
88.9334;0.0;0.0;168.10666666666665;22.92409667970003;0.5869506001;3.403885092851349;2022-07-17T18:00:00Z
19.351766666666663;0.0;0.0;40.675555555555555;20.323571777300003;0.58697474;2.6630705201182554;2022-07-17T19:00:00Z
24.618116666666666;0.0;0.0;1.0666666666666667;19.578881835900006;0.5870180726;1.9688776467744775;2022-07-17T20:00:00Z
30.267716666666665;0.0;0.0;0.0;17.553552246100026;0.5870381594;1.477915506689051;2022-07-17T21:00:00Z
190.86876666666663;0.0;0.0;0.0;15.255090332000009;0.5869856477;2.107812410092561;2022-07-17T22:00:00Z
16.935166666666667;0.0;0.0;0.0;13.655603027300003;0.5869582295;1.9276691359036136;2022-07-17T23:00:00Z
20.650483333333334;0.0;0.0;0.0;13.769982910200042;0.5869680643;2.411417508640202;2022-07-18T00:00:00Z
29.750016666666667;0.0;0.0;0.0;13.072320556600005;0.5869680047;2.6533069182984694;2022-07-18T01:00:00Z
29.2835;0.0;0.0;0.0;12.20311889650003;0.5869609714;2.2566726137733952;2022-07-18T02:00:00Z
33.83373333333333;0.0;0.0;0.0;11.676904296900034;0.5869658589;2.322618892085489;2022-07-18T03:00:00Z
36.86675;0.0;0.0;19.36;12.08785400390002;0.5869846344;2.2985670125569855;2022-07-18T04:00:00Z
51.20091666666667;0.0;0.0;110.24;15.195886230500037;0.5870308876;2.0126227098760916;2022-07-18T05:00:00Z
35.56824999999999;0.0;0.0;208.96;17.87008056640002;0.5870137811;1.4759331730116987;2022-07-18T06:00:00Z
0.3345833333333333;48.066;0.1199999999999999;351.12888888888887;20.86330566410004;0.5869897604;1.5600931136447531;2022-07-18T07:00:00Z
41.8339;21.42933333333333;0.1199999999999999;528.5155555555556;22.967828369100005;0.5869591832;2.195509561317861;2022-07-18T08:00:00Z
68.0002;8.998888888888889;25.118;669.3866666666667;24.084100341800024;0.5869532228;2.4916825986486253;2022-07-18T09:00:00Z
70.0;0.0;0.0;755.4666666666667;25.526452636700014;0.5869645476;2.0856599230579826;2022-07-18T10:00:00Z
70.0;0.0;0.0;811.2177777777778;26.47487792970003;0.5869883895;1.4295411805734333;2022-07-18T11:00:00Z
153.16751666666667;0.0;0.0;748.8355555555555;27.39675292970003;0.5869566202;2.3420653452670175;2022-07-18T12:00:00Z
433.6676;0.0;0.0;586.6488888888889;27.7450195312;0.5869535804;2.3725550295495563;2022-07-18T13:00:00Z
584.3340499999999;0.0;0.0;478.9688888888889;27.94405517580003;0.5869536996;2.423276541465629;2022-07-18T14:00:00Z
70.001;0.0;0.0;373.31555555555553;28.028894043000037;0.5869594812;2.302369388271549;2022-07-18T15:00:00Z
70.001;0.0;0.0;342.93333333333334;28.43581542970003;0.5869789124;1.759716512166337;2022-07-18T16:00:00Z
102.33421666666666;0.0;0.0;236.99555555555557;28.333184814500044;0.5869806409;1.8203676098885504;2022-07-18T17:00:00Z
52.45076666666667;0.0;0.0;144.8711111111111;27.646386718800045;0.587000668;1.741188385920446;2022-07-18T18:00:00Z
60.2672;0.0;0.0;44.23111111111111;27.16011962890002;0.5869973302;1.4935834052547352;2022-07-18T19:00:00Z
24.467666666666663;0.0;0.0;0.8355555555555556;23.005639648400006;0.5869979858;1.8181909405180567;2022-07-18T20:00:00Z
19.3348;0.0;0.0;0.0;20.42739257810001;0.5869532228;3.0311667478146425;2022-07-18T21:00:00Z
19.83481666666667;0.0;0.0;0.0;19.636560058600026;0.5869498849;4.691797173336621;2022-07-18T22:00:00Z
12.251399999999999;0.0;0.0;0.0;18.271264648400006;0.5869497657;5.226497170956186;2022-07-18T23:00:00Z
35.3502;0.0;0.0;0.0;17.13991699220003;0.5869497657;5.2568183603925105;2022-07-19T00:00:00Z
40.48345;0.0;0.0;0.0;16.456384277300003;0.5869498849;4.931852074440873;2022-07-19T01:00:00Z
42.816666666666656;0.0;0.0;0.0;15.434869384800038;0.5869503617;4.477554321326074;2022-07-19T02:00:00Z
41.30001666666666;0.0;0.0;0.0;14.772058105500037;0.5869497657;4.217474379735162;2022-07-19T03:00:00Z
35.0;0.0;0.0;18.702222222222222;15.101342773400006;0.5869538188;4.039406807979554;2022-07-19T04:00:00Z
35.0;0.0;0.0;113.45777777777778;18.38405761720003;0.5870078206;3.4938630783432685;2022-07-19T05:00:00Z
32.316716666666665;0.0;0.0;251.60888888888888;21.700769043000037;0.5870227814;2.0347116448074893;2022-07-19T06:00:00Z
5.71745;7.223111111111111;25.118;402.09777777777776;24.901544189500044;0.5870372057;1.0848012566565264;2022-07-19T07:00:00Z
15.6678;14.326222222222222;0.1199999999999999;547.271111111111;27.784020996100026;0.5870860815;0.7693890924964332;2022-07-19T08:00:00Z
67.50025;56.94488888888888;0.1199999999999999;672.16;30.05733642580003;0.5871428847;0.8019698466285496;2022-07-19T09:00:00Z
66.3337;0.0;0.0;765.8666666666667;31.59368286130001;0.587027967;1.0322507844263629;2022-07-19T10:00:00Z
46.83406666666666;0.0;0.0;819.36;32.97322998050004;0.5870198011;1.1306282571687127;2022-07-19T11:00:00Z
54.001;0.0;0.0;829.28;33.941247558600026;0.5869941115;1.4380038599513933;2022-07-19T12:00:00Z
21.168633333333332;0.0;0.0;793.2622222222222;34.65676269530002;0.5869941115;1.4762723526983068;2022-07-19T13:00:00Z
257.00101666666666;0.0;0.0;714.6133333333333;35.29586181640002;0.5870031118;1.4110928088550578;2022-07-19T14:00:00Z
702.1671499999999;0.0;0.0;600.96;35.436395263700035;0.5869899988;1.6392196190351689;2022-07-19T15:00:00Z
85.8344;0.0;0.0;462.20444444444445;35.12911376950001;0.5869708061;2.0397470603049594;2022-07-19T16:00:00Z
70.001;0.0;0.0;311.4488888888889;34.538232421900034;0.5869537592;2.7498239156878217;2022-07-19T17:00:00Z
66.05083333333333;0.0;0.0;165.51111111111112;33.41359863280002;0.5869501829;3.9375128019871073;2022-07-19T18:00:00Z
84.80011666666665;0.0;0.0;48.693333333333335;30.084375000000023;0.5869579315;5.8179030456185545;2022-07-19T19:00:00Z
91.5834833333333;0.0;0.0;0.7111111111111111;27.07323608400003;0.5869676471;7.310835907829828;2022-07-19T20:00:00Z
94.83365;0.0;0.0;0.0;25.54393920900003;0.5869728923;7.687768118636977;2022-07-19T21:00:00Z
68.86816666666667;0.0;0.0;0.0;24.15014038090004;0.5869734883;7.834148679205288;2022-07-19T22:00:00Z
294.9012333333334;0.0;0.0;0.0;22.816735839800003;0.5869659185;7.4559833993162465;2022-07-19T23:00:00Z
21.700116666666663;0.0;0.0;0.0;21.888085937500023;0.5869600177;7.112422887877124;2022-07-20T00:00:00Z
27.30015;0.0;0.0;0.0;20.906732177700007;0.5869541764;6.473171290687635;2022-07-20T01:00:00Z
26.8335;0.0;0.0;0.0;20.244561767600032;0.5869511366;5.895551990108855;2022-07-20T02:00:00Z
33.0168;0.0;0.0;0.0;19.540643310500002;0.5869500041;5.221696987070207;2022-07-20T03:00:00Z
38.03341666666667;0.0;0.0;17.031111111111112;19.271569824200014;0.5869523287;4.767548662266563;2022-07-20T04:00:00Z
34.30018333333334;0.0;0.0;100.60444444444444;21.35765991210002;0.586963594;4.0917925226952505;2022-07-20T05:00:00Z
39.15093333333333;0.0;0.0;232.83555555555554;24.767419433600026;0.5869623423;3.011164173547174;2022-07-20T06:00:00Z
13.717466666666667;31.196111111111108;0.1199999999999999;391.2888888888889;28.193902587900027;0.5869632959;2.3382795665843013;2022-07-20T07:00:00Z
29.667533333333328;28.532444444444444;5.118999999999999;535.6444444444444;31.450585937500023;0.5869588256;2.336245607451454;2022-07-20T08:00:00Z
12.168283333333331;18.765666666666668;20.119;663.1822222222222;33.947076416000016;0.5869508982;2.7002459598061956;2022-07-20T09:00:00Z
48.50115;0.0;0.0;752.32;35.465936279300024;0.5869500041;3.010737815598148;2022-07-20T10:00:00Z
31.001233333333328;0.0;0.0;811.2888888888889;36.66933593750002;0.5869550109;3.5626803014718953;2022-07-20T11:00:00Z
24.00258333333333;0.0;0.0;821.3866666666667;37.408074951200035;0.5869569778;3.7633603058295786;2022-07-20T12:00:00Z
673.3342833333332;0.0;0.0;783.9466666666667;37.83791503910004;0.5869594216;3.8372428052893204;2022-07-20T13:00:00Z
152.33426666666668;0.0;0.0;682.24;37.924584960900006;0.5869799256;4.746725694265167;2022-07-20T14:00:00Z
35.001583333333336;0.0;0.0;564.3022222222222;37.845849609400034;0.5869848132;5.08557324292893;2022-07-20T15:00:00Z
67.00105;0.0;0.0;434.27555555555557;37.53731689450001;0.5869761705;4.939891119126568;2022-07-20T16:00:00Z
46.00098333333333;0.0;0.0;288.05333333333334;36.893334960900006;0.5869735479;5.382111372796534;2022-07-20T17:00:00Z
82.83334999999998;0.0;0.0;149.70666666666668;35.89809570310001;0.5869562626;5.4558383718487535;2022-07-20T18:00:00Z
84.51668333333333;0.0;0.0;43.89333333333333;32.86492309570002;0.586955905;6.11793793664737;2022-07-20T19:00:00Z
54.767183333333335;0.0;0.0;0.5511111111111111;29.494653320300017;0.5869570374;6.562767771482704;2022-07-20T20:00:00Z
131.48386666666667;0.0;0.0;0.0;27.92965087890002;0.5869551301;6.459831196475018;2022-07-20T21:00:00Z
316.7842833333333;0.0;0.0;0.0;27.02657470700001;0.5869588256;6.538630942483558;2022-07-20T22:00:00Z
63.38555;0.0;0.0;0.0;26.077905273400006;0.5869683623;7.041926296570407;2022-07-20T23:00:00Z
19.95048333333333;0.0;0.0;0.0;25.189355468800045;0.5869730711;7.638484675459346;2022-07-21T00:00:00Z
39.55025;0.0;0.0;0.0;24.224694824200014;0.5869683027;7.553716132328092;2022-07-21T01:00:00Z
36.86686666666667;0.0;0.0;0.0;24.019006347700042;0.58697474;7.88162540997408;2022-07-21T02:00:00Z
39.43348333333333;0.0;0.0;0.0;23.848229980500037;0.58699435;8.546444439810253;2022-07-21T03:00:00Z
39.9003;0.0;0.0;16.017777777777777;23.896569824200014;0.586992383;8.01525249110563;2022-07-21T04:00:00Z
40.13356666666665;0.0;0.0;106.06222222222222;24.956872558600026;0.5869696736;6.992152455330248;2022-07-21T05:00:00Z
21.117616666666663;0.0;0.0;242.4177777777778;26.2586914062;0.5869919658;5.8756941130051805;2022-07-21T06:00:00Z
2.7335666666666665;8.111;20.119;322.75555555555553;27.09472045900003;0.586989224;5.370465594061296;2022-07-21T07:00:00Z
7.500683333333333;14.32622222222222;5.119;361.0311111111111;28.104821777300003;0.5870028138;5.775827544039905;2022-07-21T08:00:00Z
16.334450000000004;56.94488888888888;0.1199999999999999;482.5422222222222;29.068475341800024;0.5870029926;5.7707786850935365;2022-07-21T09:00:00Z
18.1681;0.0;0.0;659.7688888888889;28.723962402300003;0.5887125134;5.804959693425667;2022-07-21T10:00:00Z
67.16695;0.0;0.0;666.9155555555556;29.1512695312;0.5892090797;4.837887120030508;2022-07-21T11:00:00Z
36.50155;0.0;0.0;649.6177777777777;29.42409667970003;0.5880307555;3.269001495172593;2022-07-21T12:00:00Z
36.83498333333333;0.0;0.0;516.0177777777777;27.580255127000044;0.5872744322;4.101635396418041;2022-07-21T13:00:00Z
117.1679;0.0;0.0;354.5777777777778;25.584497070300017;0.5870428681;5.097950714769343;2022-07-21T14:00:00Z
686.3342333333333;0.0;0.0;257.58222222222224;25.438531494100005;0.5871632695;5.2211544579119;2022-07-21T15:00:00Z
68.0012;0.0;0.0;268.9066666666667;25.797296142600032;0.5870627165;4.552589860484756;2022-07-21T16:00:00Z
68.21768333333333;0.0;0.0;191.7511111111111;25.83782348630001;0.5870051384;3.361787065670904;2022-07-21T17:00:00Z
57.000816666666665;0.0;0.0;119.1288888888889;24.988458252000044;0.5869832039;3.2936230948567315;2022-07-21T18:00:00Z
90.5334;0.0;0.0;35.022222222222226;23.218286132800017;0.5869731307;4.095663314352298;2022-07-21T19:00:00Z
89.50015;0.0;0.0;0.3377777777777778;21.26680908200001;0.5869666934;4.585100918105315;2022-07-21T20:00:00Z
90.83346666666665;0.0;0.0;0.0;20.240747070300017;0.5869629383;4.749719899173838;2022-07-21T21:00:00Z
85.00118333333333;0.0;0.0;0.0;20.69985351560001;0.5870111585;3.6652073710096116;2022-07-21T22:00:00Z
421.1344666666666;0.0;0.0;0.0;20.36232910160004;0.5882073045;4.588962592339316;2022-07-21T23:00:00Z
0.0;0.0;0.0;0.0;19.951989746100026;0.5880417228;4.577102140015017;2022-07-22T00:00:00Z
0.0;0.0;0.0;0.0;19.439965820300017;0.5878979564;5.384553633980327;2022-07-22T01:00:00Z
0.0;0.0;0.0;0.0;18.859216308600026;0.5877773166;6.063908755712928;2022-07-22T02:00:00Z
0.0;0.0;0.0;0.0;18.495172119100005;0.5878344178;5.226280692352676;2022-07-22T03:00:00Z
0.0;0.0;0.0;12.462222222222222;18.35152587890002;0.5877477527;4.504351120073778;2022-07-22T04:00:00Z
0.0;0.0;0.0;72.16;18.770288085900006;0.587587893;4.665732141932145;2022-07-22T05:00:00Z
0.0;0.0;0.0;172.76444444444445;19.53188476560001;0.5873868465;5.573936427090194;2022-07-22T06:00:00Z
0.0;26.756666666666668;0.1199999999999999;263.36;20.402490234400034;0.5872244835;6.199855144405647;2022-07-22T07:00:00Z
0.0;38.29922222222221;25.118;374.1511111111111;21.317773437500023;0.5873934627;6.373458094133021;2022-07-22T08:00:00Z
0.0;14.326222222222222;0.1199999999999999;386.61333333333334;21.9227539062;0.5874056816;6.5158259907023375;2022-07-22T09:00:00Z
0.0;0.0;0.0;360.35555555555555;22.32882080080003;0.5875832438;5.642933867013801;2022-07-22T10:00:00Z
0.0;0.0;0.0;423.94666666666666;22.354302978500016;0.5873586535;5.497841184167983;2022-07-22T11:00:00Z
0.0;0.0;0.0;438.3644444444444;22.63009033200001;0.587141633;4.691340661362871;2022-07-22T12:00:00Z
0.0;0.0;0.0;507.34222222222223;23.50161132810001;0.587054491;5.073733147616273;2022-07-22T13:00:00Z
0.0;0.0;0.0;455.2711111111111;24.047418212900027;0.5870082378;5.165934882384866;2022-07-22T14:00:00Z
0.0;0.0;0.0;386.88;24.295037841800024;0.5869839191;4.549576585962938;2022-07-22T15:00:00Z
0.0;0.0;0.0;244.26666666666668;24.09737548830003;0.5869653821;4.009581624402409;2022-07-22T16:00:00Z
0.0;0.0;0.0;183.57333333333332;23.947839355500037;0.5869569182;3.710900320052845;2022-07-22T17:00:00Z
0.0;0.0;0.0;120.99555555555555;23.250085449200014;0.5869518518;3.5015261785259106;2022-07-22T18:00:00Z
0.0;0.0;0.0;39.306666666666665;21.490411377000044;0.586959064;3.155761072748652;2022-07-22T19:00:00Z
0.0;0.0;0.0;0.28444444444444444;19.942926025400027;0.5869583488;3.45798754712776;2022-07-22T20:00:00Z
0.0;0.0;0.0;0.0;18.96505126950001;0.5869553089;3.7298448325653375;2022-07-22T21:00:00Z
0.0;0.0;0.0;0.0;17.085382080100032;0.5869590044;3.7840126728576613;2022-07-22T22:00:00Z
0.0;0.0;0.0;0.0;16.28927001950001;0.5869688392;3.4852458949444434;2022-07-22T23:00:00Z
18.550333333333327;0.0;0.0;0.0;15.577935791000016;0.5869959593;2.774040178942637;2022-07-23T00:00:00Z
27.0672;0.0;0.0;0.0;14.896997070300017;0.5870029926;2.1897609683281907;2022-07-23T01:00:00Z
30.333683333333333;0.0;0.0;0.0;14.3192382812;0.5870088935;2.0293701143972536;2022-07-23T02:00:00Z
29.86673333333333;0.0;0.0;0.0;14.531091308600026;0.5869812965;3.831232635546467;2022-07-23T03:00:00Z
31.38343333333333;0.0;0.0;11.235555555555555;15.206872558600026;0.5869900584;3.6270732308639975;2022-07-23T04:00:00Z
39.13413333333334;0.0;0.0;85.6;16.15206298830003;0.5889495015;3.1052962842149845;2022-07-23T05:00:00Z
85.03386666666665;0.0;0.0;179.2711111111111;17.05104980470003;0.5918700695;2.503963353988541;2022-07-23T06:00:00Z
51.800716666666666;42.73866666666667;0.1199999999999999;162.61333333333334;17.460382080100032;0.5927499533;2.0510641503107205;2022-07-23T07:00:00Z
33.83445;4.559444444444444;5.119;344.6222222222222;18.486657714800003;0.5924781561;2.500165126642826;2022-07-23T08:00:00Z
41.000483333333335;33.85977777777778;20.119;518.1688888888889;19.08370361330003;0.5913020372;3.0199568552263574;2022-07-23T09:00:00Z
58.00045;0.0;0.0;544.4977777777777;20.424951171900034;0.5874736905;3.5766366151062257;2022-07-23T10:00:00Z
60.83425;0.0;0.0;516.5155555555556;21.348077392600032;0.5871622562;4.6146147220174605;2022-07-23T11:00:00Z
295.16805;0.0;0.0;378.50666666666666;21.74874267580003;0.587087512;5.182839041546957;2022-07-23T12:00:00Z
526.3343;0.0;0.0;357.77777777777777;21.894067382800017;0.5870041251;4.395773918413957;2022-07-23T13:00:00Z
30.00166666666667;0.0;0.0;431.2;22.737786865200007;0.586984396;4.436481145619577;2022-07-23T14:00:00Z
160.00106666666667;0.0;0.0;385.5466666666667;22.967156982400013;0.5869814754;4.932870509477363;2022-07-23T15:00:00Z
207.3347;0.0;0.0;427.02222222222224;23.4364257812;0.5869833231;5.294260353953031;2022-07-23T16:00:00Z
86.78386666666665;0.0;0.0;302.88;23.215173339800003;0.5869868398;5.801088268535081;2022-07-23T17:00:00Z
81.20028333333333;0.0;0.0;150.52444444444444;22.26656494140002;0.586987257;6.139635475061944;2022-07-23T18:00:00Z
98.0;0.0;0.0;30.72;20.727685546900034;0.5869711041;6.1009543225645295;2022-07-23T19:00:00Z
33.16785;0.0;0.0;0.17777777777777778;18.534326171900034;0.5869600773;5.868005624146493;2022-07-23T20:00:00Z
77.56775;0.0;0.0;0.0;16.75261840820002;0.5869556069;5.732534881064695;2022-07-23T21:00:00Z
51.93585;0.0;0.0;0.0;15.470483398400006;0.5869500041;4.9605692191059045;2022-07-23T22:00:00Z
17.50135;0.0;0.0;0.0;13.694482421900034;0.5869529843;4.183142095611789;2022-07-23T23:00:00Z
31.03413333333333;0.0;0.0;0.0;12.030847168000037;0.5869538188;3.9830119601386893;2022-07-24T00:00:00Z
41.1835;0.0;0.0;0.0;11.17476806640002;0.5869513154;4.150191087494789;2022-07-24T01:00:00Z
29.866766666666663;0.0;0.0;0.0;10.650689697300038;0.5869529247;3.9784112270541607;2022-07-24T02:00:00Z
30.800033333333328;0.0;0.0;0.0;10.035913085900006;0.5869560838;3.870383154319563;2022-07-24T03:00:00Z
27.06705;0.0;0.0;13.528888888888888;10.671044921900034;0.5869700313;3.586475064820872;2022-07-24T04:00:00Z
26.6002;0.0;0.0;103.30666666666667;13.413385009800038;0.5869659781;3.148631061564073;2022-07-24T05:00:00Z
23.450333333333333;0.0;0.0;239.68;15.87105712890002;0.58695364;3.091992190774595;2022-07-24T06:00:00Z
31.96695;15.21411111111111;0.1199999999999999;388.6222222222222;17.89083251950001;0.5869520307;2.9011346935672457;2022-07-24T07:00:00Z
62.334016666666656;24.093;5.119;535.3066666666666;19.68065795900003;0.5869504809;3.0305050707357806;2022-07-24T08:00:00Z
63.66721666666666;48.95388888888888;20.119;661.8311111111111;21.53685913090004;0.5869503021;2.94598683183258;2022-07-24T09:00:00Z
56.16705;0.0;0.0;752.4266666666666;23.38274536130001;0.5869509578;2.7078379469534046;2022-07-24T10:00:00Z
370.00023333333326;0.0;0.0;804.4622222222222;24.960351562500023;0.5869564414;2.365416490096276;2022-07-24T11:00:00Z
70.001;0.0;0.0;812.7822222222222;26.245477294900013;0.5869671106;1.994609465285725;2022-07-24T12:00:00Z
186.66755;0.0;0.0;774.5244444444445;27.24831542970003;0.5869624019;2.1381473448490325;2022-07-24T13:00:00Z
468.0006333333334;0.0;0.0;693.0666666666667;27.917291259800038;0.5869598389;2.2221587685412056;2022-07-24T14:00:00Z
68.00103333333334;0.0;0.0;580.96;28.293084716800024;0.5869787931;1.813195270073925;2022-07-24T15:00:00Z
220.00085;0.0;0.0;446.59555555555556;28.479669189500044;0.5869851708;1.7620904049661965;2022-07-24T16:00:00Z
69.10058333333333;0.0;0.0;295.84;28.39321289060001;0.5869759917;1.9726366573710776;2022-07-24T17:00:00Z
79.76736666666666;0.0;0.0;151.2711111111111;28.14937744140002;0.587012887;1.630645332442327;2022-07-24T18:00:00Z
69.66803333333334;0.0;0.0;39.28888888888889;25.85415039060001;0.5869573355;2.0062522039333035;2022-07-24T19:00:00Z
81.63396666666665;0.0;0.0;0.10666666666666666;21.769616699200014;0.5869504809;3.977362382259451;2022-07-24T20:00:00Z
88.43368333333333;0.0;0.0;0.0;20.506250000000023;0.5869511366;5.7244341071600635;2022-07-24T21:00:00Z
82.36804999999998;0.0;0.0;0.0;20.010308837900027;0.5869504809;5.74446675380184;2022-07-24T22:00:00Z
42.38473333333334;0.0;0.0;0.0;19.276879882800017;0.5869526267;6.293038210107274;2022-07-24T23:00:00Z
16.450666666666667;0.0;0.0;0.0;18.809655761700014;0.5869571567;6.900328505935583;2022-07-25T00:00:00Z
34.067033333333335;0.0;0.0;0.0;18.56542358400003;0.5869607329;7.209851649785197;2022-07-25T01:00:00Z
32.4337;0.0;0.0;0.0;18.099237060500002;0.5869620442;7.2929449889542415;2022-07-25T02:00:00Z
32.55035;0.0;0.0;0.0;17.62307128910004;0.5869618654;7.2960070603976614;2022-07-25T03:00:00Z
32.90046666666667;0.0;0.0;12.0;17.74144897460002;0.5869598389;7.201702554377625;2022-07-25T04:00:00Z
35.23338333333333;0.0;0.0;93.36888888888889;19.54757080080003;0.5869544744;6.752959986005586;2022-07-25T05:00:00Z
28.58375;0.0;0.0;224.78222222222223;22.420739746100026;0.5869666934;5.502853483304572;2022-07-25T06:00:00Z
8.750816666666667;7.223111111111111;20.119;381.9377777777778;25.41668090820002;0.586974144;5.128841134253988;2022-07-25T07:00:00Z
34.50076666666667;56.94488888888889;0.1199999999999999;517.6888888888889;28.336968994100005;0.5869857073;5.345819931980004;2022-07-25T08:00:00Z
63.334;16.98988888888889;5.119;644.2133333333334;30.660668945300017;0.5870113373;6.111898779742013;2022-07-25T09:00:00Z
63.16735;0.0;0.0;735.3955555555556;32.952905273400006;0.587025404;6.476371902303896;2022-07-25T10:00:00Z
66.16708333333334;0.0;0.0;795.1466666666666;34.22649536130001;0.5870446563;7.501889133058427;2022-07-25T11:00:00Z
70.001;0.0;0.0;798.0977777777778;35.0696655273;0.5870283246;6.86987213622253;2022-07-25T12:00:00Z
70.001;0.0;0.0;704.4088888888889;35.5696655273;0.5870552659;7.936400164266229;2022-07-25T13:00:00Z
70.001;0.0;0.0;553.0311111111112;35.732537841800024;0.5870597959;8.393132675539;2022-07-25T14:00:00Z
420.00065;0.0;0.0;391.23555555555555;35.43026123050004;0.5871908665;5.674078668504402;2022-07-25T15:00:00Z
436.6673;0.0;0.0;228.0888888888889;35.066552734400034;0.5870181322;3.094021998815258;2022-07-25T16:00:00Z
56.66765;0.0;0.0;144.48;32.409295654300024;0.5869885087;2.9415684216974536;2022-07-25T17:00:00Z
21.218399999999995;0.0;0.0;50.31111111111111;25.61544189450001;0.5869753361;3.5476608788634416;2022-07-25T18:00:00Z
30.0678;0.0;0.0;32.33777777777778;23.631188964800003;0.5869749188;3.6419297553607377;2022-07-25T19:00:00Z
39.15196666666667;0.0;0.0;0.017777777777777778;22.873559570300017;0.5869752169;5.41547208804951;2022-07-25T20:00:00Z
34.43493333333333;0.0;0.0;0.0;21.97774658200001;0.5870213509;7.901635748451089;2022-07-25T21:00:00Z
51.251983333333335;0.0;0.0;0.0;19.782800293000037;0.5930347443;7.344890462304177;2022-07-25T22:00:00Z
321.98575;0.0;0.0;0.0;19.73848876950001;0.5930191278;6.638471157410342;2022-07-25T23:00:00Z
16.683566666666668;0.0;0.0;0.0;19.09786376950001;0.5929197669;6.2249683732199665;2022-07-26T00:00:00Z
32.3168;0.0;0.0;0.0;18.729821777300003;0.5923725963;4.501690954220915;2022-07-26T01:00:00Z
29.63335;0.0;0.0;0.0;18.259393310500002;0.5920169353;4.132365855741654;2022-07-26T02:00:00Z
33.250166666666665;0.0;0.0;0.0;17.717126464800003;0.5918395519;4.143951937636316;2022-07-26T03:00:00Z
30.33353333333333;0.0;0.0;8.8;17.401940918000037;0.592005074;5.060567860574781;2022-07-26T04:00:00Z
27.650116666666666;0.0;0.0;66.56;17.697869873000002;0.5916547179;6.356258284980992;2022-07-26T05:00:00Z
29.750516666666663;0.0;0.0;199.30666666666667;18.705682373000002;0.5908342004;6.517221823947607;2022-07-26T06:00:00Z
5.317733333333333;3.671555555555555;5.119;298.93333333333334;19.86425170900003;0.5888982415;7.381159866693609;2022-07-26T07:00:00Z
37.00138333333334;52.50544444444444;20.119;413.0488888888889;20.93477783200001;0.5877820849;7.105392538692145;2022-07-26T08:00:00Z
62.33351666666666;22.317222222222224;0.1199999999999999;494.4533333333333;21.646569824200014;0.5875593424;7.4272675940946185;2022-07-26T09:00:00Z
70.0;0.0;0.0;546.2577777777777;22.528833007800017;0.5870950818;5.188002240514817;2022-07-26T10:00:00Z
186.66681666666665;0.0;0.0;502.00888888888886;22.37600097660004;0.5874117613;5.3278096440362;2022-07-26T11:00:00Z
123.66781666666667;0.0;0.0;516.1244444444444;22.021569824200014;0.5901424885;6.793438813221083;2022-07-26T12:00:00Z
206.00108333333327;0.0;0.0;440.8888888888889;20.43618164060001;0.5898221135;7.3313679912406045;2022-07-26T13:00:00Z
58.0012;0.0;0.0;372.0711111111111;20.429803466800024;0.5882428885;6.638298422815135;2022-07-26T14:00:00Z
70.001;0.0;0.0;308.24888888888887;20.7840820312;0.5874464512;5.913396415404452;2022-07-26T15:00:00Z
336.6674;0.0;0.0;201.45777777777778;20.95601806640002;0.587164104;5.254959099573807;2022-07-26T16:00:00Z
63.267833333333336;0.0;0.0;141.01333333333332;20.937402343800045;0.5870712399;5.538126366213767;2022-07-26T17:00:00Z
277.10110000000003;0.0;0.0;82.4;20.656335449200014;0.5870206952;5.3560563888058494;2022-07-26T18:00:00Z
74.001;0.0;0.0;29.90222222222222;19.508325195300017;0.5869971514;4.837057400297521;2022-07-26T19:00:00Z
74.16706666666667;0.0;0.0;0.017777777777777778;18.04390869140002;0.5869958401;4.5760519594111875;2022-07-26T20:00:00Z
79.66693333333333;0.0;0.0;0.0;17.056115722700042;0.5869954824;4.851441774628185;2022-07-26T21:00:00Z
46.00241666666666;0.0;0.0;0.0;16.262536621100026;0.586987555;6.450549272789694;2022-07-26T22:00:00Z
11.735399999999998;0.0;0.0;0.0;15.41500244140002;0.5869830251;6.33491718979812;2022-07-26T23:00:00Z
25.4334;0.0;0.0;0.0;14.732507324200014;0.5869730711;5.787297097270527;2022-07-27T00:00:00Z
37.80011666666665;0.0;0.0;0.0;14.074884033200021;0.5869640708;5.282024202577053;2022-07-27T01:00:00Z
49.0;0.0;0.0;0.0;13.485498046900034;0.5869597793;4.8536560056112155;2022-07-27T02:00:00Z
37.9168;0.0;0.0;0.0;12.718469238300031;0.5869596601;4.85897318785993;2022-07-27T03:00:00Z
35.816733333333325;0.0;0.0;9.066666666666666;12.49312744140002;0.5869591236;4.9684175859821025;2022-07-27T04:00:00Z
35.1168;0.0;0.0;91.84;12.9129882812;0.5869700313;4.941031042916622;2022-07-27T05:00:00Z
20.534033333333333;0.0;0.0;227.55555555555554;14.032403564500044;0.5869694352;4.79892941596943;2022-07-27T06:00:00Z
19.501066666666663;10.774666666666667;20.119;381.24444444444447;15.411523437500023;0.5869927406;5.548402246028758;2022-07-27T07:00:00Z
46.50085;40.96288888888888;5.119;417.79555555555555;16.70824584960002;0.5870369077;6.411530276103103;2022-07-27T08:00:00Z
70.0;24.980888888888888;0.1199999999999999;497.8666666666667;17.580224609400034;0.5871115923;6.829017371364954;2022-07-27T09:00:00Z
53.500483333333335;0.0;0.0;384.85333333333335;17.606561279300024;0.58743608;5.498455989971472;2022-07-27T10:00:00Z
59.83398333333333;0.0;0.0;260.3911111111111;18.077996826200035;0.5872800946;4.975752212950177;2022-07-27T11:00:00Z
70.001;0.0;0.0;274.82666666666665;18.716699218800045;0.5871442556;4.7783828917850295;2022-07-27T12:00:00Z
66.83465;0.0;0.0;278.08;19.09731445310001;0.5870308876;5.2228606783022435;2022-07-27T13:00:00Z
64.83485;0.0;0.0;280.6222222222222;19.839746093800045;0.5869897008;5.234580134941706;2022-07-27T14:00:00Z
248.33465;0.0;0.0;200.3022222222222;19.922662353500016;0.5869764686;5.238012480002883;2022-07-27T15:00:00Z
702.0004999999999;0.0;0.0;194.1688888888889;20.374108886700014;0.5869779587;5.514080499832113;2022-07-27T16:00:00Z
74.61803333333333;0.0;0.0;162.48888888888888;20.385308837900027;0.586966157;5.138029474220302;2022-07-27T17:00:00Z
64.18461666666667;0.0;0.0;91.11111111111111;19.699395752000044;0.5869507194;4.6209062859795065;2022-07-27T18:00:00Z
19.83535;0.0;0.0;32.49777777777778;17.49221191410004;0.5869570374;3.896782958083204;2022-07-27T19:00:00Z
80.66745;0.0;0.0;0.0;14.751489257800017;0.5869602561;3.412210258856746;2022-07-27T20:00:00Z
71.70038333333333;0.0;0.0;0.0;13.403039550800031;0.5869541168;3.874084684836416;2022-07-27T21:00:00Z
38.002;0.0;0.0;0.0;11.955590820300017;0.5869507194;5.54938379452873;2022-07-27T22:00:00Z
206.28503333333333;0.0;0.0;0.0;11.25582275390002;0.5869505405;5.207700463024328;2022-07-27T23:00:00Z
27.88418333333333;0.0;0.0;0.0;10.482934570300017;0.5869527459;4.4628343232900365;2022-07-28T00:00:00Z
32.20023333333334;0.0;0.0;0.0;9.135888671900034;0.58696419;3.510157900330848;2022-07-28T01:00:00Z
30.45021666666667;0.0;0.0;0.0;8.345422363300031;0.5870162845;2.2612736694201456;2022-07-28T02:00:00Z
27.88343333333333;0.0;0.0;0.0;8.072167968800045;0.587038219;1.4736556200429092;2022-07-28T03:00:00Z
24.2673;0.0;0.0;9.386666666666667;8.294641113300031;0.5870311856;1.409660257439782;2022-07-28T04:00:00Z
28.81736666666667;0.0;0.0;93.35111111111111;11.346185302700007;0.5870822072;1.2902428296926336;2022-07-28T05:00:00Z
34.7505;0.0;0.0;232.35555555555555;13.998193359400034;0.5870751143;0.8969530218743662;2022-07-28T06:00:00Z
20.650333333333332;29.42033333333333;0.1199999999999999;347.6977777777778;16.103845214800003;0.5871752501;0.5092842719998583;2022-07-28T07:00:00Z
22.50055;34.74766666666667;20.119;458.56;17.52340087890002;0.5871611834;0.65010517834871;2022-07-28T08:00:00Z
52.0003;10.774666666666667;5.118999999999999;504.16;18.660699462900027;0.5870625973;1.0986587624105344;2022-07-28T09:00:00Z
34.000600000000006;0.0;0.0;600.8711111111111;19.57976684570002;0.5870291591;1.1145095361650228;2022-07-28T10:00:00Z
26.00073333333333;0.0;0.0;651.9288888888889;20.445672607400013;0.5869873762;1.6348902036200699;2022-07-28T11:00:00Z
44.00088333333333;0.0;0.0;562.4355555555555;21.18355712890002;0.5869951844;1.5117929930859466;2022-07-28T12:00:00Z
70.001;0.0;0.0;551.2177777777778;22.023278808600026;0.587020278;1.202525116452664;2022-07-28T13:00:00Z
33.6688;0.0;0.0;546.7555555555556;22.60320434570002;0.5870498419;0.8300546918926932;2022-07-28T14:00:00Z
52.335183333333326;0.0;0.0;529.1733333333333;23.221215820300017;0.5870676637;0.6129347496820673;2022-07-28T15:00:00Z
318.50161666666673;0.0;0.0;428.1066666666667;23.437280273400006;0.5870311856;0.779153721329529;2022-07-28T16:00:00Z
481.3348333333333;0.0;0.0;264.2133333333333;22.981896972700042;0.5869749188;1.6264720051093848;2022-07-28T17:00:00Z
67.95138333333334;0.0;0.0;142.4711111111111;21.858178710900006;0.5869537592;3.206340962926033;2022-07-28T18:00:00Z
81.38428333333331;0.0;0.0;32.53333333333333;19.272271728500016;0.5869531631;5.121198475842093;2022-07-28T19:00:00Z
76.86778333333332;0.0;0.0;0.0;17.859490966800024;0.586959064;6.499366496568922;2022-07-28T20:00:00Z
88.31713333333333;0.0;0.0;0.0;16.85152587890002;0.5869646072;7.173632448093247;2022-07-28T21:00:00Z
86.7514;0.0;0.0;0.0;15.796044921900034;0.5869663358;7.24947479241453;2022-07-28T22:00:00Z
324.36775;0.0;0.0;0.0;15.1375976562;0.5869656205;7.36315662123484;2022-07-28T23:00:00Z
0.0;0.0;0.0;0.0;14.149072265600012;0.5869558454;6.616351312699232;2022-07-29T00:00:00Z
0.0;0.0;0.0;0.0;13.513940429700028;0.586955905;6.3491612513630145;2022-07-29T01:00:00Z
0.0;0.0;0.0;0.0;13.208825683600026;0.586961031;6.771974070714125;2022-07-29T02:00:00Z
0.0;0.0;0.0;0.0;12.937829589800003;0.5869626999;6.971817239727051;2022-07-29T03:00:00Z
0.0;0.0;0.0;6.9511111111111115;13.275964355500037;0.5869601965;6.74030819860535;2022-07-29T04:00:00Z
0.0;0.0;0.0;50.61333333333334;14.217492675800031;0.5869603753;6.8945810608207525;2022-07-29T05:00:00Z
0.0;0.0;0.0;91.53777777777778;15.197717285200042;0.5869758129;5.779089656331917;2022-07-29T06:00:00Z
0.0;0.1199999999999999;25.118;280.4088888888889;16.828240966800024;0.5869931579;6.033799811910318;2022-07-29T07:00:00Z
0.0;18.765666666666664;0.1199999999999999;305.2266666666667;18.571740722700042;0.586999774;6.079764023258783;2022-07-29T08:00:00Z
0.0;55.169111111111114;0.1199999999999999;447.6622222222222;21.26955566410004;0.5872631073;6.049095895720219;2022-07-29T09:00:00Z
0.0;0.0;0.0;492.87111111111113;23.685083007800017;0.5870357156;6.481674110530984;2022-07-29T10:00:00Z
0.0;0.0;0.0;695.7333333333333;25.38179931640002;0.5870309472;6.484567390849579;2022-07-29T11:00:00Z
0.0;0.0;0.0;768.5155555555556;26.72454223630001;0.5870091319;5.897522607327134;2022-07-29T12:00:00Z
0.0;0.0;0.0;719.7688888888889;27.19338378910004;0.5869930983;5.300969424797585;2022-07-29T13:00:00Z
0.0;0.0;0.0;584.6044444444444;27.625543212900027;0.5870171189;5.154521276000394;2022-07-29T14:00:00Z
0.0;0.0;0.0;506.11555555555555;27.69167480470003;0.5869863629;4.609139990322456;2022-07-29T15:00:00Z
0.0;0.0;0.0;384.64;27.562127685500002;0.5869702697;4.675588252783099;2022-07-29T16:00:00Z
0.0;0.0;0.0;237.79555555555555;26.799279785200042;0.5869634151;5.307064136083315;2022-07-29T17:00:00Z
0.0;0.0;0.0;129.33333333333334;25.708612060500002;0.5869680643;6.467245530289754;2022-07-29T18:00:00Z
0.0;0.0;0.0;22.79111111111111;23.66335449220003;0.5869849324;7.8095626059380026;2022-07-29T19:00:00Z
0.0;0.0;0.0;0.0;22.224389648400006;0.5870099664;8.8347338118832;2022-07-29T20:00:00Z
0.0;0.0;0.0;0.0;21.294091796900034;0.5870130658;9.035187512301324;2022-07-29T21:00:00Z
0.0;0.0;0.0;0.0;20.600915527300003;0.5870041847;9.078347714971988;2022-07-29T22:00:00Z
0.0;0.0;0.0;0.0;19.780786132800017;0.586984694;8.235068167724718;2022-07-29T23:00:00Z
16.1002;0.0;0.0;0.0;19.050286865200007;0.5869755745;7.619690274426991;2022-07-30T00:00:00Z
39.550166666666655;0.0;0.0;0.0;18.5887695312;0.5869796872;7.775224243491642;2022-07-30T01:00:00Z
42.00023333333333;0.0;0.0;0.0;18.084558105500037;0.5869557261;6.5593397774243085;2022-07-30T02:00:00Z
34.06693333333334;0.0;0.0;0.0;17.63692626950001;0.5869529247;4.892191033306311;2022-07-30T03:00:00Z
26.950266666666664;0.0;0.0;3.2;17.32198486330003;0.58695364;4.3720652139372564;2022-07-30T04:00:00Z
36.75023333333333;0.0;0.0;26.666666666666668;17.57351074220003;0.5869559646;4.3186281035797505;2022-07-30T05:00:00Z
47.41686666666666;0.0;0.0;48.07111111111111;17.972558593800045;0.5869556069;3.9521960461205974;2022-07-30T06:00:00Z
70.41695;39.187111111111115;0.1199999999999999;119.66222222222223;18.95040283200001;0.5869681239;2.825051563639643;2022-07-30T07:00:00Z
65.6671;9.886777777777777;25.118;224.8;20.10714111330003;0.5870290995;2.7761563172686197;2022-07-30T08:00:00Z
62.16745;33.85977777777778;0.1199999999999999;314.70222222222225;20.991296386700014;0.5872487426;3.0828571860290803;2022-07-30T09:00:00Z
70.0;0.0;0.0;395.75111111111113;22.05294189450001;0.5869796276;3.1042309851243424;2022-07-30T10:00:00Z
70.00025;0.0;0.0;424.5155555555556;22.78322753910004;0.5869848132;3.855970689425711;2022-07-30T11:00:00Z
70.001;0.0;0.0;532.0533333333333;23.460992431600005;0.5869627595;3.758110877833664;2022-07-30T12:00:00Z
46.0014;0.0;0.0;598.4533333333334;24.002374267600032;0.5870664716;3.9335707501128288;2022-07-30T13:00:00Z
210.0018;0.0;0.0;457.6177777777778;23.91771850590004;0.587167263;4.027749204892624;2022-07-30T14:00:00Z
10.001999999999997;0.0;0.0;420.4977777777778;24.216333007800017;0.5870271325;3.3312697437606147;2022-07-30T15:00:00Z
214.66786666666664;0.0;0.0;362.29333333333335;24.104058837900027;0.5872357488;2.1266464857529823;2022-07-30T16:00:00Z
69.66793333333332;0.0;0.0;191.68;23.67580566410004;0.5873426199;1.2289256529325132;2022-07-30T17:00:00Z
506.15021666666667;0.0;0.0;118.77333333333333;22.756463623000002;0.5873158574;0.9228206862968376;2022-07-30T18:00:00Z
94.9667;0.0;0.0;15.608888888888888;20.044732666000016;0.5872324705;1.9249081225045421;2022-07-30T19:00:00Z
95.31685;0.0;0.0;0.0;18.439324951200035;0.5872210264;2.7699117967252036;2022-07-30T20:00:00Z
85.71696666666665;0.0;0.0;0.0;17.27053222660004;0.5872090459;2.957912634375143;2022-07-30T21:00:00Z
35.75246666666667;0.0;0.0;0.0;16.23464355470003;0.5872260928;1.1886164255628149;2022-07-30T22:00:00Z
62.618883333333336;0.0;0.0;0.0;15.483972168000037;0.5874004364;0.3032673021415858;2022-07-30T23:00:00Z
25.20038333333333;0.0;0.0;0.0;15.271936035200042;0.5873916745;0.5790335500711233;2022-07-31T00:00:00Z
34.65005;0.0;0.0;0.0;14.723779296900034;0.5872282386;0.7831203758996028;2022-07-31T01:00:00Z
32.31678333333333;0.0;0.0;0.0;14.106958007800017;0.5872464776;1.5979512422317297;2022-07-31T02:00:00Z
33.48345;0.0;0.0;0.0;13.55275878910004;0.5872471929;1.8391486351560085;2022-07-31T03:00:00Z
35.116683333333334;0.0;0.0;6.862222222222222;13.157922363300031;0.5872496367;1.580372981059622;2022-07-31T04:00:00Z
33.250183333333325;0.0;0.0;82.09777777777778;14.971276855500037;0.5873224139;1.3816555884080735;2022-07-31T05:00:00Z
21.933666666666667;0.0;0.0;212.21333333333334;17.978692627000044;0.5872069597;1.1571944327031434;2022-07-31T06:00:00Z
5.433533333333334;0.1199999999999999;25.118;336.58666666666664;20.312951660200042;0.587064743;1.825806345622983;2022-07-31T07:00:00Z
24.500816666666665;32.971888888888884;0.1199999999999999;498.4533333333333;22.467309570300017;0.5869870782;2.5819481985994344;2022-07-31T08:00:00Z
47.00038333333334;47.178111111111114;0.1199999999999999;598.72;24.164544677700007;0.5869625211;2.735835791158389;2022-07-31T09:00:00Z
54.00026666666666;0.0;0.0;731.5911111111111;25.4051757812;0.5875728726;2.418437988141537;2022-07-31T10:00:00Z
67.50025;0.0;0.0;708.0888888888888;26.25579223630001;0.5874062777;3.0465619404908395;2022-07-31T11:00:00Z
234.16773333333333;0.0;0.0;663.0222222222222;26.653894043000037;0.5870611072;3.0901519819019088;2022-07-31T12:00:00Z
411.66821666666664;0.0;0.0;553.5822222222222;26.870507812500023;0.5869729519;3.010448372609222;2022-07-31T13:00:00Z
79.16804999999998;0.0;0.0;502.22222222222223;27.473077392600032;0.5869566202;3.06146795113829;2022-07-31T14:00:00Z
330.6675;0.0;0.0;390.8977777777778;27.445703125000023;0.5869585276;3.110449056302994;2022-07-31T15:00:00Z
54.001266666666666;0.0;0.0;226.34666666666666;27.300683593800045;0.5869583488;3.080355916027104;2022-07-31T16:00:00Z
49.218383333333335;0.0;0.0;127.27111111111111;26.944726562500023;0.5869652629;2.535870984872877;2022-07-31T17:00:00Z
63.65113333333334;0.0;0.0;58.666666666666664;25.985681152300003;0.5870116353;2.010748928081686;2022-07-31T18:00:00Z
84.70061666666666;0.0;0.0;15.11111111111111;24.179589843800045;0.5870836973;2.7038245387770474;2022-07-31T19:00:00Z
86.73368333333333;0.0;0.0;0.0;22.31731567380001;0.5876238346;3.753666577610957;2022-07-31T20:00:00Z
82.11683333333333;0.0;0.0;0.0;21.760156250000023;0.5876025558;4.347121638645799;2022-07-31T21:00:00Z
64.01845;0.0;0.0;0.0;21.797265625000023;0.5869862437;5.000109911761502;2022-07-31T22:00:00Z
208.1017833333333;0.0;0.0;0.0;20.9188476562;0.5869805217;4.517136022452936;2022-07-31T23:00:00Z
26.833466666666663;0.0;0.0;0.0;20.063989257800017;0.5869777799;3.373762354823233;2022-08-01T00:00:00Z
41.41685;0.0;0.0;0.0;19.302819824200014;0.5874839425;4.3508632020324205;2022-08-01T01:00:00Z
40.71683333333333;0.0;0.0;0.0;18.767480468800045;0.5881716609;4.385640763455805;2022-08-01T02:00:00Z
41.766683333333326;0.0;0.0;0.0;18.488641357400013;0.5881703496;4.598030028982957;2022-08-01T03:00:00Z
35.583349999999996;0.0;0.0;2.168888888888889;18.397302246100026;0.5881394744;5.226208432177202;2022-08-01T04:00:00Z
36.283383333333326;0.0;0.0;40.01777777777778;18.961389160200042;0.588057816;4.939472839612328;2022-08-01T05:00:00Z
28.233416666666663;0.0;0.0;128.74666666666667;19.746453857400013;0.5879126191;4.974742277819684;2022-08-01T06:00:00Z
4.90005;29.42033333333333;0.1199999999999999;171.05777777777777;20.049890136700014;0.5880695581;5.097582586796551;2022-08-01T07:00:00Z
54.333533333333335;16.98988888888889;5.118999999999999;176.53333333333333;21.01925048830003;0.5883209109;5.108103847492779;2022-08-01T08:00:00Z
52.00046666666666;26.756666666666668;20.119;339.7688888888889;21.644311523400006;0.5878600478;5.291535293138998;2022-08-01T09:00:00Z
36.50068333333333;0.0;0.0;543.7511111111111;22.55666503910004;0.5876971483;4.460072907816353;2022-08-01T10:00:00Z
66.16698333333333;0.0;0.0;559.9111111111112;22.76729736330003;0.5876117945;5.9907975661689825;2022-08-01T11:00:00Z
362.00108333333327;0.0;0.0;521.6177777777777;22.85149536130001;0.5872488618;6.0187344180447075;2022-08-01T12:00:00Z
551.1678666666667;0.0;0.0;593.7066666666667;23.53679809570002;0.5870949626;6.1284850094038665;2022-08-01T13:00:00Z
67.83438333333334;0.0;0.0;394.2577777777778;23.714624023400006;0.5870370269;6.055539133586213;2022-08-01T14:00:00Z
37.00163333333333;0.0;0.0;333.1022222222222;23.696618652300003;0.5869984627;5.562902821698699;2022-08-01T15:00:00Z
91.3345;0.0;0.0;212.76444444444445;23.502526855500037;0.5869811177;5.215634465555113;2022-08-01T16:00:00Z
41.76791666666666;0.0;0.0;156.10666666666665;23.357720947300038;0.5869672894;4.885480437753425;2022-08-01T17:00:00Z
66.95041666666665;0.0;0.0;75.68;22.707818603500016;0.5869521499;4.333635278748818;2022-08-01T18:00:00Z
56.43388333333333;0.0;0.0;15.946666666666667;21.668115234400034;0.5869559646;4.15922578248998;2022-08-01T19:00:00Z
93.08338333333332;0.0;0.0;0.0;20.186975097700042;0.5869576335;4.126055437550212;2022-08-01T20:00:00Z
85.51681666666667;0.0;0.0;0.0;19.06124267580003;0.5869609118;3.9430267224342805;2022-08-01T21:00:00Z
83.20123333333333;0.0;0.0;0.0;17.89519653320002;0.5873423219;3.7219167525384846;2022-08-01T22:00:00Z
38.75111666666666;0.0;0.0;0.0;17.293725585900006;0.5873380303;3.7848183168221885;2022-08-01T23:00:00Z
24.150633333333328;0.0;0.0;0.0;16.769616699200014;0.5873487592;2.822199096423227;2022-08-02T00:00:00Z
34.533633333333334;0.0;0.0;0.0;15.840234375000023;0.5873286724;2.457138314889379;2022-08-02T01:00:00Z
34.76685;0.0;0.0;0.0;15.369836425800031;0.5872923136;2.7749362634531107;2022-08-02T02:00:00Z
27.3001;0.0;0.0;0.0;14.923547363300031;0.5873042345;2.1541645491097325;2022-08-02T03:00:00Z
29.400216666666665;0.0;0.0;4.8533333333333335;13.834741210900006;0.5873254538;1.7794210951664897;2022-08-02T04:00:00Z
32.200433333333336;0.0;0.0;68.48;15.519616699200014;0.5873059034;1.436859752171648;2022-08-02T05:00:00Z
27.26848333333333;0.0;0.0;175.84;17.21584472660004;0.5873297453;0.736918746428162;2022-08-02T06:00:00Z
12.6516;40.96288888888888;0.1199999999999999;200.7111111111111;19.273614502000044;0.5874191523;0.17550368178350925;2022-08-02T07:00:00Z
10.001;24.980888888888884;25.118;446.5777777777778;21.011834716800024;0.5870753527;1.2537567179046831;2022-08-02T08:00:00Z
15.000916666666665;13.438333333333333;0.1199999999999999;483.5911111111111;22.62105712890002;0.5869759917;2.987661722755132;2022-08-02T09:00:00Z
70.0;0.0;0.0;585.9733333333334;23.277856445300017;0.5869556069;2.6012863584620414;2022-08-02T10:00:00Z
336.66700000000003;0.0;0.0;685.2088888888889;24.563867187500023;0.5869532824;2.545395043956822;2022-08-02T11:00:00Z
70.001;0.0;0.0;752.8711111111111;25.94552001950001;0.5869508982;2.741833594463453;2022-08-02T12:00:00Z
70.001;0.0;0.0;745.0488888888889;27.026147460900006;0.5869506001;2.7439377453298173;2022-08-02T13:00:00Z
70.001;0.0;0.0;692.0711111111111;27.58223876950001;0.5869497657;2.980471651658556;2022-08-02T14:00:00Z
803.3336;0.0;0.0;569.92;27.777795410200042;0.5869499445;2.9780938006717856;2022-08-02T15:00:00Z
21.001816666666663;0.0;0.0;429.5111111111111;27.635583496100026;0.5869520903;2.6882058342900805;2022-08-02T16:00:00Z
67.0344;0.0;0.0;275.9822222222222;27.151452636700014;0.5869557858;2.737231244872456;2022-08-02T17:00:00Z
77.31738333333334;0.0;0.0;129.06666666666666;26.18459472660004;0.5870229006;1.7700277305503676;2022-08-02T18:00:00Z
71.65108333333333;0.0;0.0;21.90222222222222;24.23729858400003;0.5870444775;0.7580037067812397;2022-08-02T19:00:00Z
47.301583333333326;0.0;0.0;0.0;20.95137939450001;0.5869982243;0.7679281008596887;2022-08-02T20:00:00Z
23.35168333333333;0.0;0.0;0.0;19.644616699200014;0.5869532824;2.3464047979626663;2022-08-02T21:00:00Z
66.05216666666668;0.0;0.0;0.0;19.323114013700035;0.586950779;4.9435514927005615;2022-08-02T22:00:00Z
58.25261666666666;0.0;0.0;0.0;19.313623046900034;0.5869526267;4.840125053513155;2022-08-02T23:00:00Z
31.383516666666665;0.0;0.0;0.0;19.147851562500023;0.586950779;4.94059853029567;2022-08-03T00:00:00Z
30.3336;0.0;0.0;0.0;18.753381347700042;0.5869499445;5.114071175039409;2022-08-03T01:00:00Z
32.90006666666667;0.0;0.0;0.0;18.84786376950001;0.5869502425;5.34094018556586;2022-08-03T02:00:00Z
35.700199999999995;0.0;0.0;0.0;18.33001098630001;0.586951077;4.969025127874792;2022-08-03T03:00:00Z
36.633466666666656;0.0;0.0;4.071111111111111;17.80492553710002;0.5869545341;5.026561401418633;2022-08-03T04:00:00Z
28.5836;0.0;0.0;64.67555555555556;19.34539184570002;0.5869598389;4.767781259985712;2022-08-03T05:00:00Z
12.834533333333331;0.0;0.0;196.9777777777778;22.39943847660004;0.5869605541;3.8337159920335857;2022-08-03T06:00:00Z
0.001;36.52344444444444;0.1199999999999999;324.8355555555556;25.72045288090004;0.5869575143;2.8400375201420363;2022-08-03T07:00:00Z
4.6677833333333325;34.74766666666667;5.119;448.3911111111111;28.47854003910004;0.5869509578;3.0119265504800246;2022-08-03T08:00:00Z
61.00015;16.102;20.119;578.8266666666667;29.73067626950001;0.5869500041;3.0415094784664416;2022-08-03T09:00:00Z
25.834416666666662;0.0;0.0;701.6888888888889;30.555474853500016;0.5869566202;2.382534869252405;2022-08-03T10:00:00Z
8.834449999999999;0.0;0.0;755.7866666666666;31.47426757810001;0.5869535804;2.4940264877015994;2022-08-03T11:00:00Z
33.834516666666666;0.0;0.0;777.6355555555556;32.466577148400006;0.5869543552;2.4044815638564545;2022-08-03T12:00:00Z
186.00095;0.0;0.0;732.8177777777778;33.047906494100005;0.5869554281;2.3541599955605252;2022-08-03T13:00:00Z
134.0012;0.0;0.0;637.3511111111111;33.47579345700001;0.5869550109;2.421547260771922;2022-08-03T14:00:00Z
603.3338;0.0;0.0;524.0711111111111;33.677850341800024;0.5869579911;2.304318646278659;2022-08-03T15:00:00Z
320.00075000000004;0.0;0.0;391.62666666666667;33.49575195310001;0.5869714618;2.086754014466341;2022-08-03T16:00:00Z
72.05105;0.0;0.0;213.61777777777777;33.13219604490001;0.5870201588;1.6224528493411996;2022-08-03T17:00:00Z
81.55076666666668;0.0;0.0;96.05333333333333;31.74410400390002;0.5871253014;0.8227095812659952;2022-08-03T18:00:00Z
85.76716666666665;0.0;0.0;19.253333333333334;28.240777587900027;0.5869668722;0.7989252266821595;2022-08-03T19:00:00Z
82.43361666666665;0.0;0.0;0.0;25.537530517600032;0.5869539976;2.0860993666993966;2022-08-03T20:00:00Z
79.83374999999998;0.0;0.0;0.0;23.452722168000037;0.5869526863;3.1024698953493046;2022-08-03T21:00:00Z
35.05193333333333;0.0;0.0;0.0;23.229638671900034;0.5869688988;2.715340369254933;2022-08-03T22:00:00Z
20.53545;0.0;0.0;0.0;21.725183105500037;0.5869792104;3.0177964414123575;2022-08-03T23:00:00Z
24.9672;0.0;0.0;0.0;20.423699951200035;0.5869635344;3.2883383872747216;2022-08-04T00:00:00Z
22.984316666666665;0.0;0.0;0.0;20.060876464800003;0.5869535208;3.5075496212515196;2022-08-04T01:00:00Z
31.03355;0.0;0.0;0.0;19.46215209960002;0.5869531631;3.67623319894254;2022-08-04T02:00:00Z
30.683566666666668;0.0;0.0;0.0;19.2215820312;0.5869538784;3.4198966624299945;2022-08-04T03:00:00Z
33.60015;0.0;0.0;3.911111111111111;19.26296386720003;0.5869548321;3.163422894429503;2022-08-04T04:00:00Z
34.533366666666666;0.0;0.0;71.68;21.45116577150003;0.5869877338;3.024885026568635;2022-08-04T05:00:00Z
33.36705;0.0;0.0;194.24;24.551263427700007;0.5869877338;2.7876572456918596;2022-08-04T06:00:00Z
42.26756666666667;57.83277777777778;5.118999999999999;349.28;27.643701171900034;0.5869777203;1.8197035595510755;2022-08-04T07:00:00Z
57.00021666666667;16.98988888888889;0.1199999999999999;492.65777777777777;30.30367431640002;0.5869631171;2.0873195659707906;2022-08-04T08:00:00Z
64.16725;5.447333333333333;20.119;617.2444444444444;32.61687622070002;0.5869582891;2.224968114513404;2022-08-04T09:00:00Z
59.00085;0.0;0.0;703.5733333333334;34.33394775390002;0.5869615674;3.764636991911129;2022-08-04T10:00:00Z
56.00141666666666;0.0;0.0;749.6533333333333;35.41402587890002;0.5869765878;4.446772548900817;2022-08-04T11:00:00Z
60.002;0.0;0.0;777.44;36.33348999020001;0.5869945288;4.725827573032317;2022-08-04T12:00:00Z
651.3346833333334;0.0;0.0;749.2977777777778;36.81188354490001;0.5869944096;5.223101578225083;2022-08-04T13:00:00Z
53.001283333333326;0.0;0.0;657.7422222222223;37.113153076200035;0.5869880915;5.200421778240497;2022-08-04T14:00:00Z
63.00111666666666;0.0;0.0;511.62666666666667;37.13320312500002;0.5869714022;4.795424232714972;2022-08-04T15:00:00Z
51.00131666666665;0.0;0.0;357.6533333333333;36.96645507810001;0.5869618058;4.576935623051051;2022-08-04T16:00:00Z
71.98463333333333;0.0;0.0;197.76;36.28670654300004;0.5869506598;3.9721731201339185;2022-08-04T17:00:00Z
56.418533333333336;0.0;0.0;89.81333333333333;33.598504638700035;0.586973846;2.045393317538521;2022-08-04T18:00:00Z
50.93498333333333;0.0;0.0;11.626666666666667;29.88594970700001;0.5869498849;2.687948763699145;2022-08-04T19:00:00Z
68.83376666666666;0.0;0.0;0.0;29.22191772460002;0.5869532228;5.060397459934476;2022-08-04T20:00:00Z
70.28426666666667;0.0;0.0;0.0;28.491052246100026;0.5869576335;6.347433200504184;2022-08-04T21:00:00Z
290.43515;0.0;0.0;0.0;27.81029663090004;0.5870677233;7.411617681229901;2022-08-04T22:00:00Z
51.03536666666666;0.0;0.0;0.0;26.854943847700042;0.5870329738;6.283762925228659;2022-08-04T23:00:00Z
0.0;0.0;0.0;0.0;25.70403442380001;0.5870143175;3.923232682974463;2022-08-05T00:00:00Z
0.0;0.0;0.0;0.0;23.948571777300003;0.5870085359;3.9191405189323048;2022-08-05T01:00:00Z
0.0;0.0;0.0;0.0;22.93578491210002;0.5870478749;4.126415719993583;2022-08-05T02:00:00Z
0.0;0.0;0.0;0.0;22.2567382812;0.5871548057;3.758296389533285;2022-08-05T03:00:00Z
0.0;0.0;0.0;3.0933333333333333;22.586053466800024;0.5872240663;2.1063133213089698;2022-08-05T04:00:00Z
0.0;0.0;0.0;60.8;23.377740478500016;0.5871521831;3.85959228596909;2022-08-05T05:00:00Z
0.0;0.0;0.0;179.37777777777777;24.410913085900006;0.5871208906;5.991307731376066;2022-08-05T06:00:00Z
0.0;57.83277777777778;20.119;238.20444444444445;25.422204589800003;0.5870584846;5.7202666438963;2022-08-05T07:00:00Z
0.0;24.093;5.119;336.78222222222223;26.0516601562;0.5869876742;3.964525454132907;2022-08-05T08:00:00Z
0.0;0.1199999999999999;0.1199999999999999;356.56888888888886;26.395898437500023;0.5869613886;3.203979068815155;2022-08-05T09:00:00Z
0.0;0.0;0.0;315.71555555555557;24.46999511720003;0.5893698931;4.434964192862038;2022-08-05T10:00:00Z
0.0;0.0;0.0;218.93333333333334;23.70119628910004;0.5886493921;2.8608851335995698;2022-08-05T11:00:00Z
0.0;0.0;0.0;336.19555555555553;24.755029296900034;0.5881882906;0.7092893481015662;2022-08-05T12:00:00Z
0.0;0.0;0.0;435.87555555555554;25.595239257800017;0.5876622796;0.5756839852109406;2022-08-05T13:00:00Z
0.0;0.0;0.0;425.70666666666665;25.727990722700042;0.5889155269;5.901509047765837;2022-08-05T14:00:00Z
0.0;0.0;0.0;343.5911111111111;25.222009277300003;0.5893110633;8.17632976664338;2022-08-05T15:00:00Z
0.0;0.0;0.0;224.0;23.71682128910004;0.5896972418;6.9527497399294464;2022-08-05T16:00:00Z
0.0;0.0;0.0;122.91555555555556;22.263787841800024;0.5907703638;7.914201034331263;2022-08-05T17:00:00Z
0.0;0.0;0.0;58.48888888888889;20.58883056640002;0.5901869535;6.702649138153545;2022-08-05T18:00:00Z
0.0;0.0;0.0;4.533333333333333;19.213037109400034;0.5896351337;6.225754346027517;2022-08-05T19:00:00Z
0.0;0.0;0.0;0.0;18.38381347660004;0.5896351337;6.092993102724624;2022-08-05T20:00:00Z
0.0;0.0;0.0;0.0;17.751519775400027;0.5896172523;5.788297734972977;2022-08-05T21:00:00Z
0.0;0.0;0.0;0.0;17.268640136700014;0.5882121921;6.114966776707001;2022-08-05T22:00:00Z
0.0;0.0;0.0;0.0;16.568200683600026;0.5880253911;7.748952398837081;2022-08-05T23:00:00Z
30.333566666666663;0.0;0.0;0.0;15.480065918000037;0.587757349;7.421729105334695;2022-08-06T00:00:00Z
35.350183333333334;0.0;0.0;0.0;14.292565918000037;0.5875790715;6.719219037406806;2022-08-06T01:00:00Z
33.250299999999996;0.0;0.0;0.0;13.548120117200028;0.5874723196;6.7757093405811935;2022-08-06T02:00:00Z
34.18345;0.0;0.0;0.0;12.88860473630001;0.5873993635;6.57271199263514;2022-08-06T03:00:00Z
35.70035;0.0;0.0;3.111111111111111;12.429895019500009;0.5873457193;6.203591002580713;2022-08-06T04:00:00Z
38.283783333333325;0.0;0.0;69.97333333333333;12.803918457000009;0.5872972012;5.947323845477604;2022-08-06T05:00:00Z
77.9671;0.0;0.0;203.94666666666666;14.317224121100026;0.5871990919;6.2392172931798;2022-08-06T06:00:00Z
7.2344833333333325;12.550444444444445;0.1199999999999999;309.1911111111111;16.007287597700042;0.5870784521;5.6520582212896295;2022-08-06T07:00:00Z
5.6677833333333325;18.765666666666664;25.118;474.4711111111111;17.660241699200014;0.5870193839;5.347580856280282;2022-08-06T08:00:00Z
10.001;54.28122222222223;0.1199999999999999;567.6444444444444;18.89815673830003;0.5869826674;4.727900870356551;2022-08-06T09:00:00Z
8.167849999999998;0.0;0.0;639.6444444444444;20.08980712890002;0.5869688392;4.2844201862825475;2022-08-06T10:00:00Z
52.168183333333324;0.0;0.0;595.3777777777777;20.577661132800017;0.5869646668;4.2785260187598375;2022-08-06T11:00:00Z
932.0006;0.0;0.0;470.4888888888889;21.05568847660004;0.5869638324;4.18611599170817;2022-08-06T12:00:00Z
280.66805;0.0;0.0;465.38666666666666;21.512200927700007;0.5869855881;5.060438811427291;2022-08-06T13:00:00Z
68.50115;0.0;0.0;480.8888888888889;22.20406494140002;0.586982131;4.801074490166946;2022-08-06T14:00:00Z
66.50135;0.0;0.0;381.81333333333333;22.36525878910004;0.5869826674;4.868187734663336;2022-08-06T15:00:00Z
69.16775;0.0;0.0;311.64444444444445;22.20119628910004;0.5869832039;5.101296427424159;2022-08-06T16:00:00Z
64.48475;0.0;0.0;216.01777777777778;21.69649658200001;0.5869761109;5.043648871541911;2022-08-06T17:00:00Z
33.751866666666665;0.0;0.0;97.81333333333333;20.82912597660004;0.5869598985;4.794017295586551;2022-08-06T18:00:00Z
86.217;0.0;0.0;17.68888888888889;18.13051757810001;0.5869503617;4.274714750233394;2022-08-06T19:00:00Z
86.50045;0.0;0.0;0.0;14.772882080100032;0.5869551301;3.7011524822538093;2022-08-06T20:00:00Z
84.50064999999998;0.0;0.0;0.0;14.109521484400034;0.5869717002;2.8990204131445574;2022-08-06T21:00:00Z
89.96773333333331;0.0;0.0;0.0;13.011010742200028;0.5869608521;3.314909865885654;2022-08-06T22:00:00Z
19.169333333333327;0.0;0.0;0.0;12.140435791000016;0.5869578123;3.5512983636384736;2022-08-06T23:00:00Z
29.9836;0.0;0.0;0.0;11.811791992200028;0.5869627595;3.5635765746014982;2022-08-07T00:00:00Z
38.3835;0.0;0.0;0.0;11.543054199200014;0.5869832635;2.896477334769042;2022-08-07T01:00:00Z
33.95023333333333;0.0;0.0;0.0;10.158410644500009;0.5869688392;3.062742331385447;2022-08-07T02:00:00Z
35.35015;0.0;0.0;0.0;8.963708496100026;0.5869780183;2.9649742989279733;2022-08-07T03:00:00Z
34.41675;0.0;0.0;2.577777777777778;8.749108886700014;0.5869787335;2.7725450444763426;2022-08-07T04:00:00Z
31.616983333333334;0.0;0.0;66.7911111111111;11.286798095700021;0.5869833827;2.957808387739228;2022-08-07T05:00:00Z
29.633383333333327;0.0;0.0;187.39555555555555;15.30373535160004;0.5869774222;2.1124912630438875;2022-08-07T06:00:00Z
18.300916666666662;13.438333333333333;0.1199999999999999;294.11555555555555;18.476464843800045;0.5869778991;1.7908206146151626;2022-08-07T07:00:00Z
0.1686499999999999;5.447333333333333;0.1199999999999999;425.3333333333333;20.465234375000023;0.5870166421;1.2647022577919218;2022-08-07T08:00:00Z
70.0;56.94488888888888;25.118;543.8933333333333;21.465661621100026;0.5871681571;0.5652500428700038;2022-08-07T09:00:00Z
62.6674;0.0;0.0;544.96;21.806024169900013;0.5870723724;0.828466617789834;2022-08-07T10:00:00Z
69.3334;0.0;0.0;500.97777777777776;22.360955810500002;0.5871604085;0.5595928808789151;2022-08-07T11:00:00Z
70.00053333333334;0.0;0.0;358.5777777777778;22.656732177700007;0.5871320367;0.4872863803009022;2022-08-07T12:00:00Z
60.00116666666666;0.0;0.0;311.85777777777776;23.13668212890002;0.5871433616;0.7595765344681491;2022-08-07T13:00:00Z
40.66826666666666;0.0;0.0;332.87111111111113;23.627282714800003;0.5871214867;0.8716435396804608;2022-08-07T14:00:00Z
381.33445;0.0;0.0;389.5466666666667;24.37276611330003;0.5869784951;1.9633237315615295;2022-08-07T15:00:00Z
175.16795;0.0;0.0;276.28444444444443;23.988763427700007;0.586961329;2.651775680854833;2022-08-07T16:00:00Z
34.234700000000004;0.0;0.0;218.34666666666666;23.54027709960002;0.5869578719;3.9330396547690962;2022-08-07T17:00:00Z
85.16683333333333;0.0;0.0;85.88444444444444;22.65352783200001;0.5869587064;4.550145080445343;2022-08-07T18:00:00Z
79.05056666666665;0.0;0.0;14.151111111111112;20.081445312500023;0.5869529247;4.64914179881968;2022-08-07T19:00:00Z
85.21715;0.0;0.0;0.0;17.91378173830003;0.5869504809;4.7188574426781305;2022-08-07T20:00:00Z
77.55044999999998;0.0;0.0;0.0;16.653863525400027;0.5869511366;5.516172767812183;2022-08-07T21:00:00Z
535.5011;0.0;0.0;0.0;15.443231201200035;0.5869500637;5.2905446925509505;2022-08-07T22:00:00Z
188.0016;0.0;0.0;0.0;14.996667480500037;0.5869506598;4.850053594929046;2022-08-07T23:00:00Z
28.933466666666664;0.0;0.0;0.0;13.903161621100026;0.586951077;4.746468980826899;2022-08-08T00:00:00Z
32.66673333333333;0.0;0.0;0.0;12.714135742200028;0.5869513154;4.458540294478789;2022-08-08T01:00:00Z
34.65011666666667;0.0;0.0;0.0;11.598229980500037;0.5869649649;3.2185941240452323;2022-08-08T02:00:00Z
33.60021666666667;0.0;0.0;0.0;11.366601562500023;0.5869657993;1.8519662624198328;2022-08-08T03:00:00Z
41.5334;0.0;0.0;2.008888888888889;10.850946044900013;0.586961329;1.4297105997416315;2022-08-08T04:00:00Z
46.00021666666667;0.0;0.0;57.68888888888889;12.890252685500002;0.5869941711;1.153389376010878;2022-08-08T05:00:00Z
48.5;0.0;0.0;194.64888888888888;16.192895507800017;0.5870028734;1.698389792393455;2022-08-08T06:00:00Z
18.400616666666668;45.40233333333333;0.1199999999999999;312.32;19.652856445300017;0.5869890451;1.5142738164142326;2022-08-08T07:00:00Z
64.0001;32.084;20.119;457.99111111111114;22.492333984400034;0.5869622231;2.0504087159874476;2022-08-08T08:00:00Z
70.0;4.559444444444444;5.119;568.1777777777778;24.026452636700014;0.5869586468;2.1639265129355367;2022-08-08T09:00:00Z
70.0;0.0;0.0;662.56;25.127465820300017;0.5871114731;0.8005598285449155;2022-08-08T10:00:00Z
60.3343;0.0;0.0;604.8;25.683465576200035;0.5871421695;0.7001606604589872;2022-08-08T11:00:00Z
60.00176666666666;0.0;0.0;407.68;25.99282226560001;0.5870479941;1.1092085992809506;2022-08-08T12:00:00Z
169.66944999999998;0.0;0.0;359.87555555555554;26.266687011700014;0.586992383;1.5392082649475227;2022-08-08T13:00:00Z
87.00151666666667;0.0;0.0;359.84;26.269616699200014;0.5869650841;2.0023615435006787;2022-08-08T14:00:00Z
686.66705;0.0;0.0;314.52444444444444;25.967309570300017;0.5869565606;2.5322735673299532;2022-08-08T15:00:00Z
220.00085;0.0;0.0;268.0888888888889;25.521264648400006;0.5869590044;3.991634175427116;2022-08-08T16:00:00Z
220.00063333333333;0.0;0.0;145.42222222222222;24.85842285160004;0.5869690776;4.899979337027638;2022-08-08T17:00:00Z
75.4835;0.0;0.0;73.86666666666666;23.886102294900013;0.5869578719;5.216369235793453;2022-08-08T18:00:00Z
30.83438333333333;0.0;0.0;11.964444444444444;22.092126464800003;0.5869583488;5.815370428632382;2022-08-08T19:00:00Z
83.85009999999998;0.0;0.0;0.0;20.435449218800045;0.5869597793;6.102349419610806;2022-08-08T20:00:00Z
36.86815;0.0;0.0;0.0;19.250451660200042;0.5869579911;6.176690780342699;2022-08-08T21:00:00Z
61.08568333333333;0.0;0.0;0.0;17.922998046900034;0.5869549513;6.228525279709396;2022-08-08T22:00:00Z
39.035916666666665;0.0;0.0;0.0;17.151208496100026;0.5869498849;5.2895792448120975;2022-08-08T23:00:00Z
32.31713333333333;0.0;0.0;0.0;16.418481445300017;0.5869508982;4.946158629613832;2022-08-09T00:00:00Z
33.133700000000005;0.0;0.0;0.0;15.91185913090004;0.5869535208;4.711596198049038;2022-08-09T01:00:00Z
34.0668;0.0;0.0;0.0;15.535729980500037;0.5869573951;4.452436372047282;2022-08-09T02:00:00Z
34.5334;0.0;0.0;0.0;15.477716064500044;0.586961031;4.266013386796765;2022-08-09T03:00:00Z
32.55041666666666;0.0;0.0;0.9244444444444444;15.683984375000023;0.5869590044;4.324272929538337;2022-08-09T04:00:00Z
35.58338333333333;0.0;0.0;29.031111111111112;15.824029541000016;0.5869536996;4.3944866820718715;2022-08-09T05:00:00Z
22.984166666666663;0.0;0.0;84.51555555555555;17.18282470700001;0.5869508386;3.74979386586913;2022-08-09T06:00:00Z
33.1338;34.74766666666666;0.1199999999999999;210.52444444444444;19.174951171900034;0.5869545937;3.9040407347156343;2022-08-09T07:00:00Z
50.66735;27.644555555555556;20.119;262.18666666666667;21.650964355500037;0.5869548321;3.7619857625251454;2022-08-09T08:00:00Z
70.0;12.550444444444445;5.119;369.26222222222225;23.628778076200035;0.5869500041;2.9336751737519693;2022-08-09T09:00:00Z
8.501316666666668;0.0;0.0;558.0088888888889;24.890100097700042;0.5869506598;3.197752229203938;2022-08-09T10:00:00Z
402.0012;0.0;0.0;669.1555555555556;25.901940918000037;0.5869513154;2.5521866863460567;2022-08-09T11:00:00Z
569.6682666666667;0.0;0.0;709.1555555555556;26.647790527300003;0.5869508386;2.561996380395246;2022-08-09T12:00:00Z
61.83515;0.0;0.0;446.24;26.518884277300003;0.5869506001;2.8136034563322485;2022-08-09T13:00:00Z
70.001;0.0;0.0;373.17333333333335;26.505639648400006;0.5869541168;3.3898234037007215;2022-08-09T14:00:00Z
70.001;0.0;0.0;282.1511111111111;26.226708984400034;0.5869651437;4.243092742790702;2022-08-09T15:00:00Z
220.00085;0.0;0.0;190.70222222222222;25.8954101562;0.5869770646;4.743209549637862;2022-08-09T16:00:00Z
74.31775;0.0;0.0;136.5688888888889;25.37859497070002;0.5869889259;5.60688687306065;2022-08-09T17:00:00Z
85.40028333333333;0.0;0.0;66.4;24.34273681640002;0.5869803429;6.265828040038947;2022-08-09T18:00:00Z
64.36748333333333;0.0;0.0;12.035555555555556;22.40395507810001;0.5869832039;7.0161596540485105;2022-08-09T19:00:00Z
38.001;0.0;0.0;0.0;20.576501464800003;0.5869786739;7.052176421062185;2022-08-09T20:00:00Z
59.067483333333335;0.0;0.0;0.0;19.178063964800003;0.5869628787;6.530893703277533;2022-08-09T21:00:00Z
50.76823333333333;0.0;0.0;0.0;17.889031982400013;0.5869604945;6.621408128228748;2022-08-09T22:00:00Z
22.301466666666663;0.0;0.0;0.0;17.05953369140002;0.5869506001;5.652628296489493;2022-08-09T23:00:00Z
27.416866666666667;0.0;0.0;0.0;16.012261962900027;0.5869501829;4.980941204987183;2022-08-10T00:00:00Z
33.60028333333333;0.0;0.0;0.0;15.357019043000037;0.5869526267;4.587354658205985;2022-08-10T01:00:00Z
36.05011666666666;0.0;0.0;0.0;14.819421386700014;0.5869579911;4.402633321188875;2022-08-10T02:00:00Z
40.1336;0.0;0.0;0.0;14.171960449200014;0.5869671702;4.80236136152108;2022-08-10T03:00:00Z
41.88335;0.0;0.0;1.3333333333333333;13.647729492200028;0.5869837999;5.0735760215618395;2022-08-10T04:00:00Z
41.533583333333326;0.0;0.0;50.18666666666667;14.657006835900006;0.5869863033;4.744208645924253;2022-08-10T05:00:00Z
35.00106666666667;0.0;0.0;163.71555555555557;17.38643798830003;0.5869781971;3.5084563655211403;2022-08-10T06:00:00Z
43.483916666666666;24.980888888888888;20.119;341.92;19.931756591800024;0.586966157;3.0850000022638273;2022-08-10T07:00:00Z
29.33406666666667;22.31722222222222;0.1199999999999999;493.5111111111111;22.56075439450001;0.5869571567;2.8074947714212457;2022-08-10T08:00:00Z
64.83385;36.52344444444444;5.119;615.1466666666666;24.54168090820002;0.5869543552;2.6313607849070038;2022-08-10T09:00:00Z
69.50005;0.0;0.0;691.3422222222222;25.40596923830003;0.586977005;1.9989734625219646;2022-08-10T10:00:00Z
70.0;0.0;0.0;760.64;26.507928466800024;0.5870153308;1.3951493297892663;2022-08-10T11:00:00Z
48.00131666666666;0.0;0.0;696.1422222222222;27.439843750000023;0.587069869;0.9424092669879726;2022-08-10T12:00:00Z
39.00151666666667;0.0;0.0;624.7644444444444;28.18618164060001;0.5870649815;1.017267908690886;2022-08-10T13:00:00Z
22.0018;0.0;0.0;603.5733333333334;28.82418212890002;0.5870425701;1.1675458278310578;2022-08-10T14:00:00Z
429.66741666666667;0.0;0.0;440.74666666666667;28.984521484400034;0.5870180726;1.2868579990569498;2022-08-10T15:00:00Z
53.001283333333326;0.0;0.0;328.8;28.839746093800045;0.586990118;1.680532972965471;2022-08-10T16:00:00Z
70.11723333333333;0.0;0.0;219.2;28.285302734400034;0.5869591236;2.5590424911930736;2022-08-10T17:00:00Z
80.45028333333333;0.0;0.0;102.06222222222222;26.98458251950001;0.5869508386;4.230458910065479;2022-08-10T18:00:00Z
83.68381666666666;0.0;0.0;11.2;23.811975097700042;0.5869552493;6.049245908329408;2022-08-10T19:00:00Z
79.43356666666665;0.0;0.0;0.0;21.947381591800024;0.5869649649;6.955346843159722;2022-08-10T20:00:00Z
41.50093333333333;0.0;0.0;0.0;20.598718261700014;0.5869657397;7.042820792205227;2022-08-10T21:00:00Z
432.1175;0.0;0.0;0.0;19.620965576200035;0.5869683623;7.327072851498468;2022-08-10T22:00:00Z
350.25126666666665;0.0;0.0;0.0;18.540917968800045;0.5869581103;6.784733518218789;2022-08-10T23:00:00Z
28.70025;0.0;0.0;0.0;17.949609375000023;0.5869517922;6.121863226439896;2022-08-11T00:00:00Z
31.966833333333334;0.0;0.0;0.0;17.351892089800003;0.5869501233;5.414809085469288;2022-08-11T01:00:00Z
34.416799999999995;0.0;0.0;0.0;16.429833984400034;0.5869503617;5.0705224537395;2022-08-11T02:00:00Z
34.41675;0.0;0.0;0.0;15.572717285200042;0.5869515538;4.511272563816411;2022-08-11T03:00:00Z
32.316733333333325;0.0;0.0;1.0666666666666667;15.006341552700007;0.586951375;4.296006161734728;2022-08-11T04:00:00Z
33.133783333333334;0.0;0.0;57.79555555555555;16.447351074200014;0.5869629979;4.160294625000791;2022-08-11T05:00:00Z
61.55125;0.0;0.0;185.9911111111111;19.567224121100026;0.5869559646;3.001503625393559;2022-08-11T06:00:00Z
59.96735;6.335222222222222;20.119;338.00888888888886;22.377404785200042;0.5869546533;2.5376085498330236;2022-08-11T07:00:00Z
70.0;29.42033333333333;0.1199999999999999;485.8488888888889;24.926599121100026;0.5869581103;2.253031758739105;2022-08-11T08:00:00Z
28.0007;40.96288888888889;5.118999999999999;613.8666666666667;26.86934814450001;0.5869614482;2.101839141835307;2022-08-11T09:00:00Z
62.00013333333333;0.0;0.0;705.6711111111111;27.765954589800003;0.5869545341;2.3820148990817174;2022-08-11T10:00:00Z
65.6674;0.0;0.0;712.0355555555556;28.461267089800003;0.5869516134;2.5352007551205;2022-08-11T11:00:00Z
70.001;0.0;0.0;724.0;29.226403808600026;0.5869514346;2.577523780049768;2022-08-11T12:00:00Z
70.001;0.0;0.0;699.2355555555556;29.710046386700014;0.5869528651;2.418940024461626;2022-08-11T13:00:00Z
61.83515;0.0;0.0;634.4;30.02440795900003;0.5869501233;2.8602799070827056;2022-08-11T14:00:00Z
51.50185;0.0;0.0;527.4844444444444;30.074822998000002;0.5869511366;3.123943070939742;2022-08-11T15:00:00Z
67.6679;0.0;0.0;386.82666666666665;29.730310058600026;0.5869568586;3.8711116803592054;2022-08-11T16:00:00Z
364.00233333333335;0.0;0.0;237.93777777777777;29.023828125000023;0.5869599581;4.4234251660719;2022-08-11T17:00:00Z
53.3673;0.0;0.0;98.34666666666666;27.822442627000044;0.5869511962;4.776613875042998;2022-08-11T18:00:00Z
90.1501;0.0;0.0;9.404444444444444;25.18947753910004;0.5869541764;5.806422476025012;2022-08-11T19:00:00Z
86.83374999999998;0.0;0.0;0.0;22.846032714800003;0.5869610906;6.906630170908977;2022-08-11T20:00:00Z
74.7671;0.0;0.0;0.0;21.27117309570002;0.586961627;7.185071071153144;2022-08-11T21:00:00Z
62.268516666666656;0.0;0.0;0.0;20.2567382812;0.5869564414;6.751714316579013;2022-08-11T22:00:00Z
521.8351499999999;0.0;0.0;0.0;18.923669433600026;0.5869519711;5.9967565009285;2022-08-11T23:00:00Z
0.0;0.0;0.0;0.0;17.615014648400006;0.5869500637;5.405254810200479;2022-08-12T00:00:00Z
0.0;0.0;0.0;0.0;16.421350097700042;0.5869498849;4.94779434820999;2022-08-12T01:00:00Z
0.0;0.0;0.0;0.0;15.408044433600026;0.5869502425;4.623930575233523;2022-08-12T02:00:00Z
0.0;0.0;0.0;0.0;14.721276855500037;0.5869501233;4.160304323881215;2022-08-12T03:00:00Z
0.0;0.0;0.0;0.8;14.448632812500023;0.5869511962;3.892365797533311;2022-08-12T04:00:00Z
0.0;0.0;0.0;55.28888888888889;16.124597168000037;0.5869675875;3.917093742196416;2022-08-12T05:00:00Z
0.0;0.0;0.0;182.73777777777778;19.795434570300017;0.5869653821;3.4125131568083096;2022-08-12T06:00:00Z
0.0;19.653555555555553;0.1199999999999999;333.8311111111111;23.036584472700042;0.5869510174;3.010540563257297;2022-08-12T07:00:00Z
0.0;32.084;0.1199999999999999;480.4088888888889;25.374169921900034;0.5869611502;3.9188427838504984;2022-08-12T08:00:00Z
0.0;28.532444444444444;25.118;596.1422222222222;26.842858886700014;0.5869881511;5.0491407080654245;2022-08-12T09:00:00Z
0.0;0.0;0.0;703.7688888888889;28.469262695300017;0.5869651437;4.0765938880004455;2022-08-12T10:00:00Z
0.0;0.0;0.0;630.6666666666666;29.00509033200001;0.5869851112;4.986667385391141;2022-08-12T11:00:00Z
0.0;0.0;0.0;323.21777777777777;28.77755126950001;0.5869904757;5.402255257776831;2022-08-12T12:00:00Z
0.0;0.0;0.0;312.37333333333333;29.03322753910004;0.586981535;5.240042244940898;2022-08-12T13:00:00Z
0.0;0.0;0.0;146.06222222222223;28.814050293000037;0.5869708657;4.859613229473514;2022-08-12T14:00:00Z
0.0;0.0;0.0;157.20888888888888;28.825341796900034;0.5869701505;4.749948769460706;2022-08-12T15:00:00Z
0.0;0.0;0.0;164.44444444444446;28.967248535200042;0.5869765878;5.129204660102244;2022-08-12T16:00:00Z
0.0;0.0;0.0;115.04;28.41958007810001;0.5869662762;5.300840566122492;2022-08-12T17:00:00Z
0.0;0.0;0.0;54.84444444444444;27.585839843800045;0.5869511366;4.677486834972712;2022-08-12T18:00:00Z
0.0;0.0;0.0;6.613333333333333;25.436029052700007;0.5869501829;4.582086584821287;2022-08-12T19:00:00Z
0.0;0.0;0.0;0.0;23.156701660200042;0.5869504213;4.719479824656942;2022-08-12T20:00:00Z
0.0;0.0;0.0;0.0;21.663507080100032;0.5869499445;5.049092502977572;2022-08-12T21:00:00Z
0.0;0.0;0.0;0.0;21.048608398400006;0.5869548917;6.0511959060061;2022-08-12T22:00:00Z
0.0;0.0;0.0;0.0;20.029382324200014;0.5869532824;5.7837430375172625;2022-08-12T23:00:00Z
21.0004;0.0;0.0;0.0;19.110681152300003;0.5869527459;5.4493050983615845;2022-08-13T00:00:00Z
34.30016666666667;0.0;0.0;0.0;18.2079101562;0.5869517922;5.445003785080417;2022-08-13T01:00:00Z
35.0;0.0;0.0;0.0;17.669305419900013;0.5869514346;5.508960026234848;2022-08-13T02:00:00Z
37.6835;0.0;0.0;0.0;17.466699218800045;0.5869513154;5.702027065723179;2022-08-13T03:00:00Z
37.91686666666666;0.0;0.0;0.5333333333333333;17.180810546900034;0.5869519114;5.344640337687372;2022-08-13T04:00:00Z
42.0;0.0;0.0;48.17777777777778;18.056542968800045;0.5869581103;4.60961216548189;2022-08-13T05:00:00Z
46.35146666666667;0.0;0.0;168.7288888888889;20.485192871100026;0.586989224;3.669382990753868;2022-08-13T06:00:00Z
12.385133333333332;23.205111111111112;20.119;285.24444444444447;22.624871826200035;0.5870749354;3.4773581109648783;2022-08-13T07:00:00Z
70.0;28.532444444444444;0.1199999999999999;318.18666666666667;24.151757812500023;0.5870186687;4.4610494225504045;2022-08-13T08:00:00Z
63.16735;33.85977777777778;5.118999999999999;257.3688888888889;25.567773437500023;0.5870085359;5.561710899592066;2022-08-13T09:00:00Z
60.001;0.0;0.0;211.62666666666667;23.997521972700042;0.5894063711;4.492453970729039;2022-08-13T10:00:00Z
67.834;0.0;0.0;169.49333333333334;24.36718139650003;0.5910613537;3.2435166163009126;2022-08-13T11:00:00Z
68.6678;0.0;0.0;448.74666666666667;26.544274902300003;0.5916108489;2.9822587482201803;2022-08-13T12:00:00Z
378.1682;0.0;0.0;414.08;27.806970214800003;0.59044981;2.929024569983819;2022-08-13T13:00:00Z
888.3341666666668;0.0;0.0;459.53777777777776;29.015924072300038;0.5888491869;3.091676566740697;2022-08-13T14:00:00Z
12.001966666666666;0.0;0.0;357.1911111111111;29.017480468800045;0.587821424;3.2942325692566867;2022-08-13T15:00:00Z
10.001999999999997;0.0;0.0;246.73777777777778;29.200372314500044;0.5874167085;3.1875461794735886;2022-08-13T16:00:00Z
10.001533333333333;0.0;0.0;97.08444444444444;28.49022827150003;0.5872889757;2.38752210924554;2022-08-13T17:00:00Z
77.8675;0.0;0.0;29.93777777777778;26.768151855500037;0.587256372;1.5522081222404671;2022-08-13T18:00:00Z
67.96726666666666;0.0;0.0;6.204444444444444;25.352899169900013;0.5872434378;0.3060243634008027;2022-08-13T19:00:00Z
90.76668333333332;0.0;0.0;0.0;23.163262939500044;0.5872446299;1.8057654016850113;2022-08-13T20:00:00Z
83.76723333333332;0.0;0.0;0.0;21.70705566410004;0.5872247219;3.018706976639651;2022-08-13T21:00:00Z
81.00201666666666;0.0;0.0;0.0;21.33559570310001;0.5924918056;1.8258177141350251;2022-08-13T22:00:00Z
32.852066666666666;0.0;0.0;0.0;19.646081543000037;0.5926399231;2.529432619542074;2022-08-13T23:00:00Z
17.851166666666668;0.0;0.0;0.0;18.914575195300017;0.5923778415;3.4149520758770153;2022-08-14T00:00:00Z
36.40035;0.0;0.0;0.0;18.26680908200001;0.5923227072;3.131111028458251;2022-08-14T01:00:00Z
34.76703333333333;0.0;0.0;0.0;18.255639648400006;0.5923448205;2.7233377712730493;2022-08-14T02:00:00Z
33.83351666666667;0.0;0.0;0.0;18.24996337890002;0.5923472047;2.0887933242332206;2022-08-14T03:00:00Z
30.68368333333333;0.0;0.0;0.35555555555555557;17.49779663090004;0.592263639;2.3608579156549876;2022-08-14T04:00:00Z
27.416883333333327;0.0;0.0;42.15111111111111;18.76824340820002;0.5920100212;2.7739508087991087;2022-08-14T05:00:00Z
25.300766666666668;0.0;0.0;147.9111111111111;21.05831298830003;0.5911074877;2.3746576953520777;2022-08-14T06:00:00Z
16.300116666666668;36.52344444444444;25.118;268.85333333333335;24.105554199200014;0.5895048976;1.2411497039789359;2022-08-14T07:00:00Z
44.00003333333333;40.96288888888888;0.1199999999999999;437.8666666666667;26.40892944340004;0.5879914761;2.1662662391599277;2022-08-14T08:00:00Z
55.834;8.111;0.1199999999999999;570.9688888888888;28.286218261700014;0.5872076154;3.1681986508010533;2022-08-14T09:00:00Z
66.33345;0.0;0.0;666.6311111111111;30.02663574220003;0.587002337;3.895335728020764;2022-08-14T10:00:00Z
57.50115;0.0;0.0;673.2622222222222;30.89910278320002;0.586963594;3.8282238902052965;2022-08-14T11:00:00Z
60.33513333333333;0.0;0.0;712.0355555555556;31.371148681600005;0.5869604945;3.871899178429331;2022-08-14T12:00:00Z
67.00105;0.0;0.0;680.4622222222222;31.64058837890002;0.5869648457;4.136796345731908;2022-08-14T13:00:00Z
68.00103333333334;0.0;0.0;581.7066666666667;31.784692382800017;0.5869694352;4.445004917054435;2022-08-14T14:00:00Z
112.00116666666666;0.0;0.0;447.68;31.746423339800003;0.5869684815;4.512733819720273;2022-08-14T15:00:00Z
285.3352333333333;0.0;0.0;316.35555555555555;31.145104980500037;0.5869582295;4.209568809000933;2022-08-14T16:00:00Z
50.1687;0.0;0.0;153.8488888888889;30.47524414060001;0.5869603753;4.6473984355384745;2022-08-14T17:00:00Z
77.86709999999998;0.0;0.0;60.888888888888886;28.90426025390002;0.586958468;5.144935734041607;2022-08-14T18:00:00Z
64.88448333333334;0.0;0.0;3.982222222222222;27.1200195312;0.5869589448;5.508333453159271;2022-08-14T19:00:00Z
71.00116666666668;0.0;0.0;0.0;25.594201660200042;0.5869531631;5.5037609177897835;2022-08-14T20:00:00Z
63.16780000000001;0.0;0.0;0.0;24.176812744100005;0.5869535208;5.994199826235559;2022-08-14T21:00:00Z
779.2008166666667;0.0;0.0;0.0;22.927880859400034;0.5923021436;6.694184404345296;2022-08-14T22:00:00Z
20.6848;0.0;0.0;0.0;21.742974853500016;0.5926004648;5.831271192502868;2022-08-14T23:00:00Z
23.21748333333333;0.0;0.0;0.0;20.74096069340004;0.5925140977;4.368378666355657;2022-08-15T00:00:00Z
42.0;0.0;0.0;0.0;20.253991699200014;0.5925073624;3.704324412661065;2022-08-15T01:00:00Z
41.3001;0.0;0.0;0.0;19.644006347700042;0.5924040079;4.502481865408736;2022-08-15T02:00:00Z
40.95015;0.0;0.0;0.0;19.13250122070002;0.5921645164;5.035565201624913;2022-08-15T03:00:00Z
35.46713333333334;0.0;0.0;0.21333333333333332;18.668481445300017;0.5920440555;5.38636571270189;2022-08-15T04:00:00Z
34.7674;0.0;0.0;44.55111111111111;19.383416748000002;0.5916654468;5.573686835035546;2022-08-15T05:00:00Z
30.5675;0.0;0.0;164.19555555555556;21.25997314450001;0.5905106664;4.675698953712984;2022-08-15T06:00:00Z
1.8673333333333328;14.326222222222222;20.119;266.84444444444443;23.014245605500037;0.5890077949;4.352510284101798;2022-08-15T07:00:00Z
20.00103333333333;44.51444444444444;0.1199999999999999;396.76444444444445;24.96065673830003;0.5879180431;4.1789120360942045;2022-08-15T08:00:00Z
61.500433333333326;21.42933333333333;5.119;480.85333333333335;26.559899902300003;0.5873327851;3.7852089902001707;2022-08-15T09:00:00Z
66.3337;0.0;0.0;666.1155555555556;28.27407226560001;0.5876369476;5.438032260034087;2022-08-15T10:00:00Z
93.33466666666665;0.0;0.0;633.9911111111111;29.037683105500037;0.587089777;4.706871372747439;2022-08-15T11:00:00Z
60.1684;0.0;0.0;655.0755555555555;29.496697998000002;0.587069869;4.655845711691721;2022-08-15T12:00:00Z
390.00198333333327;0.0;0.0;521.9022222222222;29.329980468800045;0.5871168971;4.7623193966842265;2022-08-15T13:00:00Z
127.50185;0.0;0.0;405.29777777777775;29.300866699200014;0.588757515;4.339727435365554;2022-08-15T14:00:00Z
386.66735;0.0;0.0;366.8088888888889;28.630700683600026;0.5876623392;3.333990230109474;2022-08-15T15:00:00Z
153.33425;0.0;0.0;248.5688888888889;28.068872070300017;0.5873416662;3.583350999890688;2022-08-15T16:00:00Z
49.56816666666667;0.0;0.0;172.96;26.84053955080003;0.5872079134;3.4887588716355467;2022-08-15T17:00:00Z
82.75025;0.0;0.0;60.586666666666666;23.724389648400006;0.5872305632;2.3354164634222556;2022-08-15T18:00:00Z
49.06741666666667;0.0;0.0;4.924444444444444;20.906030273400006;0.5872119069;2.3213282323017452;2022-08-15T19:00:00Z
61.00038333333334;0.0;0.0;0.0;19.767907714800003;0.5872009993;2.231361280791486;2022-08-15T20:00:00Z
65.8338;0.0;0.0;0.0;19.581414794900013;0.5871721506;2.624540708728826;2022-08-15T21:00:00Z
76.61798333333331;0.0;0.0;0.0;20.082482910200042;0.5924935341;1.4040964757165355;2022-08-15T22:00:00Z
187.60188333333332;0.0;0.0;0.0;19.621545410200042;0.592302382;4.171402759916457;2022-08-15T23:00:00Z
29.16705;0.0;0.0;0.0;18.794519043000037;0.5920586586;4.163000237489919;2022-08-16T00:00:00Z
37.80011666666666;0.0;0.0;0.0;18.451623535200042;0.5919771791;4.14040508404549;2022-08-16T01:00:00Z
42.117;0.0;0.0;0.0;18.129968261700014;0.5919998884;3.186272774167684;2022-08-16T02:00:00Z
41.88345;0.0;0.0;0.0;17.782617187500023;0.5919645429;4.213112856719494;2022-08-16T03:00:00Z
32.4336;0.0;0.0;0.10666666666666666;17.6043945312;0.5919806957;4.478881501485723;2022-08-16T04:00:00Z
32.900416666666665;0.0;0.0;40.96;17.903741455100032;0.5918849707;3.868608209602837;2022-08-16T05:00:00Z
29.284383333333327;0.0;0.0;157.5288888888889;19.325555419900013;0.5909905434;2.358002454092594;2022-08-16T06:00:00Z
8.517983333333333;5.447333333333333;5.119;298.6666666666667;21.00484619140002;0.5894603133;1.792871745390106;2022-08-16T07:00:00Z
19.3344;43.62655555555556;20.119;443.9288888888889;22.990380859400034;0.5879535079;2.2198649320003194;2022-08-16T08:00:00Z
66.83365;33.85977777777778;0.1199999999999999;581.7777777777778;25.199761962900027;0.587189734;2.8970123093567306;2022-08-16T09:00:00Z
63.83395;0.0;0.0;673.4577777777778;27.114678955100032;0.5869979262;2.953338031831541;2022-08-16T10:00:00Z
61.66805;0.0;0.0;666.5244444444445;28.041101074200014;0.5869960189;3.04291864202342;2022-08-16T11:00:00Z
65.0015;0.0;0.0;709.2977777777778;29.07100830080003;0.5869583488;3.151033451935962;2022-08-16T12:00:00Z
699.6673999999999;0.0;0.0;583.8222222222222;29.670739746100026;0.5869512558;3.1007206499063495;2022-08-16T13:00:00Z
61.50185;0.0;0.0;548.1066666666667;30.302362060500002;0.5869500637;2.9975095112232752;2022-08-16T14:00:00Z
64.6682;0.0;0.0;452.32;30.420739746100026;0.5869500041;3.0418278412691615;2022-08-16T15:00:00Z
70.001;0.0;0.0;295.14666666666665;30.126062011700014;0.5869511366;2.9787223325004537;2022-08-16T16:00:00Z
72.10113333333332;0.0;0.0;181.97333333333333;29.64260253910004;0.586966753;2.5100807283270137;2022-08-16T17:00:00Z
421.2503833333333;0.0;0.0;55.44888888888889;27.52407226560001;0.5869823098;2.390158256328656;2022-08-16T18:00:00Z
60.9339;0.0;0.0;3.7333333333333334;24.3719726562;0.5869582891;2.6829623747837776;2022-08-16T19:00:00Z
56.43388333333333;0.0;0.0;0.0;22.940759277300003;0.5869504809;3.608808690634628;2022-08-16T20:00:00Z
36.95113333333333;0.0;0.0;0.0;21.463372802700007;0.5869501233;4.4518050410392735;2022-08-16T21:00:00Z
20.669016666666668;0.0;0.0;0.0;20.558190918000037;0.5873873234;1.721935560541812;2022-08-16T22:00:00Z
23.45225;0.0;0.0;0.0;19.89455566410004;0.5873382688;2.3516084319734634;2022-08-16T23:00:00Z
31.0337;0.0;0.0;0.0;19.41762695310001;0.587279737;3.5337277764638233;2022-08-17T00:00:00Z
27.88358333333333;0.0;0.0;0.0;18.835351562500023;0.5872603655;3.052787215154099;2022-08-17T01:00:00Z
31.150066666666667;0.0;0.0;0.0;18.00686035160004;0.5872910619;2.3035053553539484;2022-08-17T02:00:00Z
36.86695;0.0;0.0;0.0;17.657678222700042;0.5872951746;1.785391263140406;2022-08-17T03:00:00Z
37.80011666666666;0.0;0.0;0.035555555555555556;17.24608764650003;0.587253511;2.315198581865035;2022-08-17T04:00:00Z
36.51685;0.0;0.0;39.89333333333333;18.7157226562;0.5873180032;1.9621277197534093;2022-08-17T05:00:00Z
35.333666666666666;0.0;0.0;156.85333333333332;21.86446533200001;0.5872670412;1.516802012485262;2022-08-17T06:00:00Z
66.83335;8.998888888888889;5.118999999999999;206.27555555555554;24.79226074220003;0.5872414708;0.834497005256848;2022-08-17T07:00:00Z
64.66678333333334;39.187111111111115;20.119;312.35555555555555;27.42012939450001;0.5871329308;0.8841105687963009;2022-08-17T08:00:00Z
70.0;24.980888888888888;0.1199999999999999;453.5111111111111;29.054467773400006;0.5870220065;1.3344298557097751;2022-08-17T09:00:00Z
54.00026666666666;0.0;0.0;380.35555555555555;29.70314941410004;0.5870241523;1.0712862158903005;2022-08-17T10:00:00Z
120.00018333333333;0.0;0.0;521.8844444444444;30.656304931600005;0.5869941115;1.4727054520154976;2022-08-17T11:00:00Z
211.33485;0.0;0.0;508.67555555555555;30.90432128910004;0.5869822502;1.7517215876251766;2022-08-17T12:00:00Z
227.33458333333328;0.0;0.0;516.9066666666666;31.536584472700042;0.586981833;1.895193023254906;2022-08-17T13:00:00Z
336.6674;0.0;0.0;350.0622222222222;31.736169433600026;0.5869507194;2.9236745599178913;2022-08-17T14:00:00Z
69.6677;0.0;0.0;327.2;31.628686523400006;0.5870196223;1.415008850103203;2022-08-17T15:00:00Z
353.16740000000004;0.0;0.0;208.33777777777777;31.05755004880001;0.5869528651;2.6605364106161296;2022-08-17T16:00:00Z
12.1854;0.0;0.0;146.98666666666668;30.399011230500037;0.5869543552;5.0983743066482905;2022-08-17T17:00:00Z
24.235233333333333;0.0;0.0;45.08444444444444;28.07033691410004;0.5869663954;6.7962004586436215;2022-08-17T18:00:00Z
26.68455;0.0;0.0;2.7022222222222223;26.61623535160004;0.5869752169;7.651820662114973;2022-08-17T19:00:00Z
64.11731666666667;0.0;0.0;0.0;25.51333007810001;0.5869817734;8.305184946443157;2022-08-17T20:00:00Z
84.41698333333333;0.0;0.0;0.0;24.59444580080003;0.5869847536;8.670978492933171;2022-08-17T21:00:00Z
80.21774999999998;0.0;0.0;0.0;24.004724121100026;0.5905438066;8.137563255271628;2022-08-17T22:00:00Z
53.26816666666666;0.0;0.0;0.0;22.91768798830003;0.5899643302;8.038027758364763;2022-08-17T23:00:00Z
19.717766666666662;0.0;0.0;0.0;21.86397705080003;0.59236902;6.951054664251044;2022-08-18T00:00:00Z
26.25093333333333;0.0;0.0;0.0;21.449609375000023;0.5920869112;6.520777346414654;2022-08-18T01:00:00Z
29.866716666666665;0.0;0.0;0.0;20.85714111330003;0.5916505456;5.250879856093349;2022-08-18T02:00:00Z
31.500166666666665;0.0;0.0;0.0;20.348992919900013;0.5914198756;4.531816041335049;2022-08-18T03:00:00Z
34.53346666666666;0.0;0.0;0.017777777777777778;19.95375976560001;0.5914683938;3.9064226167650973;2022-08-18T04:00:00Z
33.01701666666666;0.0;0.0;39.28888888888889;20.476953125000023;0.5909773111;4.58241188840415;2022-08-18T05:00:00Z
43.25111666666666;0.0;0.0;152.37333333333333;22.339898681600005;0.5899426937;3.274661067640133;2022-08-18T06:00:00Z
46.73421666666666;42.73866666666667;0.1199999999999999;243.05777777777777;24.421014404300024;0.588781178;1.8586694768053698;2022-08-18T07:00:00Z
44.83385;5.447333333333333;5.119;322.3644444444444;26.5887695312;0.5881692171;1.4562856376362474;2022-08-18T08:00:00Z
60.001;22.31722222222222;20.119;369.7422222222222;28.652246093800045;0.5874863267;1.7724643050748605;2022-08-18T09:00:00Z
67.3336;0.0;0.0;535.8222222222222;28.88082275390002;0.5874602795;1.4157445623695286;2022-08-18T10:00:00Z
55.00025;0.0;0.0;634.4533333333334;30.131951904300024;0.587174952;1.252866862787171;2022-08-18T11:00:00Z
180.6679;0.0;0.0;641.5644444444445;30.875421142600032;0.5870099664;2.1473281920419205;2022-08-18T12:00:00Z
384.66738333333336;0.0;0.0;563.3244444444445;31.305261230500037;0.5889326334;2.5418636789936735;2022-08-18T13:00:00Z
70.001;0.0;0.0;556.3733333333333;31.671319580100032;0.5879046917;1.4824712853623276;2022-08-18T14:00:00Z
70.001;0.0;0.0;404.4977777777778;31.104119873000002;0.5876708627;1.9544029632101123;2022-08-18T15:00:00Z
70.001;0.0;0.0;242.29333333333332;30.334344482400013;0.5875948071;2.750189516294667;2022-08-18T16:00:00Z
553.3340833333333;0.0;0.0;127.85777777777778;25.785211181600005;0.5873462558;4.56854068544354;2022-08-18T17:00:00Z
40.56785;0.0;0.0;35.91111111111111;23.440545654300024;0.5898044109;5.320780126502637;2022-08-18T18:00:00Z
33.55121666666667;0.0;0.0;0.96;22.616998291000016;0.5906492472;5.2940670225216415;2022-08-18T19:00:00Z
24.48545;0.0;0.0;0.0;22.214257812500023;0.5921956897;4.6730643696508025;2022-08-18T20:00:00Z
64.88405;0.0;0.0;0.0;21.915216064500044;0.5926460028;3.4939622109075965;2022-08-18T21:00:00Z
16.819366666666667;0.0;0.0;0.0;22.26918945310001;0.5919534564;5.677097426066552;2022-08-18T22:00:00Z
18.83558333333333;0.0;0.0;0.0;21.905786132800017;0.5929139256;5.555742711841263;2022-08-18T23:00:00Z
0.0;0.0;0.0;0.0;21.373559570300017;0.5930022001;5.477505171659454;2022-08-19T00:00:00Z
0.0;0.0;0.0;0.0;21.20723876950001;0.5929909348;4.768302267606847;2022-08-19T01:00:00Z
0.0;0.0;0.0;0.0;20.911645507800017;0.5929893851;5.083787464447334;2022-08-19T02:00:00Z
0.0;0.0;0.0;0.0;20.654473877000044;0.5930017829;6.471045729578214;2022-08-19T03:00:00Z
0.0;0.0;0.0;0.0;20.546411132800017;0.5930079818;7.000880129713808;2022-08-19T04:00:00Z
0.0;0.0;0.0;12.355555555555556;20.481774902300003;0.5929961205;5.974038728344056;2022-08-19T05:00:00Z
0.0;0.0;0.0;50.257777777777775;20.70211181640002;0.5929934978;5.642858505657701;2022-08-19T06:00:00Z
0.0;25.868777777777776;5.119;22.364444444444445;20.91234741210002;0.5929909945;5.468803768174719;2022-08-19T07:00:00Z
0.0;14.326222222222222;0.1199999999999999;79.07555555555555;20.976007080100032;0.5929839611;5.09896825156087;2022-08-19T08:00:00Z
0.0;40.075;20.119;181.63555555555556;21.078546142600032;0.5928444266;4.66469111037286;2022-08-19T09:00:00Z
0.0;0.0;0.0;255.52;21.370233154300024;0.5924168229;4.4391574763652315;2022-08-19T10:00:00Z
0.0;0.0;0.0;301.6;21.432061767600032;0.5929042101;7.193879271751933;2022-08-19T11:00:00Z
0.0;0.0;0.0;190.36444444444444;20.947167968800045;0.592379868;7.179935873643537;2022-08-19T12:00:00Z
0.0;0.0;0.0;122.59555555555555;20.936364746100026;0.5914596915;6.26048653295036;2022-08-19T13:00:00Z
0.0;0.0;0.0;188.69333333333333;21.40401611330003;0.5900943279;5.440405465625296;2022-08-19T14:00:00Z
0.0;0.0;0.0;166.70222222222222;21.648217773400006;0.58905828;5.130239547386664;2022-08-19T15:00:00Z
0.0;0.0;0.0;122.43555555555555;21.37111816410004;0.5888136625;5.1096078270472;2022-08-19T16:00:00Z
0.0;0.0;0.0;54.48888888888889;20.93850097660004;0.5891678333;4.748125117534116;2022-08-19T17:00:00Z
0.0;0.0;0.0;10.737777777777778;20.589715576200035;0.5889018178;4.574380103823464;2022-08-19T18:00:00Z
0.0;0.0;0.0;1.1022222222222222;20.32192382810001;0.5886086822;3.4961960976680677;2022-08-19T19:00:00Z
0.0;0.0;0.0;0.0;20.276483154300024;0.5885728002;3.6705872397091506;2022-08-19T20:00:00Z
0.0;0.0;0.0;0.0;20.023034668000037;0.5882767439;4.026822725311201;2022-08-19T21:00:00Z
0.0;0.0;0.0;0.0;20.29714355470003;0.592895925;3.1779202164069322;2022-08-19T22:00:00Z
0.0;0.0;0.0;0.0;19.88479003910004;0.5930050015;3.1688511577763223;2022-08-19T23:00:00Z
18.200266666666668;0.0;0.0;0.0;19.71016845700001;0.5930061936;3.3708128812763474;2022-08-20T00:00:00Z
34.7669;0.0;0.0;0.0;19.764184570300017;0.5930131674;3.642521514089905;2022-08-20T01:00:00Z
40.8335;0.0;0.0;0.0;19.66576538090004;0.5929979086;3.6639532418914453;2022-08-20T02:00:00Z
39.783583333333326;0.0;0.0;0.0;19.38253173830003;0.5929914117;4.918826088749685;2022-08-20T03:00:00Z
34.53341666666667;0.0;0.0;0.0;19.226129150400027;0.5929946899;5.807373955816163;2022-08-20T04:00:00Z
38.85016666666667;0.0;0.0;3.5733333333333333;19.113580322300038;0.592997551;6.288976065721669;2022-08-20T05:00:00Z
31.50023333333333;0.0;0.0;15.733333333333333;19.09963378910004;0.592998147;6.481149130752939;2022-08-20T06:00:00Z
7.816916666666666;33.85977777777778;0.1199999999999999;14.684444444444445;19.180078125000023;0.5929896235;4.94372120795097;2022-08-20T07:00:00Z
11.834383333333331;32.084;20.119;129.42222222222222;19.22072753910004;0.5929890275;4.651010359356416;2022-08-20T08:00:00Z
49.16716666666665;14.32622222222222;5.119;122.18666666666667;19.907403564500044;0.592995286;5.220606501016621;2022-08-20T09:00:00Z
68.50015;0.0;0.0;115.89333333333333;20.178247070300017;0.5928248763;4.038538915685712;2022-08-20T10:00:00Z
67.50025;0.0;0.0;122.82666666666667;20.2176757812;0.5927550793;4.702077203738417;2022-08-20T11:00:00Z
46.66818333333334;0.0;0.0;227.64444444444445;20.577600097700042;0.5927832127;4.671291228972741;2022-08-20T12:00:00Z
135.00133333333332;0.0;0.0;187.80444444444444;20.784265136700014;0.5928347111;4.5144693248001655;2022-08-20T13:00:00Z
62.50116666666666;0.0;0.0;183.05777777777777;20.694512939500044;0.5929027796;4.685828394339313;2022-08-20T14:00:00Z
64.50113333333334;0.0;0.0;221.77777777777777;20.933953857400013;0.5925987959;3.6134941492791226;2022-08-20T15:00:00Z
862.0012833333332;0.0;0.0;131.41333333333333;21.031030273400006;0.5921840072;5.045727793095607;2022-08-20T16:00:00Z
120.90126666666664;0.0;0.0;62.471111111111114;20.842401123000002;0.5916996598;4.986407554795213;2022-08-20T17:00:00Z
79.00076666666665;0.0;0.0;30.524444444444445;20.475885009800038;0.5915768147;4.579831696931176;2022-08-20T18:00:00Z
87.26686666666666;0.0;0.0;1.048888888888889;19.775292968800045;0.5914577246;4.322500560201095;2022-08-20T19:00:00Z
89.7668;0.0;0.0;0.0;19.222131347700042;0.5914146304;4.177331032800852;2022-08-20T20:00:00Z
74.6174;0.0;0.0;0.0;18.893426513700035;0.5913985968;4.553727518096597;2022-08-20T21:00:00Z
44.469;0.0;0.0;0.0;18.43129882810001;0.5929982662;3.857921251846484;2022-08-20T22:00:00Z
30.60156666666667;0.0;0.0;0.0;18.376794433600026;0.5929650068;4.843515491400221;2022-08-20T23:00:00Z
33.716883333333335;0.0;0.0;0.0;18.21798095700001;0.5929601789;5.985802570343203;2022-08-21T00:00:00Z
41.18345;0.0;0.0;0.0;17.77541503910004;0.592805922;5.874457746169845;2022-08-21T01:00:00Z
41.18345;0.0;0.0;0.0;17.152734375000023;0.5926585793;5.488857840057768;2022-08-21T02:00:00Z
41.65005;0.0;0.0;0.0;16.376062011700014;0.5924998522;5.066911451751978;2022-08-21T03:00:00Z
35.466783333333325;0.0;0.0;0.0;15.497644043000037;0.5923561454;4.68695296089098;2022-08-21T04:00:00Z
32.83375;0.0;0.0;25.795555555555556;15.266046142600032;0.5920946002;5.1097127686089285;2022-08-21T05:00:00Z
22.567533333333333;0.0;0.0;95.68;15.922357177700007;0.5915110707;4.981443591746404;2022-08-21T06:00:00Z
48.75056666666666;30.308222222222216;20.119;117.06666666666666;16.99187622070002;0.590508759;4.588870127095282;2022-08-21T07:00:00Z
66.50035;41.85077777777778;5.119;201.38666666666666;18.646264648400006;0.589173913;4.702715443966969;2022-08-21T08:00:00Z
67.0003;11.662555555555555;0.1199999999999999;354.08;20.19555053710002;0.5879042745;4.728893017925401;2022-08-21T09:00:00Z
69.83335;0.0;0.0;461.44;20.797204589800003;0.5872514844;4.219410876471978;2022-08-21T10:00:00Z
403.3334833333333;0.0;0.0;529.4222222222222;21.754968261700014;0.5870081782;4.040021606616483;2022-08-21T11:00:00Z
320.00075000000004;0.0;0.0;534.5955555555555;22.45668945310001;0.5869643092;3.753276591928502;2022-08-21T12:00:00Z
68.83445;0.0;0.0;511.04;23.140252685500002;0.5869557858;3.6498571100028916;2022-08-21T13:00:00Z
448.8344;0.0;0.0;410.61333333333334;23.50972900390002;0.5869517922;3.507678491391097;2022-08-21T14:00:00Z
70.001;0.0;0.0;283.2888888888889;23.518182373000002;0.5869508982;3.4880001523057786;2022-08-21T15:00:00Z
70.001;0.0;0.0;208.05333333333334;23.37227783200001;0.586950779;3.1491248327386163;2022-08-21T16:00:00Z
125.25055;0.0;0.0;148.8;22.67940673830003;0.5869702101;2.800397717987666;2022-08-21T17:00:00Z
87.85013333333333;0.0;0.0;50.13333333333333;20.205163574200014;0.5869609714;3.0535291600686536;2022-08-21T18:00:00Z
80.13395;0.0;0.0;1.191111111111111;17.661889648400006;0.5869544744;3.3967820405474756;2022-08-21T19:00:00Z
45.4009;0.0;0.0;0.0;16.107751464800003;0.5869511962;3.9375045912496067;2022-08-21T20:00:00Z
25.168083333333332;0.0;0.0;0.0;14.94994506840004;0.5869559646;4.0719177171297165;2022-08-21T21:00:00Z
25.352216666666667;0.0;0.0;0.0;14.263757324200014;0.5869841576;3.0180907688271006;2022-08-21T22:00:00Z
19.13481666666667;0.0;0.0;0.0;13.163720703100012;0.5869982243;2.77172415874262;2022-08-21T23:00:00Z
30.91685;0.0;0.0;0.0;12.851373291000016;0.5870744586;2.347865204169056;2022-08-22T00:00:00Z
40.71685;0.0;0.0;0.0;13.053186035200042;0.5871056914;1.7239982294463212;2022-08-22T01:00:00Z
35.116883333333334;0.0;0.0;0.0;13.210107421900034;0.5870605707;1.2360401605030882;2022-08-22T02:00:00Z
35.00005;0.0;0.0;0.0;13.869653320300017;0.5870410204;1.034924809318333;2022-08-22T03:00:00Z
31.9667;0.0;0.0;0.0;13.855371093800045;0.5870481133;1.3292480854636473;2022-08-22T04:00:00Z
32.90005;0.0;0.0;22.968888888888888;13.096032714800003;0.5870553255;1.7662361238638817;2022-08-22T05:00:00Z
23.10013333333333;0.0;0.0;93.58222222222223;15.033654785200042;0.5870215297;2.995110112248131;2022-08-22T06:00:00Z
0.7007833333333333;6.335222222222222;5.119;230.2577777777778;17.79171142580003;0.5869826078;2.6660862119363853;2022-08-22T07:00:00Z
56.000966666666656;75.59055555555555;20.119;310.84444444444443;19.983483886700014;0.5869638324;2.972591191563262;2022-08-22T08:00:00Z
68.6668;4.559444444444444;0.1199999999999999;311.80444444444447;21.536889648400006;0.5869557858;3.2424546618255197;2022-08-22T09:00:00Z
19.00085;0.0;0.0;271.25333333333333;21.922662353500016;0.5871003866;3.4754303473845467;2022-08-22T10:00:00Z
21.16775;0.0;0.0;308.35555555555555;22.46947631840004;0.5870172381;2.950264002292741;2022-08-22T11:00:00Z
160.33526666666663;0.0;0.0;263.2;22.526757812500023;0.5869848132;3.2213829892800394;2022-08-22T12:00:00Z
582.8342;0.0;0.0;291.46666666666664;22.886193847700042;0.5869719982;3.8395628768781416;2022-08-22T13:00:00Z
65.83475;0.0;0.0;306.4533333333333;22.91018066410004;0.5869566798;3.5131384502326233;2022-08-22T14:00:00Z
70.001;0.0;0.0;213.97333333333333;22.572076416000016;0.5869575143;3.8859107661687524;2022-08-22T15:00:00Z
123.66781666666667;0.0;0.0;115.73333333333333;22.189050293000037;0.5869530439;3.8604184174572986;2022-08-22T16:00:00Z
423.28395;0.0;0.0;64.8711111111111;21.381982421900034;0.5869518518;3.9846566244092765;2022-08-22T17:00:00Z
83.38389999999998;0.0;0.0;15.36;20.52468261720003;0.5869535804;4.207125937200354;2022-08-22T18:00:00Z
88.6669;0.0;0.0;0.6577777777777778;19.569909668000037;0.586951077;4.815530847486315;2022-08-22T19:00:00Z
88.7667;0.0;0.0;0.0;19.014245605500037;0.5869504809;5.2427331049204895;2022-08-22T20:00:00Z
57.8006;0.0;0.0;0.0;18.43819580080003;0.5869512558;5.382116922789157;2022-08-22T21:00:00Z
53.76831666666667;0.0;0.0;0.0;17.677209472700042;0.5925238729;3.4636391510834414;2022-08-22T22:00:00Z
31.951233333333327;0.0;0.0;0.0;17.14772949220003;0.5928583145;3.911860375086605;2022-08-22T23:00:00Z
20.417283333333334;0.0;0.0;0.0;16.932458496100026;0.5928035975;4.172697965474382;2022-08-23T00:00:00Z
32.083433333333325;0.0;0.0;0.0;16.541375732400013;0.5926564932;4.574654790896309;2022-08-23T01:00:00Z
36.05015;0.0;0.0;0.0;16.262048339800003;0.5926594734;5.3163020437017785;2022-08-23T02:00:00Z
36.63343333333333;0.0;0.0;0.0;16.033654785200042;0.5926449895;5.261342452421066;2022-08-23T03:00:00Z
29.7502;0.0;0.0;0.0;15.878533935500002;0.592605412;4.917070623185696;2022-08-23T04:00:00Z
66.16671666666667;0.0;0.0;10.63111111111111;15.742028808600026;0.5924628973;4.694086974466318;2022-08-23T05:00:00Z
89.0501;0.0;0.0;52.21333333333333;16.757714843800045;0.5916737318;4.672820468151689;2022-08-23T06:00:00Z
65.60028333333332;16.98988888888889;0.1199999999999999;260.4977777777778;18.101739502000044;0.5901049376;4.4104434935358245;2022-08-23T07:00:00Z
60.001;37.41133333333333;20.119;255.50222222222223;19.11129150390002;0.5887848735;4.551118155975352;2022-08-23T08:00:00Z
60.001;25.868777777777776;5.119;306.91555555555556;20.138574218800045;0.5877059102;4.584073304952546;2022-08-23T09:00:00Z
66.83365;0.0;0.0;347.2711111111111;22.064050293000037;0.5896219015;3.897050929179579;2022-08-23T10:00:00Z
70.0;0.0;0.0;370.56;22.737359619100005;0.5886672735;5.214311729797797;2022-08-23T11:00:00Z
70.00081666666667;0.0;0.0;413.06666666666666;23.464990234400034;0.5875392556;5.23990134818157;2022-08-23T12:00:00Z
203.3342;0.0;0.0;413.77777777777777;24.005029296900034;0.5871371627;4.682105426498776;2022-08-23T13:00:00Z
270.0008;0.0;0.0;382.3644444444444;24.49123535160004;0.5870150924;4.159528010708536;2022-08-23T14:00:00Z
103.001;0.0;0.0;313.7422222222222;24.585046386700014;0.5869714022;3.8453058880478124;2022-08-23T15:00:00Z
598.3344500000001;0.0;0.0;198.20444444444445;24.36321411130001;0.5869600773;3.8381327547768493;2022-08-23T16:00:00Z
250.00145;0.0;0.0;130.79111111111112;23.829553222700042;0.5869554877;4.3764374041230845;2022-08-23T17:00:00Z
37.401516666666666;0.0;0.0;39.111111111111114;22.63088378910004;0.5869553089;5.249416513995043;2022-08-23T18:00:00Z
39.16785;0.0;0.0;0.5688888888888889;20.638208007800017;0.5869555473;5.775958473590955;2022-08-23T19:00:00Z
63.00121666666667;0.0;0.0;0.0;19.274804687500023;0.5869538188;5.757356439816873;2022-08-23T20:00:00Z
40.20178333333333;0.0;0.0;0.0;18.16964111330003;0.5869527459;5.042450575993055;2022-08-23T21:00:00Z
84.73478333333334;0.0;0.0;0.0;17.239709472700042;0.5869541764;5.596733067212831;2022-08-23T22:00:00Z
42.63563333333333;0.0;0.0;0.0;16.48403320310001;0.5869632959;5.075765665925757;2022-08-23T23:00:00Z
33.13336666666667;0.0;0.0;0.0;16.011102294900013;0.5870025158;5.094736714039055;2022-08-24T00:00:00Z
41.183433333333326;0.0;0.0;0.0;15.610650634800038;0.5870668888;4.806591718492848;2022-08-24T01:00:00Z
35.46675;0.0;0.0;0.0;15.193078613300031;0.5871634483;4.635748582748888;2022-08-24T02:00:00Z
43.40011666666666;0.0;0.0;0.0;14.750329589800003;0.5872718096;4.337655871825819;2022-08-24T03:00:00Z
34.30008333333333;0.0;0.0;0.0;14.767114257800017;0.5873763561;4.06504330410472;2022-08-24T04:00:00Z
33.6001;0.0;0.0;21.706666666666667;15.757897949200014;0.5874519348;3.8701040787921475;2022-08-24T05:00:00Z
20.65005;0.0;0.0;97.04888888888888;17.62764892580003;0.5873780251;2.6911876155174292;2022-08-24T06:00:00Z
0.4669333333333333;22.317222222222224;5.119;226.98666666666668;18.916345214800003;0.5872421861;2.857162052602607;2022-08-24T07:00:00Z
31.00078333333333;32.97188888888889;20.119;308.1066666666667;20.408044433600026;0.587251842;2.508749088845968;2022-08-24T08:00:00Z
68.83345;27.644555555555556;0.1199999999999999;313.92;21.870294189500044;0.5874128342;2.5043183773509448;2022-08-24T09:00:00Z
57.66698333333333;0.0;0.0;433.5288888888889;23.484857177700007;0.5876254439;2.251192314115972;2022-08-24T10:00:00Z
70.00023333333333;0.0;0.0;542.0266666666666;24.821801757800017;0.5875399113;2.056733763321082;2022-08-24T11:00:00Z
66.3347;0.0;0.0;509.47555555555556;25.697351074200014;0.58734411;2.097170114372902;2022-08-24T12:00:00Z
62.3351;0.0;0.0;424.76444444444445;26.09298095700001;0.5871968269;2.1881906034350456;2022-08-24T13:00:00Z
183.66785;0.0;0.0;356.67555555555555;26.236505127000044;0.5871721506;2.4103922018165216;2022-08-24T14:00:00Z
70.001;0.0;0.0;288.5511111111111;26.14846191410004;0.5871945024;3.0181040674570854;2022-08-24T15:00:00Z
286.66745000000003;0.0;0.0;188.10666666666665;25.801538085900006;0.5872269273;3.4761760965771367;2022-08-24T16:00:00Z
393.66726666666654;0.0;0.0;90.11555555555556;25.130731201200035;0.587208271;4.053707307693114;2022-08-24T17:00:00Z
59.01716666666666;0.0;0.0;36.30222222222222;24.045373535200042;0.5871569514;4.909320947368157;2022-08-24T18:00:00Z
75.21688333333331;0.0;0.0;0.21333333333333332;22.248498535200042;0.5871310234;5.406870457584264;2022-08-24T19:00:00Z
62.00036666666666;0.0;0.0;0.0;21.010522460900006;0.5871137381;5.798135644722612;2022-08-24T20:00:00Z
23.784566666666663;0.0;0.0;0.0;20.30861816410004;0.5871038437;6.229574195435474;2022-08-24T21:00:00Z
46.8353;0.0;0.0;0.0;19.889947509800038;0.5876763463;6.031444259626947;2022-08-24T22:00:00Z
359.9179;0.0;0.0;0.0;19.288964843800045;0.5879698396;5.055276847868079;2022-08-24T23:00:00Z
28.934183333333333;0.0;0.0;0.0;18.643395996100026;0.5881721377;4.951555668821529;2022-08-25T00:00:00Z
35.700533333333325;0.0;0.0;0.0;18.32296142580003;0.588886857;4.0230100957204185;2022-08-25T01:00:00Z
42.467016666666666;0.0;0.0;0.0;17.80098876950001;0.5892105699;3.699955160232617;2022-08-25T02:00:00Z
32.08443333333334;0.0;0.0;0.0;17.456445312500023;0.5891765952;4.08492391214358;2022-08-25T03:00:00Z
33.367;0.0;0.0;0.0;17.23848876950001;0.5891826749;4.604468362002162;2022-08-25T04:00:00Z
28.2336;0.0;0.0;21.191111111111113;17.36327514650003;0.5891284347;4.640627203906876;2022-08-25T05:00:00Z
27.300616666666663;0.0;0.0;98.4888888888889;18.286950683600026;0.5889089704;4.969117182099953;2022-08-25T06:00:00Z
38.18465;24.093;0.1199999999999999;116.8711111111111;19.156304931600005;0.5883645415;4.9158004472433126;2022-08-25T07:00:00Z
34.8341;46.29022222222222;20.119;204.16;20.44985351560001;0.5878612399;4.973062098707766;2022-08-25T08:00:00Z
70.0;10.774666666666667;5.119;274.5422222222222;21.957543945300017;0.5874173045;4.251837813120465;2022-08-25T09:00:00Z
68.83345;0.0;0.0;378.91555555555556;23.678857421900034;0.5871422291;4.58823049422016;2022-08-25T10:00:00Z
136.3335833333333;0.0;0.0;498.93333333333334;25.337091064500044;0.5870304704;4.063619795854523;2022-08-25T11:00:00Z
70.001;0.0;0.0;468.8888888888889;26.413659668000037;0.5869830251;3.7233017193048608;2022-08-25T12:00:00Z
70.001;0.0;0.0;427.55555555555554;27.223779296900034;0.5869649649;3.7672460182449896;2022-08-25T13:00:00Z
70.001;0.0;0.0;265.5466666666667;27.614862060500002;0.5869597793;3.83675551624328;2022-08-25T14:00:00Z
803.3336;0.0;0.0;269.0311111111111;27.950769043000037;0.5869631767;4.231844831873514;2022-08-25T15:00:00Z
70.001;0.0;0.0;189.70666666666668;27.84151611330003;0.5869708657;5.0746676887366124;2022-08-25T16:00:00Z
77.00053333333332;0.0;0.0;121.47555555555556;26.948632812500023;0.5869598985;5.31094828813609;2022-08-25T17:00:00Z
29.600966666666665;0.0;0.0;44.51555555555556;25.113092041000016;0.5869524479;5.541494021210566;2022-08-25T18:00:00Z
29.4512;0.0;0.0;0.12444444444444444;23.566186523400006;0.5869508982;5.62970758192305;2022-08-25T19:00:00Z
28.967866666666666;0.0;0.0;0.0;22.679040527300003;0.5869500637;5.433319014953823;2022-08-25T20:00:00Z
24.18475;0.0;0.0;0.0;21.887994384800038;0.5869501829;5.526904881491926;2022-08-25T21:00:00Z
241.88521666666668;0.0;0.0;0.0;21.26857910160004;0.5885360837;4.264486126738288;2022-08-25T22:00:00Z
79.38565000000001;0.0;0.0;0.0;20.88057861330003;0.588824749;5.987310398830765;2022-08-25T23:00:00Z
0.0;0.0;0.0;0.0;20.36522827150003;0.5926741362;5.904431955247298;2022-08-26T00:00:00Z
0.0;0.0;0.0;0.0;19.674584960900006;0.5928382874;4.343031191719504;2022-08-26T01:00:00Z
0.0;0.0;0.0;0.0;19.41573486330003;0.5927511454;4.42869812307995;2022-08-26T02:00:00Z
0.0;0.0;0.0;0.0;18.775842285200042;0.5927633047;4.452778445141427;2022-08-26T03:00:00Z
0.0;0.0;0.0;0.0;18.42965087890002;0.5927799344;3.7829579999415106;2022-08-26T04:00:00Z
0.0;0.0;0.0;19.786666666666665;18.993707275400027;0.592656672;3.879434764801212;2022-08-26T05:00:00Z
0.0;0.0;0.0;98.25777777777778;20.18477783200001;0.5919490457;4.435988144355363;2022-08-26T06:00:00Z
0.0;8.998888888888889;0.1199999999999999;223.64444444444445;21.459069824200014;0.5903503895;3.6845461033471354;2022-08-26T07:00:00Z
0.0;41.85077777777778;0.1199999999999999;331.87555555555554;23.35421142580003;0.5886589289;3.688612370079233;2022-08-26T08:00:00Z
0.0;28.532444444444444;25.118;417.5288888888889;25.02315673830003;0.587918818;3.1660773837907072;2022-08-26T09:00:00Z
0.0;0.0;0.0;349.17333333333335;26.77956542970003;0.5896503329;2.3629699454707636;2022-08-26T10:00:00Z
0.0;0.0;0.0;334.4;27.79982910160004;0.5882496834;2.447702335776287;2022-08-26T11:00:00Z
0.0;0.0;0.0;411.12888888888887;27.140405273400006;0.5874784589;2.8285694144019433;2022-08-26T12:00:00Z
0.0;0.0;0.0;424.32;26.619958496100026;0.5880017281;2.5630318841570854;2022-08-26T13:00:00Z
0.0;0.0;0.0;347.2711111111111;25.313653564500044;0.5913438797;0.9905752019333193;2022-08-26T14:00:00Z
0.0;0.0;0.0;219.09333333333333;22.613397216800024;0.5918798447;1.6337059579845126;2022-08-26T15:00:00Z
0.0;0.0;0.0;99.78666666666666;20.91524658200001;0.5919961929;2.450483098499646;2022-08-26T16:00:00Z
0.0;0.0;0.0;41.68888888888889;20.83522949220003;0.5916976333;3.4475108487942028;2022-08-26T17:00:00Z
0.0;0.0;0.0;13.084444444444445;20.46016845700001;0.5915872455;3.79661328549445;2022-08-26T18:00:00Z
0.0;0.0;0.0;0.017777777777777778;20.002282714800003;0.5914931893;4.414329665524802;2022-08-26T19:00:00Z
0.0;0.0;0.0;0.0;19.753808593800045;0.5924319029;5.310089709238968;2022-08-26T20:00:00Z
0.0;0.0;0.0;0.0;19.67110595700001;0.5924790502;5.732682253226383;2022-08-26T21:00:00Z
0.0;0.0;0.0;0.0;20.03246459960002;0.5929771066;4.879494474018395;2022-08-26T22:00:00Z
0.0;0.0;0.0;0.0;19.663385009800038;0.5929723978;5.568913618658994;2022-08-26T23:00:00Z
23.916883333333327;0.0;0.0;0.0;19.334527587900027;0.5929582715;5.58529900290406;2022-08-27T00:00:00Z
37.800266666666666;0.0;0.0;0.0;19.043450927700007;0.5929550529;5.054756176855736;2022-08-27T01:00:00Z
41.76685;0.0;0.0;0.0;18.907342529300024;0.592885375;4.93886769203048;2022-08-27T02:00:00Z
43.75013333333333;0.0;0.0;0.0;19.072076416000016;0.592912972;4.254576048124165;2022-08-27T03:00:00Z
41.53351666666666;0.0;0.0;0.0;18.755426025400027;0.592993021;3.822428476012184;2022-08-27T04:00:00Z
37.45025;0.0;0.0;6.72;18.927209472700042;0.5930197835;3.689018664952259;2022-08-27T05:00:00Z
33.95033333333333;0.0;0.0;34.791111111111114;19.138269043000037;0.5930119753;3.585477076706081;2022-08-27T06:00:00Z
27.550583333333332;59.608555555555554;0.1199999999999999;28.017777777777777;19.579675293000037;0.5929906964;4.371662357051944;2022-08-27T07:00:00Z
68.50008333333334;18.765666666666668;0.1199999999999999;114.86222222222223;19.76851806640002;0.5928766131;4.685846313856808;2022-08-27T08:00:00Z
70.0;2.7836666666666665;25.118;143.11111111111111;20.338220214800003;0.5923910141;4.493715791918862;2022-08-27T09:00:00Z
70.0;0.0;0.0;107.14666666666666;20.271325683600026;0.5917871594;3.8781541848232535;2022-08-27T10:00:00Z
70.00038333333333;0.0;0.0;241.9911111111111;21.162957763700035;0.5899426937;2.550419200748758;2022-08-27T11:00:00Z
183.00108333333327;0.0;0.0;249.42222222222222;21.52922973630001;0.5883783102;2.4994211311605263;2022-08-27T12:00:00Z
49.66826666666666;0.0;0.0;300.5155555555556;22.038415527300003;0.5874356031;3.29217655999955;2022-08-27T13:00:00Z
55.00125;0.0;0.0;273.40444444444444;22.268395996100026;0.5871250629;3.5639787531834237;2022-08-27T14:00:00Z
381.33436666666665;0.0;0.0;182.86222222222221;21.802880859400034;0.587031126;4.243486861026704;2022-08-27T15:00:00Z
9.668699999999998;0.0;0.0;99.62666666666667;21.128503418000037;0.5869938135;5.018084059327731;2022-08-27T16:00:00Z
112.50166666666668;0.0;0.0;46.91555555555556;20.384820556600005;0.5869702101;5.342670190071619;2022-08-27T17:00:00Z
37.73486666666666;0.0;0.0;10.88;20.03777465820002;0.5869746208;5.905538660023852;2022-08-27T18:00:00Z
27.51793333333333;0.0;0.0;0.0;19.75066528320002;0.5872207284;6.461830774396042;2022-08-27T19:00:00Z
23.5344;0.0;0.0;0.0;19.433129882800017;0.5873072743;6.643114109261519;2022-08-27T20:00:00Z
62.98411666666666;0.0;0.0;0.0;19.145043945300017;0.58735466;6.470452159330433;2022-08-27T21:00:00Z
441.16803333333337;0.0;0.0;0.0;18.709802246100026;0.5929965377;6.206880148792585;2022-08-27T22:00:00Z
131.20114999999998;0.0;0.0;0.0;18.494561767600032;0.5930001736;5.864914210269996;2022-08-27T23:00:00Z
26.017183333333328;0.0;0.0;0.0;18.181115722700042;0.5930053592;6.019083755039258;2022-08-28T00:00:00Z
34.65026666666667;0.0;0.0;0.0;17.892968750000023;0.5930171013;6.548688073773613;2022-08-28T01:00:00Z
35.35025;0.0;0.0;0.0;17.421655273400006;0.5930036902;6.601519258965813;2022-08-28T02:00:00Z
45.03345;0.0;0.0;0.0;17.00905761720003;0.5930023193;6.472252801063491;2022-08-28T03:00:00Z
36.7504;0.0;0.0;0.0;16.55397949220003;0.5928449631;6.795154475733877;2022-08-28T04:00:00Z
42.46695;0.0;0.0;10.844444444444445;16.241540527300003;0.5923986435;6.9720076699848965;2022-08-28T05:00:00Z
30.584466666666668;0.0;0.0;68.32;16.16182861330003;0.591642797;6.298990703426263;2022-08-28T06:00:00Z
6.150966666666667;58.72066666666666;5.119;113.2088888888889;16.575646972700042;0.5907425284;6.114214512265022;2022-08-28T07:00:00Z
40.000083333333336;16.101999999999997;20.119;178.1511111111111;17.490136718800045;0.5895953774;6.233136887072565;2022-08-28T08:00:00Z
64.0001;4.559444444444444;0.1199999999999999;279.1644444444444;18.38958129880001;0.5886662006;6.925250067511218;2022-08-28T09:00:00Z
58.16701666666666;0.0;0.0;415.1111111111111;18.979089355500037;0.5877097249;5.721232558756205;2022-08-28T10:00:00Z
58.0002;0.0;0.0;419.3066666666667;19.487664794900013;0.5872818828;5.650585800190234;2022-08-28T11:00:00Z
200.00085;0.0;0.0;530.5777777777778;20.31224975590004;0.5870804787;5.590965176655045;2022-08-28T12:00:00Z
461.50095;0.0;0.0;580.6222222222223;20.98726806640002;0.5870204568;5.751754320539826;2022-08-28T13:00:00Z
63.335;0.0;0.0;544.16;21.56371459960002;0.58700037;5.749587209579322;2022-08-28T14:00:00Z
216.16846666666663;0.0;0.0;449.17333333333335;21.776452636700014;0.586987555;5.542658595716222;2022-08-28T15:00:00Z
149.00125;0.0;0.0;311.87555555555554;21.588464355500037;0.5869733095;5.2890322071908935;2022-08-28T16:00:00Z
198.35126666666665;0.0;0.0;162.48888888888888;20.88106689450001;0.5869518518;4.708329985285787;2022-08-28T17:00:00Z
204.43398333333332;0.0;0.0;38.22222222222222;18.865625000000023;0.5869517326;4.346528193828705;2022-08-28T18:00:00Z
87.25023333333334;0.0;0.0;0.0;16.602349853500016;0.5869511366;4.371652089618403;2022-08-28T19:00:00Z
84.93358333333333;0.0;0.0;0.0;15.347741699200014;0.586951375;5.183197000615013;2022-08-28T20:00:00Z
72.60096666666665;0.0;0.0;0.0;14.974298095700021;0.5869546533;5.876225651128873;2022-08-28T21:00:00Z
62.16935;0.0;0.0;0.0;15.31636962890002;0.5869586468;6.687164887636973;2022-08-28T22:00:00Z
23.835416666666664;0.0;0.0;0.0;14.670129394500009;0.586953342;6.2750771355782105;2022-08-28T23:00:00Z
32.31693333333333;0.0;0.0;0.0;13.648583984400034;0.5869517326;5.963936349548096;2022-08-29T00:00:00Z
39.90008333333333;0.0;0.0;0.0;13.48534545900003;0.5869547725;6.270427838495064;2022-08-29T01:00:00Z
34.300333333333334;0.0;0.0;0.0;12.933374023400006;0.5869551301;6.170962283752473;2022-08-29T02:00:00Z
41.183433333333326;0.0;0.0;0.0;12.898950195300017;0.5869553089;5.8769361915397855;2022-08-29T03:00:00Z
42.816983333333326;0.0;0.0;0.0;12.704309082000009;0.5869859457;6.058084674143004;2022-08-29T04:00:00Z
32.6668;0.0;0.0;18.31111111111111;12.801141357400013;0.5870048404;6.528513530284846;2022-08-29T05:00:00Z
23.333766666666666;0.0;0.0;114.27555555555556;14.081750488300031;0.5870440602;7.003776023370471;2022-08-29T06:00:00Z
7.184283333333334;29.42033333333333;0.1199999999999999;186.09777777777776;15.451562500000023;0.5870267749;6.743633705694702;2022-08-29T07:00:00Z
10.001;21.42933333333333;0.1199999999999999;190.54222222222222;16.8524414062;0.5870324969;6.623310859494688;2022-08-29T08:00:00Z
49.500633333333326;29.42033333333333;25.118;217.38666666666666;17.704522705100032;0.5870680213;6.383390938718598;2022-08-29T09:00:00Z
65.0005;0.0;0.0;221.28;17.898797607400013;0.5875657201;5.5065607512741295;2022-08-29T10:00:00Z
70.00045;0.0;0.0;208.14222222222222;18.749871826200035;0.5874279737;5.578719102700159;2022-08-29T11:00:00Z
70.001;0.0;0.0;262.6666666666667;19.797448730500037;0.5873442888;5.2904381169138945;2022-08-29T12:00:00Z
68.6678;0.0;0.0;242.1688888888889;20.526849365200007;0.5872895718;4.664973175774604;2022-08-29T13:00:00Z
24.669116666666667;0.0;0.0;235.60888888888888;20.837030029300024;0.5871838927;4.193787441167028;2022-08-29T14:00:00Z
203.3342;0.0;0.0;208.07111111111112;21.174218750000023;0.5872026682;4.768585464592401;2022-08-29T15:00:00Z
62.83505;0.0;0.0;114.77333333333333;20.96706542970003;0.5870797634;4.336046023796231;2022-08-29T16:00:00Z
595.0517833333333;0.0;0.0;62.044444444444444;20.599145507800017;0.5870476961;3.945193162885212;2022-08-29T17:00:00Z
126.3672;0.0;0.0;20.604444444444443;19.526818847700042;0.5870329142;4.563769825323861;2022-08-29T18:00:00Z
91.0;0.0;0.0;0.0;17.777124023400006;0.5870255232;4.984498290526722;2022-08-29T19:00:00Z
92.9334;0.0;0.0;0.0;16.78969726560001;0.5870215297;4.857130921565977;2022-08-29T20:00:00Z
75.40076666666667;0.0;0.0;0.0;16.01174316410004;0.5870231986;4.470435927478862;2022-08-29T21:00:00Z
24.219466666666666;0.0;0.0;0.0;14.983850097700042;0.5870816112;4.548632253535662;2022-08-29T22:00:00Z
150.43605000000002;0.0;0.0;0.0;14.155511474600019;0.58712852;4.275969197646483;2022-08-29T23:00:00Z
28.58355;0.0;0.0;0.0;13.815942382800017;0.5872111917;4.205712938498163;2022-08-30T00:00:00Z
32.550349999999995;0.0;0.0;0.0;13.148522949200014;0.587333262;3.856365825894012;2022-08-30T01:00:00Z
34.766733333333335;0.0;0.0;0.0;13.523217773400006;0.5874618292;3.5489791125641905;2022-08-30T02:00:00Z
33.716899999999995;0.0;0.0;0.0;13.365686035200042;0.5875436068;3.7584776737382204;2022-08-30T03:00:00Z
37.566966666666666;0.0;0.0;0.0;13.379663085900006;0.5876005292;3.7416308940127747;2022-08-30T04:00:00Z
34.18395;0.0;0.0;12.017777777777777;14.09963378910004;0.5876107216;3.1996652690988325;2022-08-30T05:00:00Z
56.03435;0.0;0.0;82.86222222222223;15.116723632800017;0.5875689387;2.86685663945228;2022-08-30T06:00:00Z
37.01823333333333;30.308222222222216;25.118;96.12444444444445;16.224969482400013;0.5875274539;2.3448413267772548;2022-08-30T07:00:00Z
31.33403333333333;9.886777777777777;0.1199999999999999;153.67111111111112;17.416589355500037;0.5874848366;2.278822082161686;2022-08-30T08:00:00Z
61.3342;37.41133333333333;0.1199999999999999;233.67111111111112;18.631036377000044;0.5875558257;2.28041825765879;2022-08-30T09:00:00Z
66.16705;0.0;0.0;370.0622222222222;18.787500000000023;0.5874761939;2.690337077090557;2022-08-30T10:00:00Z
70.00036666666665;0.0;0.0;472.85333333333335;19.63469848630001;0.5874272585;2.0636122129115484;2022-08-30T11:00:00Z
403.334;0.0;0.0;473.24444444444447;20.4891601562;0.5871889591;2.2454121408642784;2022-08-30T12:00:00Z
616.66745;0.0;0.0;449.72444444444443;21.130975341800024;0.587120831;2.9803559947965796;2022-08-30T13:00:00Z
27.168783333333334;0.0;0.0;393.6711111111111;21.22677001950001;0.5870112777;3.6822836297938433;2022-08-30T14:00:00Z
40.50203333333334;0.0;0.0;303.1111111111111;20.995660400400027;0.5870126486;4.49342453267006;2022-08-30T15:00:00Z
67.50125;0.0;0.0;184.90666666666667;20.28829345700001;0.5870316625;5.231134550498383;2022-08-30T16:00:00Z
42.518366666666665;0.0;0.0;87.69777777777777;19.436303710900006;0.5870180726;5.3938585893850926;2022-08-30T17:00:00Z
63.23391666666667;0.0;0.0;22.915555555555557;18.26101074220003;0.5870163441;6.019336162465723;2022-08-30T18:00:00Z
80.45071666666665;0.0;0.0;0.0;16.848962402300003;0.5870134234;6.53108904053477;2022-08-30T19:00:00Z
83.35036666666667;0.0;0.0;0.0;16.12526855470003;0.5870015025;6.436742181186969;2022-08-30T20:00:00Z
30.117566666666665;0.0;0.0;0.0;14.974145507800017;0.5869865417;5.878604312897844;2022-08-30T21:00:00Z
49.56841666666666;0.0;0.0;0.0;14.538873291000016;0.5870142579;5.751033478933907;2022-08-30T22:00:00Z
87.03489999999998;0.0;0.0;0.0;14.066308593800045;0.5870143175;5.428339403764771;2022-08-30T23:00:00Z
20.30075;0.0;0.0;0.0;13.732049560500002;0.5870123506;5.334898465534501;2022-08-31T00:00:00Z
27.883916666666664;0.0;0.0;0.0;13.22164306640002;0.5870136023;5.665328025196343;2022-08-31T01:00:00Z
28.350383333333333;0.0;0.0;0.0;13.058801269500009;0.587025404;6.182814570671051;2022-08-31T02:00:00Z
35.00031666666666;0.0;0.0;0.0;12.654077148400006;0.5871742964;5.471283141849275;2022-08-31T03:00:00Z
26.71685;0.0;0.0;0.0;12.215295410200042;0.5872247815;5.572190724574289;2022-08-31T04:00:00Z
28.35003333333333;0.0;0.0;7.288888888888889;12.034570312500023;0.5872137547;5.764555092667981;2022-08-31T05:00:00Z
30.10025;0.0;0.0;60.19555555555556;13.252404785200042;0.5871778131;5.347000067246575;2022-08-31T06:00:00Z
29.40018333333333;43.62655555555556;0.1199999999999999;248.48;15.117028808600026;0.587100327;4.787951723424993;2022-08-31T07:00:00Z
66.33355;15.21411111111111;25.118;330.24;17.112817382800017;0.5870896578;4.720905083561998;2022-08-31T08:00:00Z
61.00065;22.31722222222222;0.1199999999999999;442.3466666666667;18.510095214800003;0.587054491;5.134294527888303;2022-08-31T09:00:00Z
65.66701666666667;0.0;0.0;550.24;20.02532348630001;0.5869644284;4.001594284778766;2022-08-31T10:00:00Z
60.00053333333334;0.0;0.0;638.1333333333333;20.65010986330003;0.5869601965;3.946159890310275;2022-08-31T11:00:00Z
68.0012;0.0;0.0;589.7244444444444;21.16179809570002;0.5869594216;4.025320695949726;2022-08-31T12:00:00Z
673.1678166666667;0.0;0.0;458.9511111111111;21.645867919900013;0.5869602561;4.268885948364117;2022-08-31T13:00:00Z
309.8345166666667;0.0;0.0;393.38666666666666;21.604608154300024;0.586961329;4.49310838393598;2022-08-31T14:00:00Z
61.001566666666655;0.0;0.0;241.24444444444444;20.91137084960002;0.5869620442;4.709742932302194;2022-08-31T15:00:00Z
63.16793333333334;0.0;0.0;190.27555555555554;20.644433593800045;0.5869631767;5.168091828959071;2022-08-31T16:00:00Z
237.66765;0.0;0.0;112.94222222222223;19.886560058600026;0.5869570971;5.437324091638614;2022-08-31T17:00:00Z
80.11716666666666;0.0;0.0;22.293333333333333;18.391137695300017;0.5869615078;6.185218551191526;2022-08-31T18:00:00Z
84.16693333333333;0.0;0.0;0.0;16.875054931600005;0.5869652033;6.642251152083338;2022-08-31T19:00:00Z
84.96693333333334;0.0;0.0;0.0;15.787377929700028;0.5869691968;6.926952412808449;2022-08-31T20:00:00Z
87.53341666666665;0.0;0.0;0.0;15.056909179700028;0.5869710445;7.0150941573183605;2022-08-31T21:00:00Z
62.000966666666656;0.0;0.0;0.0;14.671014404300024;0.5869852304;7.259706402581906;2022-08-31T22:00:00Z
24.767816666666665;0.0;0.0;0.0;14.238854980500037;0.5869662166;6.611486985800498;2022-08-31T23:00:00Z
23.333866666666665;0.0;0.0;0.0;13.801232910200042;0.5869554877;6.110875957618133;2022-09-01T00:00:00Z
31.6172;0.0;0.0;0.0;12.957543945300017;0.586951077;5.719979036503298;2022-09-01T01:00:00Z
31.73345;0.0;0.0;0.0;12.570458984400034;0.5869502425;5.571377261054754;2022-09-01T02:00:00Z
25.9003;0.0;0.0;0.0;12.093988037100019;0.586950779;5.7575028044244085;2022-09-01T03:00:00Z
27.53368333333333;0.0;0.0;0.0;11.409692382800017;0.5869508386;5.831459663057995;2022-09-01T04:00:00Z
22.75091666666667;0.0;0.0;12.746666666666666;10.976159668000037;0.5869499445;5.559731320432041;2022-09-01T05:00:00Z
26.017333333333333;0.0;0.0;90.09777777777778;12.328668212900027;0.5869504213;4.670016852398658;2022-09-01T06:00:00Z
41.13443333333333;19.653555555555553;0.1199999999999999;256.8355555555556;14.77248535160004;0.5869548917;4.114128203548134;2022-09-01T07:00:00Z
5.668100000000001;13.438333333333333;0.1199999999999999;380.3911111111111;16.552911377000044;0.5869558454;4.096146032229797;2022-09-01T08:00:00Z
51.83373333333333;45.40233333333333;25.118;517.3155555555555;17.98012695310001;0.5869540572;3.818772707349282;2022-09-01T09:00:00Z
69.66669999999999;0.0;0.0;514.0088888888889;19.129754638700035;0.586963892;3.594674668223637;2022-09-01T10:00:00Z
62.00106666666667;0.0;0.0;608.9244444444445;19.753747558600026;0.5870013237;3.9475342655966363;2022-09-01T11:00:00Z
98.50145;0.0;0.0;557.8133333333334;20.429528808600026;0.5870143771;4.1595795828308555;2022-09-01T12:00:00Z
68.50115;0.0;0.0;410.09777777777776;20.245874023400006;0.5870537162;4.157867441818253;2022-09-01T13:00:00Z
70.001;0.0;0.0;267.2711111111111;20.441583252000044;0.587023735;4.271843455972872;2022-09-01T14:00:00Z
168.16775;0.0;0.0;199.09333333333333;20.36007080080003;0.5870106816;4.328864732989207;2022-09-01T15:00:00Z
145.50170000000003;0.0;0.0;177.42222222222222;19.998437500000023;0.587010622;4.9992827482825;2022-09-01T16:00:00Z
65.83416666666666;0.0;0.0;102.34666666666666;19.166131591800024;0.5869874954;5.338024694514578;2022-09-01T17:00:00Z
77.16703333333332;0.0;0.0;19.057777777777776;17.78634033200001;0.5869805217;5.704690630171301;2022-09-01T18:00:00Z
80.83364999999998;0.0;0.0;0.0;16.10933837890002;0.5869725347;5.856927527566028;2022-09-01T19:00:00Z
20.668116666666663;0.0;0.0;0.0;14.927911377000044;0.5869675875;5.83027829862054;2022-09-01T20:00:00Z
74.51779999999998;0.0;0.0;0.0;13.91204223630001;0.5869652033;5.816100481579033;2022-09-01T21:00:00Z
155.51953333333333;0.0;0.0;0.0;12.418786621100026;0.5869629383;5.946751000129906;2022-09-01T22:00:00Z
594.3017833333332;0.0;0.0;0.0;12.147088623000002;0.5869596601;5.4430990794517315;2022-09-01T23:00:00Z
0.0;0.0;0.0;0.0;11.310144043000037;0.5869589448;5.200639180844785;2022-09-02T00:00:00Z
0.0;0.0;0.0;0.0;10.716088867200028;0.586958468;5.246963682103509;2022-09-02T01:00:00Z
0.0;0.0;0.0;0.0;9.957208252000044;0.5869584084;5.290290980196889;2022-09-02T02:00:00Z
0.0;0.0;0.0;0.0;9.050653076200035;0.5869583488;4.91901850038428;2022-09-02T03:00:00Z
0.0;0.0;0.0;0.0;8.99120483400003;0.5869659185;4.867178875198933;2022-09-02T04:00:00Z
0.0;0.0;0.0;12.231111111111112;9.179956054700028;0.5869692564;5.169312754860737;2022-09-02T05:00:00Z
0.0;0.0;0.0;93.10222222222222;11.389520263700035;0.5869672298;4.7550321258694215;2022-09-02T06:00:00Z
0.0;10.774666666666667;25.118;240.67555555555555;14.495446777300003;0.586961627;3.6574417452170267;2022-09-02T07:00:00Z
0.0;23.205111111111112;0.1199999999999999;347.8222222222222;16.90792236330003;0.5869572759;3.621033146061586;2022-09-02T08:00:00Z
0.0;37.41133333333333;0.1199999999999999;510.0622222222222;18.729882812500023;0.5869547129;3.560224136218101;2022-09-02T09:00:00Z
0.0;0.0;0.0;559.5377777777778;19.95083007810001;0.5869525075;3.4346178752593692;2022-09-02T10:00:00Z
0.0;0.0;0.0;586.1866666666666;20.226739502000044;0.5870520473;4.202395325113271;2022-09-02T11:00:00Z
0.0;0.0;0.0;583.3777777777777;20.453210449200014;0.5870784521;4.492008308393329;2022-09-02T12:00:00Z
0.0;0.0;0.0;466.7911111111111;20.811364746100026;0.5871059895;4.652022697643903;2022-09-02T13:00:00Z
0.0;0.0;0.0;472.90666666666664;20.945428466800024;0.5870256424;4.887220419521559;2022-09-02T14:00:00Z
0.0;0.0;0.0;308.46222222222224;20.74807128910004;0.5869975686;5.1550642732339425;2022-09-02T15:00:00Z
0.0;0.0;0.0;213.47555555555556;20.414453125000023;0.5869783759;5.46811194295448;2022-09-02T16:00:00Z
0.0;0.0;0.0;98.36444444444444;19.54519042970003;0.5869625211;5.538594653355307;2022-09-02T17:00:00Z
0.0;0.0;0.0;16.142222222222223;17.588494873000002;0.58696419;6.316408621964246;2022-09-02T18:00:00Z
0.0;0.0;0.0;0.0;16.358728027300003;0.5869737267;7.250846225598313;2022-09-02T19:00:00Z
0.0;0.0;0.0;0.0;15.38179931640002;0.5869755149;7.492401585907888;2022-09-02T20:00:00Z
0.0;0.0;0.0;0.0;14.403833007800017;0.5869749784;7.547094248355987;2022-09-02T21:00:00Z
0.0;0.0;0.0;0.0;13.735559082000009;0.5869758725;7.469265343911871;2022-09-02T22:00:00Z
0.0;0.0;0.0;0.0;13.326440429700028;0.5869751573;7.420826772821629;2022-09-02T23:00:00Z
25.08393333333333;0.0;0.0;0.0;12.85646972660004;0.5869712234;7.177374858705259;2022-09-03T00:00:00Z
33.48355;0.0;0.0;0.0;12.560693359400034;0.5869646072;6.849140531342374;2022-09-03T01:00:00Z
33.48401666666666;0.0;0.0;0.0;12.439904785200042;0.5869618058;6.651202185147028;2022-09-03T02:00:00Z
31.03395;0.0;0.0;0.0;11.897607421900034;0.5869591236;6.443234328380004;2022-09-03T03:00:00Z
29.283816666666663;0.0;0.0;0.0;11.801477050800031;0.5869615674;6.511496986577506;2022-09-03T04:00:00Z
35.000366666666665;0.0;0.0;5.902222222222222;11.606011962900027;0.5869620442;6.536524270085757;2022-09-03T05:00:00Z
19.6007;0.0;0.0;64.81777777777778;13.05367431640002;0.5869596601;6.768022828591231;2022-09-03T06:00:00Z
13.550149999999999;0.1199999999999999;5.119;200.21333333333334;14.78685913090004;0.5869966149;6.381455483451;2022-09-03T07:00:00Z
25.00018333333333;44.51444444444444;0.1199999999999999;337.28;16.65139160160004;0.58700037;6.10934732745148;2022-09-03T08:00:00Z
60.00033333333333;34.74766666666666;20.119;460.74666666666667;18.916528320300017;0.5870044231;6.02260195852546;2022-09-03T09:00:00Z
65.16698333333333;0.0;0.0;557.1377777777777;20.05141601560001;0.5870116353;6.140820126580778;2022-09-03T10:00:00Z
50.16731666666667;0.0;0.0;636.0711111111111;20.91207275390002;0.587023437;6.661661527636095;2022-09-03T11:00:00Z
58.50085;0.0;0.0;566.5244444444445;21.144616699200014;0.5870518684;6.973953266943518;2022-09-03T12:00:00Z
588.66785;0.0;0.0;405.58222222222224;21.296716308600026;0.5870202184;6.541128277778577;2022-09-03T13:00:00Z
104.16803333333334;0.0;0.0;275.0755555555556;21.546777343800045;0.5870008469;6.408279004708237;2022-09-03T14:00:00Z
67.16795;0.0;0.0;143.23555555555555;21.518853759800038;0.5869930387;6.271464637244674;2022-09-03T15:00:00Z
52.83463333333333;0.0;0.0;93.01333333333334;21.06472167970003;0.5869899392;6.97030567030071;2022-09-03T16:00:00Z
29.33523333333333;0.0;0.0;40.85333333333333;20.409722900400027;0.5869787931;7.059648435730289;2022-09-03T17:00:00Z
86.95064999999998;0.0;0.0;12.124444444444444;18.99184570310001;0.5869845152;7.5330723276929445;2022-09-03T18:00:00Z
72.86713333333331;0.0;0.0;0.0;17.681817627000044;0.586992681;7.936104410315026;2022-09-03T19:00:00Z
78.9839;0.0;0.0;0.0;16.726892089800003;0.5869902372;7.963874902553204;2022-09-03T20:00:00Z
82.1502;0.0;0.0;0.0;16.341210937500023;0.5869923234;8.033850456271969;2022-09-03T21:00:00Z
296.6354833333333;0.0;0.0;0.0;16.389794921900034;0.5870054364;8.690179505789807;2022-09-03T22:00:00Z
178.80216666666664;0.0;0.0;0.0;15.554864502000044;0.5869953036;8.192768035129472;2022-09-03T23:00:00Z
30.333983333333332;0.0;0.0;0.0;14.84468994140002;0.5869859457;7.853942624448091;2022-09-04T00:00:00Z
34.18371666666667;0.0;0.0;0.0;14.204187011700014;0.586986661;7.764278969193186;2022-09-04T01:00:00Z
32.90033333333333;0.0;0.0;0.0;13.817651367200028;0.5869817734;7.55706681017928;2022-09-04T02:00:00Z
32.43386666666667;0.0;0.0;0.0;13.390985107400013;0.58697474;7.289341276740681;2022-09-04T03:00:00Z
33.01716666666667;0.0;0.0;0.0;12.862756347700042;0.5869684815;7.051866056976127;2022-09-04T04:00:00Z
33.950916666666664;0.0;0.0;6.915555555555556;12.55568847660004;0.5869589448;6.578221392382736;2022-09-04T05:00:00Z
91.48438333333334;0.0;0.0;62.43555555555555;13.429040527300003;0.5869529843;5.973693415673215;2022-09-04T06:00:00Z
52.450816666666654;26.756666666666664;5.119;216.33777777777777;15.241540527300003;0.5869722962;5.2648721488638675;2022-09-04T07:00:00Z
10.001;17.87777777777778;0.1199999999999999;353.97333333333336;17.555261230500037;0.586976409;5.16575664242526;2022-09-04T08:00:00Z
10.001;38.29922222222221;20.119;459.6088888888889;19.251550293000037;0.5869883895;5.433960116553853;2022-09-04T09:00:00Z
37.00055;0.0;0.0;561.12;20.892175293000037;0.5869989395;5.672487627169819;2022-09-04T10:00:00Z
70.0;0.0;0.0;634.9866666666667;22.21877441410004;0.5870010257;5.918896736598116;2022-09-04T11:00:00Z
65.00106666666666;0.0;0.0;633.5822222222222;22.983728027300003;0.5869883299;5.630484146484362;2022-09-04T12:00:00Z
104.3354;0.0;0.0;582.2044444444444;23.71456298830003;0.5869691372;4.943695661726889;2022-09-04T13:00:00Z
218.00105;0.0;0.0;490.6488888888889;23.79104003910004;0.5869659781;4.680794387877827;2022-09-04T14:00:00Z
397.50125;0.0;0.0;371.00444444444446;23.803796386700014;0.5869703889;5.086674459016084;2022-09-04T15:00:00Z
370.0007;0.0;0.0;247.71555555555557;23.373559570300017;0.5869647861;5.349342085336345;2022-09-04T16:00:00Z
236.66731666666664;0.0;0.0;115.7688888888889;21.908349609400034;0.5869608521;5.9398732573804836;2022-09-04T17:00:00Z
77.41741666666665;0.0;0.0;16.551111111111112;19.73824462890002;0.5869578123;6.259482845705009;2022-09-04T18:00:00Z
80.51766666666667;0.0;0.0;0.0;18.377099609400034;0.5869575739;6.462760458157561;2022-09-04T19:00:00Z
87.21781666666665;0.0;0.0;0.0;17.463403320300017;0.5869594812;6.730320796704896;2022-09-04T20:00:00Z
51.901933333333325;0.0;0.0;0.0;16.754083252000044;0.5869576931;6.685306418390733;2022-09-04T21:00:00Z
22.302666666666664;0.0;0.0;0.0;15.8192382812;0.5870085359;7.927971256375894;2022-09-04T22:00:00Z
146.28473333333335;0.0;0.0;0.0;15.425317382800017;0.5869929194;7.533201244449912;2022-09-04T23:00:00Z
30.80058333333333;0.0;0.0;0.0;14.884973144500009;0.5869858265;7.349487203886275;2022-09-05T00:00:00Z
31.85023333333333;0.0;0.0;0.0;14.131036377000044;0.5869818926;7.193283181183898;2022-09-05T01:00:00Z
30.5669;0.0;0.0;0.0;13.77828369140002;0.5869787931;7.133135303683578;2022-09-05T02:00:00Z
28.933566666666668;0.0;0.0;0.0;13.533715820300017;0.5869837999;7.516990832474921;2022-09-05T03:00:00Z
27.650316666666665;0.0;0.0;0.0;13.192102050800031;0.5869877338;7.784108429855123;2022-09-05T04:00:00Z
40.01681666666666;0.0;0.0;6.613333333333333;12.916406250000023;0.5869877338;7.817394925808283;2022-09-05T05:00:00Z
26.833766666666666;0.0;0.0;69.65333333333334;13.988122558600026;0.5869748592;7.5160691425697825;2022-09-05T06:00:00Z
5.016933333333334;32.084;5.119;211.96444444444444;16.018853759800038;0.5870044231;6.7587052408586095;2022-09-05T07:00:00Z
33.167316666666665;40.075;20.119;329.1377777777778;18.000482177700007;0.5870010853;6.245487656737779;2022-09-05T08:00:00Z
44.833766666666655;8.998888888888889;0.1199999999999999;455.7866666666667;19.82201538090004;0.5869989991;5.894056019595845;2022-09-05T09:00:00Z
22.667566666666666;0.0;0.0;561.6533333333333;21.635369873000002;0.5869962573;5.748329858212509;2022-09-05T10:00:00Z
46.000966666666656;0.0;0.0;576.5866666666667;22.639184570300017;0.587013185;6.230120669760219;2022-09-05T11:00:00Z
70.001;0.0;0.0;633.0666666666667;23.53804931640002;0.5870165825;6.417265769980016;2022-09-05T12:00:00Z
70.001;0.0;0.0;588.8355555555555;23.90206298830003;0.5870038867;6.028818544197302;2022-09-05T13:00:00Z
70.001;0.0;0.0;369.12;23.99288330080003;0.5870022178;5.962937616410205;2022-09-05T14:00:00Z
570.0005;0.0;0.0;267.73333333333335;23.71450195310001;0.5870047808;6.238946812841586;2022-09-05T15:00:00Z
70.001;0.0;0.0;190.86222222222221;23.11586914060001;0.586992085;6.6280236692052945;2022-09-05T16:00:00Z
140.751;0.0;0.0;95.14666666666666;21.921777343800045;0.5869714022;6.5041388861477;2022-09-05T17:00:00Z
416.75046666666657;0.0;0.0;15.235555555555555;20.200708007800017;0.5869676471;6.811904243018287;2022-09-05T18:00:00Z
84.0;0.0;0.0;0.0;18.746423339800003;0.5869768858;7.506411371057927;2022-09-05T19:00:00Z
84.23351666666667;0.0;0.0;0.0;17.759576416000016;0.5869908929;8.248955392966563;2022-09-05T20:00:00Z
85.63391666666665;0.0;0.0;0.0;16.939965820300017;0.5869966745;8.482334744490103;2022-09-05T21:00:00Z
75.98498333333333;0.0;0.0;0.0;16.654687500000023;0.5870128274;8.87705752918586;2022-09-05T22:00:00Z
15.918083333333332;0.0;0.0;0.0;15.968896484400034;0.5870069861;8.690555552759326;2022-09-05T23:00:00Z
29.634083333333336;0.0;0.0;0.0;15.417199707000009;0.5869983435;8.358812829760396;2022-09-06T00:00:00Z
29.75026666666667;0.0;0.0;0.0;14.916345214800003;0.5869967937;8.249514874869885;2022-09-06T01:00:00Z
47.36675;0.0;0.0;0.0;14.517419433600026;0.5869896412;8.029191220540485;2022-09-06T02:00:00Z
45.15015;0.0;0.0;0.0;14.0360351562;0.5870032907;8.481941499275782;2022-09-06T03:00:00Z
36.75033333333333;0.0;0.0;0.0;13.75463256840004;0.586996913;8.363960707358512;2022-09-06T04:00:00Z
42.000083333333336;0.0;0.0;6.613333333333333;13.457604980500037;0.5869880319;7.907241912332361;2022-09-06T05:00:00Z
35.00135;0.0;0.0;79.16444444444444;14.236871337900027;0.5869882703;8.43238516986349;2022-09-06T06:00:00Z
77.68401666666665;19.65355555555556;0.1199999999999999;219.6977777777778;15.38082275390002;0.5870352387;7.933153535487123;2022-09-06T07:00:00Z
70.0;41.85077777777778;0.1199999999999999;346.70222222222225;16.97579345700001;0.5870375633;7.576741715967022;2022-09-06T08:00:00Z
69.3334;23.205111111111112;25.117999999999995;448.96;18.01558837890002;0.5870358348;7.318153668368213;2022-09-06T09:00:00Z
36.00056666666667;0.0;0.0;441.31555555555553;20.300866699200014;0.5870694518;7.5728792833237675;2022-09-06T10:00:00Z
34.0009;0.0;0.0;442.9688888888889;21.32348022460002;0.5870831609;7.4889201440744415;2022-09-06T11:00:00Z
60.002;0.0;0.0;301.15555555555557;21.432946777300003;0.5874412656;6.676371691205348;2022-09-06T12:00:00Z
143.33525000000003;0.0;0.0;277.4222222222222;21.49807128910004;0.5879069567;6.291397974294935;2022-09-06T13:00:00Z
462.83431666666667;0.0;0.0;257.0133333333333;21.46941528320002;0.5874570012;6.239129767080667;2022-09-06T14:00:00Z
30.00166666666667;0.0;0.0;157.20888888888888;21.05568847660004;0.5871636868;6.3254793601762636;2022-09-06T15:00:00Z
15.001916666666666;0.0;0.0;144.9777777777778;20.7801757812;0.5870442986;5.940914418387949;2022-09-06T16:00:00Z
163.36761666666666;0.0;0.0;75.16444444444444;20.205895996100026;0.5870038271;5.874510800089356;2022-09-06T17:00:00Z
71.48371666666667;0.0;0.0;11.662222222222223;18.94851074220003;0.5869936943;6.39639609622451;2022-09-06T18:00:00Z
34.03436666666666;0.0;0.0;0.0;17.92641601560001;0.5869916677;6.975041807914497;2022-09-06T19:00:00Z
67.05068333333332;0.0;0.0;0.0;17.180810546900034;0.5869845152;7.054417111121331;2022-09-06T20:00:00Z
87.7677;0.0;0.0;0.0;16.515191650400027;0.5869772434;7.02024909271191;2022-09-06T21:00:00Z
453.7350166666666;0.0;0.0;0.0;16.378320312500023;0.5876325965;6.64129846893705;2022-09-06T22:00:00Z
119.81873333333333;0.0;0.0;0.0;15.88381347660004;0.5874803662;6.689995403504666;2022-09-06T23:00:00Z
21.700116666666663;0.0;0.0;0.0;15.052087402300003;0.5873619318;6.410680126819597;2022-09-07T00:00:00Z
27.88335;0.0;0.0;0.0;14.256127929700028;0.5872857571;6.631239083044513;2022-09-07T01:00:00Z
27.183466666666668;0.0;0.0;0.0;13.801904296900034;0.5872567296;5.5934991987094;2022-09-07T02:00:00Z
27.65005;0.0;0.0;0.0;13.404016113300031;0.5872392058;7.164820275963021;2022-09-07T03:00:00Z
26.8335;0.0;0.0;0.0;12.990136718800045;0.5871940255;7.095985009227613;2022-09-07T04:00:00Z
28.700333333333333;0.0;0.0;6.5777777777777775;12.87301025390002;0.5871623158;6.748929482199654;2022-09-07T05:00:00Z
28.967716666666668;0.0;0.0;74.32888888888888;14.069635009800038;0.5871210098;6.453791926104378;2022-09-07T06:00:00Z
4.501550000000001;0.1199999999999999;25.118;176.5511111111111;15.618737793000037;0.5870916247;6.060761171313495;2022-09-07T07:00:00Z
36.334283333333325;62.27222222222222;0.1199999999999999;274.2577777777778;17.538537597700042;0.5870447159;6.089029994165089;2022-09-07T08:00:00Z
65.00008333333334;17.877777777777776;0.1199999999999999;378.91555555555556;19.51146850590004;0.5870015621;5.535879148683952;2022-09-07T09:00:00Z
70.0;0.0;0.0;428.5511111111111;21.65035400390002;0.587026;4.966651544606438;2022-09-07T10:00:00Z
70.0;0.0;0.0;338.9866666666667;22.521569824200014;0.5871744752;3.7133778155699346;2022-09-07T11:00:00Z
729.6670666666668;0.0;0.0;341.6533333333333;23.022851562500023;0.5870064497;3.2447226350146305;2022-09-07T12:00:00Z
22.0018;0.0;0.0;308.48;23.715264892600032;0.5870553255;3.374687824179142;2022-09-07T13:00:00Z
103.3343;0.0;0.0;250.08;23.23537597660004;0.5872218609;3.40574959820339;2022-09-07T14:00:00Z
286.66745000000003;0.0;0.0;216.62222222222223;22.490991210900006;0.587064445;3.5657652986436963;2022-09-07T15:00:00Z
70.001;0.0;0.0;146.79111111111112;22.25972900390002;0.5869978666;3.7068023614490904;2022-09-07T16:00:00Z
120.46711666666666;0.0;0.0;74.70222222222222;21.462457275400027;0.5869774818;5.1890469600993345;2022-09-07T17:00:00Z
74.28351666666666;0.0;0.0;7.946666666666666;19.72097167970003;0.5869746208;6.167518581137704;2022-09-07T18:00:00Z
53.00131666666666;0.0;0.0;0.0;18.943139648400006;0.5869830847;7.260430221730626;2022-09-07T19:00:00Z
71.1341;0.0;0.0;0.0;18.67287597660004;0.5869921446;7.8494068034208215;2022-09-07T20:00:00Z
80.31685;0.0;0.0;0.0;18.322137451200035;0.5869808197;7.624358184743795;2022-09-07T21:00:00Z
223.80105;0.0;0.0;0.0;17.095605468800045;0.5916882157;7.946834235773808;2022-09-07T22:00:00Z
19.56858333333333;0.0;0.0;0.0;16.371911621100026;0.5927276611;7.908233859418151;2022-09-07T23:00:00Z
29.983516666666663;0.0;0.0;0.0;15.860620117200028;0.5929194689;7.294174350724361;2022-09-08T00:00:00Z
36.51681666666667;0.0;0.0;0.0;15.488366699200014;0.592989862;8.362200858566114;2022-09-08T01:00:00Z
29.283383333333333;0.0;0.0;0.0;15.155725097700042;0.5930154324;8.95184671821236;2022-09-08T02:00:00Z
28.9335;0.0;0.0;0.0;15.187371826200035;0.5929288864;7.980484528490096;2022-09-08T03:00:00Z
27.533516666666667;0.0;0.0;0.0;14.662805175800031;0.5924335718;7.638151438157936;2022-09-08T04:00:00Z
30.800116666666668;0.0;0.0;5.2444444444444445;14.639245605500037;0.5918384194;7.3654787700770115;2022-09-08T05:00:00Z
30.334016666666663;0.0;0.0;70.96888888888888;14.932885742200028;0.5911016464;6.0818330958774105;2022-09-08T06:00:00Z
45.2506;44.51444444444444;0.1199999999999999;110.88;15.500360107400013;0.590252459;5.347045506711482;2022-09-08T07:00:00Z
59.000183333333325;31.19611111111111;0.1199999999999999;139.36;16.505273437500023;0.5893256664;4.740941285520976;2022-09-08T08:00:00Z
51.000316666666656;0.1199999999999999;25.118;163.85777777777778;17.27114257810001;0.5884724259;5.0624927566135876;2022-09-08T09:00:00Z
70.0;0.0;0.0;222.43555555555557;16.56954345700001;0.5930060148;5.106757591967507;2022-09-08T10:00:00Z
70.0;0.0;0.0;202.22222222222223;16.666192627000044;0.5930017829;5.040328532512366;2022-09-08T11:00:00Z
70.00098333333334;0.0;0.0;183.6977777777778;16.947808837900027;0.5929691195;4.663076410003397;2022-09-08T12:00:00Z
512.3348;0.0;0.0;131.37777777777777;17.559106445300017;0.5922241211;3.9027906507532317;2022-09-08T13:00:00Z
144.16825;0.0;0.0;73.93777777777778;17.857507324200014;0.5911331177;4.551607809476788;2022-09-08T14:00:00Z
68.6678;0.0;0.0;60.266666666666666;17.96941528320002;0.591599822;4.988463459454645;2022-09-08T15:00:00Z
470.0006;0.0;0.0;19.30666666666667;17.724206543000037;0.592337966;5.917374846455599;2022-09-08T16:00:00Z
73.50058333333331;0.0;0.0;11.733333333333333;17.33712158200001;0.592145741;6.356011033378326;2022-09-08T17:00:00Z
85.16675;0.0;0.0;3.537777777777778;16.9481445312;0.5921365023;7.297455215643728;2022-09-08T18:00:00Z
50.80086666666666;0.0;0.0;0.0;16.547998046900034;0.5921167731;8.670090395945069;2022-09-08T19:00:00Z
73.10028333333332;0.0;0.0;0.0;16.10866699220003;0.5920490623;7.921465645424233;2022-09-08T20:00:00Z
69.38423333333333;0.0;0.0;0.0;15.631677246100026;0.5919390321;7.1991052204626795;2022-09-08T21:00:00Z
65.38501666666667;0.0;0.0;0.0;15.142938232400013;0.5917451382;5.519450780449785;2022-09-08T22:00:00Z
67.53468333333333;0.0;0.0;0.0;14.63967285160004;0.5918098688;5.689000775297851;2022-09-08T23:00:00Z
0.0;0.0;0.0;0.0;13.794427490200007;0.5919353962;5.212206423814597;2022-09-09T00:00:00Z
0.0;0.0;0.0;0.0;13.58391723630001;0.5920273662;5.881793868966755;2022-09-09T01:00:00Z
0.0;0.0;0.0;0.0;13.51751098630001;0.5920869708;6.2528368339931255;2022-09-09T02:00:00Z
0.0;0.0;0.0;0.0;13.18361816410004;0.5920262337;5.2845296181797154;2022-09-09T03:00:00Z
0.0;0.0;0.0;0.0;12.788598632800017;0.5921581388;5.082595672164057;2022-09-09T04:00:00Z
0.0;0.0;0.0;5.2444444444444445;12.835046386700014;0.592210412;5.654233888312995;2022-09-09T05:00:00Z
0.0;0.0;0.0;84.97777777777777;13.803796386700014;0.591911912;4.5971867811015885;2022-09-09T06:00:00Z
0.0;39.187111111111115;0.1199999999999999;181.28;15.041528320300017;0.5908682346;3.756560412473648;2022-09-09T07:00:00Z
0.0;30.308222222222216;0.1199999999999999;308.2311111111111;16.972253418000037;0.5891109705;4.057525085050823;2022-09-09T08:00:00Z
0.0;7.223111111111111;25.118;429.7422222222222;18.38546142580003;0.5877874494;3.972730926018946;2022-09-09T09:00:00Z
0.0;0.0;0.0;535.04;20.252069091800024;0.5889883041;3.07297241178871;2022-09-09T10:00:00Z
0.0;0.0;0.0;573.0133333333333;21.269921875000023;0.58818537;3.176351648511625;2022-09-09T11:00:00Z
0.0;0.0;0.0;553.2622222222222;22.378991699200014;0.587710917;3.69081140607723;2022-09-09T12:00:00Z
0.0;0.0;0.0;335.73333333333335;20.598046875000023;0.5873799324;4.15189222880127;2022-09-09T13:00:00Z
0.0;0.0;0.0;299.7866666666667;20.833459472700042;0.5878560543;4.5783565415848075;2022-09-09T14:00:00Z
0.0;0.0;0.0;259.8222222222222;21.22533569340004;0.5876646638;3.327108804933092;2022-09-09T15:00:00Z
0.0;0.0;0.0;226.91555555555556;21.386621093800045;0.5874781609;3.05500086510953;2022-09-09T16:00:00Z
0.0;0.0;0.0;92.56888888888889;20.03804931640002;0.5874294639;3.564421097773781;2022-09-09T17:00:00Z
0.0;0.0;0.0;7.111111111111111;17.267938232400013;0.587430954;4.170046516651083;2022-09-09T18:00:00Z
0.0;0.0;0.0;0.0;16.20723876950001;0.5874418616;5.486643262349312;2022-09-09T19:00:00Z
0.0;0.0;0.0;0.0;16.41280517580003;0.5874447227;5.936836638235417;2022-09-09T20:00:00Z
0.0;0.0;0.0;0.0;14.526940918000037;0.5874472857;5.620815094745353;2022-09-09T21:00:00Z
0.0;0.0;0.0;0.0;15.184747314500044;0.589802146;7.615055032522381;2022-09-09T22:00:00Z
0.0;0.0;0.0;0.0;14.757165527300003;0.5896521807;7.01641662070002;2022-09-09T23:00:00Z
24.967116666666666;0.0;0.0;0.0;13.856225585900006;0.5896487832;6.375151325296877;2022-09-10T00:00:00Z
33.600183333333334;0.0;0.0;0.0;13.377648925800031;0.5896453261;5.6977226317474985;2022-09-10T01:00:00Z
28.933416666666663;0.0;0.0;0.0;12.752740478500016;0.5895773768;5.530863390483173;2022-09-10T02:00:00Z
30.80045;0.0;0.0;0.0;12.598229980500037;0.5902276635;5.808126389139589;2022-09-10T03:00:00Z
34.5334;0.0;0.0;0.0;12.159753418000037;0.5919638872;5.471622128814947;2022-09-10T04:00:00Z
32.08378333333333;0.0;0.0;4.2844444444444445;12.119348144500009;0.5919754505;4.121989687304423;2022-09-10T05:00:00Z
73.40106666666665;0.0;0.0;69.72444444444444;13.331811523400006;0.5917053819;4.2613048600519;2022-09-10T06:00:00Z
7.28475;5.447333333333333;0.1199999999999999;193.61777777777777;15.288598632800017;0.590716064;3.7947795871223113;2022-09-10T07:00:00Z
21.000816666666665;70.26322222222223;0.1199999999999999;321.6355555555555;17.23439941410004;0.5891230702;4.091973736626616;2022-09-10T08:00:00Z
49.33406666666667;4.559444444444444;25.118;432.46222222222224;18.88149414060001;0.5878962874;3.2154401254070226;2022-09-10T09:00:00Z
27.3346;0.0;0.0;448.44444444444446;19.429498291000016;0.5891140699;2.6158807506960535;2022-09-10T10:00:00Z
90.00086666666665;0.0;0.0;487.52;19.85903320310001;0.5883876681;2.935657907863664;2022-09-10T11:00:00Z
353.33405000000005;0.0;0.0;576.0;20.492364502000044;0.5885067582;3.0252583519851886;2022-09-10T12:00:00Z
686.66705;0.0;0.0;345.9555555555556;20.61785278320002;0.5877966285;3.311962729552063;2022-09-10T13:00:00Z
70.001;0.0;0.0;254.36444444444444;20.35177001950001;0.5887727141;3.8747588609876282;2022-09-10T14:00:00Z
70.001;0.0;0.0;160.0;19.607263183600026;0.5883162022;2.9070046150748072;2022-09-10T15:00:00Z
24.335733333333334;0.0;0.0;140.74666666666667;18.948327636700014;0.5882862806;2.0053908057484104;2022-09-10T16:00:00Z
33.10171666666667;0.0;0.0;58.15111111111111;18.218316650400027;0.5881609917;2.320226242429777;2022-09-10T17:00:00Z
90.98443333333331;0.0;0.0;4.195555555555556;16.61300048830003;0.5881433487;3.0873687335224944;2022-09-10T18:00:00Z
80.06738333333334;0.0;0.0;0.0;16.961999511700014;0.5881762505;3.003345806337911;2022-09-10T19:00:00Z
88.23354999999998;0.0;0.0;0.0;15.000451660200042;0.5881780982;3.299975598983859;2022-09-10T20:00:00Z
79.80073333333331;0.0;0.0;0.0;14.313684082000009;0.5881955028;3.151157912481588;2022-09-10T21:00:00Z
85.93455;0.0;0.0;0.0;13.857934570300017;0.5916785598;4.354072849267223;2022-09-10T22:00:00Z
64.95235;0.0;0.0;0.0;13.925836181600005;0.5927809477;3.933083129725111;2022-09-10T23:00:00Z
21.700033333333334;0.0;0.0;0.0;13.599694824200014;0.5929595828;4.622886638194482;2022-09-11T00:00:00Z
34.53355;0.0;0.0;0.0;13.555871582000009;0.5929889083;5.327832332734132;2022-09-11T01:00:00Z
33.483483333333325;0.0;0.0;0.0;13.431085205100032;0.5929892063;5.060622639417872;2022-09-11T02:00:00Z
32.083416666666665;0.0;0.0;0.0;13.606042480500037;0.5929892063;4.916811538455699;2022-09-11T03:00:00Z
31.26678333333333;0.0;0.0;0.0;13.65520629880001;0.5929864645;5.154444489144439;2022-09-11T04:00:00Z
35.70001666666667;0.0;0.0;2.2577777777777777;13.644189453100012;0.5929117203;6.40614616365375;2022-09-11T05:00:00Z
23.8835;0.0;0.0;34.986666666666665;13.744012451200035;0.5926252604;6.737050249568115;2022-09-11T06:00:00Z
10.0;54.28122222222222;0.1199999999999999;69.31555555555556;14.335351562500023;0.5921393633;6.315892860663564;2022-09-11T07:00:00Z
54.33413333333333;29.42033333333333;20.119;131.23555555555555;15.129724121100026;0.5912046432;5.202023412847435;2022-09-11T08:00:00Z
19.001433333333328;2.7836666666666665;5.119;221.35111111111112;15.992456054700028;0.5900833607;4.724926735305893;2022-09-11T09:00:00Z
67.00005;0.0;0.0;341.3333333333333;16.986383056600005;0.5892734528;2.963892938971518;2022-09-11T10:00:00Z
52.50085;0.0;0.0;440.1777777777778;17.756005859400034;0.5881624222;3.494293892547658;2022-09-11T11:00:00Z
10.002833333333331;0.0;0.0;440.0;18.25161132810001;0.587982893;4.071731068450195;2022-09-11T12:00:00Z
87.00143333333331;0.0;0.0;431.04;18.787866210900006;0.5874432921;4.2489248233435974;2022-09-11T13:00:00Z
68.83445;0.0;0.0;336.32;18.94753417970003;0.5874649882;4.384965903957758;2022-09-11T14:00:00Z
66.668;0.0;0.0;230.89777777777778;18.941247558600026;0.5878477097;5.422880628018099;2022-09-11T15:00:00Z
67.83455;0.0;0.0;123.96444444444444;18.30104980470003;0.5877227783;5.1324398211343984;2022-09-11T16:00:00Z
65.0015;0.0;0.0;52.81777777777778;17.667565918000037;0.5879175663;4.659094854710091;2022-09-11T17:00:00Z
294.3341333333333;0.0;0.0;4.035555555555556;16.048150634800038;0.58826226;3.9606060364865283;2022-09-11T18:00:00Z
82.28433333333332;0.0;0.0;0.0;15.253778076200035;0.5884508491;3.493938693421654;2022-09-11T19:00:00Z
69.08431666666667;0.0;0.0;0.0;14.898614502000044;0.5884895921;3.0268242896604236;2022-09-11T20:00:00Z
67.05103333333334;0.0;0.0;0.0;14.364343261700014;0.5884875655;2.9654619399475903;2022-09-11T21:00:00Z
778.4339333333332;0.0;0.0;0.0;12.900506591800024;0.588891387;3.38271060924116;2022-09-11T22:00:00Z
132.88455;0.0;0.0;0.0;12.857873535200042;0.5889522433;3.8421243267492673;2022-09-11T23:00:00Z
27.067366666666665;0.0;0.0;0.0;12.283441162100019;0.5890353918;3.6353937856230543;2022-09-12T00:00:00Z
39.66675;0.0;0.0;0.0;11.915551757800017;0.5891059637;3.3889434978828805;2022-09-12T01:00:00Z
35.35003333333333;0.0;0.0;0.0;11.485650634800038;0.5891672373;3.3615235637577885;2022-09-12T02:00:00Z
31.733616666666663;0.0;0.0;0.0;10.976647949200014;0.5892215371;3.280070433872495;2022-09-12T03:00:00Z
39.433433333333326;0.0;0.0;0.0;10.589501953100012;0.5892882347;3.345698577133671;2022-09-12T04:00:00Z
32.31695;0.0;0.0;2.933333333333333;10.545739746100026;0.5894082785;3.3468333093525304;2022-09-12T05:00:00Z
30.801466666666663;0.0;0.0;68.14222222222222;11.911248779300024;0.5894111991;2.9805540412565317;2022-09-12T06:00:00Z
20.4511;18.765666666666664;0.1199999999999999;188.12444444444444;13.727685546900034;0.588970542;2.08181338212499;2022-09-12T07:00:00Z
51.50035;30.308222222222216;0.1199999999999999;316.8355555555556;15.561944580100032;0.5883546472;1.678647150596602;2022-09-12T08:00:00Z
45.6671;30.308222222222216;25.118;405.8488888888889;17.24440917970003;0.5876776576;2.034008647186395;2022-09-12T09:00:00Z
70.0;0.0;0.0;472.16;17.968591308600026;0.5878500938;1.3922316548940024;2022-09-12T10:00:00Z
67.3336;0.0;0.0;533.2088888888889;18.868310546900034;0.5876944065;1.5851927833249169;2022-09-12T11:00:00Z
62.16783333333333;0.0;0.0;525.12;19.61934814450001;0.5873908997;1.6109929414884319;2022-09-12T12:00:00Z
479.3347;0.0;0.0;361.56444444444446;19.88451538090004;0.5871734619;1.9047678123689378;2022-09-12T13:00:00Z
392.00111666666663;0.0;0.0;243.1288888888889;19.942956543000037;0.5870992541;1.73221103254858;2022-09-12T14:00:00Z
25.168566666666663;0.0;0.0;224.83555555555554;19.963708496100026;0.5871114135;1.1180313253570815;2022-09-12T15:00:00Z
16.50218333333333;0.0;0.0;148.0888888888889;19.70382080080003;0.5871280432;1.0279677350434184;2022-09-12T16:00:00Z
76.4847;0.0;0.0;51.69777777777778;18.06710205080003;0.5870434046;1.8715054494346028;2022-09-12T17:00:00Z
88.83374999999998;0.0;0.0;3.1822222222222223;15.791345214800003;0.587013483;2.712873590682819;2022-09-12T18:00:00Z
53.5675;0.0;0.0;0.0;14.310144043000037;0.5870019197;3.8437703528422054;2022-09-12T19:00:00Z
73.00041666666665;0.0;0.0;0.0;13.802148437500023;0.5869954824;4.679750912958052;2022-09-12T20:00:00Z
84.55051666666665;0.0;0.0;0.0;13.644433593800045;0.5869914889;5.317061965816005;2022-09-12T21:00:00Z
233.68468333333328;0.0;0.0;0.0;12.932275390600012;0.5880150795;5.983149997547613;2022-09-12T22:00:00Z
24.451683333333328;0.0;0.0;0.0;12.756250000000023;0.5879958272;6.849187348836685;2022-09-12T23:00:00Z
24.85023333333333;0.0;0.0;0.0;12.22756347660004;0.5879541039;7.007712802645774;2022-09-13T00:00:00Z
31.61695;0.0;0.0;0.0;12.076989746100026;0.5879158974;7.043476371243222;2022-09-13T01:00:00Z
28.70015;0.0;0.0;0.0;12.129724121100026;0.5878894925;6.828958638990837;2022-09-13T02:00:00Z
28.35045;0.0;0.0;0.0;12.063562011700014;0.5878536701;6.491570646290095;2022-09-13T03:00:00Z
29.166783333333328;0.0;0.0;0.0;11.961114502000044;0.5878359675;6.707865289412712;2022-09-13T04:00:00Z
28.0;0.0;0.0;2.2222222222222223;12.412500000000023;0.5886403918;6.804591576261844;2022-09-13T05:00:00Z
24.150633333333328;0.0;0.0;41.88444444444445;13.046350097700042;0.5915880203;6.320764346400315;2022-09-13T06:00:00Z
2.2013;33.859777777777765;0.1199999999999999;46.96888888888889;13.413690185500002;0.5927986503;6.456037080097711;2022-09-13T07:00:00Z
37.0008;12.550444444444445;5.119;126.57777777777778;13.819726562500023;0.5917959213;5.829441189600555;2022-09-13T08:00:00Z
60.00016666666667;35.635555555555555;20.119;102.29333333333334;14.534326171900034;0.5898841619;5.151828946110475;2022-09-13T09:00:00Z
54.00026666666666;0.0;0.0;98.18666666666667;15.305718994100005;0.5924546719;4.799938126328744;2022-09-13T10:00:00Z
69.00001666666667;0.0;0.0;230.27555555555554;17.14354858400003;0.5907718539;4.757797700442819;2022-09-13T11:00:00Z
136.66731666666666;0.0;0.0;376.1066666666667;18.764123535200042;0.5902915001;6.8581777586054296;2022-09-13T12:00:00Z
653.33375;0.0;0.0;350.3466666666667;19.69457397460002;0.5897892118;5.394058564723285;2022-09-13T13:00:00Z
131.50145;0.0;0.0;249.6888888888889;19.821343994100005;0.5892240405;4.747755359079691;2022-09-13T14:00:00Z
60.3353;0.0;0.0;179.92888888888888;19.279870605500037;0.5884715915;4.577861634515922;2022-09-13T15:00:00Z
379.66805;0.0;0.0;157.29777777777778;19.288415527300003;0.5880927444;5.361949925303951;2022-09-13T16:00:00Z
68.63416666666666;0.0;0.0;62.791111111111114;18.380700683600026;0.5880379677;4.823193200878913;2022-09-13T17:00:00Z
81.31694999999998;0.0;0.0;3.431111111111111;16.24477539060001;0.5880755186;5.311333204629251;2022-09-13T18:00:00Z
89.36688333333333;0.0;0.0;0.0;15.300317382800017;0.588101685;5.857609468973063;2022-09-13T19:00:00Z
92.63346666666665;0.0;0.0;0.0;14.833184814500044;0.5881166458;6.024310709371983;2022-09-13T20:00:00Z
45.00088333333333;0.0;0.0;0.0;14.188989257800017;0.5881307721;6.281219481144841;2022-09-13T21:00:00Z
58.03541666666666;0.0;0.0;0.0;13.98342285160004;0.5880903602;6.13364067929235;2022-09-13T22:00:00Z
42.61893333333333;0.0;0.0;0.0;13.017114257800017;0.5881040096;6.497162462985136;2022-09-13T23:00:00Z
19.717316666666665;0.0;0.0;0.0;12.359521484400034;0.5881704092;6.302062650252847;2022-09-14T00:00:00Z
32.200583333333334;0.0;0.0;0.0;12.053491210900006;0.5882392526;5.359535679899305;2022-09-14T01:00:00Z
40.25033333333334;0.0;0.0;0.0;11.665856933600026;0.5883560777;6.0686943301494685;2022-09-14T02:00:00Z
32.317;0.0;0.0;0.0;11.487481689500044;0.5884354115;5.479243066882208;2022-09-14T03:00:00Z
32.90018333333333;0.0;0.0;0.0;11.275903320300017;0.5884894133;6.059896720351273;2022-09-14T04:00:00Z
25.083916666666667;0.0;0.0;1.8666666666666667;11.144738769500009;0.5885426998;5.369799777107125;2022-09-14T05:00:00Z
27.7678;0.0;0.0;48.906666666666666;11.964288330100032;0.5884957314;4.546908545037748;2022-09-14T06:00:00Z
35.96718333333333;12.550444444444445;0.1199999999999999;133.95555555555555;13.46389160160004;0.5882700086;4.24852176710753;2022-09-14T07:00:00Z
26.00073333333333;42.73866666666665;5.118999999999999;227.84;14.787500000000023;0.5879071951;4.5791370165017;2022-09-14T08:00:00Z
37.001133333333335;24.980888888888884;20.119;357.24444444444447;15.826745605500037;0.5875880122;4.230645997365054;2022-09-14T09:00:00Z
43.16751666666666;0.0;0.0;438.3644444444444;17.20705566410004;0.5871751904;3.802269765776546;2022-09-14T10:00:00Z
26.00146666666667;0.0;0.0;387.1111111111111;17.590173339800003;0.587071836;3.7834967030963282;2022-09-14T11:00:00Z
587.001;0.0;0.0;401.1022222222222;17.901452636700014;0.5870137215;3.761517498686269;2022-09-14T12:00:00Z
42.16828333333333;0.0;0.0;320.28444444444443;17.936669921900034;0.5869890451;4.70416810701416;2022-09-14T13:00:00Z
48.00186666666667;0.0;0.0;279.64444444444445;17.948022460900006;0.5869656801;4.176879976548633;2022-09-14T14:00:00Z
44.00143333333333;0.0;0.0;144.0888888888889;17.578881835900006;0.586958766;3.3353707697380264;2022-09-14T15:00:00Z
50.00133333333333;0.0;0.0;69.26222222222222;16.838403320300017;0.5869751573;3.1520861159997433;2022-09-14T16:00:00Z
52.66833333333334;0.0;0.0;26.63111111111111;16.114099121100026;0.5869686604;3.3832938728014867;2022-09-14T17:00:00Z
74.05084999999998;0.0;0.0;1.208888888888889;15.377404785200042;0.5869897008;3.2409906688422008;2022-09-14T18:00:00Z
28.81805;0.0;0.0;0.0;14.431420898400006;0.5873184204;2.7277351677004162;2022-09-14T19:00:00Z
90.3001;0.0;0.0;0.0;14.091455078100012;0.5880481601;3.0908513768803756;2022-09-14T20:00:00Z
87.10048333333333;0.0;0.0;0.0;13.568872070300017;0.5885732174;4.172706697303863;2022-09-14T21:00:00Z
148.81833333333336;0.0;0.0;0.0;14.519372558600026;0.5900605321;4.509071061829673;2022-09-14T22:00:00Z
519.0184833333334;0.0;0.0;0.0;13.855371093800045;0.5900165439;5.1078350751894845;2022-09-14T23:00:00Z
25.200466666666664;0.0;0.0;0.0;13.27730712890002;0.5899650455;5.017102049096097;2022-09-15T00:00:00Z
33.4835;0.0;0.0;0.0;13.080560302700007;0.5899157524;5.203095221863134;2022-09-15T01:00:00Z
32.90011666666666;0.0;0.0;0.0;12.774255371100026;0.5899221897;4.96133679230403;2022-09-15T02:00:00Z
28.350383333333333;0.0;0.0;0.0;12.6864257812;0.5899958611;5.416297536110721;2022-09-15T03:00:00Z
27.6508;0.0;0.0;0.0;12.377984619100005;0.5901326537;6.2771097598988606;2022-09-15T04:00:00Z
64.45053333333334;0.0;0.0;1.031111111111111;12.293511962900027;0.5902110338;6.558944968980838;2022-09-15T05:00:00Z
95.1002;0.0;0.0;39.60888888888889;12.68068847660004;0.5900131464;6.838341950258486;2022-09-15T06:00:00Z
32.40115;15.21411111111111;5.119;165.35111111111112;13.671533203100012;0.5894247293;6.66980706000323;2022-09-15T07:00:00Z
10.001;16.102;0.1199999999999999;275.3066666666667;14.61916503910004;0.5885555744;6.580207282833334;2022-09-15T08:00:00Z
14.000933333333332;49.84177777777778;20.119;276.48;15.456506347700042;0.5879586339;6.496629187554372;2022-09-15T09:00:00Z
45.000416666666666;0.0;0.0;380.03555555555556;16.061669921900034;0.5881938934;6.378834101247605;2022-09-15T10:00:00Z
65.0005;0.0;0.0;367.6622222222222;16.52022705080003;0.5890077949;7.2396262209413464;2022-09-15T11:00:00Z
86.66765;0.0;0.0;368.48;16.804132080100032;0.5884895325;7.498522831597941;2022-09-15T12:00:00Z
435.16745;0.0;0.0;357.3688888888889;16.76973876950001;0.5879592896;7.735287166117698;2022-09-15T13:00:00Z
33.835366666666665;0.0;0.0;274.9511111111111;16.94942626950001;0.5882960558;7.8573014224249125;2022-09-15T14:00:00Z
16.002483333333334;0.0;0.0;253.15555555555557;16.83495483400003;0.5881749988;7.1231474984502245;2022-09-15T15:00:00Z
547.3349333333333;0.0;0.0;127.82222222222222;16.177270507800017;0.588068068;7.780691057696379;2022-09-15T16:00:00Z
185.1342;0.0;0.0;48.42666666666667;15.100976562500023;0.5880661607;7.632191356085738;2022-09-15T17:00:00Z
51.950516666666665;0.0;0.0;1.6888888888888889;14.04396972660004;0.5879325867;7.6794461084325585;2022-09-15T18:00:00Z
72.76703333333333;0.0;0.0;0.0;13.781640625000023;0.5878098011;7.70510289232766;2022-09-15T19:00:00Z
93.68356666666665;0.0;0.0;0.0;13.529138183600026;0.5877339244;7.867415619005891;2022-09-15T20:00:00Z
89.90054999999998;0.0;0.0;0.0;13.10152587890002;0.5876621008;7.837753687106583;2022-09-15T21:00:00Z
75.86828333333332;0.0;0.0;0.0;12.432489013700035;0.5871718526;8.020516732872759;2022-09-15T22:00:00Z
7.335933333333333;0.0;0.0;0.0;12.108544921900034;0.5871520638;8.338747229313697;2022-09-15T23:00:00Z
0.0;0.0;0.0;0.0;11.599877929700028;0.5871223807;8.270192367839009;2022-09-16T00:00:00Z
0.0;0.0;0.0;0.0;11.211694335900006;0.5871084929;8.483251412414116;2022-09-16T01:00:00Z
0.0;0.0;0.0;0.0;10.916284179700028;0.5870914459;8.252634788307097;2022-09-16T02:00:00Z
0.0;0.0;0.0;0.0;10.821679687500023;0.5870835781;8.27936425639911;2022-09-16T03:00:00Z
0.0;0.0;0.0;0.0;10.619805908200021;0.5870786905;8.3714361158269;2022-09-16T04:00:00Z
0.0;0.0;0.0;1.1733333333333333;10.472375488300031;0.5870676041;8.152356079057109;2022-09-16T05:00:00Z
0.0;0.0;0.0;50.61333333333334;11.077539062500023;0.5870427489;7.946072944823768;2022-09-16T06:00:00Z
0.0;22.31722222222222;0.1199999999999999;176.35555555555555;12.076318359400034;0.5872893929;8.485814031804633;2022-09-16T07:00:00Z
0.0;32.971888888888884;0.1199999999999999;276.16;13.242578125000023;0.5872819424;9.057446508816009;2022-09-16T08:00:00Z
0.0;26.756666666666664;25.118;345.29777777777775;14.367486572300038;0.5873128772;9.573271131159894;2022-09-16T09:00:00Z
0.0;0.0;0.0;402.68444444444447;14.545770263700035;0.5873845816;9.057963353058893;2022-09-16T10:00:00Z
0.0;0.0;0.0;513.3866666666667;15.300683593800045;0.5875344276;9.515796261553088;2022-09-16T11:00:00Z
0.0;0.0;0.0;403.84;15.442620849600019;0.5872332454;9.587225693288282;2022-09-16T12:00:00Z
0.0;0.0;0.0;431.32444444444445;15.6512695312;0.587123096;9.614288216269152;2022-09-16T13:00:00Z
0.0;0.0;0.0;334.8622222222222;15.978417968800045;0.5870926976;9.75593293598146;2022-09-16T14:00:00Z
0.0;0.0;0.0;264.67555555555555;16.28151855470003;0.5871163011;9.905233018376085;2022-09-16T15:00:00Z
0.0;0.0;0.0;183.25333333333333;16.13771972660004;0.5870553851;9.112032344010593;2022-09-16T16:00:00Z
0.0;0.0;0.0;57.22666666666667;15.012353515600012;0.5870334506;9.066041234705255;2022-09-16T17:00:00Z
0.0;0.0;0.0;1.191111111111111;13.531427002000044;0.5870332122;9.265562102409927;2022-09-16T18:00:00Z
0.0;0.0;0.0;0.0;13.1766601562;0.587092936;9.7524196635372;2022-09-16T19:00:00Z
0.0;0.0;0.0;0.0;12.523767089800003;0.5900948644;10.050137758381565;2022-09-16T20:00:00Z
0.0;0.0;0.0;0.0;11.802453613300031;0.5926699638;10.71671601058181;2022-09-16T21:00:00Z
0.0;0.0;0.0;0.0;10.378289794900013;0.5927603245;11.371342516913737;2022-09-16T22:00:00Z
0.0;0.0;0.0;0.0;10.661462402300003;0.5925521255;10.00507999082267;2022-09-16T23:00:00Z
15.984666666666667;0.0;0.0;0.0;10.96776733400003;0.5925108194;9.131717962455;2022-09-17T00:00:00Z
40.13345;0.0;0.0;0.0;11.313317871100026;0.5923087597;8.193720606806249;2022-09-17T01:00:00Z
40.3669;0.0;0.0;0.0;11.450280761700014;0.5925223827;8.119939448409774;2022-09-17T02:00:00Z
39.31705;0.0;0.0;0.0;11.332452392600032;0.5925050974;7.538302619930753;2022-09-17T03:00:00Z
35.0005;0.0;0.0;0.0;11.403771972700042;0.5925722122;7.507311251060125;2022-09-17T04:00:00Z
33.11725;0.0;0.0;0.4444444444444444;11.450646972700042;0.5925653577;8.022012165000115;2022-09-17T05:00:00Z
23.23475;0.0;0.0;20.56888888888889;11.533349609400034;0.5924565196;8.818234021638478;2022-09-17T06:00:00Z
70.16683333333333;60.49644444444444;5.119;91.05777777777777;12.119897460900006;0.5919132233;8.741687647951922;2022-09-17T07:00:00Z
70.0;8.998888888888889;0.1199999999999999;122.52444444444444;12.631494140600012;0.5905913115;8.958600678905997;2022-09-17T08:00:00Z
65.00008333333334;7.223111111111111;20.119;255.04;12.954949951200035;0.5890564919;8.567305909634625;2022-09-17T09:00:00Z
65.50045;0.0;0.0;359.52;13.798974609400034;0.5907244682;8.815255909839884;2022-09-17T10:00:00Z
64.50055;0.0;0.0;418.7911111111111;14.20897827150003;0.5890626907;8.710248840927452;2022-09-17T11:00:00Z
27.335166666666662;0.0;0.0;497.38666666666666;14.511560058600026;0.5885098577;8.645198735556603;2022-09-17T12:00:00Z
59.334733333333325;0.0;0.0;427.85777777777776;14.412683105500037;0.5882115364;8.808493855266626;2022-09-17T13:00:00Z
65.50145;0.0;0.0;399.12888888888887;14.555444335900006;0.5883808136;9.432839261592747;2022-09-17T14:00:00Z
67.83455;0.0;0.0;277.6177777777778;14.503747558600026;0.587900281;8.118550863623714;2022-09-17T15:00:00Z
63.83486666666667;0.0;0.0;167.2711111111111;13.292230224600019;0.58766675;7.441323292252573;2022-09-17T16:00:00Z
836.48365;0.0;0.0;55.946666666666665;12.00686035160004;0.5875962973;7.817707835334597;2022-09-17T17:00:00Z
268.71683333333334;0.0;0.0;0.8355555555555556;10.99416503910004;0.5875750184;7.808269518132392;2022-09-17T18:00:00Z
66.65045;0.0;0.0;0.0;10.47924194340004;0.5875088573;7.0471931897336475;2022-09-17T19:00:00Z
86.61725;0.0;0.0;0.0;10.188714599600019;0.5874472857;6.295953435109041;2022-09-17T20:00:00Z
80.63408333333332;0.0;0.0;0.0;10.06832275390002;0.5873884559;5.628556971322095;2022-09-17T21:00:00Z
56.21875;0.0;0.0;0.0;9.822717285200042;0.5880383253;5.869856010244705;2022-09-17T22:00:00Z
15.7513;0.0;0.0;0.0;9.706933593800045;0.5895774364;6.350132779889027;2022-09-17T23:00:00Z
18.084216666666663;0.0;0.0;0.0;9.692651367200028;0.5917741656;7.215643691254626;2022-09-18T00:00:00Z
33.2501;0.0;0.0;0.0;9.70894775390002;0.5928582549;8.63146639494587;2022-09-18T01:00:00Z
27.65038333333333;0.0;0.0;0.0;9.919732666000016;0.5930648446;8.964129316785574;2022-09-18T02:00:00Z
26.716866666666665;0.0;0.0;0.0;9.880700683600026;0.5930688977;9.036695100498783;2022-09-18T03:00:00Z
29.4006;0.0;0.0;0.0;9.693475341800024;0.5930219293;9.75358041927358;2022-09-18T04:00:00Z
25.784;0.0;0.0;0.26666666666666666;9.564141845700021;0.5928111672;9.993265959565932;2022-09-18T05:00:00Z
22.05105;0.0;0.0;18.72;9.552148437500023;0.5923144817;9.442504714456645;2022-09-18T06:00:00Z
39.45076666666667;17.877777777777776;0.1199999999999999;119.2;10.023278808600026;0.5914279819;9.658193701395192;2022-09-18T07:00:00Z
41.334316666666666;32.084;0.1199999999999999;226.43555555555557;11.174157714800003;0.5898505449;9.879040659190546;2022-09-18T08:00:00Z
42.3346;30.308222222222216;25.118;410.52444444444444;12.295129394500009;0.5884453058;9.01357161525328;2022-09-18T09:00:00Z
55.50078333333333;0.0;0.0;496.9244444444444;13.138269043000037;0.588973999;9.019747242917587;2022-09-18T10:00:00Z
70.0;0.0;0.0;469.90222222222224;13.602044677700007;0.5879321694;9.786458125347238;2022-09-18T11:00:00Z
82.33440000000002;0.0;0.0;426.5422222222222;12.675256347700042;0.5876368284;8.682224352656773;2022-09-18T12:00:00Z
670.6673166666667;0.0;0.0;418.22222222222223;13.078393554700028;0.5876731277;8.031900687168388;2022-09-18T13:00:00Z
368.6675;0.0;0.0;360.56888888888886;12.876611328100012;0.5922611952;8.097312759703268;2022-09-18T14:00:00Z
59.0016;0.0;0.0;245.6888888888889;11.760522460900006;0.5930432081;7.8877735355166925;2022-09-18T15:00:00Z
66.00106666666666;0.0;0.0;114.56;10.738122558600026;0.5930187702;6.923080418858984;2022-09-18T16:00:00Z
49.00135;0.0;0.0;47.89333333333333;9.786340332000009;0.5930163264;7.012074617866163;2022-09-18T17:00:00Z
83.41708333333332;0.0;0.0;0.5688888888888889;8.823815918000037;0.593018055;7.333705008531837;2022-09-18T18:00:00Z
83.18385;0.0;0.0;0.0;8.701806640600012;0.5930054188;6.972736550699644;2022-09-18T19:00:00Z
80.43368333333333;0.0;0.0;0.0;8.630334472700042;0.592993319;6.767815678314935;2022-09-18T20:00:00Z
88.83358333333332;0.0;0.0;0.0;8.568200683600026;0.5929117799;6.445492582726937;2022-09-18T21:00:00Z
50.63488333333333;0.0;0.0;0.0;8.308435058600026;0.5929583907;6.1048271301044705;2022-09-18T22:00:00Z
6.768116666666667;0.0;0.0;0.0;8.186212158200021;0.5929841399;5.375806356949124;2022-09-18T23:00:00Z
29.983716666666663;0.0;0.0;0.0;8.182824707000009;0.592923224;5.319510715979814;2022-09-19T00:00:00Z
36.5169;0.0;0.0;0.0;8.128564453100012;0.5929102898;5.346193932908255;2022-09-19T01:00:00Z
35.11691666666667;0.0;0.0;0.0;7.950646972700042;0.5929708481;5.460649527073682;2022-09-19T02:00:00Z
31.50015;0.0;0.0;0.0;7.866357421900034;0.5929527283;5.671134403351066;2022-09-19T03:00:00Z
28.93368333333333;0.0;0.0;0.0;7.978845214800003;0.5929356813;6.138301530349144;2022-09-19T04:00:00Z
27.76738333333333;0.0;0.0;0.4088888888888889;8.37691650390002;0.5929690599;6.243736083402405;2022-09-19T05:00:00Z
22.635016666666665;0.0;0.0;38.09777777777778;9.069970703100012;0.5928966403;7.094512139410023;2022-09-19T06:00:00Z
2.1021333333333327;19.653555555555553;0.1199999999999999;108.08888888888889;10.142236328100012;0.5924081802;7.301652074227596;2022-09-19T07:00:00Z
2.3351;5.447333333333333;20.119;93.28;11.317163085900006;0.5913633704;7.839783278484203;2022-09-19T08:00:00Z
16.0009;50.72966666666667;5.119;156.0888888888889;12.058404541000016;0.5903574824;7.099578308518123;2022-09-19T09:00:00Z
70.0;0.0;0.0;230.4711111111111;13.309899902300003;0.5917521715;7.100495009323208;2022-09-19T10:00:00Z
70.0;0.0;0.0;431.46666666666664;14.062402343800045;0.5898082852;6.780796420199478;2022-09-19T11:00:00Z
236.66695;0.0;0.0;436.64;14.70406494140002;0.5884795189;6.900646510864783;2022-09-19T12:00:00Z
281.8346;0.0;0.0;438.24;14.538903808600026;0.5886290669;6.722587362286715;2022-09-19T13:00:00Z
460.0016;0.0;0.0;314.3822222222222;14.028161621100026;0.5886132717;6.319051439145211;2022-09-19T14:00:00Z
64.0016;0.0;0.0;172.16;12.822412109400034;0.5883412957;4.754604993188603;2022-09-19T15:00:00Z
70.001;0.0;0.0;106.68444444444444;12.51439819340004;0.588170588;7.0375481458739415;2022-09-19T16:00:00Z
71.98436666666667;0.0;0.0;34.82666666666667;11.701867675800031;0.5879658461;6.441108499404834;2022-09-19T17:00:00Z
84.35031666666667;0.0;0.0;0.3022222222222222;10.966027832000009;0.5878958106;6.415935583039094;2022-09-19T18:00:00Z
89.95008333333334;0.0;0.0;0.0;10.453302002000044;0.5878766775;7.120505162313474;2022-09-19T19:00:00Z
96.8335;0.0;0.0;0.0;10.298608398400006;0.5878542066;7.1080177641951074;2022-09-19T20:00:00Z
77.0008;0.0;0.0;0.0;9.815820312500023;0.587841928;6.7876112588675745;2022-09-19T21:00:00Z
244.06856666666664;0.0;0.0;0.0;9.562188720700021;0.5895290971;5.67660910201135;2022-09-19T22:00:00Z
29.28633333333333;0.0;0.0;0.0;9.338311767600032;0.5896526575;4.923084671331187;2022-09-19T23:00:00Z
22.633666666666663;0.0;0.0;0.0;8.927636718800045;0.5898178816;6.771019538191708;2022-09-20T00:00:00Z
42.000166666666665;0.0;0.0;0.0;8.771661377000044;0.5900404453;6.536050591255664;2022-09-20T01:00:00Z
34.06713333333333;0.0;0.0;0.0;8.6415039062;0.5901575685;6.013663694972355;2022-09-20T02:00:00Z
28.81705;0.0;0.0;0.0;8.538293457000009;0.5901797414;6.487920565491712;2022-09-20T03:00:00Z
35.817033333333335;0.0;0.0;0.0;8.205346679700028;0.5901654959;6.222601515401193;2022-09-20T04:00:00Z
33.250833333333325;0.0;0.0;0.28444444444444444;8.05660400390002;0.5902170539;6.128477955551029;2022-09-20T05:00:00Z
29.1678;0.0;0.0;50.364444444444445;8.512109375000023;0.5900906324;5.791555104614828;2022-09-20T06:00:00Z
8.200916666666666;24.980888888888888;5.119;172.12444444444444;9.750451660200042;0.5896058679;5.728221189457556;2022-09-20T07:00:00Z
3.6683;22.31722222222222;0.1199999999999999;256.74666666666667;11.255212402300003;0.5886553526;5.698619350568875;2022-09-20T08:00:00Z
2.0018;32.084;20.119;347.84;12.500756835900006;0.5880506039;4.909497660931834;2022-09-20T09:00:00Z
44.1675;0.0;0.0;348.1777777777778;13.083459472700042;0.5877004862;5.185666159490343;2022-09-20T10:00:00Z
68.66706666666667;0.0;0.0;462.3466666666667;14.039819335900006;0.5876093507;5.441861312267928;2022-09-20T11:00:00Z
70.001;0.0;0.0;529.3333333333334;14.279931640600012;0.5880147219;5.580650806171624;2022-09-20T12:00:00Z
70.001;0.0;0.0;517.4577777777778;14.605310058600026;0.5883972049;6.173985223993334;2022-09-20T13:00:00Z
360.335;0.0;0.0;382.18666666666667;14.439660644500009;0.5884534717;5.370985357832148;2022-09-20T14:00:00Z
243.16775;0.0;0.0;259.9288888888889;14.225244140600012;0.5891063809;4.678931814668351;2022-09-20T15:00:00Z
326.66835;0.0;0.0;131.00444444444443;12.737451171900034;0.5912238955;4.811228914475688;2022-09-20T16:00:00Z
10.002049999999999;0.0;0.0;37.35111111111111;11.842095947300038;0.5921574831;4.429306778119973;2022-09-20T17:00:00Z
21.201483333333332;0.0;0.0;0.10666666666666666;10.687829589800003;0.5922245383;5.163892569681633;2022-09-20T18:00:00Z
76.53401666666667;0.0;0.0;0.0;9.790917968800045;0.5922253132;5.488398437489167;2022-09-20T19:00:00Z
85.40028333333333;0.0;0.0;0.0;8.631372070300017;0.5922667384;5.3514771914520765;2022-09-20T20:00:00Z
84.21734999999998;0.0;0.0;0.0;8.458612060500002;0.5923033357;5.029395720751439;2022-09-20T21:00:00Z
29.50225;0.0;0.0;0.0;7.759790039100039;0.5923221707;4.352972050106872;2022-09-20T22:00:00Z
23.58483333333333;0.0;0.0;0.0;7.393823242200028;0.5923835635;4.6423247532437015;2022-09-20T23:00:00Z
34.41696666666667;0.0;0.0;0.0;7.201409912100019;0.5924216509;4.971593996428004;2022-09-21T00:00:00Z
31.500333333333334;0.0;0.0;0.0;6.951196289100039;0.592518568;4.971563841599252;2022-09-21T01:00:00Z
34.650433333333325;0.0;0.0;0.0;6.76754150390002;0.5925838947;4.742052004101581;2022-09-21T02:00:00Z
36.9834;0.0;0.0;0.0;6.815637207000009;0.5926755667;4.8726166833663225;2022-09-21T03:00:00Z
33.25013333333333;0.0;0.0;0.0;6.741571044900013;0.5927811861;4.9163073448084385;2022-09-21T04:00:00Z
31.300183333333333;0.0;0.0;0.14222222222222222;6.356958007800017;0.5929162502;5.17427853498258;2022-09-21T05:00:00Z
53.73451666666666;0.0;0.0;45.22666666666667;6.884179687500023;0.5928782821;4.949135565220615;2022-09-21T06:00:00Z
72.8506;41.85077777777778;5.119;130.91555555555556;8.629266357400013;0.5921476483;3.8145581701195264;2022-09-21T07:00:00Z
64.167;28.532444444444444;0.1199999999999999;259.00444444444446;10.86812744140002;0.5908151865;3.3569943737032766;2022-09-21T08:00:00Z
21.334616666666665;14.326222222222222;20.119;349.4222222222222;12.992669677700007;0.5892877579;3.2667527763744673;2022-09-21T09:00:00Z
40.83391666666667;0.0;0.0;386.68444444444447;14.052636718800045;0.5886937976;2.7291641868060275;2022-09-21T10:00:00Z
70.0;0.0;0.0;461.28;15.21654663090004;0.5879662633;3.0436811501570378;2022-09-21T11:00:00Z
70.00061666666667;0.0;0.0;471.6622222222222;15.677453613300031;0.5876860023;3.3429066429211667;2022-09-21T12:00:00Z
853.3335499999998;0.0;0.0;404.6222222222222;15.740594482400013;0.5875582695;3.782407158029441;2022-09-21T13:00:00Z
186.66755;0.0;0.0;332.8177777777778;15.918542480500037;0.5873600841;4.1350604275870655;2022-09-21T14:00:00Z
70.001;0.0;0.0;204.81777777777776;15.911706543000037;0.5872056484;4.346639366055284;2022-09-21T15:00:00Z
66.50135;0.0;0.0;124.53333333333333;15.428552246100026;0.5871340632;4.507715825084499;2022-09-21T16:00:00Z
62.88528333333333;0.0;0.0;40.49777777777778;13.394189453100012;0.5871605277;4.269772493163436;2022-09-21T17:00:00Z
76.33491666666666;0.0;0.0;0.017777777777777778;10.93822631840004;0.5871803164;4.285022134717006;2022-09-21T18:00:00Z
30.518633333333334;0.0;0.0;0.0;9.175958252000044;0.587213397;4.498164838605045;2022-09-21T19:00:00Z
24.9347;0.0;0.0;0.0;7.958703613300031;0.5872164965;4.271354477522728;2022-09-21T20:00:00Z
43.65091666666665;0.0;0.0;0.0;7.153436279300024;0.5872301459;3.722668454946181;2022-09-21T21:00:00Z
37.21803333333333;0.0;0.0;0.0;7.769189453100012;0.5872392654;3.5212652596823504;2022-09-21T22:00:00Z
138.55168333333333;0.0;0.0;0.0;7.175012207000009;0.5872620344;3.465307656570354;2022-09-21T23:00:00Z
20.65125;0.0;0.0;0.0;7.024926757800017;0.5873216391;4.177440892687563;2022-09-22T00:00:00Z
23.9173;0.0;0.0;0.0;5.958581543000037;0.5873812437;4.189286888393454;2022-09-22T01:00:00Z
23.9175;0.0;0.0;0.0;5.724206543000037;0.5874461532;4.092773077284829;2022-09-22T02:00:00Z
33.6002;0.0;0.0;0.0;5.099176025400027;0.5875002742;4.046709206297698;2022-09-22T03:00:00Z
32.2004;0.0;0.0;0.0;4.923913574200014;0.587556541;3.8021494472590507;2022-09-22T04:00:00Z
33.3671;0.0;0.0;0.05333333333333333;4.765802002000044;0.5876078606;3.4426922071222834;2022-09-22T05:00:00Z
24.850416666666668;0.0;0.0;45.36888888888889;6.1902709961000255;0.587664783;3.096898358739702;2022-09-22T06:00:00Z
3.50035;0.1199999999999999;0.1199999999999999;157.81333333333333;8.841943359400034;0.5875772834;2.1981905319460027;2022-09-22T07:00:00Z
49.333866666666665;39.187111111111115;20.119;311.00444444444446;11.18551025390002;0.5874353051;1.3164042685475452;2022-09-22T08:00:00Z
18.50115;48.066;5.119;442.3644444444444;12.937066650400027;0.5873447061;0.7016398137355364;2022-09-22T09:00:00Z
28.334333333333333;0.0;0.0;457.72444444444443;13.990686035200042;0.5871947408;1.7432827127966446;2022-09-22T10:00:00Z
44.6672;0.0;0.0;490.91555555555556;14.600946044900013;0.5870779157;1.490143637073243;2022-09-22T11:00:00Z
62.834216666666656;0.0;0.0;524.2666666666667;15.508996582000009;0.5869962573;2.064765530819339;2022-09-22T12:00:00Z
63.00111666666666;0.0;0.0;363.6088888888889;15.424157714800003;0.5869839191;1.9699914080661245;2022-09-22T13:00:00Z
47.00138333333334;0.0;0.0;283.41333333333336;15.618981933600026;0.5870162845;1.4030001138363093;2022-09-22T14:00:00Z
136.6676;0.0;0.0;209.70666666666668;15.354821777300003;0.5870358348;1.174092058780682;2022-09-22T15:00:00Z
86.66764999999998;0.0;0.0;109.76;14.890740966800024;0.5871307254;0.9555587350680673;2022-09-22T16:00:00Z
270.0009;0.0;0.0;40.65777777777778;13.466210937500023;0.5870822668;0.9962774716523035;2022-09-22T17:00:00Z
74.45053333333334;0.0;0.0;0.0;10.07229003910004;0.5869860649;1.7238511119920716;2022-09-22T18:00:00Z
73.8835166666667;0.0;0.0;0.0;8.431970214800003;0.5869676471;2.255494580031245;2022-09-22T19:00:00Z
68.76813333333334;0.0;0.0;0.0;6.562524414100039;0.5869674087;2.676642001252872;2022-09-22T20:00:00Z
65.1847;0.0;0.0;0.0;6.315667724600019;0.5869684815;3.0462531767629852;2022-09-22T21:00:00Z
208.45171666666664;0.0;0.0;0.0;5.715112304700028;0.5869850516;3.547165061268121;2022-09-22T22:00:00Z
500.20128333333327;0.0;0.0;0.0;5.388818359400034;0.5869990587;3.644231196343691;2022-09-22T23:00:00Z
0.0;0.0;0.0;0.0;4.888299560500002;0.5870159864;3.604169960421226;2022-09-23T00:00:00Z
0.0;0.0;0.0;0.0;4.814843750000023;0.587033093;3.5693344920542263;2022-09-23T01:00:00Z
0.0;0.0;0.0;0.0;4.668023681600005;0.5870520473;3.6459383464479957;2022-09-23T02:00:00Z
0.0;0.0;0.0;0.0;3.542749023400006;0.587067008;3.6087414824458444;2022-09-23T03:00:00Z
0.0;0.0;0.0;0.0;2.319879150400027;0.5870865583;3.4712141087722412;2022-09-23T04:00:00Z
0.0;0.0;0.0;0.017777777777777778;2.174951171900034;0.5871166587;3.4614479199377657;2022-09-23T05:00:00Z
0.0;0.0;0.0;45.99111111111111;4.324365234400034;0.5871580243;3.8007840000581923;2022-09-23T06:00:00Z
0.0;24.980888888888888;0.1199999999999999;153.0311111111111;7.988610839800003;0.5871303082;3.6768295981625925;2022-09-23T07:00:00Z
0.0;53.39333333333333;5.119;293.17333333333335;10.995202636700014;0.5870715976;2.6413776826269664;2022-09-23T08:00:00Z
0.0;1.0078888888888888;20.119;394.88;13.409814453100012;0.5870081782;2.9332521193397367;2022-09-23T09:00:00Z
0.0;0.0;0.0;448.26666666666665;14.776940918000037;0.5869874954;2.5668326469239937;2022-09-23T10:00:00Z
0.0;0.0;0.0;509.5466666666667;15.6551757812;0.5869672894;2.6225819978508547;2022-09-23T11:00:00Z
0.0;0.0;0.0;463.6977777777778;15.924096679700028;0.5869678855;2.2567969645419423;2022-09-23T12:00:00Z
0.0;0.0;0.0;410.4;16.407098388700035;0.5869871974;1.7959940269024846;2022-09-23T13:00:00Z
0.0;0.0;0.0;356.12444444444446;16.570214843800045;0.5870015025;1.543314867913085;2022-09-23T14:00:00Z
0.0;0.0;0.0;246.18666666666667;16.473168945300017;0.5870012641;1.725815427735601;2022-09-23T15:00:00Z
0.0;0.0;0.0;124.96;15.21483764650003;0.5869848132;2.090643904351645;2022-09-23T16:00:00Z
0.0;0.0;0.0;27.786666666666665;13.064660644500009;0.5869506001;3.2808531226575064;2022-09-23T17:00:00Z
0.0;0.0;0.0;0.0;11.785058593800045;0.5869506001;4.746210534277597;2022-09-23T18:00:00Z
0.0;0.0;0.0;0.0;11.069696044900013;0.5869505405;5.339894232612729;2022-09-23T19:00:00Z
0.0;0.0;0.0;0.0;10.726403808600026;0.5869507194;5.420252006902316;2022-09-23T20:00:00Z
0.0;0.0;0.0;0.0;10.389428710900006;0.5869514346;5.896881690256794;2022-09-23T21:00:00Z
0.0;0.0;0.0;0.0;11.087030029300024;0.5869508982;5.580650639706543;2022-09-23T22:00:00Z
0.0;0.0;0.0;0.0;10.928277587900027;0.5869511962;5.500486199858373;2022-09-23T23:00:00Z
29.517033333333327;0.0;0.0;0.0;10.667504882800017;0.5869531035;5.1554699988848744;2022-09-24T00:00:00Z
29.40033333333333;0.0;0.0;0.0;10.396997070300017;0.5869564414;4.814469874517505;2022-09-24T01:00:00Z
32.20023333333333;0.0;0.0;0.0;10.131921386700014;0.5869594812;4.368571069654677;2022-09-24T02:00:00Z
34.5334;0.0;0.0;0.0;9.600213623000002;0.5869607925;4.025535947822415;2022-09-24T03:00:00Z
31.7338;0.0;0.0;0.0;9.299157714800003;0.5869696736;3.671133053491566;2022-09-24T04:00:00Z
31.266966666666665;0.0;0.0;0.0;9.333489990200007;0.5870037675;2.684673327864313;2022-09-24T05:00:00Z
22.08393333333333;0.0;0.0;20.462222222222223;9.60054931640002;0.5870052576;2.5848870037029266;2022-09-24T06:00:00Z
62.9668;1.0078888888888888;25.118;33.422222222222224;10.648797607400013;0.5870631933;2.879215509068165;2022-09-24T07:00:00Z
52.50058333333333;13.438333333333333;0.1199999999999999;45.68888888888889;11.774591064500044;0.5876696706;3.094152757786469;2022-09-24T08:00:00Z
60.001;64.93588888888888;0.1199999999999999;179.9111111111111;13.100366210900006;0.5880535841;2.2524415111165403;2022-09-24T09:00:00Z
67.50025;0.0;0.0;252.03555555555556;14.333703613300031;0.5872623324;1.6053664553888403;2022-09-24T10:00:00Z
68.3335;0.0;0.0;247.5911111111111;15.284661865200007;0.5871235132;1.5127881948279363;2022-09-24T11:00:00Z
486.6668666666666;0.0;0.0;309.08444444444444;16.41817626950001;0.5870634913;1.5536495682305584;2022-09-24T12:00:00Z
70.001;0.0;0.0;272.44444444444446;16.91204223630001;0.587069273;1.104756510011888;2022-09-24T13:00:00Z
345.00111666666663;0.0;0.0;259.14666666666665;17.17482910160004;0.5870082974;1.3748650143115224;2022-09-24T14:00:00Z
296.00115000000005;0.0;0.0;217.31555555555556;16.921228027300003;0.5870236754;1.3676658887198643;2022-09-24T15:00:00Z
61.0019;0.0;0.0;108.21333333333334;15.979882812500023;0.5870065093;2.3338394782964267;2022-09-24T16:00:00Z
60.23533333333334;0.0;0.0;21.173333333333332;14.566186523400006;0.5873602033;4.042490984832165;2022-09-24T17:00:00Z
75.35068333333332;0.0;0.0;0.0;13.776574707000009;0.5878907442;4.795641421842467;2022-09-24T18:00:00Z
56.60063333333333;0.0;0.0;0.0;13.070886230500037;0.5884560347;4.869028432750874;2022-09-24T19:00:00Z
45.65071666666666;0.0;0.0;0.0;12.556878662100019;0.5886753201;4.969437311936455;2022-09-24T20:00:00Z
56.75071666666666;0.0;0.0;0.0;12.433374023400006;0.5887210965;5.0024731280292505;2022-09-24T21:00:00Z
75.75141666666667;0.0;0.0;0.0;11.772180175800031;0.5908789039;5.1500035928622285;2022-09-24T22:00:00Z
36.368783333333326;0.0;0.0;0.0;11.597894287100019;0.5917009711;5.374255013765371;2022-09-24T23:00:00Z
30.9169;0.0;0.0;0.0;11.2333007812;0.5918648243;4.823175605307064;2022-09-25T00:00:00Z
30.80028333333333;0.0;0.0;0.0;11.122735595700021;0.592200458;4.554237707706679;2022-09-25T01:00:00Z
24.150666666666663;0.0;0.0;0.0;11.146356201200035;0.5926328897;4.383428555179462;2022-09-25T02:00:00Z
26.25025;0.0;0.0;0.0;11.211328125000023;0.5926180482;4.0095164846185805;2022-09-25T03:00:00Z
24.500666666666667;0.0;0.0;0.0;11.270898437500023;0.5926062465;3.380261214525399;2022-09-25T04:00:00Z
28.933566666666664;0.0;0.0;0.0;10.843957519500009;0.5926285982;3.2362554683906306;2022-09-25T05:00:00Z
25.20035;0.0;0.0;20.85333333333333;10.892785644500009;0.5926604867;3.2302799563168536;2022-09-25T06:00:00Z
10.31725;8.998888888888889;0.1199999999999999;131.9111111111111;11.48140869140002;0.59217453;2.279816406341353;2022-09-25T07:00:00Z
23.83418333333333;33.859777777777765;0.1199999999999999;145.79555555555555;12.623101806600005;0.5913231969;0.9555434290505217;2022-09-25T08:00:00Z
37.83413333333333;37.41133333333333;25.118;208.53333333333333;14.023950195300017;0.5904003978;0.5917472743661525;2022-09-25T09:00:00Z
69.0001;0.0;0.0;209.01333333333332;14.463128662100019;0.5910212398;0.6339822512897821;2022-09-25T10:00:00Z
70.0;0.0;0.0;321.0311111111111;15.724206543000037;0.5894046426;0.8350289641748978;2022-09-25T11:00:00Z
70.0006;0.0;0.0;340.24888888888887;16.532098388700035;0.5880256295;0.8583422389817656;2022-09-25T12:00:00Z
70.001;0.0;0.0;417.06666666666666;17.102990722700042;0.5874023438;1.4176355270897631;2022-09-25T13:00:00Z
51.00131666666665;0.0;0.0;370.9688888888889;17.321740722700042;0.5874997973;2.620104225674904;2022-09-25T14:00:00Z
55.00125;0.0;0.0;235.85777777777778;17.019921875000023;0.587546587;2.8033399556226026;2022-09-25T15:00:00Z
638.3340000000001;0.0;0.0;107.5911111111111;16.298211669900013;0.5875913501;2.422857987048865;2022-09-25T16:00:00Z
70.00081666666667;0.0;0.0;21.564444444444444;14.263146972700042;0.5875578523;2.738162451115871;2022-09-25T17:00:00Z
78.35041666666666;0.0;0.0;0.0;13.200402832000009;0.5876531005;3.4066024583028716;2022-09-25T18:00:00Z
95.50025;0.0;0.0;0.0;12.816064453100012;0.5877034664;4.590265606664081;2022-09-25T19:00:00Z
89.06699999999998;0.0;0.0;0.0;12.831872558600026;0.587685883;5.454936094212991;2022-09-25T20:00:00Z
78.61728333333333;0.0;0.0;0.0;12.5711914062;0.5877084136;5.787725846276841;2022-09-25T21:00:00Z
290.9847666666667;0.0;0.0;0.0;11.75289306640002;0.5904060006;5.810287174112331;2022-09-25T22:00:00Z
227.06786666666667;0.0;0.0;0.0;11.241357421900034;0.5916897058;5.7058494220786;2022-09-25T23:00:00Z
22.400683333333333;0.0;0.0;0.0;10.773889160200042;0.592520535;5.779338266240753;2022-09-26T00:00:00Z
27.18345;0.0;0.0;0.0;10.470910644500009;0.5926683545;5.28441712223229;2022-09-26T01:00:00Z
27.5334;0.0;0.0;0.0;10.330895996100026;0.5927476883;4.489216634189949;2022-09-26T02:00:00Z
26.1336;0.0;0.0;0.0;9.97170410160004;0.5927812457;4.222412277559885;2022-09-26T03:00:00Z
27.18345;0.0;0.0;0.0;9.482263183600026;0.5928062797;4.442350541959956;2022-09-26T04:00:00Z
28.617466666666665;0.0;0.0;0.0;8.988061523400006;0.5928484201;5.16875673743184;2022-09-26T05:00:00Z
22.368016666666666;0.0;0.0;30.88;9.2333007812;0.5928580761;5.322600495556134;2022-09-26T06:00:00Z
9.8669;8.111;0.1199999999999999;134.11555555555555;10.43822631840004;0.5921951532;4.455957938817623;2022-09-26T07:00:00Z
26.333833333333327;33.85977777777778;5.119;252.44444444444446;12.043481445300017;0.5906903744;4.724147886264285;2022-09-26T08:00:00Z
15.668016666666666;37.41133333333333;20.119;353.56444444444446;13.742791748000002;0.5889928341;5.866048152635659;2022-09-26T09:00:00Z
12.66815;0.0;0.0;464.8355555555556;14.850762939500044;0.5884078145;4.71930334580359;2022-09-26T10:00:00Z
65.00008333333334;0.0;0.0;501.70666666666665;15.668664550800031;0.5879194736;5.294380724899294;2022-09-26T11:00:00Z
68.334;0.0;0.0;406.5777777777778;16.10177001950001;0.5875346065;6.600658076322186;2022-09-26T12:00:00Z
132.0014;0.0;0.0;358.7733333333333;16.452233886700014;0.5871909261;7.313371743352304;2022-09-26T13:00:00Z
119.501;0.0;0.0;282.91555555555556;16.495538330100032;0.5870844126;8.32237145878943;2022-09-26T14:00:00Z
686.66705;0.0;0.0;196.05333333333334;16.319909668000037;0.5870242715;7.866444515856484;2022-09-26T15:00:00Z
50.00133333333333;0.0;0.0;109.61777777777777;15.591333007800017;0.5869968534;7.588627602573076;2022-09-26T16:00:00Z
35.968149999999994;0.0;0.0;23.786666666666665;14.148522949200014;0.5869817138;7.4434314372736505;2022-09-26T17:00:00Z
73.61691666666665;0.0;0.0;0.0;13.460351562500023;0.5869659781;6.936280528647394;2022-09-26T18:00:00Z
80.33419999999998;0.0;0.0;0.0;12.895959472700042;0.5869632959;6.835156322451572;2022-09-26T19:00:00Z
45.6013;0.0;0.0;0.0;12.62590942380001;0.5869677067;7.09996619674032;2022-09-26T20:00:00Z
61.117700000000006;0.0;0.0;0.0;12.310998535200042;0.5869687796;7.026622021449399;2022-09-26T21:00:00Z
53.41903333333334;0.0;0.0;0.0;12.341973877000044;0.5869902968;7.327300857612802;2022-09-26T22:00:00Z
162.25095;0.0;0.0;0.0;12.080316162100019;0.5870130062;7.247592185362654;2022-09-26T23:00:00Z
28.933766666666667;0.0;0.0;0.0;11.707116699200014;0.587069273;7.561425435161406;2022-09-27T00:00:00Z
35.350133333333325;0.0;0.0;0.0;11.653405761700014;0.5877491832;7.871188293104861;2022-09-27T01:00:00Z
34.883333333333326;0.0;0.0;0.0;11.479730224600019;0.5882192254;7.72485894944914;2022-09-27T02:00:00Z
34.18345;0.0;0.0;0.0;11.396173095700021;0.588391602;7.4223793075653575;2022-09-27T03:00:00Z
38.73346666666666;0.0;0.0;0.0;11.303186035200042;0.5892643929;7.394411729443828;2022-09-27T04:00:00Z
40.13336666666667;0.0;0.0;0.0;11.221093750000023;0.5906788707;7.607818462221164;2022-09-27T05:00:00Z
34.033583333333326;0.0;0.0;13.351111111111111;11.180078125000023;0.5914123654;7.091595404160742;2022-09-27T06:00:00Z
12.6834;25.868777777777776;20.119;59.80444444444444;11.190576171900034;0.5915700793;6.506191017500469;2022-09-27T07:00:00Z
35.000183333333325;4.559444444444444;5.119;61.67111111111111;11.047692871100026;0.5926271677;6.112374163371254;2022-09-27T08:00:00Z
56.50051666666666;47.178111111111114;0.1199999999999999;93.06666666666666;11.280358886700014;0.5930019021;6.126295765662652;2022-09-27T09:00:00Z
62.83405;0.0;0.0;156.99555555555557;12.076562500000023;0.5929848552;5.82041049635488;2022-09-27T10:00:00Z
70.00058333333334;0.0;0.0;243.14666666666668;12.654382324200014;0.5917559862;4.9078101145129045;2022-09-27T11:00:00Z
303.33410000000003;0.0;0.0;315.23555555555555;12.759423828100012;0.5921564698;4.830237902777551;2022-09-27T12:00:00Z
70.001;0.0;0.0;246.3111111111111;11.564111328100012;0.5928900838;6.432905400173891;2022-09-27T13:00:00Z
65.0015;0.0;0.0;120.96;10.828271484400034;0.5926517248;6.258915013252445;2022-09-27T14:00:00Z
43.83503333333334;0.0;0.0;106.96888888888888;11.031701660200042;0.5919600725;6.47959644472453;2022-09-27T15:00:00Z
66.00131666666667;0.0;0.0;97.76;10.871362304700028;0.591663301;6.338277910033382;2022-09-27T16:00:00Z
636.6671;0.0;0.0;18.41777777777778;10.226220703100012;0.5918952227;6.447230722364736;2022-09-27T17:00:00Z
194.95015;0.0;0.0;0.0;9.821130371100026;0.5916916132;6.132696105321588;2022-09-27T18:00:00Z
86.53401666666667;0.0;0.0;0.0;9.588647460900006;0.5912903547;6.204615438231582;2022-09-27T19:00:00Z
82.43349999999998;0.0;0.0;0.0;9.13967285160004;0.5909041762;6.071514936275778;2022-09-27T20:00:00Z
86.08376666666666;0.0;0.0;0.0;8.840661621100026;0.5906310081;6.071506986744802;2022-09-27T21:00:00Z
86.31818333333331;0.0;0.0;0.0;8.21975097660004;0.5910843015;5.261793156234137;2022-09-27T22:00:00Z
44.45193333333333;0.0;0.0;0.0;7.787561035200042;0.5911123753;5.832050483109228;2022-09-27T23:00:00Z
43.05045;0.0;0.0;0.0;7.469110107400013;0.5911645293;5.553270753092845;2022-09-28T00:00:00Z
48.0668;0.0;0.0;0.0;7.637719726600039;0.5913089514;5.626248598910643;2022-09-28T01:00:00Z
41.76676666666666;0.0;0.0;0.0;7.482690429700028;0.5915386081;5.291431740502861;2022-09-28T02:00:00Z
40.60018333333333;0.0;0.0;0.0;7.561730957000009;0.5917741656;4.457156326337133;2022-09-28T03:00:00Z
41.300083333333326;0.0;0.0;0.0;7.341149902300003;0.5918885469;3.7348507217148303;2022-09-28T04:00:00Z
31.767566666666667;0.0;0.0;0.0;7.155908203100012;0.5921515822;3.9835954649666765;2022-09-28T05:00:00Z
31.35068333333333;0.0;0.0;29.12;7.241448974600019;0.5920435786;3.9998336451092964;2022-09-28T06:00:00Z
25.850266666666663;31.196111111111108;5.118999999999999;130.66666666666666;8.172692871100026;0.5914692879;3.1250978041187;2022-09-28T07:00:00Z
32.334183333333335;44.51444444444444;20.119;234.82666666666665;9.2450195312;0.590323627;2.2584135310989826;2022-09-28T08:00:00Z
59.66686666666667;9.886777777777777;0.1199999999999999;270.0444444444444;10.00481567380001;0.5891117454;2.2069292885549743;2022-09-28T09:00:00Z
64.0001;0.0;0.0;304.16;10.925225830100032;0.5891100168;2.8350527642351637;2022-09-28T10:00:00Z
40.0005;0.0;0.0;345.24444444444447;11.220483398400006;0.5892634392;3.2708904190105725;2022-09-28T11:00:00Z
300.33415;0.0;0.0;262.9688888888889;11.187402343800045;0.591017127;2.9784063863763968;2022-09-28T12:00:00Z
59.33465;0.0;0.0;143.2;10.466027832000009;0.5913079977;3.011417987314047;2022-09-28T13:00:00Z
105.66813333333332;0.0;0.0;95.30666666666667;9.651635742200028;0.5906953216;2.58056195048863;2022-09-28T14:00:00Z
674.3342833333334;0.0;0.0;72.44444444444444;9.783349609400034;0.5918697119;2.588806848893337;2022-09-28T15:00:00Z
131.33461666666668;0.0;0.0;38.41777777777778;9.499597168000037;0.5919859409;2.8981764628596056;2022-09-28T16:00:00Z
60.2513;0.0;0.0;10.915555555555555;9.090539550800031;0.5925058722;3.9084507130715123;2022-09-28T17:00:00Z
62.3347;0.0;0.0;0.0;8.326928710900006;0.5929915905;4.390351172935299;2022-09-28T18:00:00Z
67.8176;0.0;0.0;0.0;8.110559082000009;0.5929858685;4.4101346045460685;2022-09-28T19:00:00Z
86.53381666666665;0.0;0.0;0.0;7.908654785200042;0.5929815769;4.32168258760202;2022-09-28T20:00:00Z
55.78396666666666;0.0;0.0;0.0;7.474328613300031;0.5929914117;4.6829215588808335;2022-09-28T21:00:00Z
56.81838333333333;0.0;0.0;0.0;6.367700195300017;0.5929887891;5.486493821539209;2022-09-28T22:00:00Z
22.18463333333333;0.0;0.0;0.0;5.858117675800031;0.5929908752;5.3130513636380075;2022-09-28T23:00:00Z
24.617216666666668;0.0;0.0;0.0;5.611535644500009;0.5929899216;5.089755581038851;2022-09-29T00:00:00Z
36.0501;0.0;0.0;0.0;5.230554199200014;0.5929906964;4.6957330440298914;2022-09-29T01:00:00Z
35.46668333333333;0.0;0.0;0.0;4.99117431640002;0.5929900408;4.374821604597565;2022-09-29T02:00:00Z
34.76678333333333;0.0;0.0;0.0;4.8646789551000325;0.5929938555;4.285323138144803;2022-09-29T03:00:00Z
37.100266666666656;0.0;0.0;0.0;4.905297851600039;0.5930098295;3.3695502357151565;2022-09-29T04:00:00Z
37.10008333333333;0.0;0.0;0.0;4.72554931640002;0.5930095315;2.929218769911484;2022-09-29T05:00:00Z
27.53408333333333;0.0;0.0;28.977777777777778;4.872705078100012;0.5929698348;2.8866247317501235;2022-09-29T06:00:00Z
11.784716666666666;58.72066666666666;5.119;85.63555555555556;6.333093261700014;0.5924220681;2.7444729274916355;2022-09-29T07:00:00Z
26.00073333333333;16.102;20.119;217.44;7.877648925800031;0.591232419;2.7237189397182244;2022-09-29T08:00:00Z
70.0;6.335222222222222;0.1199999999999999;291.73333333333335;9.680810546900034;0.5898872614;2.5899031354610074;2022-09-29T09:00:00Z
70.0;0.0;0.0;410.4;11.28023681640002;0.5885887742;2.284372606256592;2022-09-29T10:00:00Z
70.00051666666667;0.0;0.0;428.0711111111111;12.383630371100026;0.5881147981;2.2671924168103272;2022-09-29T11:00:00Z
336.6674;0.0;0.0;326.3466666666667;12.878106689500044;0.5878583193;2.6147862003553857;2022-09-29T12:00:00Z
63.83495;0.0;0.0;261.38666666666666;13.27248535160004;0.5874484181;2.4409567194971276;2022-09-29T13:00:00Z
37.00238333333334;0.0;0.0;151.87555555555556;13.3055664062;0.5872623324;2.2156461857344376;2022-09-29T14:00:00Z
34.00243333333333;0.0;0.0;107.66222222222223;13.206140136700014;0.5871930122;1.9144053902617222;2022-09-29T15:00:00Z
60.002;0.0;0.0;65.22666666666667;12.661828613300031;0.587181747;1.9286638356564794;2022-09-29T16:00:00Z
34.33575;0.0;0.0;9.991111111111111;10.952966308600026;0.5871272087;3.2821282435995647;2022-09-29T17:00:00Z
19.6852;0.0;0.0;0.0;9.844445800800031;0.5871266127;4.944311114372319;2022-09-29T18:00:00Z
33.65098333333333;0.0;0.0;0.0;9.504663085900006;0.587125659;4.951549143429388;2022-09-29T19:00:00Z
79.0002;0.0;0.0;0.0;9.153894043000037;0.5871281028;4.555234954946347;2022-09-29T20:00:00Z
91.0;0.0;0.0;0.0;8.281396484400034;0.587133348;4.537394281170282;2022-09-29T21:00:00Z
344.5183833333333;0.0;0.0;0.0;5.834619140600012;0.5871469378;4.6159028952009535;2022-09-29T22:00:00Z
305.43548333333325;0.0;0.0;0.0;5.49019775390002;0.5871651769;4.543392561442624;2022-09-29T23:00:00Z
0.0;0.0;0.0;0.0;4.988671875000023;0.5871849656;4.226312703552603;2022-09-30T00:00:00Z
0.0;0.0;0.0;0.0;4.844354248000002;0.5872040987;3.75633774719171;2022-09-30T01:00:00Z
0.0;0.0;0.0;0.0;4.354547119100005;0.5872193575;3.44734387392379;2022-09-30T02:00:00Z
0.0;0.0;0.0;0.0;4.475396728500016;0.5872308016;3.4761040083951706;2022-09-30T03:00:00Z
0.0;0.0;0.0;0.0;4.136041259800038;0.5872480869;4.525932708497254;2022-09-30T04:00:00Z
0.0;0.0;0.0;0.0;3.8217712402000075;0.5872729421;3.578614332923244;2022-09-30T05:00:00Z
0.0;0.0;0.0;27.75111111111111;4.703912353500016;0.5872960687;3.2812129600159405;2022-09-30T06:00:00Z
0.0;16.98988888888889;5.119;138.50666666666666;7.08199462890002;0.5872519016;3.4287749100466987;2022-09-30T07:00:00Z
0.0;19.65355555555556;0.1199999999999999;277.56444444444446;9.582788085900006;0.5871592164;2.5924326179539827;2022-09-30T08:00:00Z
0.0;43.62655555555556;20.119;374.20444444444445;12.12767944340004;0.587071836;2.4020351671402658;2022-09-30T09:00:00Z
0.0;0.0;0.0;478.59555555555556;14.011529541000016;0.5870146751;2.6315052016485834;2022-09-30T10:00:00Z
0.0;0.0;0.0;533.8666666666667;15.321130371100026;0.5875179768;2.985895641784261;2022-09-30T11:00:00Z
0.0;0.0;0.0;510.9688888888889;16.00808105470003;0.5878343582;3.60682684652625;2022-09-30T12:00:00Z
0.0;0.0;0.0;416.44444444444446;16.24611816410004;0.587651968;3.5636594623275086;2022-09-30T13:00:00Z
0.0;0.0;0.0;247.62666666666667;16.090173339800003;0.5873988271;3.480153440975555;2022-09-30T14:00:00Z
0.0;0.0;0.0;193.6;15.997918701200035;0.5872915983;2.8549173414152333;2022-09-30T15:00:00Z
0.0;0.0;0.0;85.77777777777777;14.81447753910004;0.5872561336;3.0228709395867166;2022-09-30T16:00:00Z
0.0;0.0;0.0;13.937777777777777;11.91698608400003;0.5872476101;3.8374976303087913;2022-09-30T17:00:00Z
0.0;0.0;0.0;0.0;9.755029296900034;0.5872446895;5.192771282603605;2022-09-30T18:00:00Z
0.0;0.0;0.0;0.0;9.329187011700014;0.5872430801;5.811952156935675;2022-09-30T19:00:00Z
0.0;0.0;0.0;0.0;8.726281738300031;0.5872443914;6.16749169991639;2022-09-30T20:00:00Z
0.0;0.0;0.0;0.0;8.336633300800031;0.5872449279;6.575275728097601;2022-09-30T21:00:00Z
0.0;0.0;0.0;0.0;8.290429687500023;0.5872356892;6.458983889109971;2022-09-30T22:00:00Z
0.0;0.0;0.0;0.0;8.221856689500044;0.5872291327;6.673162678601621;2022-09-30T23:00:00Z
15.75015;0.0;0.0;0.0;7.698999023400006;0.5872129202;6.833844898947664;2022-10-01T00:00:00Z
38.850333333333325;0.0;0.0;0.0;7.336175537100019;0.587197125;6.883860128231835;2022-10-01T01:00:00Z
48.066783333333326;0.0;0.0;0.0;7.089746093800045;0.5871935487;7.366565497209976;2022-10-01T02:00:00Z
48.7667;0.0;0.0;0.0;7.299462890600012;0.5871887207;7.848704357231571;2022-10-01T03:00:00Z
48.7667;0.0;0.0;0.0;7.362084960900006;0.5871770978;8.077955662582783;2022-10-01T04:00:00Z
51.16716666666667;0.0;0.0;0.0;7.59273681640002;0.5871648788;8.359669306338409;2022-10-01T05:00:00Z
93.01696666666669;0.0;0.0;17.066666666666666;8.422662353500016;0.5871542096;8.768968221445972;2022-10-01T06:00:00Z
32.40158333333333;24.980888888888888;0.1199999999999999;65.67111111111112;9.48635253910004;0.5871335864;9.236185260121713;2022-10-01T07:00:00Z
51.167133333333325;17.877777777777776;0.1199999999999999;122.06222222222222;10.792626953100012;0.5873243213;9.627974352731632;2022-10-01T08:00:00Z
50.5007;41.85077777777778;25.118;162.09777777777776;11.578454589800003;0.5890496373;9.289182686657586;2022-10-01T09:00:00Z
67.83355;0.0;0.0;138.50666666666666;11.707604980500037;0.5923492312;10.33297780219769;2022-10-01T10:00:00Z
69.00016666666667;0.0;0.0;102.43555555555555;11.23146972660004;0.5929223299;11.074755850024987;2022-10-01T11:00:00Z
62.0018;0.0;0.0;58.382222222222225;10.916558837900027;0.5919345617;11.965318425085576;2022-10-01T12:00:00Z
516.00095;0.0;0.0;33.76;10.653161621100026;0.5906159282;11.019987288513008;2022-10-01T13:00:00Z
67.0013;0.0;0.0;69.12;11.20803222660004;0.5898070335;8.945864337264503;2022-10-01T14:00:00Z
70.001;0.0;0.0;57.208888888888886;11.97652587890002;0.5892654061;8.833500031340057;2022-10-01T15:00:00Z
68.3345;0.0;0.0;52.42666666666667;12.373315429700028;0.5888464451;8.821530432020507;2022-10-01T16:00:00Z
59.00118333333333;0.0;0.0;9.262222222222222;11.667108154300024;0.5886239409;8.771434265440284;2022-10-01T17:00:00Z
82.71734999999998;0.0;0.0;0.0;11.236230468800045;0.5885120034;8.793841841110023;2022-10-01T18:00:00Z
89.4834;0.0;0.0;0.0;11.498712158200021;0.5884220004;9.234744542684833;2022-10-01T19:00:00Z
47.65095;0.0;0.0;0.0;11.48119506840004;0.5883199573;9.601246969950006;2022-10-01T20:00:00Z
35.6684;0.0;0.0;0.0;11.412927246100026;0.5881671906;9.409360540955714;2022-10-01T21:00:00Z
508.4356833333334;0.0;0.0;0.0;11.182214355500037;0.5930598378;9.340766187284894;2022-10-01T22:00:00Z
21.9857;0.0;0.0;0.0;11.07909545900003;0.5930106044;9.042454119128019;2022-10-01T23:00:00Z
19.60105;0.0;0.0;0.0;10.984094238300031;0.59285146;8.897938841339613;2022-10-02T00:00:00Z
28.700866666666663;0.0;0.0;0.0;10.834100341800024;0.5927683711;8.783721391682722;2022-10-02T01:00:00Z
33.716966666666664;0.0;0.0;0.0;10.787011718800045;0.5927627087;8.840824980137313;2022-10-02T02:00:00Z
35.81688333333334;0.0;0.0;0.0;10.69143066410004;0.5929801464;9.039548224237977;2022-10-02T03:00:00Z
37.9168;0.0;0.0;0.0;10.730981445300017;0.5930544138;9.218445327660497;2022-10-02T04:00:00Z
34.3001;0.0;0.0;0.0;10.554040527300003;0.5929595828;8.523432764206444;2022-10-02T05:00:00Z
23.45063333333333;0.0;0.0;18.54222222222222;10.676904296900034;0.5929150581;8.577525217144792;2022-10-02T06:00:00Z
10.5345;0.1199999999999999;0.1199999999999999;89.03111111111112;11.642694091800024;0.5923780203;8.299086822220307;2022-10-02T07:00:00Z
30.667483333333337;48.066;25.118;180.7288888888889;13.091333007800017;0.5908040404;7.787782932987505;2022-10-02T08:00:00Z
38.167683333333336;30.308222222222216;0.1199999999999999;272.1066666666667;14.009423828100012;0.5893715024;9.408807293033679;2022-10-02T09:00:00Z
67.83338333333333;0.0;0.0;295.32444444444445;14.2782226562;0.5893553495;7.124065608513296;2022-10-02T10:00:00Z
180.50068333333328;0.0;0.0;378.70222222222225;15.134576416000016;0.5900503397;8.100380186701143;2022-10-02T11:00:00Z
365.0012;0.0;0.0;309.6533333333333;13.59279785160004;0.5887416005;8.327427885059102;2022-10-02T12:00:00Z
70.001;0.0;0.0;260.0;14.981103515600012;0.5876867175;8.925629787411427;2022-10-02T13:00:00Z
47.00138333333334;0.0;0.0;280.53333333333336;15.394616699200014;0.5873845816;9.026199614788029;2022-10-02T14:00:00Z
38.00153333333333;0.0;0.0;208.2488888888889;15.365136718800045;0.5872285366;7.918665175405325;2022-10-02T15:00:00Z
24.00176666666667;0.0;0.0;96.58666666666667;14.38674316410004;0.5871307254;7.598962051012959;2022-10-02T16:00:00Z
535.384;0.0;0.0;11.448888888888888;12.880334472700042;0.5871005058;8.023138631956064;2022-10-02T17:00:00Z
76.96795;0.0;0.0;0.0;12.363671875000023;0.5870865583;8.349545503583357;2022-10-02T18:00:00Z
54.800933333333326;0.0;0.0;0.0;11.96090087890002;0.5875929594;8.767967369143634;2022-10-02T19:00:00Z
58.334416666666655;0.0;0.0;0.0;11.643090820300017;0.5879902244;8.8107447731687;2022-10-02T20:00:00Z
67.56745;0.0;0.0;0.0;11.369256591800024;0.5879513621;9.011577487933872;2022-10-02T21:00:00Z
80.80205;0.0;0.0;0.0;11.061303710900006;0.5876846313;8.87358624187605;2022-10-02T22:00:00Z
44.8849;0.0;0.0;0.0;10.631372070300017;0.5876626372;8.658636324256484;2022-10-02T23:00:00Z
29.750333333333334;0.0;0.0;0.0;10.561059570300017;0.5876508951;8.82386210127593;2022-10-03T00:00:00Z
31.850216666666668;0.0;0.0;0.0;10.584741210900006;0.5876274705;9.077160642119136;2022-10-03T01:00:00Z
27.183766666666667;0.0;0.0;0.0;10.838586425800031;0.587595284;9.182835757684236;2022-10-03T02:00:00Z
34.06681666666667;0.0;0.0;0.0;10.922631835900006;0.5875508785;9.174583971044058;2022-10-03T03:00:00Z
35.700183333333335;0.0;0.0;0.0;10.86205444340004;0.587506175;9.575115875666448;2022-10-03T04:00:00Z
35.7839;0.0;0.0;0.0;10.821984863300031;0.587440908;9.417868780047804;2022-10-03T05:00:00Z
28.36733333333333;0.0;0.0;16.017777777777777;10.751092529300024;0.5873787999;8.956499893214653;2022-10-03T06:00:00Z
34.501;10.774666666666667;0.1199999999999999;61.404444444444444;11.269433593800045;0.5872835517;8.189977622323363;2022-10-03T07:00:00Z
43.66738333333334;16.98988888888889;25.118;128.60444444444445;12.18529663090004;0.5876020193;10.821799763995319;2022-10-03T08:00:00Z
59.000183333333325;48.066;0.1199999999999999;218.4711111111111;12.873132324200014;0.5875152349;10.644016560147552;2022-10-03T09:00:00Z
53.00028333333333;0.0;0.0;246.57777777777778;13.464135742200028;0.5885876417;7.468017446401842;2022-10-03T10:00:00Z
42.00046666666666;0.0;0.0;258.6311111111111;14.288842773400006;0.5877195001;8.147576641408664;2022-10-03T11:00:00Z
70.00063333333334;0.0;0.0;124.56888888888889;14.247949218800045;0.5872908831;7.948052755263189;2022-10-03T12:00:00Z
70.001;0.0;0.0;175.94666666666666;15.0379882812;0.5871401429;9.042820452492487;2022-10-03T13:00:00Z
103.3343;0.0;0.0;227.21777777777777;14.981042480500037;0.5870454907;7.882423698587835;2022-10-03T14:00:00Z
114.00105;0.0;0.0;144.01777777777778;14.668481445300017;0.5870471001;7.610933488056931;2022-10-03T15:00:00Z
35.668933333333335;0.0;0.0;69.77777777777777;14.120263671900034;0.5870210528;7.476769199830785;2022-10-03T16:00:00Z
283.75210000000004;0.0;0.0;7.804444444444444;13.626031494100005;0.5870161057;7.767007534021334;2022-10-03T17:00:00Z
44.4851;0.0;0.0;0.0;13.250604248000002;0.5870110393;7.852279805065879;2022-10-03T18:00:00Z
75.9009;0.0;0.0;0.0;13.003503418000037;0.5870105028;7.784902803263697;2022-10-03T19:00:00Z
89.36686666666665;0.0;0.0;0.0;12.887170410200042;0.5870015025;7.592567728615047;2022-10-03T20:00:00Z
80.05081666666666;0.0;0.0;0.0;12.752221679700028;0.5870627761;8.109513163718253;2022-10-03T21:00:00Z
117.61878333333334;0.0;0.0;0.0;12.976281738300031;0.587348938;7.336430236263631;2022-10-03T22:00:00Z
612.36745;0.0;0.0;0.0;12.813134765600012;0.5873443484;7.533984140559713;2022-10-03T23:00:00Z
21.700416666666666;0.0;0.0;0.0;12.460565185500002;0.5874122977;7.9052882799029325;2022-10-04T00:00:00Z
37.2169;0.0;0.0;0.0;12.338464355500037;0.587489903;7.696485702263678;2022-10-04T01:00:00Z
33.01715;0.0;0.0;0.0;12.116662597700042;0.5875182152;7.32090309843601;2022-10-04T02:00:00Z
33.60041666666667;0.0;0.0;0.0;11.775262451200035;0.5874827504;6.598837873189291;2022-10-04T03:00:00Z
33.13346666666666;0.0;0.0;0.0;11.438928222700042;0.587467432;6.234557998356951;2022-10-04T04:00:00Z
37.21685;0.0;0.0;0.0;11.407739257800017;0.5874761939;5.788133847992245;2022-10-04T05:00:00Z
31.6169;0.0;0.0;10.737777777777778;11.3446289062;0.587485671;5.27250086223311;2022-10-04T06:00:00Z
17.266833333333334;23.20511111111111;20.119;63.431111111111115;11.789636230500037;0.5876999497;6.07784714348022;2022-10-04T07:00:00Z
47.0008;19.653555555555553;0.1199999999999999;127.69777777777777;12.338677978500016;0.5875778794;5.877429053162017;2022-10-04T08:00:00Z
57.500916666666654;40.96288888888888;5.118999999999999;169.06666666666666;13.10933837890002;0.5874208212;5.642239424317839;2022-10-04T09:00:00Z
58.50048333333333;0.0;0.0;222.2577777777778;13.723046875000023;0.5872434378;3.917459205188912;2022-10-04T10:00:00Z
60.16765;0.0;0.0;248.39111111111112;14.84768066410004;0.5871168375;3.9148713575255263;2022-10-04T11:00:00Z
66.66746666666667;0.0;0.0;229.6;15.570794677700007;0.5870354772;3.9938925404530283;2022-10-04T12:00:00Z
653.33375;0.0;0.0;231.82222222222222;16.25844726560001;0.5869950056;3.5981624102482246;2022-10-04T13:00:00Z
136.6676;0.0;0.0;149.15555555555557;16.587976074200014;0.5869781971;3.5678667263318955;2022-10-04T14:00:00Z
403.334;0.0;0.0;117.01333333333334;16.653833007800017;0.586971581;3.748482502814033;2022-10-04T15:00:00Z
70.001;0.0;0.0;70.31111111111112;16.076074218800045;0.5869665742;4.730904930424182;2022-10-04T16:00:00Z
73.03441666666667;0.0;0.0;8.462222222222222;13.735559082000009;0.5869657397;5.557869504460619;2022-10-04T17:00:00Z
86.68393333333331;0.0;0.0;0.0;12.261193847700042;0.5869690776;6.494827593889904;2022-10-04T18:00:00Z
88.43361666666665;0.0;0.0;0.0;11.645288085900006;0.586966157;6.3688910367549;2022-10-04T19:00:00Z
48.60088333333333;0.0;0.0;0.0;11.091394043000037;0.5869728923;7.044236317425216;2022-10-04T20:00:00Z
85.88353333333333;0.0;0.0;0.0;10.98143920900003;0.5869783163;7.630313132798416;2022-10-04T21:00:00Z
52.36836666666667;0.0;0.0;0.0;11.18947753910004;0.5869863033;8.205341441837987;2022-10-04T22:00:00Z
13.002033333333332;0.0;0.0;0.0;10.912500000000023;0.5869802237;7.89241216958517;2022-10-04T23:00:00Z
19.367;0.0;0.0;0.0;10.325708007800017;0.5869765282;7.584394026430137;2022-10-05T00:00:00Z
26.13363333333333;0.0;0.0;0.0;9.813317871100026;0.5869796872;7.79555872120922;2022-10-05T01:00:00Z
27.41675;0.0;0.0;0.0;9.447900390600012;0.586973846;7.47330168322772;2022-10-05T02:00:00Z
27.883366666666667;0.0;0.0;0.0;9.211694335900006;0.5869737267;6.98962168811717;2022-10-05T03:00:00Z
29.166666666666668;0.0;0.0;0.0;9.066827392600032;0.5869736671;6.970545158120495;2022-10-05T04:00:00Z
34.18396666666666;0.0;0.0;0.0;8.881402587900027;0.5869709849;6.939392256332863;2022-10-05T05:00:00Z
37.81755;0.0;0.0;15.11111111111111;9.329797363300031;0.5869724154;6.861576055241675;2022-10-05T06:00:00Z
8.867766666666666;8.111;5.118999999999999;86.45333333333333;10.73635253910004;0.5869688988;7.088050238273351;2022-10-05T07:00:00Z
49.000083333333336;38.29922222222221;20.119;190.2577777777778;12.461328125000023;0.5869910717;6.483098717842207;2022-10-05T08:00:00Z
70.0;29.42033333333333;0.1199999999999999;336.96;14.317163085900006;0.5870077014;6.601725229972555;2022-10-05T09:00:00Z
70.0;0.0;0.0;372.8355555555556;16.02175292970003;0.5872169733;6.597370773763396;2022-10-05T10:00:00Z
70.00013333333334;0.0;0.0;355.0577777777778;17.10671386720003;0.5870789289;6.277257344760846;2022-10-05T11:00:00Z
64.0011;0.0;0.0;309.15555555555557;17.615380859400034;0.5870239735;6.1184900586106945;2022-10-05T12:00:00Z
70.001;0.0;0.0;283.96444444444444;18.04812011720003;0.5870209336;6.824587399694178;2022-10-05T13:00:00Z
57.16844999999999;0.0;0.0;277.56444444444446;18.35909423830003;0.5870205164;7.512273013069678;2022-10-05T14:00:00Z
46.002233333333336;0.0;0.0;199.60888888888888;18.243310546900034;0.5869989991;7.598994704743569;2022-10-05T15:00:00Z
57.00205;0.0;0.0;98.02666666666667;17.435144043000037;0.5870017409;8.263406084930237;2022-10-05T16:00:00Z
147.03475000000003;0.0;0.0;8.142222222222221;15.858056640600012;0.5870137215;9.099800559873982;2022-10-05T17:00:00Z
428.8337666666666;0.0;0.0;0.0;14.745629882800017;0.5870172977;9.344931023735793;2022-10-05T18:00:00Z
78.15048333333331;0.0;0.0;0.0;14.270288085900006;0.5870161653;9.405661523205666;2022-10-05T19:00:00Z
75.63413333333334;0.0;0.0;0.0;14.127221679700028;0.5870168805;9.529149391013634;2022-10-05T20:00:00Z
70.25086666666667;0.0;0.0;0.0;14.150842285200042;0.5870118141;9.391401602040311;2022-10-05T21:00:00Z
626.0679166666665;0.0;0.0;0.0;14.172448730500037;0.5870186687;9.728697833523515;2022-10-05T22:00:00Z
13.6512;0.0;0.0;0.0;14.322595214800003;0.5870105624;9.273999844921933;2022-10-05T23:00:00Z
17.734333333333332;0.0;0.0;0.0;14.580529785200042;0.5870079994;9.240385359336047;2022-10-06T00:00:00Z
29.5171;0.0;0.0;0.0;14.599084472700042;0.5870220065;9.4794086730291;2022-10-06T01:00:00Z
30.333566666666663;0.0;0.0;0.0;14.816583252000044;0.58704108;9.566574433542211;2022-10-06T02:00:00Z
28.0;0.0;0.0;0.0;14.586267089800003;0.5870452523;9.584503417240535;2022-10-06T03:00:00Z
28.466966666666664;0.0;0.0;0.0;15.114617919900013;0.5871530771;9.319451382875707;2022-10-06T04:00:00Z
27.533966666666664;0.0;0.0;0.0;15.441125488300031;0.5871362686;9.132945481528404;2022-10-06T05:00:00Z
20.06813333333333;0.0;0.0;2.7377777777777776;14.939721679700028;0.5871145129;9.377829014532342;2022-10-06T06:00:00Z
18.16758333333333;13.438333333333333;5.119;70.04444444444445;14.427636718800045;0.5870931149;9.319148117701294;2022-10-06T07:00:00Z
61.83348333333333;26.756666666666668;0.1199999999999999;246.11555555555555;14.718957519500009;0.5870939493;9.293736020364207;2022-10-06T08:00:00Z
10.001;41.85077777777778;20.119;372.6044444444444;15.304772949200014;0.5870774388;9.009121983144652;2022-10-06T09:00:00Z
26.00073333333333;0.0;0.0;459.52;16.00393066410004;0.5870372057;7.483379122454723;2022-10-06T10:00:00Z
53.00055;0.0;0.0;497.9377777777778;16.65157470700001;0.5870395899;7.658863680477521;2022-10-06T11:00:00Z
602.0006;0.0;0.0;452.44444444444446;17.053125000000023;0.587038815;7.6898245832411245;2022-10-06T12:00:00Z
66.0014;0.0;0.0;420.5155555555556;17.362817382800017;0.5870199203;7.180784130576625;2022-10-06T13:00:00Z
54.001266666666666;0.0;0.0;324.8;17.363824462900027;0.5869999528;6.695561768030184;2022-10-06T14:00:00Z
31.00165;0.0;0.0;213.0311111111111;17.01436767580003;0.5869622231;5.753709126487099;2022-10-06T15:00:00Z
70.001;0.0;0.0;93.86666666666666;16.14180908200001;0.5869529247;5.590741597278372;2022-10-06T16:00:00Z
34.40196666666667;0.0;0.0;6.933333333333334;13.444787597700042;0.5869519711;5.746783700725284;2022-10-06T17:00:00Z
61.6174;0.0;0.0;0.0;11.277734375000023;0.5869513154;5.618573754966591;2022-10-06T18:00:00Z
80.20078333333333;0.0;0.0;0.0;10.139154052700007;0.5869508386;5.5134853129434065;2022-10-06T19:00:00Z
80.7677;0.0;0.0;0.0;9.259118652300003;0.5869519114;5.329616943808934;2022-10-06T20:00:00Z
53.05106666666666;0.0;0.0;0.0;8.530786132800017;0.5869578719;5.30779908995581;2022-10-06T21:00:00Z
24.869166666666665;0.0;0.0;0.0;7.572167968800045;0.5869641304;4.665357673853135;2022-10-06T22:00:00Z
286.05291666666665;0.0;0.0;0.0;6.8265930176000325;0.5869808793;4.351044910496001;2022-10-06T23:00:00Z
0.0;0.0;0.0;0.0;6.04097900390002;0.5870013833;4.152605825901309;2022-10-07T00:00:00Z
0.0;0.0;0.0;0.0;5.616418457000009;0.5870277882;4.003210352827963;2022-10-07T01:00:00Z
0.0;0.0;0.0;0.0;5.3315368652000075;0.5870676637;4.22521690683265;2022-10-07T02:00:00Z
0.0;0.0;0.0;0.0;4.990319824200014;0.5871267915;4.750497481343993;2022-10-07T03:00:00Z
0.0;0.0;0.0;0.0;4.870812988300031;0.5872024894;5.429263491918665;2022-10-07T04:00:00Z
0.0;0.0;0.0;0.0;4.846704101600039;0.5872781873;5.580590202677945;2022-10-07T05:00:00Z
0.0;0.0;0.0;14.95111111111111;5.206231689500044;0.5873240232;5.536833373043945;2022-10-07T06:00:00Z
0.0;21.42933333333333;25.117999999999995;116.81777777777778;7.6541381836000255;0.5872904658;5.213358665211888;2022-10-07T07:00:00Z
0.0;32.971888888888884;0.1199999999999999;249.81333333333333;10.558221435500002;0.5871927738;4.048269787530974;2022-10-07T08:00:00Z
0.0;21.42933333333333;0.1199999999999999;368.1066666666667;13.356134033200021;0.5870847702;3.7424762009845893;2022-10-07T09:00:00Z
0.0;0.0;0.0;454.8977777777778;15.507104492200028;0.587018311;3.366416079689083;2022-10-07T10:00:00Z
0.0;0.0;0.0;496.03555555555556;16.774194335900006;0.5869771838;3.6379348341322446;2022-10-07T11:00:00Z
0.0;0.0;0.0;493.17333333333335;17.41469726560001;0.5869646668;4.04381336038874;2022-10-07T12:00:00Z
0.0;0.0;0.0;438.91555555555556;17.726159668000037;0.5869637132;4.417165550491464;2022-10-07T13:00:00Z
0.0;0.0;0.0;343.8933333333333;17.72365722660004;0.586959362;4.555964179896534;2022-10-07T14:00:00Z
0.0;0.0;0.0;219.80444444444444;17.106835937500023;0.586950779;4.500177453712793;2022-10-07T15:00:00Z
0.0;0.0;0.0;89.70666666666666;15.399682617200028;0.5869506001;4.683559519634943;2022-10-07T16:00:00Z
0.0;0.0;0.0;5.688888888888889;12.642755127000044;0.586951673;5.162767617062768;2022-10-07T17:00:00Z
0.0;0.0;0.0;0.0;11.069116210900006;0.5869520903;5.514439068148335;2022-10-07T18:00:00Z
0.0;0.0;0.0;0.0;10.257379150400027;0.5869515538;5.648920919862826;2022-10-07T19:00:00Z
0.0;0.0;0.0;0.0;9.52932128910004;0.5869514346;5.940769149582778;2022-10-07T20:00:00Z
0.0;0.0;0.0;0.0;9.216027832000009;0.5869517326;6.35711052426951;2022-10-07T21:00:00Z
0.0;0.0;0.0;0.0;8.536706543000037;0.5869536996;6.6715021371860805;2022-10-07T22:00:00Z
0.0;0.0;0.0;0.0;8.453271484400034;0.5869545937;6.258532393726709;2022-10-07T23:00:00Z
29.050216666666667;0.0;0.0;0.0;8.365075683600026;0.5869933963;6.42934975865003;2022-10-08T00:00:00Z
36.28333333333333;0.0;0.0;0.0;8.473718261700014;0.5870975852;6.853245631570365;2022-10-08T01:00:00Z
34.0668;0.0;0.0;0.0;8.83880004880001;0.5871886015;6.9783494471508485;2022-10-08T02:00:00Z
40.36668333333333;0.0;0.0;0.0;8.901544189500044;0.5872774124;6.6021978848354275;2022-10-08T03:00:00Z
34.65006666666667;0.0;0.0;0.0;8.859582519500009;0.5874080658;6.292136380805631;2022-10-08T04:00:00Z
35.2334;0.0;0.0;0.0;8.630517578100012;0.587531805;6.332002785651575;2022-10-08T05:00:00Z
33.883966666666666;0.0;0.0;11.448888888888888;8.653588867200028;0.5875679255;6.344023600871509;2022-10-08T06:00:00Z
11.283833333333332;34.74766666666666;20.119;81.77777777777777;10.525598144500009;0.5875027776;6.281634822835665;2022-10-08T07:00:00Z
23.00078333333333;7.223111111111111;5.119;180.2488888888889;12.46972045900003;0.5873944759;5.769652298157277;2022-10-08T08:00:00Z
10.001;32.971888888888884;0.1199999999999999;312.65777777777777;14.018029785200042;0.5872272849;6.470507681348908;2022-10-08T09:00:00Z
65.00008333333334;0.0;0.0;373.4222222222222;14.960229492200028;0.5871892571;7.989834099598607;2022-10-08T10:00:00Z
70.00045;0.0;0.0;235.55555555555554;14.616906738300031;0.5875409245;8.04285178779437;2022-10-08T11:00:00Z
69.50105;0.0;0.0;123.11111111111111;13.855920410200042;0.587965548;7.333815196828735;2022-10-08T12:00:00Z
70.001;0.0;0.0;100.51555555555555;13.453424072300038;0.5876307487;7.368670728821807;2022-10-08T13:00:00Z
353.33405000000005;0.0;0.0;150.2577777777778;13.923394775400027;0.5873405933;7.717526824212279;2022-10-08T14:00:00Z
59.00118333333333;0.0;0.0;128.35555555555555;13.714257812500023;0.5871785879;7.25916702951308;2022-10-08T15:00:00Z
70.001;0.0;0.0;59.69777777777778;12.813134765600012;0.5871483088;7.932570578986833;2022-10-08T16:00:00Z
64.20165;0.0;0.0;3.84;11.521203613300031;0.5871089101;7.891594609101534;2022-10-08T17:00:00Z
43.36875;0.0;0.0;0.0;10.813928222700042;0.58708179;7.556549210472886;2022-10-08T18:00:00Z
35.48506666666666;0.0;0.0;0.0;10.208123779300024;0.5870665908;7.548729856651963;2022-10-08T19:00:00Z
61.934683333333325;0.0;0.0;0.0;9.431359863300031;0.5870521665;7.444327816431208;2022-10-08T20:00:00Z
82.86773333333333;0.0;0.0;0.0;8.98998413090004;0.587046802;7.518497588517639;2022-10-08T21:00:00Z
91.8016;0.0;0.0;0.0;8.570764160200042;0.5870392323;7.450286306455945;2022-10-08T22:00:00Z
700.8345999999999;0.0;0.0;0.0;8.093835449200014;0.5870319605;7.181071744685568;2022-10-08T23:00:00Z
22.40031666666667;0.0;0.0;0.0;7.367944335900006;0.587040484;6.942975872662672;2022-10-09T00:00:00Z
34.76676666666667;0.0;0.0;0.0;6.83883056640002;0.5870684981;6.618330494910666;2022-10-09T01:00:00Z
40.0169;0.0;0.0;0.0;6.402612304700028;0.5871153474;6.171585901561254;2022-10-09T02:00:00Z
31.73365;0.0;0.0;0.0;6.023095703100012;0.5872021914;5.633299103396809;2022-10-09T03:00:00Z
34.65031666666667;0.0;0.0;0.0;5.41991577150003;0.5873123407;5.387647659136117;2022-10-09T04:00:00Z
31.96685;0.0;0.0;0.0;5.078881835900006;0.5874274969;5.114238418246832;2022-10-09T05:00:00Z
23.33353333333333;0.0;0.0;11.608888888888888;5.013757324200014;0.5875264406;4.526298720236611;2022-10-09T06:00:00Z
11.800716666666666;1.0078888888888888;5.119;106.4888888888889;6.786645507800017;0.587521255;3.6788408066340486;2022-10-09T07:00:00Z
7.83455;37.41133333333333;0.1199999999999999;233.5288888888889;9.031640625000023;0.5873954892;2.475267759444052;2022-10-09T08:00:00Z
50.0005;35.635555555555555;20.119;348.5511111111111;11.171716308600026;0.5872356296;2.19820133167231;2022-10-09T09:00:00Z
70.0;0.0;0.0;430.27555555555557;13.073907470700021;0.5871328115;1.8993380271627933;2022-10-09T10:00:00Z
68.16685;0.0;0.0;477.24444444444447;14.356286621100026;0.5870245695;2.558943062401049;2022-10-09T11:00:00Z
284.83413333333334;0.0;0.0;447.23555555555555;14.961267089800003;0.5869853497;2.555625380493124;2022-10-09T12:00:00Z
318.8342;0.0;0.0;360.32;15.441247558600026;0.5869779587;2.266485768315393;2022-10-09T13:00:00Z
65.83466666666665;0.0;0.0;278.22222222222223;15.399072265600012;0.5869643092;2.508820534379001;2022-10-09T14:00:00Z
322.3345;0.0;0.0;187.4488888888889;14.993554687500023;0.5869640112;2.957307562357141;2022-10-09T15:00:00Z
136.3343;0.0;0.0;78.68444444444444;12.957849121100026;0.5869553089;3.8185855125967256;2022-10-09T16:00:00Z
92.0338833333333;0.0;0.0;3.52;10.353234863300031;0.5869559646;5.19871738334713;2022-10-09T17:00:00Z
82.20031666666665;0.0;0.0;0.0;9.375268554700028;0.5869597197;6.426877145518913;2022-10-09T18:00:00Z
90.50005;0.0;0.0;0.0;8.776513671900034;0.5869641304;7.142188677288487;2022-10-09T19:00:00Z
85.8838;0.0;0.0;0.0;8.346185302700007;0.5869702697;7.706197508057497;2022-10-09T20:00:00Z
77.36768333333333;0.0;0.0;0.0;8.010278320300017;0.5869762897;8.100563935949904;2022-10-09T21:00:00Z
187.35128333333327;0.0;0.0;0.0;7.945397949200014;0.586999774;9.013247616039084;2022-10-09T22:00:00Z
110.93493333333332;0.0;0.0;0.0;7.624291992200028;0.5869984627;8.889129602027936;2022-10-09T23:00:00Z
25.43388333333333;0.0;0.0;0.0;7.2221618652000075;0.5869912505;8.662828572421692;2022-10-10T00:00:00Z
33.48335;0.0;0.0;0.0;6.936669921900034;0.5869833231;8.434862859287806;2022-10-10T01:00:00Z
35.81681666666667;0.0;0.0;0.0;6.620690918000037;0.5869809389;8.329090864349064;2022-10-10T02:00:00Z
37.333533333333335;0.0;0.0;0.0;6.263879394500009;0.5869835615;8.405746451001463;2022-10-10T03:00:00Z
31.6168;0.0;0.0;0.0;5.96578369140002;0.5869813561;8.31642263053572;2022-10-10T04:00:00Z
38.15015;0.0;0.0;0.0;5.744287109400034;0.5869770646;8.160043784310155;2022-10-10T05:00:00Z
34.98383333333334;0.0;0.0;10.88;5.912683105500037;0.586972177;7.909880481430277;2022-10-10T06:00:00Z
18.2174;10.774666666666667;0.1199999999999999;106.29333333333334;7.3133178711000255;0.5869607925;7.266316171063902;2022-10-10T07:00:00Z
65.50045;24.093;25.118;228.88888888888889;9.407800293000037;0.5869789124;5.953035748471269;2022-10-10T08:00:00Z
70.0;38.29922222222221;0.1199999999999999;310.5777777777778;11.606774902300003;0.5869920254;5.996583930128255;2022-10-10T09:00:00Z
67.0003;0.0;0.0;317.8488888888889;12.471520996100026;0.5902445912;5.573822805394654;2022-10-10T10:00:00Z
64.16778333333333;0.0;0.0;364.7288888888889;13.595758056600005;0.5918262601;5.168950906141613;2022-10-10T11:00:00Z
66.50135;0.0;0.0;358.9688888888889;14.502526855500037;0.5905727744;6.0074979527625825;2022-10-10T12:00:00Z
30.66843333333333;0.0;0.0;404.67555555555555;15.654412841800024;0.5888717771;5.557937566286441;2022-10-10T13:00:00Z
60.001949999999994;0.0;0.0;318.88;16.204705810500002;0.5879692435;5.612025626353752;2022-10-10T14:00:00Z
865.66785;0.0;0.0;198.0088888888889;16.148767089800003;0.5876022577;5.571767544165591;2022-10-10T15:00:00Z
222.6682833333333;0.0;0.0;72.96;14.56932983400003;0.587513268;6.175023075821172;2022-10-10T16:00:00Z
65.60171666666666;0.0;0.0;2.5244444444444443;12.424951171900034;0.5875050426;6.519682427637538;2022-10-10T17:00:00Z
81.08421666666666;0.0;0.0;0.0;12.086541748000002;0.5875150561;6.776080148573931;2022-10-10T18:00:00Z
93.0336;0.0;0.0;0.0;12.180810546900034;0.5875199437;7.447216877656404;2022-10-10T19:00:00Z
85.86676666666665;0.0;0.0;0.0;12.016107177700007;0.5875227451;8.67081652572964;2022-10-10T20:00:00Z
82.88383333333331;0.0;0.0;0.0;12.058190918000037;0.590278089;9.230497165939104;2022-10-10T21:00:00Z
86.23456666666665;0.0;0.0;0.0;12.637841796900034;0.5874039531;8.780239046651637;2022-10-10T22:00:00Z
50.0359;0.0;0.0;0.0;12.068688964800003;0.5873497725;8.54647677761061;2022-10-10T23:00:00Z
29.51683333333333;0.0;0.0;0.0;10.976068115200007;0.5872977376;8.157177633909557;2022-10-11T00:00:00Z
32.08338333333333;0.0;0.0;0.0;9.842492675800031;0.5872607827;7.4369515242606825;2022-10-11T01:00:00Z
28.0;0.0;0.0;0.0;8.839044189500044;0.5872804523;6.751095578457372;2022-10-11T02:00:00Z
28.00005;0.0;0.0;0.0;8.003076171900034;0.5873767734;6.32294459514876;2022-10-11T03:00:00Z
31.5002;0.0;0.0;0.0;7.393609619100005;0.58750844;6.477582820268654;2022-10-11T04:00:00Z
41.650033333333326;0.0;0.0;0.0;7.006463623000002;0.5876544714;6.411738233638879;2022-10-11T05:00:00Z
21.933716666666665;0.0;0.0;9.137777777777778;6.836572265600012;0.5877860785;6.118886564148959;2022-10-11T06:00:00Z
13.28385;43.62655555555556;0.1199999999999999;94.70222222222222;8.326013183600026;0.5877374411;5.601269273905602;2022-10-11T07:00:00Z
28.00013333333333;17.877777777777776;5.119;222.77333333333334;10.005700683600026;0.5875620842;4.54439197708789;2022-10-11T08:00:00Z
64.0001;19.65355555555556;20.119;343.36;11.692895507800017;0.587310195;4.260433435635152;2022-10-11T09:00:00Z
42.167366666666666;0.0;0.0;421.7422222222222;13.243493652300003;0.587135911;3.4896880403143316;2022-10-11T10:00:00Z
64.16731666666665;0.0;0.0;465.6177777777778;14.306298828100012;0.587032795;4.161705926250371;2022-10-11T11:00:00Z
57.33468333333333;0.0;0.0;377.56444444444446;14.499230957000009;0.5869931579;4.56549749646683;2022-10-11T12:00:00Z
67.3346;0.0;0.0;302.2577777777778;14.477258300800031;0.5869735479;4.561666733592639;2022-10-11T13:00:00Z
523.6678333333333;0.0;0.0;197.45777777777778;14.349084472700042;0.5869596004;4.2455456073288875;2022-10-11T14:00:00Z
266.00120000000004;0.0;0.0;124.48;13.929284668000037;0.5869795084;3.046282731047986;2022-10-11T15:00:00Z
70.001;0.0;0.0;45.333333333333336;12.732324218800045;0.5869772434;2.8556336811088303;2022-10-11T16:00:00Z
487.90086666666656;0.0;0.0;1.3155555555555556;10.310388183600026;0.5869688392;3.1120752564362;2022-10-11T17:00:00Z
86.13375;0.0;0.0;0.0;9.496423339800003;0.5869848728;2.7317482748721242;2022-10-11T18:00:00Z
87.50036666666665;0.0;0.0;0.0;8.693078613300031;0.5869819522;2.4284171041129237;2022-10-11T19:00:00Z
87.83365;0.0;0.0;0.0;8.319116210900006;0.5869781971;2.458598328892663;2022-10-11T20:00:00Z
86.0005;0.0;0.0;0.0;7.804711914100039;0.5869917274;2.320560315419742;2022-10-11T21:00:00Z
57.7185;0.0;0.0;0.0;6.711328125000023;0.5870558023;1.7973062412871081;2022-10-11T22:00:00Z
10.13485;0.0;0.0;0.0;6.010919189500044;0.587008357;1.731759668468891;2022-10-11T23:00:00Z
27.6504;0.0;0.0;0.0;5.712487793000037;0.5869990587;2.1779798427280697;2022-10-12T00:00:00Z
32.66678333333333;0.0;0.0;0.0;5.7411132812000005;0.5870218873;2.3488156682041725;2022-10-12T01:00:00Z
39.90016666666666;0.0;0.0;0.0;5.997338867200028;0.5870470405;2.098619574134955;2022-10-12T02:00:00Z
29.98348333333333;0.0;0.0;0.0;6.0551696777000075;0.5870572925;1.8540947386418523;2022-10-12T03:00:00Z
29.05;0.0;0.0;0.0;6.197290039100039;0.5870888233;1.5546003640496007;2022-10-12T04:00:00Z
35.35;0.0;0.0;0.0;6.207330322300038;0.5870788097;1.2253853873202012;2022-10-12T05:00:00Z
24.51705;0.0;0.0;5.671111111111111;5.086633300800031;0.5870733261;1.1361067041326878;2022-10-12T06:00:00Z
65.23451666666665;7.223111111111111;20.119;78.59555555555555;6.3924194336000255;0.5871149302;1.7204174125400695;2022-10-12T07:00:00Z
64.50055;50.72966666666665;5.118999999999999;169.20888888888888;9.259912109400034;0.5870913267;2.328579229531354;2022-10-12T08:00:00Z
70.0;23.20511111111111;0.1199999999999999;261.6;11.561669921900034;0.5870304704;1.8602814033374202;2022-10-12T09:00:00Z
66.667;0.0;0.0;340.12444444444446;13.431146240200007;0.5869874954;2.2655870583238378;2022-10-12T10:00:00Z
61.83415;0.0;0.0;375.73333333333335;14.594140625000023;0.5869640708;2.822897498442109;2022-10-12T11:00:00Z
61.33498333333333;0.0;0.0;412.3022222222222;14.964929199200014;0.5869544744;3.187049045897299;2022-10-12T12:00:00Z
69.6677;0.0;0.0;393.92;15.462091064500044;0.5869529843;2.9397867893010705;2022-10-12T13:00:00Z
231.6675833333333;0.0;0.0;277.4222222222222;15.367700195300017;0.5869538784;2.9104663314552686;2022-10-12T14:00:00Z
710.0012999999999;0.0;0.0;171.57333333333332;14.763208007800017;0.5869724751;2.836814590395677;2022-10-12T15:00:00Z
8.835449999999998;0.0;0.0;61.68888888888889;12.500238037100019;0.5869536996;3.455411546156547;2022-10-12T16:00:00Z
121.66785;0.0;0.0;1.3155555555555556;9.691918945300017;0.5869506001;4.296294708535588;2022-10-12T17:00:00Z
83.41691666666665;0.0;0.0;0.0;8.081292724600019;0.5869513154;5.39446290899645;2022-10-12T18:00:00Z
85.06685;0.0;0.0;0.0;7.454888916000016;0.5869517326;5.9734613654966005;2022-10-12T19:00:00Z
34.95115;0.0;0.0;0.0;6.952172851600039;0.5869524479;6.223460035435538;2022-10-12T20:00:00Z
67.93378333333334;0.0;0.0;0.0;6.822167968800045;0.5869535208;6.473691222594574;2022-10-12T21:00:00Z
88.55121666666666;0.0;0.0;0.0;6.41207275390002;0.5869546533;6.362708178734679;2022-10-12T22:00:00Z
76.06816666666667;0.0;0.0;0.0;5.919030761700014;0.5869852901;5.661599997182686;2022-10-12T23:00:00Z
35.35055;0.0;0.0;0.0;5.355554199200014;0.5870242715;5.160969202624033;2022-10-13T00:00:00Z
33.01705;0.0;0.0;0.0;5.229211425800031;0.5870805979;4.982597711509483;2022-10-13T01:00:00Z
30.683433333333333;0.0;0.0;0.0;5.145166015600012;0.5871556997;4.734729574250304;2022-10-13T02:00:00Z
29.166783333333328;0.0;0.0;0.0;5.298486328100012;0.5872034431;4.662288929618194;2022-10-13T03:00:00Z
29.28345;0.0;0.0;0.0;5.533288574200014;0.5873221159;4.744424154313226;2022-10-13T04:00:00Z
30.333866666666665;0.0;0.0;0.0;5.818811035200042;0.5874349475;4.7683910079194;2022-10-13T05:00:00Z
33.735816666666665;0.0;0.0;4.195555555555556;6.179498291000016;0.5875460505;4.9084052188465765;2022-10-13T06:00:00Z
56.20081666666666;26.756666666666664;0.1199999999999999;75.96444444444444;7.443505859400034;0.5875547528;4.6606681049425385;2022-10-13T07:00:00Z
68.50015;42.73866666666665;20.119;166.66666666666666;9.16988525390002;0.587451458;3.4605660148683723;2022-10-13T08:00:00Z
60.001;10.774666666666667;5.119;278.8977777777778;11.524621582000009;0.5872963667;3.1108511818385445;2022-10-13T09:00:00Z
60.001;0.0;0.0;399.9288888888889;14.02346191410004;0.5871332884;2.8677696163837276;2022-10-13T10:00:00Z
67.50025;0.0;0.0;425.90222222222224;15.414331054700028;0.5870534778;3.614899999485941;2022-10-13T11:00:00Z
70.00081666666667;0.0;0.0;345.97333333333336;16.493737793000037;0.5870591998;6.004421031710875;2022-10-13T12:00:00Z
216.66783333333333;0.0;0.0;213.40444444444444;16.493676757800017;0.5870295763;6.131455293454358;2022-10-13T13:00:00Z
10.33555;0.0;0.0;149.10222222222222;16.343835449200014;0.5869941115;5.156234213882924;2022-10-13T14:00:00Z
41.002316666666665;0.0;0.0;100.74666666666667;15.774804687500023;0.5869871974;3.925815091155024;2022-10-13T15:00:00Z
493.1688666666666;0.0;0.0;36.23111111111111;13.869958496100026;0.5869834423;3.426161089720885;2022-10-13T16:00:00Z
493.9002833333333;0.0;0.0;0.7822222222222223;12.112359619100005;0.58697927;3.4756972911983737;2022-10-13T17:00:00Z
89.25005;0.0;0.0;0.0;11.207177734400034;0.5869800448;4.136027223222706;2022-10-13T18:00:00Z
87.38339999999998;0.0;0.0;0.0;10.598474121100026;0.5869814754;4.494729206740202;2022-10-13T19:00:00Z
58.85055;0.0;0.0;0.0;9.817834472700042;0.5869821906;4.445830533316828;2022-10-13T20:00:00Z
39.30095;0.0;0.0;0.0;9.256677246100026;0.586982429;4.48609164561358;2022-10-13T21:00:00Z
44.06836666666666;0.0;0.0;0.0;10.368768310500002;0.5870042443;5.131969329350147;2022-10-13T22:00:00Z
56.00211666666667;0.0;0.0;0.0;10.043664550800031;0.5870529413;4.778989959267417;2022-10-13T23:00:00Z
0.0;0.0;0.0;0.0;9.561853027300003;0.587072134;4.512612110108163;2022-10-14T00:00:00Z
0.0;0.0;0.0;0.0;9.50286254880001;0.5871060491;4.226922708908195;2022-10-14T01:00:00Z
0.0;0.0;0.0;0.0;9.264245605500037;0.5871477723;3.729802712571335;2022-10-14T02:00:00Z
0.0;0.0;0.0;0.0;8.999414062500023;0.5871976018;3.083232697715725;2022-10-14T03:00:00Z
0.0;0.0;0.0;0.0;8.557305908200021;0.5872831345;3.5010125810600004;2022-10-14T04:00:00Z
0.0;0.0;0.0;0.0;8.379022216800024;0.5874179602;3.939278434689104;2022-10-14T05:00:00Z
0.0;0.0;0.0;5.173333333333333;8.634057617200028;0.5875708461;4.280402680087795;2022-10-14T06:00:00Z
0.0;1.8957777777777776;0.1199999999999999;81.61777777777777;9.763024902300003;0.587595284;4.141896786672717;2022-10-14T07:00:00Z
0.0;60.49644444444444;0.1199999999999999;169.06666666666666;11.25093994140002;0.5874840021;3.2274421979132897;2022-10-14T08:00:00Z
0.0;20.541444444444444;25.117999999999995;265.70666666666665;12.979882812500023;0.5873699784;3.0040603856978976;2022-10-14T09:00:00Z
0.0;0.0;0.0;386.59555555555556;15.175500488300031;0.5872293115;3.413517786427471;2022-10-14T10:00:00Z
0.0;0.0;0.0;412.99555555555554;16.23702392580003;0.5872694254;4.050236836279031;2022-10-14T11:00:00Z
0.0;0.0;0.0;379.41333333333336;16.930749511700014;0.5873394012;3.8094942721037266;2022-10-14T12:00:00Z
0.0;0.0;0.0;250.02666666666667;17.120507812500023;0.5894599557;4.432283597722775;2022-10-14T13:00:00Z
0.0;0.0;0.0;166.61333333333334;16.701257324200014;0.5893201828;4.166972676388305;2022-10-14T14:00:00Z
0.0;0.0;0.0;98.82666666666667;16.34154663090004;0.5889428258;3.6071144583912687;2022-10-14T15:00:00Z
0.0;0.0;0.0;26.24;15.41869506840004;0.5888305902;4.5798431627295555;2022-10-14T16:00:00Z
0.0;0.0;0.0;0.35555555555555557;14.012353515600012;0.588901937;5.628612147826697;2022-10-14T17:00:00Z
0.0;0.0;0.0;0.0;13.41210327150003;0.5889248252;5.917334253508037;2022-10-14T18:00:00Z
0.0;0.0;0.0;0.0;13.230249023400006;0.5889812112;6.24207638179078;2022-10-14T19:00:00Z
0.0;0.0;0.0;0.0;12.991784668000037;0.5890581608;6.72731523517444;2022-10-14T20:00:00Z
0.0;0.0;0.0;0.0;12.921411132800017;0.5890529156;7.200090137010081;2022-10-14T21:00:00Z
0.0;0.0;0.0;0.0;12.927148437500023;0.5889294147;7.416253897269484;2022-10-14T22:00:00Z
0.0;0.0;0.0;0.0;12.88668212890002;0.5888627172;7.268561010989126;2022-10-14T23:00:00Z
29.7506;0.0;0.0;0.0;12.665551757800017;0.5892677903;7.122186039558195;2022-10-15T00:00:00Z
41.18346666666666;0.0;0.0;0.0;12.48827514650003;0.5905892253;6.43395109585459;2022-10-15T01:00:00Z
41.41675;0.0;0.0;0.0;12.558862304700028;0.5929570794;5.8582629818676155;2022-10-15T02:00:00Z
33.833533333333335;0.0;0.0;0.0;12.573999023400006;0.5929897428;5.80783243299094;2022-10-15T03:00:00Z
33.83351666666667;0.0;0.0;0.0;12.743371582000009;0.5929867029;6.061777313927324;2022-10-15T04:00:00Z
30.567216666666663;0.0;0.0;0.0;12.896630859400034;0.5929911733;5.809301141254146;2022-10-15T05:00:00Z
17.85035;0.0;0.0;0.9777777777777777;12.870751953100012;0.5929797292;5.428024774253853;2022-10-15T06:00:00Z
2.68335;31.196111111111108;20.119;23.857777777777777;13.317590332000009;0.5927246809;5.160738087574411;2022-10-15T07:00:00Z
6.000683333333333;36.52344444444444;0.1199999999999999;54.56;14.20803222660004;0.5921636224;4.4040484598353276;2022-10-15T08:00:00Z
32.500833333333325;5.447333333333333;5.119;91.28888888888889;15.035913085900006;0.5912536383;4.055550428817133;2022-10-15T09:00:00Z
61.00015;0.0;0.0;170.73777777777778;16.08461914060001;0.5916314125;2.8580745521371353;2022-10-15T10:00:00Z
65.00016666666667;0.0;0.0;199.68;16.793817138700035;0.5909845829;3.570074072427672;2022-10-15T11:00:00Z
54.001266666666666;0.0;0.0;181.35111111111112;17.257958984400034;0.5912290812;3.468433436210948;2022-10-15T12:00:00Z
144.33515;0.0;0.0;185.77777777777777;17.488427734400034;0.5907524228;4.066939069457342;2022-10-15T13:00:00Z
98.50223333333331;0.0;0.0;124.16;17.411981201200035;0.5903414488;4.206855541321452;2022-10-15T14:00:00Z
69.16775;0.0;0.0;77.54666666666667;17.13475952150003;0.5898794532;4.927718314912038;2022-10-15T15:00:00Z
920.00015;0.0;0.0;31.253333333333334;16.004052734400034;0.5898243785;5.669269302102229;2022-10-15T16:00:00Z
71.81736666666667;0.0;0.0;0.17777777777777778;14.786584472700042;0.590151608;6.439793039831932;2022-10-15T17:00:00Z
84.35013333333333;0.0;0.0;0.0;14.178430175800031;0.5904434323;6.829622894348828;2022-10-15T18:00:00Z
77.384;0.0;0.0;0.0;13.806268310500002;0.5905252695;7.344723863262776;2022-10-15T19:00:00Z
85.55033333333331;0.0;0.0;0.0;14.032983398400006;0.5904656649;8.0016163645136;2022-10-15T20:00:00Z
96.03344999999999;0.0;0.0;0.0;14.245629882800017;0.5903819799;8.404706852722725;2022-10-15T21:00:00Z
76.95158333333333;0.0;0.0;0.0;14.732080078100012;0.5900411606;8.314213452762136;2022-10-15T22:00:00Z
30.969;0.0;0.0;0.0;14.69625244140002;0.5899386406;8.155089747438419;2022-10-15T23:00:00Z
26.016916666666663;0.0;0.0;0.0;14.54104003910004;0.5898534656;8.158232475573929;2022-10-16T00:00:00Z
28.583483333333334;0.0;0.0;0.0;14.389062500000023;0.589746356;7.8933431793275926;2022-10-16T01:00:00Z
26.716866666666668;0.0;0.0;0.0;14.111657714800003;0.5897099376;7.714298313813809;2022-10-16T02:00:00Z
27.88335;0.0;0.0;0.0;13.982873535200042;0.5897383094;6.50777682023863;2022-10-16T03:00:00Z
29.28345;0.0;0.0;0.0;13.737603759800038;0.5898738503;5.891700139626451;2022-10-16T04:00:00Z
29.16678333333333;0.0;0.0;0.0;13.474328613300031;0.5900569558;5.32584081915902;2022-10-16T05:00:00Z
26.133483333333327;0.0;0.0;2.5955555555555554;13.403771972700042;0.5902107358;5.773973696385817;2022-10-16T06:00:00Z
16.134083333333333;31.196111111111108;0.1199999999999999;48.60444444444445;14.259301757800017;0.5900332928;6.296665075234193;2022-10-16T07:00:00Z
49.83383333333334;23.20511111111111;20.119;143.36;15.73043212890002;0.5903253555;6.5287545326618615;2022-10-16T08:00:00Z
67.50025;26.756666666666664;5.119;172.5511111111111;16.972192382800017;0.5896652937;5.893614016802443;2022-10-16T09:00:00Z
68.50015;0.0;0.0;224.4088888888889;17.651788330100032;0.5908007026;5.553993121503546;2022-10-16T10:00:00Z
69.83373333333333;0.0;0.0;233.06666666666666;18.281762695300017;0.5893511772;6.068956074770214;2022-10-16T11:00:00Z
68.3345;0.0;0.0;347.7866666666667;19.176538085900006;0.5879632831;5.995046008478154;2022-10-16T12:00:00Z
70.001;0.0;0.0;336.44444444444446;20.052514648400006;0.5873375535;6.430200247359361;2022-10-16T13:00:00Z
70.001;0.0;0.0;259.25333333333333;20.057946777300003;0.5871190429;5.3248628439306955;2022-10-16T14:00:00Z
10.001999999999997;0.0;0.0;150.06222222222223;19.259667968800045;0.5870682597;5.007359092369888;2022-10-16T15:00:00Z
573.3343;0.0;0.0;43.69777777777778;16.802911377000044;0.5870696902;4.68950611208615;2022-10-16T16:00:00Z
236.5176;0.0;0.0;0.10666666666666666;14.629083252000044;0.5870801806;4.221738560167646;2022-10-16T17:00:00Z
52.93465;0.0;0.0;0.0;12.6883789062;0.5870721936;3.5273205297179167;2022-10-16T18:00:00Z
63.53391666666666;0.0;0.0;0.0;11.808679199200014;0.5870711207;2.8787148843152295;2022-10-16T19:00:00Z
84.21683333333334;0.0;0.0;0.0;11.668054199200014;0.5870854855;3.050256410979525;2022-10-16T20:00:00Z
79.56694999999998;0.0;0.0;0.0;11.971948242200028;0.5871079564;2.958776191098796;2022-10-16T21:00:00Z
355.33411666666666;0.0;0.0;0.0;12.591882324200014;0.587128222;1.4272311619374087;2022-10-16T22:00:00Z
18.83463333333333;0.0;0.0;0.0;11.746240234400034;0.5871320963;2.72585286751051;2022-10-16T23:00:00Z
30.8002;0.0;0.0;0.0;11.569390869100005;0.5871353745;3.5389011281583276;2022-10-17T00:00:00Z
39.20006666666666;0.0;0.0;0.0;11.833245849600019;0.5871776342;3.8092198356116524;2022-10-17T01:00:00Z
42.933433333333326;0.0;0.0;0.0;12.200677490200007;0.5873003602;5.0575914503938355;2022-10-17T02:00:00Z
44.916816666666655;0.0;0.0;0.0;12.445153808600026;0.5875059962;6.132247456101359;2022-10-17T03:00:00Z
48.416716666666666;0.0;0.0;0.0;12.62398681640002;0.5876983404;6.951987223006524;2022-10-17T04:00:00Z
44.21673333333334;0.0;0.0;0.0;12.671228027300003;0.5878786445;7.215209194281823;2022-10-17T05:00:00Z
72.13355;0.0;0.0;2.3466666666666667;12.781823730500037;0.5879708529;7.097806846594732;2022-10-17T06:00:00Z
37.1339;3.671555555555555;20.119;64.90666666666667;13.931787109400034;0.5880656242;6.844528692039335;2022-10-17T07:00:00Z
31.00065;32.971888888888884;0.1199999999999999;164.12444444444444;15.81054077150003;0.5877783895;6.619957873117063;2022-10-17T08:00:00Z
65.0005;40.075;5.119;265.15555555555557;17.71090087890002;0.5874365568;5.821441696864643;2022-10-17T09:00:00Z
65.66693333333333;0.0;0.0;334.88;20.50588378910004;0.5871621966;5.379075475239041;2022-10-17T10:00:00Z
28.83448333333333;0.0;0.0;413.97333333333336;22.31081542970003;0.5870423913;5.544733378571665;2022-10-17T11:00:00Z
286.66745000000003;0.0;0.0;383.2888888888889;23.302545166000016;0.5869924426;5.459988562744133;2022-10-17T12:00:00Z
216.00125;0.0;0.0;305.79555555555555;23.83883056640002;0.5869845748;6.488363148951587;2022-10-17T13:00:00Z
69.3344;0.0;0.0;224.60444444444445;23.84200439450001;0.5869967937;8.063603508703856;2022-10-17T14:00:00Z
182.33465;0.0;0.0;128.51555555555555;23.37502441410004;0.5869864821;8.125671011080268;2022-10-17T15:00:00Z
382.33491666666663;0.0;0.0;35.12888888888889;21.822412109400034;0.5869720578;7.706924669460815;2022-10-17T16:00:00Z
23.66825;0.0;0.0;0.0;20.169122314500044;0.5869634151;7.197818005164382;2022-10-17T17:00:00Z
80.15003333333334;0.0;0.0;0.0;19.1473632812;0.5869598389;6.562603578367872;2022-10-17T18:00:00Z
47.000616666666666;0.0;0.0;0.0;18.43843994140002;0.5869619846;6.912448412421989;2022-10-17T19:00:00Z
80.00006666666665;0.0;0.0;0.0;17.963494873000002;0.5869594812;6.843902942465141;2022-10-17T20:00:00Z
76.30048333333333;0.0;0.0;0.0;17.250756835900006;0.5869527459;5.948444643676769;2022-10-17T21:00:00Z
63.50166666666667;0.0;0.0;0.0;17.180810546900034;0.5920310616;6.280945408952494;2022-10-17T22:00:00Z
172.28421666666665;0.0;0.0;0.0;16.717614746100026;0.592273891;6.3028237127568;2022-10-17T23:00:00Z
34.88356666666667;0.0;0.0;0.0;16.453454589800003;0.5923505425;6.626860079279795;2022-10-18T00:00:00Z
35.583483333333334;0.0;0.0;0.0;15.972924804700028;0.5927693248;6.3555975206496775;2022-10-18T01:00:00Z
36.4;0.0;0.0;0.0;15.507043457000009;0.5929896832;5.860404711190746;2022-10-18T02:00:00Z
35.116683333333334;0.0;0.0;0.0;15.393640136700014;0.5929918289;4.689354545511244;2022-10-18T03:00:00Z
34.41675;0.0;0.0;0.0;15.335839843800045;0.5930090547;2.8609363175788993;2022-10-18T04:00:00Z
34.65006666666666;0.0;0.0;0.0;15.019952392600032;0.5929993391;3.6134398253044187;2022-10-18T05:00:00Z
29.350466666666662;0.0;0.0;1.048888888888889;14.826409912100019;0.5930166245;3.3923543423288165;2022-10-18T06:00:00Z
15.617149999999999;31.196111111111108;0.1199999999999999;7.502222222222223;14.85646972660004;0.5930461884;2.7460813960000583;2022-10-18T07:00:00Z
48.00036666666666;38.29922222222221;25.118;26.186666666666667;14.983911132800017;0.5930181742;3.021614262839629;2022-10-18T08:00:00Z
37.00055;6.335222222222222;0.1199999999999999;29.90222222222222;14.988732910200042;0.5929942727;3.722232407283154;2022-10-18T09:00:00Z
58.0002;0.0;0.0;32.87111111111111;15.031579589800003;0.5930415392;2.81242544562305;2022-10-18T10:00:00Z
50.50086666666667;0.0;0.0;30.773333333333333;14.8016601562;0.5930067301;3.3130544612508857;2022-10-18T11:00:00Z
59.00151666666667;0.0;0.0;66.20444444444445;15.061669921900034;0.5929962397;4.5055091853820715;2022-10-18T12:00:00Z
44.16875;0.0;0.0;76.72888888888889;15.373803710900006;0.5928320885;4.423060359190709;2022-10-18T13:00:00Z
64.0011;0.0;0.0;83.55555555555556;15.72365722660004;0.5919771194;4.567369600323385;2022-10-18T14:00:00Z
303.33410000000003;0.0;0.0;92.88888888888889;15.746545410200042;0.5911067128;5.261898313932758;2022-10-18T15:00:00Z
30.668516666666665;0.0;0.0;31.857777777777777;14.699853515600012;0.5907735825;5.841843383955015;2022-10-18T16:00:00Z
68.00113333333333;0.0;0.0;0.0;13.302148437500023;0.5908113718;5.853228099298438;2022-10-18T17:00:00Z
85.86668333333331;0.0;0.0;0.0;12.372338867200028;0.5909911394;6.68396027428192;2022-10-18T18:00:00Z
87.03338333333333;0.0;0.0;0.0;11.869226074200014;0.5911114216;7.028966287507375;2022-10-18T19:00:00Z
56.61765;0.0;0.0;0.0;11.523889160200042;0.5909903049;6.9967592418999125;2022-10-18T20:00:00Z
63.601516666666654;0.0;0.0;0.0;11.342492675800031;0.5906659365;7.039227917018287;2022-10-18T21:00:00Z
218.41878333333327;0.0;0.0;0.0;11.362817382800017;0.5909079313;6.9653473215298245;2022-10-18T22:00:00Z
563.9348666666666;0.0;0.0;0.0;11.08883056640002;0.5907430649;6.805812456271293;2022-10-18T23:00:00Z
19.25038333333333;0.0;0.0;0.0;10.555993652300003;0.5905726552;6.959292742503262;2022-10-19T00:00:00Z
33.01691666666667;0.0;0.0;0.0;10.57613525390002;0.590318203;6.985823865652495;2022-10-19T01:00:00Z
29.63365;0.0;0.0;0.0;10.457788085900006;0.5900149941;6.9220527988076475;2022-10-19T02:00:00Z
34.06678333333333;0.0;0.0;0.0;10.482263183600026;0.5897461772;6.816959573987695;2022-10-19T03:00:00Z
36.40035;0.0;0.0;0.0;10.579858398400006;0.5893834233;6.8248750911242215;2022-10-19T04:00:00Z
41.76676666666666;0.0;0.0;0.0;10.597131347700042;0.5890250206;6.818617921586038;2022-10-19T05:00:00Z
62.60081666666667;0.0;0.0;0.7822222222222223;10.46166381840004;0.588698864;6.517425033588697;2022-10-19T06:00:00Z
66.30096666666667;12.550444444444445;20.119;32.55111111111111;10.662866210900006;0.5883636475;5.982377907555273;2022-10-19T07:00:00Z
62.50075;32.084;0.1199999999999999;100.42666666666666;11.246240234400034;0.5881054401;6.631116117671737;2022-10-19T08:00:00Z
53.00028333333333;27.644555555555556;5.119;159.50222222222223;11.957696533200021;0.5877596736;6.040877352448884;2022-10-19T09:00:00Z
68.00003333333333;0.0;0.0;194.09777777777776;12.750695800800031;0.5874989033;4.771208845736839;2022-10-19T10:00:00Z
38.000933333333336;0.0;0.0;189.5288888888889;13.133874511700014;0.5872729421;4.143866956117738;2022-10-19T11:00:00Z
57.00121666666666;0.0;0.0;197.35111111111112;13.319604492200028;0.5871398449;3.659390671245386;2022-10-19T12:00:00Z
617.66735;0.0;0.0;221.93777777777777;13.433740234400034;0.5870622396;3.160967159090317;2022-10-19T13:00:00Z
64.50155;0.0;0.0;137.5288888888889;13.206384277300003;0.5870482922;2.666230099885018;2022-10-19T14:00:00Z
333.3352;0.0;0.0;110.82666666666667;12.737390136700014;0.5870422721;2.5381159241509494;2022-10-19T15:00:00Z
401.0025;0.0;0.0;26.31111111111111;11.20891723630001;0.5870327353;3.0110323658496947;2022-10-19T16:00:00Z
4.502550000000001;0.0;0.0;0.0;9.278497314500044;0.587032795;3.480993427360204;2022-10-19T17:00:00Z
62.05113333333333;0.0;0.0;0.0;7.005944824200014;0.5870522261;2.9299357348512762;2022-10-19T18:00:00Z
72.65076666666667;0.0;0.0;0.0;6.8543334961000255;0.587059617;3.950127207888876;2022-10-19T19:00:00Z
40.884183333333326;0.0;0.0;0.0;5.914636230500037;0.5870710611;5.281747983938689;2022-10-19T20:00:00Z
88.00048333333332;0.0;0.0;0.0;5.2045837402000075;0.5870712996;5.732482559362349;2022-10-19T21:00:00Z
27.685916666666667;0.0;0.0;0.0;4.751000976600039;0.587061882;5.7807123454767;2022-10-19T22:00:00Z
53.252133333333326;0.0;0.0;0.0;4.526025390600012;0.5870574713;5.506481826281942;2022-10-19T23:00:00Z
35.35016666666667;0.0;0.0;0.0;4.129541015600012;0.5870541334;5.1795343816390504;2022-10-20T00:00:00Z
29.63363333333333;0.0;0.0;0.0;3.994897460900006;0.5870758295;5.37439630678074;2022-10-20T01:00:00Z
29.516816666666667;0.0;0.0;0.0;3.9173828125000227;0.5870699286;5.490131401941644;2022-10-20T02:00:00Z
33.95015;0.0;0.0;0.0;3.967980957000009;0.5870672464;5.8324428795106025;2022-10-20T03:00:00Z
36.86678333333333;0.0;0.0;0.0;3.4855285645000436;0.5870670676;6.208012477564941;2022-10-20T04:00:00Z
35.93333333333334;0.0;0.0;0.0;3.612756347700042;0.5870687366;6.2442180472853615;2022-10-20T05:00:00Z
32.167116666666665;0.0;0.0;1.6711111111111112;3.097375488300031;0.5870817304;6.925774298335881;2022-10-20T06:00:00Z
45.884;10.774666666666667;20.119;65.61777777777777;4.300317382800017;0.5870767832;7.656868294609001;2022-10-20T07:00:00Z
65.50045;24.093;0.1199999999999999;183.98222222222222;6.535180664100039;0.5870664716;6.635576511731059;2022-10-20T08:00:00Z
67.50025;41.85077777777778;5.119;297.0311111111111;8.661523437500023;0.5870586634;6.792036675105871;2022-10-20T09:00:00Z
70.0;0.0;0.0;369.58222222222224;10.864709472700042;0.5870732665;8.02958754981473;2022-10-20T10:00:00Z
70.0;0.0;0.0;416.1066666666667;12.189019775400027;0.5870571733;8.090815976667322;2022-10-20T11:00:00Z
271.6671666666666;0.0;0.0;410.41777777777776;13.084436035200042;0.587035358;7.549635493074459;2022-10-20T12:00:00Z
621.66735;0.0;0.0;352.03555555555556;13.530725097700042;0.5870349407;7.693546638418742;2022-10-20T13:00:00Z
70.001;0.0;0.0;252.0888888888889;13.4090820312;0.5870066285;7.082809448252445;2022-10-20T14:00:00Z
70.001;0.0;0.0;149.01333333333332;12.679345703100012;0.586999476;7.931336866520138;2022-10-20T15:00:00Z
65.00108333333334;0.0;0.0;35.48444444444444;10.948724365200007;0.5870123506;8.975008122371;2022-10-20T16:00:00Z
325.66758333333325;0.0;0.0;0.0;10.005151367200028;0.5870233774;9.75067997099398;2022-10-20T17:00:00Z
76.03468333333333;0.0;0.0;0.0;9.55562744140002;0.5870059729;9.200758246898454;2022-10-20T18:00:00Z
72.06786666666666;0.0;0.0;0.0;9.278710937500023;0.5870053768;9.2023239526624;2022-10-20T19:00:00Z
66.83471666666667;0.0;0.0;0.0;8.864587402300003;0.5870068669;9.362627177882088;2022-10-20T20:00:00Z
69.40128333333334;0.0;0.0;0.0;8.36617431640002;0.5869930387;8.750229437668818;2022-10-20T21:00:00Z
55.21885000000001;0.0;0.0;0.0;8.34566650390002;0.5872898102;8.128852247943094;2022-10-20T22:00:00Z
16.2187;0.0;0.0;0.0;8.469964599600019;0.587392509;8.444349001732586;2022-10-20T23:00:00Z
0.0;0.0;0.0;0.0;8.877008056600005;0.5881659389;8.957456282161427;2022-10-21T00:00:00Z
0.0;0.0;0.0;0.0;8.626245117200028;0.5879507661;7.047532078781317;2022-10-21T01:00:00Z
0.0;0.0;0.0;0.0;8.44237670900003;0.5878670812;5.777707041008084;2022-10-21T02:00:00Z
0.0;0.0;0.0;0.0;8.571740722700042;0.5878224969;5.525132671267534;2022-10-21T03:00:00Z
0.0;0.0;0.0;0.0;8.658288574200014;0.5877771974;5.866721416546497;2022-10-21T04:00:00Z
0.0;0.0;0.0;0.0;8.594873046900034;0.5897241831;6.50344091282305;2022-10-21T05:00:00Z
0.0;0.0;0.0;0.64;8.604058837900027;0.5909002423;7.113981328018797;2022-10-21T06:00:00Z
0.0;28.532444444444444;0.1199999999999999;30.22222222222222;8.877099609400034;0.592451632;6.848010431356457;2022-10-21T07:00:00Z
0.0;47.178111111111114;20.119;64.8711111111111;9.573999023400006;0.5929921865;6.017036547951218;2022-10-21T08:00:00Z
0.0;14.326222222222222;5.118999999999999;106.50666666666666;10.631982421900034;0.5929932594;5.838389817489209;2022-10-21T09:00:00Z
0.0;0.0;0.0;123.39555555555556;11.758447265600012;0.5928255916;5.1459185148569855;2022-10-21T10:00:00Z
0.0;0.0;0.0;178.11555555555555;13.054345703100012;0.5926375389;4.271415130115673;2022-10-21T11:00:00Z
0.0;0.0;0.0;189.8488888888889;13.863366699200014;0.5906521082;5.400146348700458;2022-10-21T12:00:00Z
0.0;0.0;0.0;147.23555555555555;14.163842773400006;0.5892688036;4.528340343599377;2022-10-21T13:00:00Z
0.0;0.0;0.0;91.75111111111111;14.066003418000037;0.5886267424;4.967535268564906;2022-10-21T14:00:00Z
0.0;0.0;0.0;50.77333333333333;13.657495117200028;0.5905964375;5.859191048172726;2022-10-21T15:00:00Z
0.0;0.0;0.0;12.977777777777778;13.248559570300017;0.5916708112;5.947609537804271;2022-10-21T16:00:00Z
0.0;0.0;0.0;0.0;12.698480224600019;0.5924111605;6.0992552827773965;2022-10-21T17:00:00Z
0.0;0.0;0.0;0.0;12.430169677700007;0.5929890275;6.052004356961776;2022-10-21T18:00:00Z
0.0;0.0;0.0;0.0;12.523492431600005;0.592992723;4.545087066926345;2022-10-21T19:00:00Z
0.0;0.0;0.0;0.0;12.160729980500037;0.5929718018;4.080305372333477;2022-10-21T20:00:00Z
0.0;0.0;0.0;0.0;11.923425293000037;0.5929524302;5.646580312770893;2022-10-21T21:00:00Z
0.0;0.0;0.0;0.0;13.297143554700028;0.5929908156;5.523361237442342;2022-10-21T22:00:00Z
0.0;0.0;0.0;0.0;13.237695312500023;0.5929928422;6.130587127032601;2022-10-21T23:00:00Z
31.38358333333333;0.0;0.0;0.0;12.983911132800017;0.5929899812;4.9121165129531965;2022-10-22T00:00:00Z
27.3001;0.0;0.0;0.0;12.661279296900034;0.5929898024;4.266355092590023;2022-10-22T01:00:00Z
29.633433333333336;0.0;0.0;0.0;11.864770507800017;0.593028605;2.763182185741937;2022-10-22T02:00:00Z
29.8667;0.0;0.0;0.0;11.924523925800031;0.5929913521;3.639653586848254;2022-10-22T03:00:00Z
35.35001666666667;0.0;0.0;0.0;12.082543945300017;0.5930134058;3.1624674541956868;2022-10-22T04:00:00Z
38.616716666666655;0.0;0.0;0.0;12.211450195300017;0.5929920673;3.172886612164937;2022-10-22T05:00:00Z
25.78355;0.0;0.0;0.6044444444444445;12.028955078100012;0.5929889083;4.523085406346671;2022-10-22T06:00:00Z
11.200066666666668;24.093;5.119;24.817777777777778;12.191705322300038;0.5929560065;4.379413595780304;2022-10-22T07:00:00Z
21.66783333333333;35.635555555555555;20.119;67.53777777777778;12.886193847700042;0.592533946;4.1219861470669565;2022-10-22T08:00:00Z
54.00026666666666;19.653555555555553;0.1199999999999999;67.43111111111111;13.747338867200028;0.5916377306;4.646599870447091;2022-10-22T09:00:00Z
62.5005;0.0;0.0;132.44444444444446;14.573449707000009;0.5923656821;3.906332484833046;2022-10-22T10:00:00Z
51.83383333333334;0.0;0.0;194.11555555555555;15.601831054700028;0.5915414095;3.6782241161073603;2022-10-22T11:00:00Z
52.0013;0.0;0.0;251.1822222222222;16.535302734400034;0.5900787115;4.068910416332079;2022-10-22T12:00:00Z
50.00133333333333;0.0;0.0;263.75111111111113;17.659753418000037;0.5897705555;4.3667489498952445;2022-10-22T13:00:00Z
49.3349;0.0;0.0;218.29333333333332;18.121697998000002;0.5892567635;3.4940661220340177;2022-10-22T14:00:00Z
56.0019;0.0;0.0;127.68;17.672021484400034;0.5890860558;4.049446389460531;2022-10-22T15:00:00Z
831.6674;0.0;0.0;25.99111111111111;15.83693847660004;0.5891578794;5.908491252031387;2022-10-22T16:00:00Z
69.66736666666667;0.0;0.0;0.0;14.58492431640002;0.5893131495;7.04252450413833;2022-10-22T17:00:00Z
67.46695;0.0;0.0;0.0;13.948876953100012;0.5894341469;6.98502022558508;2022-10-22T18:00:00Z
65.88376666666667;0.0;0.0;0.0;13.6141601562;0.5897499323;7.506706140742867;2022-10-22T19:00:00Z
80.71688333333331;0.0;0.0;0.0;13.146081543000037;0.5899358988;7.266719678082994;2022-10-22T20:00:00Z
91.00015;0.0;0.0;0.0;13.042291259800038;0.5900608301;6.636493788050728;2022-10-22T21:00:00Z
60.1017;0.0;0.0;0.0;13.311120605500037;0.5914404988;6.66196214718422;2022-10-22T22:00:00Z
172.56831666666668;0.0;0.0;0.0;12.881311035200042;0.5916672349;6.234435669393088;2022-10-22T23:00:00Z
26.60005;0.0;0.0;0.0;12.234826660200042;0.5917716026;6.215117226294997;2022-10-23T00:00:00Z
37.45018333333333;0.0;0.0;0.0;11.658349609400034;0.5918951035;5.929003253892859;2022-10-23T01:00:00Z
35.3501;0.0;0.0;0.0;11.447534179700028;0.5919843316;4.2692949088107115;2022-10-23T02:00:00Z
38.6168;0.0;0.0;0.0;11.076501464800003;0.5921446681;5.858662992116352;2022-10-23T03:00:00Z
32.20003333333334;0.0;0.0;0.0;9.65041503910004;0.5923517346;4.701901464132183;2022-10-23T04:00:00Z
37.56675;0.0;0.0;0.0;8.788873291000016;0.5925050378;3.2346398434241097;2022-10-23T05:00:00Z
30.68363333333333;0.0;0.0;0.5866666666666667;8.81734619140002;0.5925683379;2.237676550656243;2022-10-23T06:00:00Z
3.334;19.65355555555556;5.118999999999999;44.64;9.711602783200021;0.5926545262;4.090843178420608;2022-10-23T07:00:00Z
33.000183333333325;46.29022222222223;0.1199999999999999;137.10222222222222;11.306970214800003;0.5921186805;3.98055947865149;2022-10-23T08:00:00Z
61.00015;18.765666666666668;20.119;236.51555555555555;13.180444335900006;0.5908041596;2.894847868637799;2022-10-23T09:00:00Z
35.167983333333325;0.0;0.0;316.8177777777778;15.253686523400006;0.5895519257;2.9600544367571;2022-10-23T10:00:00Z
41.00185;0.0;0.0;354.18666666666667;16.80172119140002;0.5884280205;3.464504821135216;2022-10-23T11:00:00Z
39.00235000000001;0.0;0.0;331.87555555555554;17.676843261700014;0.5877181292;3.7494476199701863;2022-10-23T12:00:00Z
288.6680666666667;0.0;0.0;293.58222222222224;18.101098632800017;0.5874259472;4.084055877728764;2022-10-23T13:00:00Z
876.6670166666665;0.0;0.0;182.1688888888889;17.628991699200014;0.5872943997;4.215794298198652;2022-10-23T14:00:00Z
183.6676;0.0;0.0;95.23555555555555;16.673883056600005;0.5872580409;5.916482384078544;2022-10-23T15:00:00Z
52.0013;0.0;0.0;18.488888888888887;15.783715820300017;0.5872354507;7.259143335868702;2022-10-23T16:00:00Z
70.001;0.0;0.0;0.0;15.285607910200042;0.5872099996;7.458811975266663;2022-10-23T17:00:00Z
84.4003;0.0;0.0;0.0;14.805505371100026;0.5873097181;7.949855536249923;2022-10-23T18:00:00Z
65.71755;0.0;0.0;0.0;14.444787597700042;0.5874986649;8.899143809340465;2022-10-23T19:00:00Z
87.76683333333332;0.0;0.0;0.0;14.018853759800038;0.5877419114;8.253746927537561;2022-10-23T20:00:00Z
98.00013333333331;0.0;0.0;0.0;13.681512451200035;0.5891212821;7.519426801512969;2022-10-23T21:00:00Z
83.78471666666665;0.0;0.0;0.0;13.763146972700042;0.5905081034;8.069481435036694;2022-10-23T22:00:00Z
74.00213333333333;0.0;0.0;0.0;13.48626098630001;0.5930266976;8.853574427855342;2022-10-23T23:00:00Z
26.833933333333327;0.0;0.0;0.0;13.243554687500023;0.592987895;7.425362442795304;2022-10-24T00:00:00Z
31.033616666666667;0.0;0.0;0.0;13.187768554700028;0.5927658677;7.020389165904759;2022-10-24T01:00:00Z
40.6001;0.0;0.0;0.0;13.230615234400034;0.5926933289;7.337044682422822;2022-10-24T02:00:00Z
37.567183333333325;0.0;0.0;0.0;13.310937500000023;0.5925902724;7.248617941829436;2022-10-24T03:00:00Z
27.53395;0.0;0.0;0.0;13.088586425800031;0.5925137997;8.001366598770996;2022-10-24T04:00:00Z
36.40038333333333;0.0;0.0;0.0;12.843530273400006;0.5925497413;7.503459009159798;2022-10-24T05:00:00Z
71.76716666666665;0.0;0.0;0.35555555555555557;12.707849121100026;0.5926662087;7.898063126651634;2022-10-24T06:00:00Z
63.433766666666656;42.73866666666665;0.1199999999999999;45.84888888888889;13.282006835900006;0.5924071074;8.373990172425891;2022-10-24T07:00:00Z
67.6669;18.765666666666668;20.119;119.78666666666666;14.39840087890002;0.5914088488;8.505762072256974;2022-10-24T08:00:00Z
67.0003;19.65355555555556;5.119;196.49777777777777;15.805749511700014;0.58998698;8.821700331276329;2022-10-24T09:00:00Z
66.50035;0.0;0.0;268.5511111111111;16.882714843800045;0.5889101624;7.3190027635258526;2022-10-24T10:00:00Z
68.834;0.0;0.0;339.6977777777778;18.094049072300038;0.5882092714;7.258775707835478;2022-10-24T11:00:00Z
208.50116666666665;0.0;0.0;264.6222222222222;18.322778320300017;0.5877649188;9.274430886684696;2022-10-24T12:00:00Z
637.6677333333333;0.0;0.0;255.0222222222222;18.86351928710002;0.5874354243;9.57087902477819;2022-10-24T13:00:00Z
64.3349;0.0;0.0;174.43555555555557;19.005212402300003;0.5872436762;10.34251993665023;2022-10-24T14:00:00Z
18.00186666666667;0.0;0.0;91.43111111111111;18.571466064500044;0.5871098638;9.152761181801578;2022-10-24T15:00:00Z
45.334966666666666;0.0;0.0;15.68;17.835717773400006;0.5870649815;8.871154338357607;2022-10-24T16:00:00Z
72.10113333333332;0.0;0.0;0.0;16.974084472700042;0.5870485902;8.896918688925286;2022-10-24T17:00:00Z
41.85081666666667;0.0;0.0;0.0;16.24434814450001;0.5870215297;8.339975439324206;2022-10-24T18:00:00Z
73.06696666666667;0.0;0.0;0.0;15.633447265600012;0.5870096087;7.944407903005881;2022-10-24T19:00:00Z
62.50056666666666;0.0;0.0;0.0;15.276452636700014;0.587008059;8.134435850876118;2022-10-24T20:00:00Z
58.61806666666666;0.0;0.0;0.0;14.855523681600005;0.5869906545;7.501294792175571;2022-10-24T21:00:00Z
47.618633333333335;0.0;0.0;0.0;13.546533203100012;0.5874618292;9.160606453308915;2022-10-24T22:00:00Z
224.9345833333333;0.0;0.0;0.0;13.118798828100012;0.588169992;7.583780085036845;2022-10-24T23:00:00Z
23.800633333333334;0.0;0.0;0.0;12.777612304700028;0.5881192684;7.730750036489154;2022-10-25T00:00:00Z
32.08371666666667;0.0;0.0;0.0;12.52141723630001;0.5880681872;6.908042829960885;2022-10-25T01:00:00Z
27.5334;0.0;0.0;0.0;12.531762695300017;0.5880582929;6.619510219088616;2022-10-25T02:00:00Z
28.000333333333327;0.0;0.0;0.0;12.538720703100012;0.5880313516;6.699084655724704;2022-10-25T03:00:00Z
24.967183333333328;0.0;0.0;0.0;12.556451416000016;0.5880175829;6.57185574997049;2022-10-25T04:00:00Z
27.5334;0.0;0.0;0.0;12.387353515600012;0.5893192887;7.2558686307892915;2022-10-25T05:00:00Z
22.634283333333332;0.0;0.0;0.12444444444444444;12.519067382800017;0.5901817083;7.114134800773518;2022-10-25T06:00:00Z
5.31705;20.541444444444444;25.118;28.69333333333333;12.971215820300017;0.5902032256;7.189390573009327;2022-10-25T07:00:00Z
45.16723333333333;35.635555555555555;0.1199999999999999;83.50222222222222;13.71285400390002;0.5899405479;7.577119735797144;2022-10-25T08:00:00Z
33.33441666666667;22.31722222222222;0.1199999999999999;116.72888888888889;14.240686035200042;0.5893508792;7.6073827807428165;2022-10-25T09:00:00Z
53.16718333333333;0.0;0.0;163.25333333333333;14.847894287100019;0.5921061039;7.122334549217536;2022-10-25T10:00:00Z
41.001483333333326;0.0;0.0;221.79555555555555;15.185693359400034;0.5909489989;6.2734241076909205;2022-10-25T11:00:00Z
54.66795;0.0;0.0;270.91555555555556;15.955468750000023;0.5913797617;6.831032854051579;2022-10-25T12:00:00Z
51.50176666666666;0.0;0.0;222.1511111111111;16.166558837900027;0.5904896259;6.167442234744213;2022-10-25T13:00:00Z
598.6676;0.0;0.0;159.2888888888889;15.936120605500037;0.5894467235;6.263409742408125;2022-10-25T14:00:00Z
318.66755;0.0;0.0;78.24;15.381433105500037;0.588885963;5.829124329765805;2022-10-25T15:00:00Z
62.00113333333333;0.0;0.0;16.035555555555554;13.369042968800045;0.58880198;5.958782949928798;2022-10-25T16:00:00Z
45.00141666666666;0.0;0.0;0.0;12.056848144500009;0.5887836814;5.86086934912238;2022-10-25T17:00:00Z
42.35128333333333;0.0;0.0;0.0;11.506707763700035;0.588766098;6.096930926558668;2022-10-25T18:00:00Z
49.700733333333325;0.0;0.0;0.0;10.699853515600012;0.5887336135;6.125023018100566;2022-10-25T19:00:00Z
82.8837;0.0;0.0;0.0;10.27831420900003;0.5887402892;6.045869196581657;2022-10-25T20:00:00Z
36.71833333333333;0.0;0.0;0.0;9.663903808600026;0.5887951851;5.385195609705018;2022-10-25T21:00:00Z
61.85156666666667;0.0;0.0;0.0;9.513085937500023;0.5890725851;5.279827424073307;2022-10-25T22:00:00Z
155.95206666666667;0.0;0.0;0.0;9.04198608400003;0.5892212391;5.42188782140971;2022-10-25T23:00:00Z
31.38345;0.0;0.0;0.0;8.11129150390002;0.5893973708;4.438945979630806;2022-10-26T00:00:00Z
38.266666666666666;0.0;0.0;0.0;7.250756835900006;0.5895000696;3.194342952607649;2022-10-26T01:00:00Z
33.48343333333333;0.0;0.0;0.0;6.526147460900006;0.5895507932;3.0624029238697945;2022-10-26T02:00:00Z
31.966833333333334;0.0;0.0;0.0;6.283227539100039;0.5896690488;3.16181109529929;2022-10-26T03:00:00Z
37.68345;0.0;0.0;0.0;6.267724609400034;0.5899156928;3.9870315650382357;2022-10-26T04:00:00Z
36.75006666666666;0.0;0.0;0.0;6.504418945300017;0.5901532173;4.352829199751706;2022-10-26T05:00:00Z
27.41703333333333;0.0;0.0;0.07111111111111111;5.686975097700042;0.59031564;3.7347412248318;2022-10-26T06:00:00Z
4.083333333333333;10.774666666666667;0.1199999999999999;44.42666666666667;7.061853027300003;0.5903578997;4.055942955747136;2022-10-26T07:00:00Z
27.500383333333332;38.29922222222221;5.119;149.54666666666665;9.329187011700014;0.5900174379;4.613944692333601;2022-10-26T08:00:00Z
66.50026666666666;32.971888888888884;20.119;248.35555555555555;11.730096435500002;0.5892476439;3.5534025967431924;2022-10-26T09:00:00Z
66.33353333333334;0.0;0.0;318.82666666666665;13.828393554700028;0.5885224342;3.3032421684442315;2022-10-26T10:00:00Z
44.000433333333326;0.0;0.0;368.19555555555553;15.485620117200028;0.5878584385;3.24836953901192;2022-10-26T11:00:00Z
58.00101666666666;0.0;0.0;355.2888888888889;16.537194824200014;0.5874349475;3.5120633032698074;2022-10-26T12:00:00Z
70.001;0.0;0.0;303.62666666666667;17.08663330080003;0.5872220993;3.863367825392261;2022-10-26T13:00:00Z
703.3336999999999;0.0;0.0;219.0222222222222;17.113061523400006;0.5871317983;3.5653570173758613;2022-10-26T14:00:00Z
269.16755;0.0;0.0;111.62666666666667;16.27367553710002;0.5871083736;4.1809842072577315;2022-10-26T15:00:00Z
66.3347;0.0;0.0;17.564444444444444;13.909448242200028;0.5871168375;4.96416658454907;2022-10-26T16:00:00Z
69.35091666666666;0.0;0.0;0.0;12.645043945300017;0.5871571898;5.36928219935027;2022-10-26T17:00:00Z
24.501066666666663;0.0;0.0;0.0;12.480187988300031;0.5872148871;5.4249549871280776;2022-10-26T18:00:00Z
69.66728333333333;0.0;0.0;0.0;12.215051269500009;0.5872923136;6.036180153898787;2022-10-26T19:00:00Z
61.38425;0.0;0.0;0.0;12.057214355500037;0.5873680711;6.120931996522538;2022-10-26T20:00:00Z
83.80036666666666;0.0;0.0;0.0;10.982141113300031;0.5874820948;6.002942972841186;2022-10-26T21:00:00Z
259.26823333333334;0.0;0.0;0.0;11.088952636700014;0.5875220895;6.423317266424555;2022-10-26T22:00:00Z
23.151266666666665;0.0;0.0;0.0;10.753991699200014;0.5876652598;6.0868304122842485;2022-10-26T23:00:00Z
20.76725;0.0;0.0;0.0;10.496148681600005;0.5878478885;6.2276311428012985;2022-10-27T00:00:00Z
29.050316666666667;0.0;0.0;0.0;10.523156738300031;0.5880672336;5.706548460864337;2022-10-27T01:00:00Z
27.883366666666667;0.0;0.0;0.0;10.320886230500037;0.5883355737;5.63979851089343;2022-10-27T02:00:00Z
31.3835;0.0;0.0;0.0;9.691003418000037;0.5885871053;4.737865970798704;2022-10-27T03:00:00Z
31.150266666666663;0.0;0.0;0.0;9.058984375000023;0.5887817144;4.112631622384844;2022-10-27T04:00:00Z
32.66706666666666;0.0;0.0;0.0;9.215081787100019;0.5890618563;4.997178747413188;2022-10-27T05:00:00Z
13.18375;0.0;0.0;0.017777777777777778;9.330285644500009;0.58931458;4.943454386295267;2022-10-27T06:00:00Z
0.00095;13.438333333333333;0.1199999999999999;37.28;10.19143066410004;0.5894543529;4.9383620596594;2022-10-27T07:00:00Z
13.6678;24.980888888888888;0.1199999999999999;130.04444444444445;12.157800293000037;0.5892606974;4.663701938151534;2022-10-27T08:00:00Z
70.0;44.51444444444444;25.117999999999995;222.06222222222223;14.21480712890002;0.5886826515;4.0114172522266385;2022-10-27T09:00:00Z
37.167366666666666;0.0;0.0;302.56;16.138055419900013;0.5881493688;2.724333836891155;2022-10-27T10:00:00Z
50.00033333333333;0.0;0.0;325.56444444444446;17.776910400400027;0.5876305699;2.6737202786388754;2022-10-27T11:00:00Z
69.16760000000001;0.0;0.0;319.12888888888887;18.814233398400006;0.5873253942;2.6709519243588726;2022-10-27T12:00:00Z
70.001;0.0;0.0;248.26666666666668;19.20601806640002;0.5871840119;2.7473439117045326;2022-10-27T13:00:00Z
320.00075000000004;0.0;0.0;153.31555555555556;18.98244628910004;0.5871295333;3.3618914585595974;2022-10-27T14:00:00Z
603.3338;0.0;0.0;86.4888888888889;18.21553955080003;0.5871126056;4.378746285020345;2022-10-27T15:00:00Z
70.001;0.0;0.0;13.76;15.931176757800017;0.5871434212;5.335826757862132;2022-10-27T16:00:00Z
70.00101666666667;0.0;0.0;0.0;14.693750000000023;0.5871838331;7.119056259093684;2022-10-27T17:00:00Z
85.40008333333331;0.0;0.0;0.0;14.283410644500009;0.587215662;7.22617167240785;2022-10-27T18:00:00Z
57.933816666666665;0.0;0.0;0.0;14.044458007800017;0.5872388482;7.248852222897473;2022-10-27T19:00:00Z
82.18403333333333;0.0;0.0;0.0;13.689538574200014;0.5872529745;7.467681505286269;2022-10-27T20:00:00Z
75.70085;0.0;0.0;0.0;13.543786621100026;0.587272644;7.688802856560025;2022-10-27T21:00:00Z
34.93535;0.0;0.0;0.0;13.629113769500009;0.5898020267;8.052401185653782;2022-10-27T22:00:00Z
246.16768333333331;0.0;0.0;0.0;13.395166015600012;0.5899927616;7.7756092301267365;2022-10-27T23:00:00Z
0.0;0.0;0.0;0.0;13.13277587890002;0.5908484459;7.8647020131476975;2022-10-28T00:00:00Z
0.0;0.0;0.0;0.0;12.915368652300003;0.5907247066;7.845755642538217;2022-10-28T01:00:00Z
0.0;0.0;0.0;0.0;12.575402832000009;0.5907323956;7.305834551414287;2022-10-28T02:00:00Z
0.0;0.0;0.0;0.0;12.347985839800003;0.5908154845;7.001004780464441;2022-10-28T03:00:00Z
0.0;0.0;0.0;0.0;12.095544433600026;0.5909062624;6.5855640190325975;2022-10-28T04:00:00Z
0.0;0.0;0.0;0.0;11.855554199200014;0.5910188556;5.635113370577185;2022-10-28T05:00:00Z
0.0;0.0;0.0;0.0;12.008264160200042;0.5911331773;5.797784588208208;2022-10-28T06:00:00Z
0.0;15.21411111111111;25.118;30.24;12.898278808600026;0.5910730362;6.7838176513342265;2022-10-28T07:00:00Z
0.0;32.084;0.1199999999999999;116.14222222222222;14.590112304700028;0.5904815793;6.261607689391945;2022-10-28T08:00:00Z
0.0;34.74766666666666;0.1199999999999999;228.42666666666668;16.37105712890002;0.5894057155;5.6495843662185;2022-10-28T09:00:00Z
0.0;0.0;0.0;317.6;18.132257080100032;0.5891067386;5.221770905083365;2022-10-28T10:00:00Z
0.0;0.0;0.0;351.8933333333333;19.994714355500037;0.5881780386;4.640278705861163;2022-10-28T11:00:00Z
0.0;0.0;0.0;311.73333333333335;21.181176757800017;0.587650001;4.263157769233881;2022-10-28T12:00:00Z
0.0;0.0;0.0;251.1288888888889;21.85473022460002;0.5873292685;4.740550737378167;2022-10-28T13:00:00Z
0.0;0.0;0.0;189.67111111111112;21.781091308600026;0.587213099;6.088091140217915;2022-10-28T14:00:00Z
0.0;0.0;0.0;79.87555555555555;20.622460937500023;0.5871894956;7.438300781780246;2022-10-28T15:00:00Z
0.0;0.0;0.0;12.622222222222222;18.941003418000037;0.5871931314;8.027200195088135;2022-10-28T16:00:00Z
0.0;0.0;0.0;0.0;17.964288330100032;0.58719486;8.729861367437229;2022-10-28T17:00:00Z
0.0;0.0;0.0;0.0;17.370568847700042;0.5871704817;8.62311182725376;2022-10-28T18:00:00Z
0.0;0.0;0.0;0.0;16.877435302700007;0.5871415138;8.231802319792719;2022-10-28T19:00:00Z
0.0;0.0;0.0;0.0;16.421929931600005;0.5871181488;8.200017021749884;2022-10-28T20:00:00Z
0.0;0.0;0.0;0.0;16.22042236330003;0.5870962739;7.983426373893475;2022-10-28T21:00:00Z
0.0;0.0;0.0;0.0;16.009393310500002;0.5870898962;8.248827363218325;2022-10-28T22:00:00Z
0.0;0.0;0.0;0.0;15.974481201200035;0.5870813131;8.616234115678582;2022-10-28T23:00:00Z
26.017216666666663;0.0;0.0;0.0;16.202203369100005;0.5870630741;8.441123369059037;2022-10-29T00:00:00Z
34.533950000000004;0.0;0.0;0.0;15.455926513700035;0.5870397687;7.887085761277355;2022-10-29T01:00:00Z
39.3168;0.0;0.0;0.0;14.887841796900034;0.5870201588;7.108988175434195;2022-10-29T02:00:00Z
27.76743333333333;0.0;0.0;0.0;14.5653320312;0.5870287418;7.32599112635512;2022-10-29T03:00:00Z
29.283933333333334;0.0;0.0;0.0;14.36129150390002;0.5870596766;7.082154254087812;2022-10-29T04:00:00Z
29.05108333333333;0.0;0.0;0.0;13.890100097700042;0.5870754719;6.5919030957222216;2022-10-29T05:00:00Z
68.95071666666665;0.0;0.0;0.0;13.3602539062;0.5871196985;6.620526383147572;2022-10-29T06:00:00Z
17.734783333333336;20.54144444444444;20.119;26.204444444444444;13.502282714800003;0.5871265531;7.07865278311946;2022-10-29T07:00:00Z
8.167849999999998;42.73866666666665;0.1199999999999999;84.37333333333333;14.955590820300017;0.5871112347;6.553519473281354;2022-10-29T08:00:00Z
50.00033333333333;11.662555555555555;5.119;140.16;16.42257080080003;0.5870885849;5.762946596609016;2022-10-29T09:00:00Z
37.00055;0.0;0.0;179.25333333333333;17.813348388700035;0.5879221559;3.340772464905442;2022-10-29T10:00:00Z
13.001183333333332;0.0;0.0;209.61777777777777;18.67669067380001;0.5879876614;2.455965767495198;2022-10-29T11:00:00Z
10.001999999999997;0.0;0.0;155.85777777777778;19.05275878910004;0.5883309245;2.931453693339618;2022-10-29T12:00:00Z
10.001999999999997;0.0;0.0;169.15555555555557;19.452447509800038;0.5880406499;2.839835991248858;2022-10-29T13:00:00Z
385.6673666666666;0.0;0.0;100.60444444444444;19.21773681640002;0.5879189372;3.3803106343304106;2022-10-29T14:00:00Z
70.001;0.0;0.0;40.39111111111111;18.507897949200014;0.5878554583;4.561437045694004;2022-10-29T15:00:00Z
267.6677;0.0;0.0;4.906666666666666;17.101464843800045;0.5880643129;4.492673011400123;2022-10-29T16:00:00Z
388.63445;0.0;0.0;0.0;16.03536376950001;0.5883802772;3.792150211341481;2022-10-29T17:00:00Z
52.91808333333333;0.0;0.0;0.0;15.240991210900006;0.5884816051;4.754647743958758;2022-10-29T18:00:00Z
60.18505000000001;0.0;0.0;0.0;14.484765625000023;0.5885792375;4.842035658411601;2022-10-29T19:00:00Z
76.5338;0.0;0.0;0.0;13.469873046900034;0.5887294412;4.847778009047877;2022-10-29T20:00:00Z
66.80086666666665;0.0;0.0;0.0;13.019342041000016;0.588865757;4.5461915344009505;2022-10-29T21:00:00Z
38.31903333333334;0.0;0.0;0.0;14.117944335900006;0.5886619687;4.113155931897738;2022-10-29T22:00:00Z
14.269616666666668;0.0;0.0;0.0;13.026635742200028;0.5888565183;5.140804037396863;2022-10-29T23:00:00Z
21.467166666666667;0.0;0.0;0.0;13.143395996100026;0.5894617438;5.609527507197679;2022-10-30T00:00:00Z
34.41675;0.0;0.0;0.0;12.807275390600012;0.5894390941;5.573982510583395;2022-10-30T01:00:00Z
34.65005;0.0;0.0;0.0;12.246942138700035;0.5894790888;4.573578623430699;2022-10-30T02:00:00Z
34.7667;0.0;0.0;0.0;12.171166992200028;0.5895822048;4.015011248008372;2022-10-30T03:00:00Z
34.88335;0.0;0.0;0.0;12.373742675800031;0.5896619558;4.731752701974644;2022-10-30T04:00:00Z
35.0;0.0;0.0;0.0;12.706445312500023;0.5896049738;5.205790404082043;2022-10-30T05:00:00Z
35.4683;0.0;0.0;0.0;12.912744140600012;0.5895103216;4.0057933535573245;2022-10-30T06:00:00Z
41.834316666666666;27.644555555555552;20.119;15.893333333333333;12.975000000000023;0.589751482;1.8594075729662665;2022-10-30T07:00:00Z
70.0;30.308222222222216;5.118999999999999;100.99555555555555;14.095300293000037;0.5893051624;3.133756574008408;2022-10-30T08:00:00Z
52.0003;17.877777777777776;0.1199999999999999;185.93777777777777;15.780786132800017;0.5886862874;4.777574482247588;2022-10-30T09:00:00Z
70.0;0.0;0.0;259.96444444444444;17.660516357400013;0.5882030725;2.984659253684954;2022-10-30T10:00:00Z
70.0;0.0;0.0;340.28444444444443;19.204248046900034;0.5876402855;2.2864156628864136;2022-10-30T11:00:00Z
336.6668666666667;0.0;0.0;338.8088888888889;20.224694824200014;0.5873289704;2.236951371595833;2022-10-30T12:00:00Z
586.66715;0.0;0.0;288.96;20.780358886700014;0.5871853828;2.6741907232083197;2022-10-30T13:00:00Z
70.001;0.0;0.0;201.10222222222222;20.788598632800017;0.5871724486;2.814015377808011;2022-10-30T14:00:00Z
70.001;0.0;0.0;94.1511111111111;19.425683593800045;0.5871084929;3.010988963463648;2022-10-30T15:00:00Z
41.83531666666666;0.0;0.0;11.057777777777778;15.42580566410004;0.587116003;3.3524888958792665;2022-10-30T16:00:00Z
26.119416666666663;0.0;0.0;0.0;13.87691650390002;0.5871613622;3.0295709545698144;2022-10-30T17:00:00Z
33.9853;0.0;0.0;0.0;12.56936035160004;0.5872091055;2.7231982472074447;2022-10-30T18:00:00Z
71.70091666666666;0.0;0.0;0.0;11.919396972700042;0.5872340798;2.8042604978810717;2022-10-30T19:00:00Z
56.9845;0.0;0.0;0.0;11.140466308600026;0.5873545408;3.5491792417702195;2022-10-30T20:00:00Z
59.568133333333336;0.0;0.0;0.0;10.923150634800038;0.5875589848;5.189847085107286;2022-10-30T21:00:00Z
153.48503333333332;0.0;0.0;0.0;11.887200927700007;0.5876687169;4.520161867149621;2022-10-30T22:00:00Z
78.90274999999998;0.0;0.0;0.0;11.336755371100026;0.587844193;4.737388286930366;2022-10-30T23:00:00Z
31.966833333333334;0.0;0.0;0.0;11.144616699200014;0.5880614519;5.542509443553888;2022-10-31T00:00:00Z
41.18336666666666;0.0;0.0;0.0;10.729852294900013;0.5882724524;6.094091798194828;2022-10-31T01:00:00Z
36.750116666666656;0.0;0.0;0.0;10.322656250000023;0.5884706378;6.360094299208648;2022-10-31T02:00:00Z
30.683383333333328;0.0;0.0;0.0;10.153558349600019;0.5886597633;6.834849371137318;2022-10-31T03:00:00Z
35.46671666666667;0.0;0.0;0.0;9.991296386700014;0.588837266;6.44190462411778;2022-10-31T04:00:00Z
38.73345;0.0;0.0;0.0;9.93456420900003;0.5890398622;6.074481218218597;2022-10-31T05:00:00Z
30.566766666666663;0.0;0.0;0.0;9.464379882800017;0.5892937779;6.188978408196975;2022-10-31T06:00:00Z
16.000933333333332;24.980888888888888;0.1199999999999999;29.77777777777778;10.058129882800017;0.5894363523;5.944289969250378;2022-10-31T07:00:00Z
57.00021666666667;29.42033333333333;25.118;122.84444444444445;11.951593017600032;0.5892698765;5.042846410389155;2022-10-31T08:00:00Z
70.0;21.42933333333333;0.1199999999999999;193.88444444444445;13.286340332000009;0.5887411237;3.933641080225356;2022-10-31T09:00:00Z
70.0;0.0;0.0;249.40444444444444;14.917260742200028;0.5882821679;2.609155333809986;2022-10-31T10:00:00Z
50.00033333333333;0.0;0.0;253.7422222222222;16.00313720700001;0.5877748132;2.4914502291827754;2022-10-31T11:00:00Z
36.001400000000004;0.0;0.0;235.87555555555556;16.546228027300003;0.5874801874;2.5080089715398333;2022-10-31T12:00:00Z
320.00075000000004;0.0;0.0;191.00444444444443;16.750146484400034;0.587358892;2.157883647307556;2022-10-31T13:00:00Z
403.334;0.0;0.0;120.46222222222222;16.46187744140002;0.5873365998;1.8706214486491817;2022-10-31T14:00:00Z
183.66785;0.0;0.0;58.45333333333333;15.357568359400034;0.5873224735;1.6088774685430913;2022-10-31T15:00:00Z
47.00138333333334;0.0;0.0;6.044444444444444;14.100885009800038;0.5873657465;1.148972141950992;2022-10-31T16:00:00Z
56.000733333333336;0.0;0.0;0.0;13.631555175800031;0.5873304009;2.436569720709702;2022-10-31T17:00:00Z
37.28408333333333;0.0;0.0;0.0;13.409936523400006;0.5874089003;3.439056061930321;2022-10-31T18:00:00Z
44.91745;0.0;0.0;0.0;12.89055786130001;0.5875247717;4.37550526623022;2022-10-31T19:00:00Z
51.20123333333333;0.0;0.0;0.0;12.648156738300031;0.5877496004;5.777481075585816;2022-10-31T20:00:00Z
39.9517;0.0;0.0;0.0;12.398767089800003;0.5880308151;6.612101339688277;2022-10-31T21:00:00Z
74.10216666666666;0.0;0.0;0.0;12.720544433600026;0.5890209675;6.977594333874768;2022-10-31T22:00:00Z
264.08545000000004;0.0;0.0;0.0;12.576013183600026;0.5892735124;7.147779086397314;2022-10-31T23:00:00Z
18.20025;0.0;0.0;0.0;12.682275390600012;0.5894287825;6.907861875269154;2022-11-01T00:00:00Z
29.05045;0.0;0.0;0.0;12.593103027300003;0.589584589;5.833106500812127;2022-11-01T01:00:00Z
38.500183333333325;0.0;0.0;0.0;12.426354980500037;0.5897983909;3.997723008859604;2022-11-01T02:00:00Z
34.8837;0.0;0.0;0.0;12.23531494140002;0.5900261402;4.2782215106273425;2022-11-01T03:00:00Z
28.3504;0.0;0.0;0.0;11.938806152300003;0.5903398395;5.690141953489268;2022-11-01T04:00:00Z
29.75068333333333;0.0;0.0;0.0;11.798974609400034;0.5905624628;5.921970922269707;2022-11-01T05:00:00Z
28.001716666666663;0.0;0.0;0.0;11.412713623000002;0.5906766057;5.657623988899073;2022-11-01T06:00:00Z
38.60081666666667;34.74766666666667;5.119;18.986666666666668;11.361169433600026;0.5906509757;5.695361631935342;2022-11-01T07:00:00Z
66.0004;12.550444444444445;20.119;84.17777777777778;11.947656250000023;0.5903058648;5.709427863123213;2022-11-01T08:00:00Z
63.6673;30.308222222222216;0.1199999999999999;108.81777777777778;12.757714843800045;0.5897126198;6.156508830680757;2022-11-01T09:00:00Z
65.50045;0.0;0.0;122.00888888888889;13.584436035200042;0.5914102197;6.623439390615326;2022-11-01T10:00:00Z
68.50015;0.0;0.0;161.8488888888889;14.93355712890002;0.5920934081;6.322900188492443;2022-11-01T11:00:00Z
46.0013;0.0;0.0;90.29333333333334;15.737786865200007;0.5913006067;5.549515336985535;2022-11-01T12:00:00Z
271.33465;0.0;0.0;108.53333333333333;16.2450195312;0.5903338194;6.128017537086771;2022-11-01T13:00:00Z
60.83466666666667;0.0;0.0;77.92;16.28518066410004;0.5898452401;6.780234856386519;2022-11-01T14:00:00Z
46.33478333333334;0.0;0.0;39.28888888888889;15.990930175800031;0.5896289349;6.591349032274036;2022-11-01T15:00:00Z
90.33451666666669;0.0;0.0;6.72;14.67965087890002;0.5897069573;6.8302075412440235;2022-11-01T16:00:00Z
175.68506666666664;0.0;0.0;0.0;13.429467773400006;0.5898379087;7.086664931170408;2022-11-01T17:00:00Z
79.11798333333334;0.0;0.0;0.0;12.109704589800003;0.5899723768;6.701141155175551;2022-11-01T18:00:00Z
84.76758333333333;0.0;0.0;0.0;11.34572753910004;0.5901017785;5.630764919748768;2022-11-01T19:00:00Z
96.6335;0.0;0.0;0.0;10.627648925800031;0.5902252793;5.265839368053363;2022-11-01T20:00:00Z
79.53405;0.0;0.0;0.0;9.908868408200021;0.590313375;6.032611195515708;2022-11-01T21:00:00Z
34.6689;0.0;0.0;0.0;9.761132812500023;0.590544045;5.356085107699687;2022-11-01T22:00:00Z
389.25155;0.0;0.0;0.0;9.472375488300031;0.5907911062;5.801481252563372;2022-11-01T23:00:00Z
25.900333333333332;0.0;0.0;0.0;9.210534668000037;0.5909774303;6.5029714094993905;2022-11-02T00:00:00Z
41.88335;0.0;0.0;0.0;8.818933105500037;0.5910435915;6.556206437512677;2022-11-02T01:00:00Z
37.21675;0.0;0.0;0.0;8.151696777300003;0.5911285281;6.561902491713417;2022-11-02T02:00:00Z
31.3836;0.0;0.0;0.0;7.695520019500009;0.5911890864;7.850944208917504;2022-11-02T03:00:00Z
30.683566666666668;0.0;0.0;0.0;7.285791015600012;0.5911340714;7.860830658127746;2022-11-02T04:00:00Z
27.88338333333333;0.0;0.0;0.0;7.468041992200028;0.5910627246;7.513057975939748;2022-11-02T05:00:00Z
26.2506;0.0;0.0;0.0;7.437707519500009;0.5909969807;7.999278175364593;2022-11-02T06:00:00Z
28.06735;17.87777777777778;25.118;23.76888888888889;8.189355468800045;0.5907561183;8.07865534289808;2022-11-02T07:00:00Z
60.001;30.308222222222216;0.1199999999999999;108.30222222222223;9.803155517600032;0.5901577473;7.733937031164554;2022-11-02T08:00:00Z
69.3334;32.084;0.1199999999999999;203.1822222222222;11.489129638700035;0.5905199051;7.365575487608755;2022-11-02T09:00:00Z
70.0;0.0;0.0;279.1644444444444;13.108972168000037;0.5883098245;7.235725474692457;2022-11-02T10:00:00Z
25.00075;0.0;0.0;294.4888888888889;14.215936279300024;0.5876506567;8.483645430706442;2022-11-02T11:00:00Z
10.001766666666667;0.0;0.0;309.15555555555557;14.88863525390002;0.5872818232;8.712534790431532;2022-11-02T12:00:00Z
33.00161666666666;0.0;0.0;237.88444444444445;14.785546875000023;0.5871344209;8.767015694503451;2022-11-02T13:00:00Z
37.00155;0.0;0.0;150.20444444444445;14.567956543000037;0.5870822072;9.257785416738654;2022-11-02T14:00:00Z
424.6675;0.0;0.0;69.03111111111112;13.694970703100012;0.5870473981;9.253658437308427;2022-11-02T15:00:00Z
179.3346;0.0;0.0;6.4;11.959375000000023;0.587013483;8.42528292594531;2022-11-02T16:00:00Z
667.9173000000001;0.0;0.0;0.0;10.470483398400006;0.5869883299;7.7489428434307;2022-11-02T17:00:00Z
74.00103333333334;0.0;0.0;0.0;9.219995117200028;0.5869658589;6.841890700148057;2022-11-02T18:00:00Z
77.1511;0.0;0.0;0.0;8.084069824200014;0.5869576335;6.250876096189664;2022-11-02T19:00:00Z
76.21774999999998;0.0;0.0;0.0;7.084985351600039;0.5869575739;6.3231211813693;2022-11-02T20:00:00Z
70.50121666666665;0.0;0.0;0.0;6.293725585900006;0.5869572759;6.20208591545561;2022-11-02T21:00:00Z
75.85221666666665;0.0;0.0;0.0;5.3601928711000255;0.5869646668;5.364277427519118;2022-11-02T22:00:00Z
45.752316666666665;0.0;0.0;0.0;5.191735839800003;0.5869789124;5.560435505383478;2022-11-02T23:00:00Z
27.183616666666666;0.0;0.0;0.0;4.99703369140002;0.5869939923;5.512422540057128;2022-11-03T00:00:00Z
32.666666666666664;0.0;0.0;0.0;4.592187500000023;0.5870264173;5.573375155341397;2022-11-03T01:00:00Z
27.88335;0.0;0.0;0.0;4.568597412100019;0.5870602727;6.346130919676641;2022-11-03T02:00:00Z
27.18345;0.0;0.0;0.0;4.565057373000002;0.587115407;6.859059270662462;2022-11-03T03:00:00Z
28.933366666666664;0.0;0.0;0.0;4.675683593800045;0.5871796012;6.983909000522488;2022-11-03T04:00:00Z
31.2668;0.0;0.0;0.0;4.556420898400006;0.5872389674;6.901801711557493;2022-11-03T05:00:00Z
30.150416666666665;0.0;0.0;0.0;4.351220703100012;0.5873036981;7.008457652050591;2022-11-03T06:00:00Z
13.768283333333333;6.335222222222222;20.119;24.24888888888889;4.879937744100005;0.5873129368;7.099555542037472;2022-11-03T07:00:00Z
53.000866666666674;1.0078888888888888;0.1199999999999999;109.8488888888889;6.605584716800024;0.5872589946;7.022018899853023;2022-11-03T08:00:00Z
41.167383333333326;65.82377777777778;5.119;217.36888888888888;8.811181640600012;0.5871838331;5.99569391382904;2022-11-03T09:00:00Z
26.1678;0.0;0.0;303.9288888888889;10.948693847700042;0.5871295333;5.473426847299198;2022-11-03T10:00:00Z
52.0003;0.0;0.0;318.5777777777778;12.1415039062;0.587068975;5.669605673717789;2022-11-03T11:00:00Z
136.66741666666667;0.0;0.0;272.3022222222222;12.597436523400006;0.5870242119;5.483497059576174;2022-11-03T12:00:00Z
70.001;0.0;0.0;202.50666666666666;12.7040039062;0.5869942904;5.229627555550677;2022-11-03T13:00:00Z
320.00075000000004;0.0;0.0;141.77777777777777;12.481896972700042;0.5869874358;6.20983652683504;2022-11-03T14:00:00Z
390.00115;0.0;0.0;61.76;11.479364013700035;0.5870009065;7.751753022543284;2022-11-03T15:00:00Z
244.33508333333327;0.0;0.0;5.653333333333333;10.464074707000009;0.5869919062;7.688475083978484;2022-11-03T16:00:00Z
219.00081666666668;0.0;0.0;0.0;10.146752929700028;0.5870167613;8.82696836767539;2022-11-03T17:00:00Z
83.93416666666667;0.0;0.0;0.0;10.029412841800024;0.5870094299;8.814900693347283;2022-11-03T18:00:00Z
97.41666666666669;0.0;0.0;0.0;9.650476074200014;0.5869914293;8.266031846657372;2022-11-03T19:00:00Z
69.98378333333335;0.0;0.0;0.0;9.502526855500037;0.5869830847;8.050941502945156;2022-11-03T20:00:00Z
26.5517;0.0;0.0;0.0;9.282037353500016;0.5869706273;7.521620623588502;2022-11-03T21:00:00Z
49.985316666666655;0.0;0.0;0.0;9.000207519500009;0.5869691968;7.433486377907965;2022-11-03T22:00:00Z
17.75198333333333;0.0;0.0;0.0;8.810815429700028;0.5869620442;6.841444478219925;2022-11-03T23:00:00Z
0.0;0.0;0.0;0.0;8.411523437500023;0.5870236158;5.955951475289797;2022-11-04T00:00:00Z
0.0;0.0;0.0;0.0;7.764459228500016;0.5871343613;5.79014611784024;2022-11-04T01:00:00Z
0.0;0.0;0.0;0.0;7.455133056600005;0.5872288942;6.077622108376616;2022-11-04T02:00:00Z
0.0;0.0;0.0;0.0;7.486108398400006;0.5872822404;5.919410316164509;2022-11-04T03:00:00Z
0.0;0.0;0.0;0.0;7.613732910200042;0.5872835517;5.711752457372304;2022-11-04T04:00:00Z
0.0;0.0;0.0;0.0;7.715173339800003;0.5873045921;6.154459057558205;2022-11-04T05:00:00Z
0.0;0.0;0.0;0.0;8.084649658200021;0.5875741243;6.129250838029191;2022-11-04T06:00:00Z
0.0;30.308222222222216;5.119;6.257777777777778;8.657434082000009;0.5893972516;5.539751999930718;2022-11-04T07:00:00Z
0.0;36.52344444444444;20.119;41.937777777777775;9.125207519500009;0.5917728543;4.640237220532191;2022-11-04T08:00:00Z
0.0;13.438333333333333;0.1199999999999999;80.65777777777778;9.98119506840004;0.5921008587;4.054081857105225;2022-11-04T09:00:00Z
0.0;0.0;0.0;115.11111111111111;10.760095214800003;0.5925604105;6.1317629769838415;2022-11-04T10:00:00Z
0.0;0.0;0.0;92.51555555555555;10.522241210900006;0.5927622914;5.04364385107367;2022-11-04T11:00:00Z
0.0;0.0;0.0;47.87555555555556;10.051202392600032;0.5929909348;5.434464497550361;2022-11-04T12:00:00Z
0.0;0.0;0.0;55.18222222222222;9.830224609400034;0.5929217339;4.591379667251522;2022-11-04T13:00:00Z
0.0;0.0;0.0;28.977777777777778;9.674279785200042;0.5924016237;4.140459708971569;2022-11-04T14:00:00Z
0.0;0.0;0.0;17.191111111111113;9.531152343800045;0.5923566222;5.184268615879627;2022-11-04T15:00:00Z
0.0;0.0;0.0;1.208888888888889;9.149957275400027;0.5927126408;5.361717985166814;2022-11-04T16:00:00Z
0.0;0.0;0.0;0.0;8.825708007800017;0.5929899216;4.998604628435173;2022-11-04T17:00:00Z
0.0;0.0;0.0;0.0;8.902978515600012;0.5929899812;5.2852171686598055;2022-11-04T18:00:00Z
0.0;0.0;0.0;0.0;8.873895263700035;0.5929905176;4.990722448889219;2022-11-04T19:00:00Z
0.0;0.0;0.0;0.0;8.918817138700035;0.5929893851;5.16011940984208;2022-11-04T20:00:00Z
0.0;0.0;0.0;0.0;8.891290283200021;0.5929890275;5.399443845974807;2022-11-04T21:00:00Z
0.0;0.0;0.0;0.0;9.054101562500023;0.5929911137;4.639181138857527;2022-11-04T22:00:00Z
0.0;0.0;0.0;0.0;9.020898437500023;0.5929890871;5.188990693124584;2022-11-04T23:00:00Z
28.8172;0.0;0.0;0.0;9.016809082000009;0.592995584;6.213267438878493;2022-11-05T00:00:00Z
27.06698333333333;0.0;0.0;0.0;8.8875976562;0.5930016041;6.645719512633108;2022-11-05T01:00:00Z
33.950083333333325;0.0;0.0;0.0;8.400109863300031;0.5929876566;6.323546029768995;2022-11-05T02:00:00Z
34.183566666666664;0.0;0.0;0.0;8.009423828100012;0.5929608345;6.2856919948609224;2022-11-05T03:00:00Z
30.33365;0.0;0.0;0.0;7.596154785200042;0.5929753184;6.053375694347998;2022-11-05T04:00:00Z
32.78365;0.0;0.0;0.0;7.135400390600012;0.592990756;5.9919882306908825;2022-11-05T05:00:00Z
27.6509;0.0;0.0;0.0;6.621606445300017;0.5929923654;6.396705412809617;2022-11-05T06:00:00Z
39.167116666666665;22.31722222222222;0.1199999999999999;19.75111111111111;6.290582275400027;0.5929887891;5.6527007271190115;2022-11-05T07:00:00Z
57.833516666666654;32.97188888888889;20.119;105.04888888888888;6.99996337890002;0.592677772;4.495108056431039;2022-11-05T08:00:00Z
50.16706666666667;25.868777777777776;5.119;208.49777777777777;8.214929199200014;0.5915210843;5.209493844075192;2022-11-05T09:00:00Z
48.83370000000001;0.0;0.0;246.66666666666666;9.680871582000009;0.5898957253;4.879338510791904;2022-11-05T10:00:00Z
38.000616666666666;0.0;0.0;276.67555555555555;10.830163574200014;0.588766098;4.477292918465338;2022-11-05T11:00:00Z
568.83395;0.0;0.0;257.0133333333333;11.301599121100026;0.5884281993;5.073501437165166;2022-11-05T12:00:00Z
69.16775;0.0;0.0;220.67555555555555;11.322686767600032;0.5879410505;5.066545401056563;2022-11-05T13:00:00Z
69.6677;0.0;0.0;160.03555555555556;11.155084228500016;0.587630868;4.213858566888139;2022-11-05T14:00:00Z
69.6677;0.0;0.0;70.56;10.171960449200014;0.5875649452;4.347724529487274;2022-11-05T15:00:00Z
68.3345;0.0;0.0;4.266666666666667;8.058496093800045;0.5875610113;5.047885931277821;2022-11-05T16:00:00Z
55.91803333333333;0.0;0.0;0.0;6.606683349600019;0.5875787735;5.2908979581869735;2022-11-05T17:00:00Z
51.18443333333334;0.0;0.0;0.0;6.264672851600039;0.5876221657;5.749599258880678;2022-11-05T18:00:00Z
88.86678333333333;0.0;0.0;0.0;5.837548828100012;0.5876556635;5.602031252042874;2022-11-05T19:00:00Z
70.50038333333333;0.0;0.0;0.0;5.596887207000009;0.5877098441;5.689576096153133;2022-11-05T20:00:00Z
60.767333333333326;0.0;0.0;0.0;5.085534668000037;0.5877790451;5.853462896371381;2022-11-05T21:00:00Z
159.83436666666665;0.0;0.0;0.0;4.493463134800038;0.5878490806;6.676166720459696;2022-11-05T22:00:00Z
499.20146666666653;0.0;0.0;0.0;4.467980957000009;0.5878359079;6.675830456343109;2022-11-05T23:00:00Z
27.06685;0.0;0.0;0.0;4.173181152300003;0.5878739357;6.657565830582182;2022-11-06T00:00:00Z
26.71685;0.0;0.0;0.0;4.124536132800017;0.5879282951;6.701426907837744;2022-11-06T01:00:00Z
38.1501;0.0;0.0;0.0;4.323022460900006;0.5879400969;7.295165209257476;2022-11-06T02:00:00Z
36.28335;0.0;0.0;0.0;4.275659179700028;0.5880172253;7.422854115966804;2022-11-06T03:00:00Z
33.25043333333333;0.0;0.0;0.0;4.140313720700021;0.5881153345;7.632069434746701;2022-11-06T04:00:00Z
31.850116666666665;0.0;0.0;0.0;4.082543945300017;0.5881953239;7.873978959075062;2022-11-06T05:00:00Z
42.250166666666665;0.0;0.0;0.0;3.89156494140002;0.5882521868;7.933753251994291;2022-11-06T06:00:00Z
24.00105;39.187111111111115;20.119;17.191111111111113;4.195458984400034;0.588224113;7.719877961912146;2022-11-06T07:00:00Z
33.501233333333325;29.42033333333333;5.119;100.35555555555555;5.710656738300031;0.5880573392;7.893158442488893;2022-11-06T08:00:00Z
70.0;12.550444444444445;0.1199999999999999;195.5911111111111;7.426904296900034;0.5877914429;7.217642808938297;2022-11-06T09:00:00Z
70.0;0.0;0.0;274.8622222222222;9.070397949200014;0.5875347257;7.230734302003892;2022-11-06T10:00:00Z
69.16675000000001;0.0;0.0;323.3777777777778;10.33303222660004;0.5872935653;6.460756575053968;2022-11-06T11:00:00Z
61.5017;0.0;0.0;314.4533333333333;11.184228515600012;0.5871443748;5.902649730503114;2022-11-06T12:00:00Z
66.50135;0.0;0.0;265.70666666666665;11.562615966800024;0.5870689154;5.796333536132033;2022-11-06T13:00:00Z
520.5009833333334;0.0;0.0;176.5688888888889;11.344171142600032;0.5870212317;5.733201788745153;2022-11-06T14:00:00Z
81.8348;0.0;0.0;72.21333333333334;10.182458496100026;0.5870168805;6.828678035846937;2022-11-06T15:00:00Z
61.83515;0.0;0.0;3.911111111111111;8.162957763700035;0.5870087147;7.078115697268622;2022-11-06T16:00:00Z
77.83431666666665;0.0;0.0;0.0;7.459008789100039;0.587015152;7.822252380864828;2022-11-06T17:00:00Z
34.151733333333326;0.0;0.0;0.0;7.137841796900034;0.5870261788;8.356334547157418;2022-11-06T18:00:00Z
52.417433333333335;0.0;0.0;0.0;6.725915527300003;0.5870340466;8.70604125090354;2022-11-06T19:00:00Z
37.33426666666666;0.0;0.0;0.0;6.536401367200028;0.5870267153;8.475277106479146;2022-11-06T20:00:00Z
75.55068333333334;0.0;0.0;0.0;6.382165527300003;0.5870227218;8.393762239610513;2022-11-06T21:00:00Z
94.61770000000001;0.0;0.0;0.0;6.592462158200021;0.5870227814;8.587564610178418;2022-11-06T22:00:00Z
466.3018166666666;0.0;0.0;0.0;6.7469726562000005;0.587025106;8.726558872870495;2022-11-06T23:00:00Z
28.70045;0.0;0.0;0.0;6.854699707000009;0.5870203376;8.617615773563852;2022-11-07T00:00:00Z
40.0168;0.0;0.0;0.0;7.141198730500037;0.5873564482;8.398927233456465;2022-11-07T01:00:00Z
40.1334;0.0;0.0;0.0;7.354089355500037;0.5875652432;8.367138679279677;2022-11-07T02:00:00Z
32.31705;0.0;0.0;0.0;7.618249511700014;0.5874599218;8.321170198911622;2022-11-07T03:00:00Z
37.216883333333335;0.0;0.0;0.0;7.840173339800003;0.5873877406;7.930465778658207;2022-11-07T04:00:00Z
35.000483333333335;0.0;0.0;0.0;7.803308105500037;0.5873599648;8.057848900858254;2022-11-07T05:00:00Z
81.90068333333333;0.0;0.0;0.0;7.669458007800017;0.5873413682;8.212821357054832;2022-11-07T06:00:00Z
74.5844;5.447333333333333;25.118;14.915555555555555;7.773828125000023;0.587318778;8.16547316745816;2022-11-07T07:00:00Z
67.16695;26.756666666666668;0.1199999999999999;85.61777777777777;8.753991699200014;0.5872437954;8.12477032317259;2022-11-07T08:00:00Z
70.0;48.066;0.1199999999999999;197.35111111111112;10.162377929700028;0.5872018933;7.351922745778305;2022-11-07T09:00:00Z
59.33356666666666;0.0;0.0;275.0933333333333;11.579919433600026;0.5871312022;7.137355502883034;2022-11-07T10:00:00Z
63.00011666666667;0.0;0.0;304.78222222222223;12.718103027300003;0.5870806575;7.299113882498261;2022-11-07T11:00:00Z
68.66751666666667;0.0;0.0;286.6488888888889;13.108087158200021;0.5870658159;7.941800927155023;2022-11-07T12:00:00Z
64.16825;0.0;0.0;219.11111111111111;13.495874023400006;0.5870411396;8.076722294697676;2022-11-07T13:00:00Z
67.83455;0.0;0.0;90.36444444444444;13.47164306640002;0.5870185494;8.069097820336207;2022-11-07T14:00:00Z
152.66765;0.0;0.0;20.88888888888889;13.391381835900006;0.5870133042;8.168028771468217;2022-11-07T15:00:00Z
43.16865;0.0;0.0;0.8888888888888888;13.007104492200028;0.5891342163;8.548157107306599;2022-11-07T16:00:00Z
10.351999999999999;0.0;0.0;0.0;12.714990234400034;0.5890849829;8.501687594204903;2022-11-07T17:00:00Z
91.60146666666665;0.0;0.0;0.0;12.154718017600032;0.5887620449;8.541830414603695;2022-11-07T18:00:00Z
27.851133333333333;0.0;0.0;0.0;12.137506103500016;0.5885307789;8.428674368148714;2022-11-07T19:00:00Z
68.8841;0.0;0.0;0.0;11.89650878910004;0.5883945227;8.11702445418343;2022-11-07T20:00:00Z
88.21724999999998;0.0;0.0;0.0;11.689355468800045;0.5882903337;7.926933619357161;2022-11-07T21:00:00Z
575.5175833333333;0.0;0.0;0.0;10.815515136700014;0.5881730914;8.362573893288117;2022-11-07T22:00:00Z
334.05135;0.0;0.0;0.0;10.789117431600005;0.5880861282;7.6155814551119265;2022-11-07T23:00:00Z
15.283833333333332;0.0;0.0;0.0;10.539575195300017;0.5880577564;7.593269294326499;2022-11-08T00:00:00Z
30.56708333333333;0.0;0.0;0.0;9.906304931600005;0.5880873799;7.714878968884324;2022-11-08T01:00:00Z
41.53335;0.0;0.0;0.0;9.591394043000037;0.5881317258;7.6527104666721115;2022-11-08T02:00:00Z
36.98356666666666;0.0;0.0;0.0;9.439294433600026;0.5881594419;7.518591741001702;2022-11-08T03:00:00Z
30.91713333333333;0.0;0.0;0.0;9.403039550800031;0.58815521;7.19388627560752;2022-11-08T04:00:00Z
29.983833333333333;0.0;0.0;0.0;9.068811035200042;0.5881891847;7.152990178389727;2022-11-08T05:00:00Z
22.167533333333328;0.0;0.0;0.0;8.659509277300003;0.5882894397;7.219754962348357;2022-11-08T06:00:00Z
22.801250000000003;27.644555555555556;0.1199999999999999;13.653333333333332;8.698937988300031;0.5884127617;7.381886307980487;2022-11-08T07:00:00Z
38.334;41.85077777777778;20.119;96.39111111111112;10.001611328100012;0.5882988572;7.216192775179038;2022-11-08T08:00:00Z
56.00056666666667;7.223111111111111;5.119;196.92444444444445;11.78804931640002;0.5880211592;6.165480205662235;2022-11-08T09:00:00Z
51.33445;0.0;0.0;267.23555555555555;13.326623535200042;0.5876834989;5.7867875438989085;2022-11-08T10:00:00Z
66.33418333333333;0.0;0.0;288.78222222222223;14.41896972660004;0.5873795748;5.638661148805561;2022-11-08T11:00:00Z
79.16839999999998;0.0;0.0;278.82666666666665;15.335534668000037;0.5871936083;5.553665307619295;2022-11-08T12:00:00Z
60.83525;0.0;0.0;241.49333333333334;15.630456543000037;0.5871062279;6.215853493195048;2022-11-08T13:00:00Z
69.83435;0.0;0.0;164.81777777777776;15.313989257800017;0.5870679021;7.641950403234953;2022-11-08T14:00:00Z
69.83435;0.0;0.0;61.03111111111111;14.18255004880001;0.5870485306;8.269641275979515;2022-11-08T15:00:00Z
763.6673333333334;0.0;0.0;2.453333333333333;13.01262817380001;0.5870402455;8.63639866346089;2022-11-08T16:00:00Z
56.58420000000001;0.0;0.0;0.0;12.65209350590004;0.5870338678;8.839547995781137;2022-11-08T17:00:00Z
91.0001;0.0;0.0;0.0;12.458184814500044;0.5870266557;8.811610456999992;2022-11-08T18:00:00Z
84.38365;0.0;0.0;0.0;12.07814941410004;0.5870175958;8.68818059849606;2022-11-08T19:00:00Z
88.55003333333333;0.0;0.0;0.0;11.713433837900027;0.5870133638;8.859925050067595;2022-11-08T20:00:00Z
72.00043333333333;0.0;0.0;0.0;11.771325683600026;0.586999476;8.489526861991035;2022-11-08T21:00:00Z
52.26846666666666;0.0;0.0;0.0;12.12496337890002;0.5869964957;8.511572351442197;2022-11-08T22:00:00Z
14.817866666666664;0.0;0.0;0.0;11.962121582000009;0.5869755149;7.486881884165119;2022-11-08T23:00:00Z
28.816916666666668;0.0;0.0;0.0;11.634393310500002;0.5870547295;7.469102680632325;2022-11-09T00:00:00Z
33.716816666666666;0.0;0.0;0.0;11.602258300800031;0.5870664716;7.668382277983124;2022-11-09T01:00:00Z
40.950016666666656;0.0;0.0;0.0;11.336083984400034;0.5870531201;7.8450739563999585;2022-11-09T02:00:00Z
39.31705;0.0;0.0;0.0;10.886865234400034;0.5870319009;7.618421352974786;2022-11-09T03:00:00Z
40.483583333333335;0.0;0.0;0.0;11.064294433600026;0.5870248675;7.787823317620254;2022-11-09T04:00:00Z
41.53341666666667;0.0;0.0;0.0;11.182916259800038;0.5870309472;8.356715298967144;2022-11-09T05:00:00Z
43.934933333333326;0.0;0.0;0.0;11.419000244100005;0.5897808075;8.306431906804761;2022-11-09T06:00:00Z
12.03495;23.205111111111112;0.1199999999999999;2.8088888888888888;11.753564453100012;0.5918554068;7.340669157990481;2022-11-09T07:00:00Z
26.00073333333333;12.550444444444445;20.119;32.48;11.69115600590004;0.5923556089;7.817110401604377;2022-11-09T08:00:00Z
67.00005;35.635555555555555;5.118999999999999;77.68888888888888;12.094384765600012;0.592125237;8.169179180144132;2022-11-09T09:00:00Z
70.0;0.0;0.0;121.49333333333334;12.234155273400006;0.5911335945;8.73004612687125;2022-11-09T10:00:00Z
69.3334;0.0;0.0;143.32444444444445;13.100732421900034;0.5902709961;8.447865152128383;2022-11-09T11:00:00Z
60.00195;0.0;0.0;183.41333333333333;13.990502929700028;0.5891931057;6.902440012001249;2022-11-09T12:00:00Z
96.6691;0.0;0.0;163.21777777777777;14.226953125000023;0.5884113312;6.631954925860412;2022-11-09T13:00:00Z
272.6693;0.0;0.0;125.52888888888889;14.02248535160004;0.5879881382;7.422984348177077;2022-11-09T14:00:00Z
9.002099999999999;0.0;0.0;33.617777777777775;13.500207519500009;0.5877863169;7.2684062793691115;2022-11-09T15:00:00Z
293.33505;0.0;0.0;1.2444444444444445;12.726617431600005;0.5881097913;7.266529738922752;2022-11-09T16:00:00Z
11.068366666666666;0.0;0.0;0.0;12.33785400390002;0.588303864;7.456389242086337;2022-11-09T17:00:00Z
79.35051666666665;0.0;0.0;0.0;11.91695556640002;0.5886402726;7.046661279193432;2022-11-09T18:00:00Z
88.81675;0.0;0.0;0.0;11.730187988300031;0.5887604952;7.222535532748509;2022-11-09T19:00:00Z
88.18358333333333;0.0;0.0;0.0;11.36498413090004;0.5887148976;7.867085834984391;2022-11-09T20:00:00Z
87.85008333333333;0.0;0.0;0.0;11.123651123000002;0.5885614157;7.933036615483392;2022-11-09T21:00:00Z
321.41893333333337;0.0;0.0;0.0;10.843103027300003;0.5891526341;8.22424131504783;2022-11-09T22:00:00Z
167.15155;0.0;0.0;0.0;10.873193359400034;0.5893717408;7.991964531788308;2022-11-09T23:00:00Z
27.8834;0.0;0.0;0.0;10.809045410200042;0.5891765952;7.476463999026422;2022-11-10T00:00:00Z
41.65006666666665;0.0;0.0;0.0;10.539239502000044;0.5897539854;7.87238966315335;2022-11-10T01:00:00Z
45.383333333333326;0.0;0.0;0.0;10.23922119140002;0.5899511576;7.4680908314156;2022-11-10T02:00:00Z
40.60015;0.0;0.0;0.0;10.330651855500037;0.5896422863;8.008355626133453;2022-11-10T03:00:00Z
26.7169;0.0;0.0;0.0;10.538781738300031;0.5894251466;7.586714009447982;2022-11-10T04:00:00Z
31.050366666666665;0.0;0.0;0.0;10.439111328100012;0.5893454552;7.801460618932872;2022-11-10T05:00:00Z
39.050733333333326;0.0;0.0;0.0;10.407067871100026;0.5893096328;7.668000223232542;2022-11-10T06:00:00Z
29.750750000000004;48.95388888888888;0.1199999999999999;9.6;10.192742919900013;0.5892449021;7.665614410073054;2022-11-10T07:00:00Z
45.000416666666666;20.54144444444444;5.119;71.75111111111111;10.747338867200028;0.5889419913;7.093380775026126;2022-11-10T08:00:00Z
20.167816666666663;12.550444444444445;20.119;164.3022222222222;11.534234619100005;0.5884748697;7.3243561928863645;2022-11-10T09:00:00Z
33.1681;0.0;0.0;215.73333333333332;12.096154785200042;0.5881689787;5.810726797218729;2022-11-10T10:00:00Z
67.00053333333334;0.0;0.0;185.56444444444443;12.773706054700028;0.5881740451;6.531312748988186;2022-11-10T11:00:00Z
186.66755;0.0;0.0;135.30666666666667;13.169091796900034;0.5877312422;6.896560240992651;2022-11-10T12:00:00Z
70.001;0.0;0.0;108.10666666666667;13.376245117200028;0.5874131322;6.398605056993455;2022-11-10T13:00:00Z
70.001;0.0;0.0;74.95111111111112;13.260400390600012;0.5872638822;6.479004850341248;2022-11-10T14:00:00Z
39.50163333333333;0.0;0.0;31.573333333333334;12.94820556640002;0.5871962309;6.453431128054554;2022-11-10T15:00:00Z
25.00183333333333;0.0;0.0;0.8888888888888888;12.092126464800003;0.5871699452;6.606434469013404;2022-11-10T16:00:00Z
60.9179;0.0;0.0;0.0;11.056787109400034;0.5871620178;7.363041293502823;2022-11-10T17:00:00Z
102.2171;0.0;0.0;0.0;10.83394775390002;0.5871414542;7.481627505677895;2022-11-10T18:00:00Z
82.63413333333334;0.0;0.0;0.0;10.764978027300003;0.5871195197;7.218322514674502;2022-11-10T19:00:00Z
46.63471666666666;0.0;0.0;0.0;10.263513183600026;0.5871112347;7.525510376873318;2022-11-10T20:00:00Z
33.50101666666667;0.0;0.0;0.0;10.067834472700042;0.5870953202;7.6338871977860165;2022-11-10T21:00:00Z
639.0681333333333;0.0;0.0;0.0;9.97457275390002;0.5870810151;7.494075472270742;2022-11-10T22:00:00Z
236.2351;0.0;0.0;0.0;9.793328857400013;0.5870786905;7.8147391578292025;2022-11-10T23:00:00Z
0.0;0.0;0.0;0.0;9.202478027300003;0.5870753527;7.985949780547828;2022-11-11T00:00:00Z
0.0;0.0;0.0;0.0;8.622705078100012;0.5870671272;7.907383316878721;2022-11-11T01:00:00Z
0.0;0.0;0.0;0.0;8.287225341800024;0.5870571733;7.641673239097076;2022-11-11T02:00:00Z
0.0;0.0;0.0;0.0;8.125207519500009;0.5870580673;7.765659627242389;2022-11-11T03:00:00Z
0.0;0.0;0.0;0.0;8.077630615200007;0.5870611668;7.969075305943613;2022-11-11T04:00:00Z
0.0;0.0;0.0;0.0;8.12572631840004;0.5870514512;7.634329990208308;2022-11-11T05:00:00Z
0.0;0.0;0.0;0.0;8.174890136700014;0.5870460272;7.366512413431687;2022-11-11T06:00:00Z
0.0;24.093;0.1199999999999999;7.928888888888889;8.320397949200014;0.5870527625;7.743903889139883;2022-11-11T07:00:00Z
0.0;33.85977777777778;5.119;49.51111111111111;8.885461425800031;0.5870432854;7.436763130896876;2022-11-11T08:00:00Z
0.0;23.205111111111112;20.119;100.01777777777778;9.848168945300017;0.5870158672;7.396515856792465;2022-11-11T09:00:00Z
0.0;0.0;0.0;158.20444444444445;10.809869384800038;0.5870079994;5.851130667057842;2022-11-11T10:00:00Z
0.0;0.0;0.0;230.84444444444443;11.661523437500023;0.5870066285;6.25317244602175;2022-11-11T11:00:00Z
0.0;0.0;0.0;236.8;12.14544067380001;0.5869912505;6.242633721276185;2022-11-11T12:00:00Z
0.0;0.0;0.0;170.91555555555556;12.32229003910004;0.5869855285;6.503471510313411;2022-11-11T13:00:00Z
0.0;0.0;0.0;105.17333333333333;12.233697509800038;0.5869762897;6.7801558119616905;2022-11-11T14:00:00Z
0.0;0.0;0.0;44.23111111111111;11.44429931640002;0.5869668126;6.779499617569209;2022-11-11T15:00:00Z
0.0;0.0;0.0;1.1733333333333333;10.017419433600026;0.5869634748;6.848072768934776;2022-11-11T16:00:00Z
0.0;0.0;0.0;0.0;9.082849121100026;0.5869633555;7.004623898915025;2022-11-11T17:00:00Z
0.0;0.0;0.0;0.0;8.389489746100026;0.5869606733;6.812603974344224;2022-11-11T18:00:00Z
0.0;0.0;0.0;0.0;8.039331054700028;0.5869588256;6.628010785713946;2022-11-11T19:00:00Z
0.0;0.0;0.0;0.0;7.451440429700028;0.5869574547;6.580049040966152;2022-11-11T20:00:00Z
0.0;0.0;0.0;0.0;7.261926269500009;0.5869566202;6.38067145226106;2022-11-11T21:00:00Z
0.0;0.0;0.0;0.0;6.542596435500002;0.5870124102;6.582176324486316;2022-11-11T22:00:00Z
0.0;0.0;0.0;0.0;6.072534179700028;0.5870497823;6.455565851978603;2022-11-11T23:00:00Z
39.7835;0.0;0.0;0.0;5.843652343800045;0.5870872736;6.360695418080199;2022-11-12T00:00:00Z
33.25001666666667;0.0;0.0;0.0;5.540307617200028;0.587136507;6.396231425012076;2022-11-12T01:00:00Z
35.000033333333334;0.0;0.0;0.0;5.117517089800003;0.5871856213;6.4014071479570385;2022-11-12T02:00:00Z
35.00001666666667;0.0;0.0;0.0;4.615869140600012;0.5872468948;5.924543824378075;2022-11-12T03:00:00Z
33.7168;0.0;0.0;0.0;3.9917846680000366;0.5873060822;5.252238173787391;2022-11-12T04:00:00Z
64.33346666666667;0.0;0.0;0.0;3.371545410200042;0.5873523951;4.629466022184968;2022-11-12T05:00:00Z
76.45028333333333;0.0;0.0;0.0;2.8326660156000116;0.5873991251;3.714035468829044;2022-11-12T06:00:00Z
60.001;39.187111111111115;0.1199999999999999;8.124444444444444;3.3098388672000283;0.5874375701;3.1174566320817543;2022-11-12T07:00:00Z
69.83335;20.54144444444444;20.119;68.19555555555556;5.074426269500009;0.5874827504;2.902228873600567;2022-11-12T08:00:00Z
39.00051666666666;20.541444444444444;5.119;149.8488888888889;7.495507812500023;0.5874478817;2.3519298245351266;2022-11-12T09:00:00Z
9.50105;0.0;0.0;199.25333333333333;9.719201660200042;0.5874888301;1.0652832880794851;2022-11-12T10:00:00Z
59.0012;0.0;0.0;233.24444444444444;11.22454223630001;0.5874882936;0.48444058805102586;2022-11-12T11:00:00Z
11.002816666666668;0.0;0.0;236.33777777777777;12.089318847700042;0.5874227285;0.18356538928870825;2022-11-12T12:00:00Z
64.6682;0.0;0.0;217.15555555555557;12.683679199200014;0.5874183178;0.3121499458865739;2022-11-12T13:00:00Z
68.66795;0.0;0.0;140.76444444444445;12.590264892600032;0.5872274637;0.7594586957764565;2022-11-12T14:00:00Z
743.3338166666667;0.0;0.0;52.49777777777778;11.972985839800003;0.587136507;1.2980989461920587;2022-11-12T15:00:00Z
70.001;0.0;0.0;0.96;8.272790527300003;0.5871204138;1.9774301429405754;2022-11-12T16:00:00Z
52.63436666666666;0.0;0.0;0.0;6.831262207000009;0.5871607065;2.656629283703703;2022-11-12T17:00:00Z
82.25003333333333;0.0;0.0;0.0;5.803125000000023;0.5872448683;3.3532652914888756;2022-11-12T18:00:00Z
51.00066666666667;0.0;0.0;0.0;5.57222900390002;0.5873616338;3.9640510285472237;2022-11-12T19:00:00Z
35.00093333333333;0.0;0.0;0.0;5.485864257800017;0.5875034928;4.039722074291519;2022-11-12T20:00:00Z
69.41720000000001;0.0;0.0;0.0;5.204431152300003;0.5876191854;3.9391824830395055;2022-11-12T21:00:00Z
248.98526666666663;0.0;0.0;0.0;5.805261230500037;0.5877805352;4.1868218141497415;2022-11-12T22:00:00Z
27.08523333333333;0.0;0.0;0.0;6.1122070312000005;0.5879268646;4.426306174318734;2022-11-12T23:00:00Z
28.0005;0.0;0.0;0.0;6.719964599600019;0.5880982876;4.663016716654492;2022-11-13T00:00:00Z
35.0;0.0;0.0;0.0;6.864282226600039;0.5882579684;4.7796712143232725;2022-11-13T01:00:00Z
38.033383333333326;0.0;0.0;0.0;7.203820800800031;0.5883601308;4.909287126351943;2022-11-13T02:00:00Z
36.633516666666665;0.0;0.0;0.0;7.374536132800017;0.5884446502;4.7553765377000365;2022-11-13T03:00:00Z
41.417116666666665;0.0;0.0;0.0;7.407037353500016;0.5885378122;4.557238860962712;2022-11-13T04:00:00Z
32.31708333333333;0.0;0.0;0.0;7.296258544900013;0.5886195302;4.021956925108816;2022-11-13T05:00:00Z
23.2181;0.0;0.0;0.0;7.506036377000044;0.5886669755;4.16196329763772;2022-11-13T06:00:00Z
4.317866666666665;13.438333333333333;20.119;3.7155555555555555;7.888818359400034;0.5887615681;4.777058540221857;2022-11-13T07:00:00Z
19.001316666666668;46.29022222222222;0.1199999999999999;33.973333333333336;8.448754882800017;0.5886837244;5.086855724181968;2022-11-13T08:00:00Z
64.50055;20.54144444444444;5.119;73.92;8.800866699200014;0.5885071158;5.189882585187309;2022-11-13T09:00:00Z
70.0;0.0;0.0;110.47111111111111;9.179895019500009;0.5883027911;4.057348637815759;2022-11-13T10:00:00Z
66.00065;0.0;0.0;156.26666666666668;9.284478759800038;0.5880041718;5.272290530294099;2022-11-13T11:00:00Z
40.0015;0.0;0.0;172.90666666666667;9.420312500000023;0.5877366662;5.481572994469833;2022-11-13T12:00:00Z
236.6675;0.0;0.0;149.13777777777779;9.406701660200042;0.5875079632;5.373396965369482;2022-11-13T13:00:00Z
613.6674833333334;0.0;0.0;102.54222222222222;9.33880004880001;0.5873787403;5.440798750160865;2022-11-13T14:00:00Z
160.66798333333332;0.0;0.0;37.24444444444445;8.70900878910004;0.5873373151;6.020819011137876;2022-11-13T15:00:00Z
62.00113333333333;0.0;0.0;0.5688888888888889;7.668359375000023;0.5873358846;6.872183030235073;2022-11-13T16:00:00Z
174.33455;0.0;0.0;0.0;7.26851806640002;0.5873414278;7.338740339590995;2022-11-13T17:00:00Z
54.967566666666656;0.0;0.0;0.0;6.817681884800038;0.5873583555;7.638546593760543;2022-11-13T18:00:00Z
76.71729999999998;0.0;0.0;0.0;6.620507812500023;0.5873929858;7.689142192041802;2022-11-13T19:00:00Z
49.76805;0.0;0.0;0.0;6.338006591800024;0.5874843001;7.701262259522598;2022-11-13T20:00:00Z
73.21796666666667;0.0;0.0;0.0;6.176354980500037;0.587593019;7.743741482713351;2022-11-13T21:00:00Z
58.73601666666667;0.0;0.0;0.0;6.306237793000037;0.5878235102;7.582270636985729;2022-11-13T22:00:00Z
62.7024;0.0;0.0;0.0;6.134454345700021;0.587808311;7.336397103100576;2022-11-13T23:00:00Z
27.067016666666667;0.0;0.0;0.0;5.996118164100039;0.5877889991;7.070253730357686;2022-11-14T00:00:00Z
32.900166666666664;0.0;0.0;0.0;5.627526855500037;0.5877611041;7.117774123210774;2022-11-14T01:00:00Z
33.36691666666667;0.0;0.0;0.0;5.488427734400034;0.5877292156;6.874635002668476;2022-11-14T02:00:00Z
27.766866666666665;0.0;0.0;0.0;5.308923339800003;0.5877307653;6.9710412203088765;2022-11-14T03:00:00Z
28.0;0.0;0.0;0.0;5.015222168000037;0.5877137184;6.892592165843216;2022-11-14T04:00:00Z
27.3004;0.0;0.0;0.0;4.862573242200028;0.587692976;6.846997580832366;2022-11-14T05:00:00Z
29.050316666666667;0.0;0.0;0.0;4.713220214800003;0.587667346;6.80710855797718;2022-11-14T06:00:00Z
6.067116666666665;34.74766666666666;0.1199999999999999;4.248888888888889;4.711022949200014;0.5876415968;7.104874986343073;2022-11-14T07:00:00Z
21.500966666666663;32.084;25.118;53.333333333333336;5.283715820300017;0.5875876546;7.018959329579239;2022-11-14T08:00:00Z
15.3343;12.550444444444445;0.1199999999999999;107.91111111111111;6.509912109400034;0.5874903798;6.581673576193993;2022-11-14T09:00:00Z
44.000433333333326;0.0;0.0;181.38666666666666;7.082879638700035;0.5873582363;5.677981474956397;2022-11-14T10:00:00Z
65.00008333333334;0.0;0.0;212.5511111111111;8.268090820300017;0.5872247219;5.758823738872353;2022-11-14T11:00:00Z
70.00083333333333;0.0;0.0;244.42666666666668;9.456750488300031;0.5871239305;5.4169724695986;2022-11-14T12:00:00Z
77.16793333333332;0.0;0.0;205.44;10.164239502000044;0.5870631337;5.282587760724278;2022-11-14T13:00:00Z
67.16786666666667;0.0;0.0;131.41333333333333;10.167077636700014;0.5870255232;5.086837887216357;2022-11-14T14:00:00Z
218.00105;0.0;0.0;48.21333333333333;9.0379882812;0.5870249271;6.12513355245995;2022-11-14T15:00:00Z
813.5009666666667;0.0;0.0;0.49777777777777776;7.493676757800017;0.5870371461;7.424377574538552;2022-11-14T16:00:00Z
185.03448333333327;0.0;0.0;0.0;6.670922851600039;0.5870810747;6.775985478450444;2022-11-14T17:00:00Z
83.65053333333331;0.0;0.0;0.0;6.403649902300003;0.5871819258;6.584034498454535;2022-11-14T18:00:00Z
71.66721666666666;0.0;0.0;0.0;6.021020507800017;0.5873107314;6.3957888690074;2022-11-14T19:00:00Z
89.41696666666665;0.0;0.0;0.0;5.756066894500009;0.587470293;6.569301974443735;2022-11-14T20:00:00Z
54.5511;0.0;0.0;0.0;5.277703857400013;0.5876518488;6.662243301977546;2022-11-14T21:00:00Z
79.85218333333333;0.0;0.0;0.0;5.011621093800045;0.587972939;6.799458127030368;2022-11-14T22:00:00Z
66.75226666666667;0.0;0.0;0.0;4.784448242200028;0.5881762505;6.465125284455757;2022-11-14T23:00:00Z
27.76685;0.0;0.0;0.0;4.724023437500023;0.5883417726;6.269403174267857;2022-11-15T00:00:00Z
36.51673333333333;0.0;0.0;0.0;4.638696289100039;0.5884791613;6.849981412348538;2022-11-15T01:00:00Z
35.8167;0.0;0.0;0.0;4.755609130900041;0.5885929465;7.177156920323707;2022-11-15T02:00:00Z
42.46666666666666;0.0;0.0;0.0;4.550134277300003;0.5887110829;6.818240612658913;2022-11-15T03:00:00Z
38.850066666666656;0.0;0.0;0.0;4.520379638700035;0.5888554454;6.129245238857586;2022-11-15T04:00:00Z
34.416866666666664;0.0;0.0;0.0;4.058251953100012;0.589004159;5.672431732345251;2022-11-15T05:00:00Z
21.70043333333333;0.0;0.0;0.0;4.159814453100012;0.5891902447;5.637205294987499;2022-11-15T06:00:00Z
11.700833333333332;40.075;20.119;5.226666666666667;4.115625000000023;0.5893450379;5.484395798415362;2022-11-15T07:00:00Z
35.83416666666667;29.42033333333333;5.119;64.19555555555556;5.305993652300003;0.5892808437;5.002176729163945;2022-11-15T08:00:00Z
70.0;9.886777777777777;0.1199999999999999;148.17777777777778;6.8861633301000325;0.588950634;3.8285939583846154;2022-11-15T09:00:00Z
67.00005;0.0;0.0;227.73333333333332;8.483453369100005;0.5886443257;2.1555005059142163;2022-11-15T10:00:00Z
51.0005;0.0;0.0;270.9511111111111;9.882287597700042;0.5881745219;1.7668086671876304;2022-11-15T11:00:00Z
651.8339;0.0;0.0;261.26222222222225;10.922143554700028;0.5878102183;1.7088782011873909;2022-11-15T12:00:00Z
265.0025;0.0;0.0;216.65777777777777;11.226861572300038;0.5875649452;2.4280919446060025;2022-11-15T13:00:00Z
2.002966666666666;0.0;0.0;137.40444444444444;10.89840087890002;0.5874840021;2.9039683696775493;2022-11-15T14:00:00Z
62.50175;0.0;0.0;44.85333333333333;9.313317871100026;0.5874735117;4.208880504300352;2022-11-15T15:00:00Z
66.668;0.0;0.0;0.32;7.8754211426000325;0.587608099;5.493647483098255;2022-11-15T16:00:00Z
267.30095;0.0;0.0;0.0;7.112634277300003;0.5877892971;5.918373887575536;2022-11-15T17:00:00Z
84.81669999999998;0.0;0.0;0.0;6.517175293000037;0.5880313516;6.1396646877274055;2022-11-15T18:00:00Z
84.0;0.0;0.0;0.0;6.06441650390002;0.5882796645;6.170461179916995;2022-11-15T19:00:00Z
84.60003333333331;0.0;0.0;0.0;5.855554199200014;0.5885275602;6.2728878550411356;2022-11-15T20:00:00Z
68.56719999999999;0.0;0.0;0.0;5.577416992200028;0.5887489319;6.349353917267531;2022-11-15T21:00:00Z
62.168416666666666;0.0;0.0;0.0;5.657678222700042;0.589070797;6.44873442461638;2022-11-15T22:00:00Z
44.802116666666656;0.0;0.0;0.0;5.605859375000023;0.589152813;6.199047013433596;2022-11-15T23:00:00Z
32.6668;0.0;0.0;0.0;5.386071777300003;0.5892374516;5.9778259980490684;2022-11-16T00:00:00Z
40.716783333333325;0.0;0.0;0.0;5.262475585900006;0.5893650055;6.337740290558486;2022-11-16T01:00:00Z
33.833666666666666;0.0;0.0;0.0;5.2586914062000005;0.5894253254;6.828580073843261;2022-11-16T02:00:00Z
33.95016666666667;0.0;0.0;0.0;5.442742919900013;0.5893859267;6.561859847648239;2022-11-16T03:00:00Z
39.20038333333333;0.0;0.0;0.0;5.576867675800031;0.589332819;6.133438663167677;2022-11-16T04:00:00Z
40.600016666666654;0.0;0.0;0.0;5.745751953100012;0.5892840624;6.1794194719077025;2022-11-16T05:00:00Z
33.4834;0.0;0.0;0.0;5.949945068400041;0.5892133117;6.402869289936832;2022-11-16T06:00:00Z
38.2171;44.51444444444444;0.1199999999999999;1.4577777777777778;5.9891601562000005;0.5891289711;6.085970757104088;2022-11-16T07:00:00Z
47.00038333333334;25.868777777777776;20.119;13.564444444444444;6.110223388700035;0.5890388489;6.671440549662069;2022-11-16T08:00:00Z
53.00078333333333;6.335222222222222;5.119;25.20888888888889;6.071008300800031;0.588993609;7.946714084042397;2022-11-16T09:00:00Z
35.001416666666664;0.0;0.0;39.60888888888889;6.170434570300017;0.5894238353;8.212118429268298;2022-11-16T10:00:00Z
14.001516666666667;0.0;0.0;36.693333333333335;6.1450134277000075;0.5890541077;7.752764326043436;2022-11-16T11:00:00Z
61.00106666666667;0.0;0.0;52.64;6.366723632800017;0.5887170434;7.515991201338253;2022-11-16T12:00:00Z
70.001;0.0;0.0;24.177777777777777;6.389367675800031;0.5884369016;7.440455771917905;2022-11-16T13:00:00Z
70.001;0.0;0.0;20.266666666666666;6.488427734400034;0.5882285237;7.421149612183822;2022-11-16T14:00:00Z
236.6675;0.0;0.0;3.9466666666666668;6.369683837900027;0.5884168744;7.484075477823236;2022-11-16T15:00:00Z
470.0006;0.0;0.0;0.035555555555555556;6.178002929700028;0.5887974501;7.725617802401552;2022-11-16T16:00:00Z
52.234033333333336;0.0;0.0;0.0;5.954827880900041;0.5898373723;8.137549496582768;2022-11-16T17:00:00Z
39.1841;0.0;0.0;0.0;5.772973632800017;0.5901867151;8.316858031667689;2022-11-16T18:00:00Z
86.56669999999998;0.0;0.0;0.0;5.4955383301000325;0.5902035236;8.543899990677087;2022-11-16T19:00:00Z
73.45085;0.0;0.0;0.0;5.1980834961000255;0.5905323029;8.564969298324847;2022-11-16T20:00:00Z
71.78363333333333;0.0;0.0;0.0;4.935113525400027;0.5908223391;8.599609770139374;2022-11-16T21:00:00Z
72.63526666666665;0.0;0.0;0.0;4.6404663086000255;0.5904564857;8.232151163476061;2022-11-16T22:00:00Z
261.95165;0.0;0.0;0.0;4.316613769500009;0.5900117159;8.707972094016085;2022-11-16T23:00:00Z
24.967266666666667;0.0;0.0;0.0;3.932397460900006;0.5895403028;8.946354449339498;2022-11-17T00:00:00Z
40.95028333333333;0.0;0.0;0.0;3.7298217773000033;0.5890836716;8.828471937856376;2022-11-17T01:00:00Z
47.71676666666666;0.0;0.0;0.0;3.5215393066000047;0.5887204409;8.515295082704741;2022-11-17T02:00:00Z
48.7667;0.0;0.0;0.0;3.3789916992000144;0.5884647369;9.285481346026257;2022-11-17T03:00:00Z
40.600366666666666;0.0;0.0;0.0;3.270623779300024;0.5881941915;9.365481904100218;2022-11-17T04:00:00Z
34.41716666666667;0.0;0.0;0.0;3.1162353516000394;0.5879804492;9.352131503282175;2022-11-17T05:00:00Z
23.566966666666666;0.0;0.0;0.0;3.169091796900034;0.5877920985;9.618243155786255;2022-11-17T06:00:00Z
29.216883333333328;14.326222222222222;0.1199999999999999;1.4577777777777778;3.258020019500009;0.5876737237;9.572586274277358;2022-11-17T07:00:00Z
64.16698333333333;64.04799999999999;25.118;24.142222222222223;3.482965087900027;0.5876020193;11.456916492131432;2022-11-17T08:00:00Z
69.0001;1.8957777777777776;0.1199999999999999;61.24444444444445;3.749230957000009;0.587417841;10.788553864432059;2022-11-17T09:00:00Z
60.16706666666667;0.0;0.0;86.20444444444445;4.100000000000023;0.5873607397;10.626105623929165;2022-11-17T10:00:00Z
52.50108333333333;0.0;0.0;111.43111111111111;4.368218994100005;0.5872834921;10.470225458985563;2022-11-17T11:00:00Z
47.501616666666656;0.0;0.0;96.49777777777778;4.501092529300024;0.5873369575;10.43087442238409;2022-11-17T12:00:00Z
51.33486666666667;0.0;0.0;60.49777777777778;4.537255859400034;0.5873498321;11.144465434750392;2022-11-17T13:00:00Z
54.50138333333334;0.0;0.0;49.90222222222222;4.521752929700028;0.5874329805;11.323335031707819;2022-11-17T14:00:00Z
60.00116666666666;0.0;0.0;19.14666666666667;4.283410644500009;0.5884845257;11.237222402723663;2022-11-17T15:00:00Z
70.001;0.0;0.0;0.035555555555555556;3.8735290527000075;0.5902033448;11.198093325531898;2022-11-17T16:00:00Z
787.6171333333334;0.0;0.0;0.0;3.1955810547000283;0.5912497044;11.329764035990246;2022-11-17T17:00:00Z
218.1340833333333;0.0;0.0;0.0;2.6319213867000144;0.5918433666;11.027198050233814;2022-11-17T18:00:00Z
67.80055;0.0;0.0;0.0;2.280999755900041;0.5920493007;10.191199170832926;2022-11-17T19:00:00Z
76.20041666666667;0.0;0.0;0.0;1.8926635742000144;0.5922473073;10.354541049243561;2022-11-17T20:00:00Z
70.81745000000001;0.0;0.0;0.0;1.592492675800031;0.5918419957;10.3954253622387;2022-11-17T21:00:00Z
34.13465;0.0;0.0;0.0;1.3525939941000047;0.5928738117;9.540051361498854;2022-11-17T22:00:00Z
106.31791666666666;0.0;0.0;0.0;1.2592712402000075;0.5928975344;8.797897612213012;2022-11-17T23:00:00Z
0.0;0.0;0.0;0.0;1.0418945312000005;0.592936635;8.815560756396774;2022-11-18T00:00:00Z
0.0;0.0;0.0;0.0;0.7547851562000005;0.5928729773;9.039399599887036;2022-11-18T01:00:00Z
0.0;0.0;0.0;0.0;0.6411987305000366;0.5927181244;9.109742931832127;2022-11-18T02:00:00Z
0.0;0.0;0.0;0.0;0.4800659180000366;0.5925377607;8.75453034442749;2022-11-18T03:00:00Z
0.0;0.0;0.0;0.0;0.17843017580003107;0.5921314359;8.65520216401851;2022-11-18T04:00:00Z
0.0;0.0;0.0;0.0;-0.19690551759998698;0.591625452;8.710333076182335;2022-11-18T05:00:00Z
0.0;0.0;0.0;0.0;-0.5384887694999634;0.5910871625;8.578955810012669;2022-11-18T06:00:00Z
0.0;33.85977777777778;0.1199999999999999;1.2622222222222221;-0.8056701659999703;0.5905678868;8.229287807339228;2022-11-18T07:00:00Z
0.0;43.62655555555556;5.119;26.4;-0.8446105956999759;0.5901456475;7.620766644037849;2022-11-18T08:00:00Z
0.0;1.0078888888888888;20.119;80.74666666666667;-0.41660156249997726;0.5897343159;8.089842301319536;2022-11-18T09:00:00Z
0.0;0.0;0.0;94.63111111111111;-0.31235351559996616;0.5887477994;8.43752768643257;2022-11-18T10:00:00Z
0.0;0.0;0.0;129.28;0.12609252930002413;0.5883811116;7.87781431572621;2022-11-18T11:00:00Z
0.0;0.0;0.0;177.13777777777779;0.57222900390002;0.5880922675;7.314214979148679;2022-11-18T12:00:00Z
0.0;0.0;0.0;170.9688888888889;0.6700683594000338;0.5878961682;7.738697696524738;2022-11-18T13:00:00Z
0.0;0.0;0.0;129.65333333333334;0.41738281250002274;0.5877359509;7.500486799636657;2022-11-18T14:00:00Z
0.0;0.0;0.0;42.32888888888889;-0.3666137694999634;0.5876209736;6.999342812440056;2022-11-18T15:00:00Z
0.0;0.0;0.0;0.035555555555555556;-1.408300781199955;0.5875684619;6.538035866810989;2022-11-18T16:00:00Z
0.0;0.0;0.0;0.0;-2.088262939499998;0.5875421762;6.332310228628844;2022-11-18T17:00:00Z
0.0;0.0;0.0;0.0;-2.3167480468999884;0.5875201225;5.689592319174438;2022-11-18T18:00:00Z
0.0;0.0;0.0;0.0;-2.4646667479999564;0.5875163078;4.842099617205212;2022-11-18T19:00:00Z
0.0;0.0;0.0;0.0;-2.9270996093999884;0.587521553;4.3763366723122;2022-11-18T20:00:00Z
0.0;0.0;0.0;0.0;-3.3317626952999717;0.5875284672;4.316102538098898;2022-11-18T21:00:00Z
0.0;0.0;0.0;0.0;-5.610937499999977;0.5872520208;5.010649727736917;2022-11-18T22:00:00Z
0.0;0.0;0.0;0.0;-5.890722656199955;0.5873066783;4.283283762044846;2022-11-18T23:00:00Z
33.71695;0.0;0.0;0.0;-6.557348632799972;0.587367475;3.2136477306598743;2022-11-19T00:00:00Z
28.116716666666665;0.0;0.0;0.0;-6.885534667999991;0.587397635;2.10826457427132;2022-11-19T01:00:00Z
29.166733333333333;0.0;0.0;0.0;-5.443121337899981;0.5874015689;2.146790573780986;2022-11-19T02:00:00Z
35.700083333333325;0.0;0.0;0.0;-5.500646972699997;0.5874179602;3.0881847795636386;2022-11-19T03:00:00Z
38.150566666666656;0.0;0.0;0.0;-6.604101562499977;0.5874465704;3.4579858728613635;2022-11-19T04:00:00Z
36.51775;0.0;0.0;0.0;-6.853186035199997;0.5874641538;3.7686202291601223;2022-11-19T05:00:00Z
29.95188333333333;0.0;0.0;0.0;-5.977209472699997;0.587492764;4.590899621671715;2022-11-19T06:00:00Z
64.31786666666666;48.066;0.1199999999999999;2.862222222222222;-5.197454833999984;0.58754462;5.504711204316737;2022-11-19T07:00:00Z
35.66793333333333;6.335222222222222;5.119;62.18666666666667;-4.080755615199962;0.5875472426;6.0057572824342556;2022-11-19T08:00:00Z
10.001;28.532444444444444;20.119;150.08;-2.2935241698999675;0.587495327;5.643681852038611;2022-11-19T09:00:00Z
10.001;0.0;0.0;225.29777777777778;-1.1729492187999995;0.5874128938;6.560857965706761;2022-11-19T10:00:00Z
10.001366666666664;0.0;0.0;237.90222222222224;-0.05444946289998143;0.5874013305;6.637569253176246;2022-11-19T11:00:00Z
16.0019;0.0;0.0;208.01777777777778;0.7044921875000227;0.5873911977;6.862610364903788;2022-11-19T12:00:00Z
70.001;0.0;0.0;152.0888888888889;0.9844604492000144;0.5874735713;6.766859633426005;2022-11-19T13:00:00Z
70.001;0.0;0.0;83.39555555555556;0.8880859375000227;0.5875612497;7.354725733024496;2022-11-19T14:00:00Z
836.6669;0.0;0.0;24.177777777777777;0.6758666992000144;0.587616086;8.000380659763197;2022-11-19T15:00:00Z
103.3343;0.0;0.0;0.0;0.3496948242000144;0.5876499414;8.112375500275748;2022-11-19T16:00:00Z
80.38386666666666;0.0;0.0;0.0;0.016259765600011633;0.5876451135;7.828231821962413;2022-11-19T17:00:00Z
88.70021666666666;0.0;0.0;0.0;-0.2607177733999606;0.5876470208;7.330562875920507;2022-11-19T18:00:00Z
86.98336666666665;0.0;0.0;0.0;-0.45413818359998004;0.5876610875;6.931975320453793;2022-11-19T19:00:00Z
79.13453333333332;0.0;0.0;0.0;-0.3702758788999745;0.5876792073;6.566552163159461;2022-11-19T20:00:00Z
77.85116666666667;0.0;0.0;0.0;-0.43460693359998004;0.587718904;6.420239731544965;2022-11-19T21:00:00Z
41.885883333333325;0.0;0.0;0.0;-0.35410156249997726;0.5880529881;6.404639119832838;2022-11-19T22:00:00Z
57.269;0.0;0.0;0.0;-0.38922729489996755;0.5880990624;6.760940704446817;2022-11-19T23:00:00Z
32.2003;0.0;0.0;0.0;-0.5455688476999967;0.5881127715;7.120807657950755;2022-11-20T00:00:00Z
40.6001;0.0;0.0;0.0;-0.6132873534999703;0.5881947279;7.101460395017635;2022-11-20T01:00:00Z
33.950083333333325;0.0;0.0;0.0;-0.6760009765999939;0.5883170366;6.703648899084365;2022-11-20T02:00:00Z
29.28335;0.0;0.0;0.0;-0.7306579589999842;0.5884293318;6.577660272736913;2022-11-20T03:00:00Z
29.1667;0.0;0.0;0.0;-0.8511718749999773;0.5885149837;6.190545206109721;2022-11-20T04:00:00Z
30.916783333333328;0.0;0.0;0.0;-1.0580200194999634;0.5885871649;5.813558653969619;2022-11-20T05:00:00Z
26.13345;0.0;0.0;0.0;-1.1460021972999925;0.5886506438;5.489279744953563;2022-11-20T06:00:00Z
10.383433333333333;24.980888888888884;5.118999999999999;1.7066666666666666;-1.1599792479999564;0.588685751;5.600533928431314;2022-11-20T07:00:00Z
26.667466666666662;12.550444444444445;0.1199999999999999;37.955555555555556;-1.181738281199955;0.588660419;6.08594823380244;2022-11-20T08:00:00Z
54.66753333333333;43.62655555555556;20.119;58.31111111111111;-0.6695922851999967;0.5885812044;5.965835877130123;2022-11-20T09:00:00Z
51.00031666666667;0.0;0.0;107.5911111111111;-0.7512268065999592;0.5883768797;6.159498714512189;2022-11-20T10:00:00Z
70.0;0.0;0.0;186.20444444444445;-0.08585205079998559;0.58819139;5.999754732763404;2022-11-20T11:00:00Z
58.000933333333336;0.0;0.0;209.08444444444444;0.33339843750002274;0.5880362391;5.936508037041102;2022-11-20T12:00:00Z
120.3348;0.0;0.0;176.78222222222223;0.5925231934000408;0.5879122019;5.575858074689202;2022-11-20T13:00:00Z
246.33426666666665;0.0;0.0;104.76444444444445;0.5318847656000116;0.5878511071;5.630532035118044;2022-11-20T14:00:00Z
342.3342333333334;0.0;0.0;25.6;0.5043884277000075;0.5878348947;5.847585136718754;2022-11-20T15:00:00Z
117.001;0.0;0.0;0.0;0.4311767578000172;0.5878340602;5.872732751097337;2022-11-20T16:00:00Z
400.68453333333326;0.0;0.0;0.0;0.14150390620000053;0.5878344178;5.916244945853191;2022-11-20T17:00:00Z
58.90098333333333;0.0;0.0;0.0;0.009973144500008857;0.5878283978;5.269144147311159;2022-11-20T18:00:00Z
81.71751666666665;0.0;0.0;0.0;-0.07309570309996616;0.5878304243;5.356041000676257;2022-11-20T19:00:00Z
87.71693333333334;0.0;0.0;0.0;-0.3768371581999759;0.5878322124;5.677698460380816;2022-11-20T20:00:00Z
83.41703333333332;0.0;0.0;0.0;-0.7585815429999911;0.5878347754;4.354636472468084;2022-11-20T21:00:00Z
81.00166666666665;0.0;0.0;0.0;-1.4378112792999787;0.5880513787;4.886099998495627;2022-11-20T22:00:00Z
22.368866666666666;0.0;0.0;0.0;-1.6471923827999717;0.5878982544;3.50963756022646;2022-11-20T23:00:00Z
20.883683333333327;0.0;0.0;0.0;-1.7080749511999898;0.587857306;2.7476122030871637;2022-11-21T00:00:00Z
37.33358333333333;0.0;0.0;0.0;-1.8213562011999898;0.5878488421;2.799307264439419;2022-11-21T01:00:00Z
36.05;0.0;0.0;0.0;-1.693579101599994;0.587800324;2.4460441762149423;2022-11-21T02:00:00Z
28.0;0.0;0.0;0.0;-1.8353637694999634;0.5876613855;1.6155189290067526;2022-11-21T03:00:00Z
31.150016666666662;0.0;0.0;0.0;-1.851995849599973;0.5876411796;1.6619144488512883;2022-11-21T04:00:00Z
35.350133333333325;0.0;0.0;0.0;-1.8223937987999648;0.5876488686;2.4198404181063613;2022-11-21T05:00:00Z
28.233733333333333;0.0;0.0;0.0;-2.036901855499991;0.587605834;2.3878914435748744;2022-11-21T06:00:00Z
2.333533333333333;53.39333333333333;5.119;1.6355555555555557;-1.9151977538999745;0.5876274109;2.7443294332475854;2022-11-21T07:00:00Z
38.500833333333325;13.438333333333333;0.1199999999999999;46.88;-1.72562255859998;0.5877549648;2.678011629900111;2022-11-21T08:00:00Z
62.50075;8.998888888888889;20.119;116.01777777777778;-1.1404174804999911;0.5877447724;2.4201010957178566;2022-11-21T09:00:00Z
69.83335;0.0;0.0;140.51555555555555;-1.0200561522999578;0.5879330635;3.5661449138861068;2022-11-21T10:00:00Z
68.6668;0.0;0.0;130.4177777777778;-0.9051269530999662;0.5878903866;3.7307324941850415;2022-11-21T11:00:00Z
67.66755;0.0;0.0;153.65333333333334;-0.7479003905999662;0.5878596902;3.081153510312946;2022-11-21T12:00:00Z
62.50116666666666;0.0;0.0;118.68444444444444;-0.7607177733999606;0.5878466368;2.576895664954896;2022-11-21T13:00:00Z
96.00145;0.0;0.0;63.022222222222226;-0.6280273437999995;0.5878831148;1.7714816413054897;2022-11-21T14:00:00Z
384.33425;0.0;0.0;20.515555555555554;-0.6180480956999759;0.5878347158;2.7269981727835013;2022-11-21T15:00:00Z
320.00075000000004;0.0;0.0;0.0;-0.9391845702999717;0.5878329277;4.296316117495481;2022-11-21T16:00:00Z
586.6007166666666;0.0;0.0;0.0;-1.1337646483999606;0.5878337026;4.46498189528984;2022-11-21T17:00:00Z
79.38391666666665;0.0;0.0;0.0;-1.3614868163999745;0.5878260732;4.66994111281656;2022-11-21T18:00:00Z
92.51705;0.0;0.0;0.0;-1.4584716796999828;0.5878208876;5.261953001763335;2022-11-21T19:00:00Z
95.20011666666669;0.0;0.0;0.0;-1.5674804687999995;0.5878145099;5.567235647273191;2022-11-21T20:00:00Z
82.86785;0.0;0.0;0.0;-1.7684692382999856;0.5878119469;5.955505601545231;2022-11-21T21:00:00Z
67.20193333333333;0.0;0.0;0.0;-1.6657470702999717;0.5879442096;5.8362850209465025;2022-11-21T22:00:00Z
27.00125;0.0;0.0;0.0;-1.687200927699962;0.5879449248;6.303896643608868;2022-11-21T23:00:00Z
35.35026666666667;0.0;0.0;0.0;-1.8338989257999856;0.5879354477;6.345252370091074;2022-11-22T00:00:00Z
32.66685;0.0;0.0;0.0;-1.8765014647999578;0.5879247785;7.394681929205907;2022-11-22T01:00:00Z
40.833366666666656;0.0;0.0;0.0;-1.9086059569999634;0.5879318714;7.484416433050607;2022-11-22T02:00:00Z
37.10005;0.0;0.0;0.0;-1.9130004882999856;0.5879345536;7.6561311591733565;2022-11-22T03:00:00Z
37.21673333333333;0.0;0.0;0.0;-1.7993530272999578;0.5879301429;7.6938307679989295;2022-11-22T04:00:00Z
32.433633333333326;0.0;0.0;0.0;-1.6577514647999578;0.587941587;7.942960989464959;2022-11-22T05:00:00Z
24.034483333333327;0.0;0.0;0.0;-1.4991210937999995;0.5879437327;8.352792632468855;2022-11-22T06:00:00Z
5.1008;30.308222222222216;0.1199999999999999;0.8711111111111111;-1.31156005859998;0.5879209042;7.922332879805982;2022-11-22T07:00:00Z
25.00048333333333;12.550444444444445;0.1199999999999999;22.95111111111111;-1.1590942382999856;0.5879240632;7.809255752483187;2022-11-22T08:00:00Z
69.0001;44.51444444444444;25.118;56.85333333333333;-0.6662658690999592;0.5879387856;7.994816287752398;2022-11-22T09:00:00Z
64.0006;0.0;0.0;102.24;-0.10825195309996616;0.5879794359;7.408021302715297;2022-11-22T10:00:00Z
60.001;0.0;0.0;95.73333333333333;0.2602783203000172;0.587959826;7.218400017105364;2022-11-22T11:00:00Z
67.00128333333333;0.0;0.0;117.44;0.8340087891000394;0.5879343152;6.561391945741156;2022-11-22T12:00:00Z
270.0008;0.0;0.0;91.82222222222222;1.044305419900013;0.5879151821;6.325585536656757;2022-11-22T13:00:00Z
220.00085;0.0;0.0;65.04888888888888;1.3702636719000338;0.5878969431;6.296412157189255;2022-11-22T14:00:00Z
70.001;0.0;0.0;21.10222222222222;1.133569335900006;0.5878890157;5.790611290006672;2022-11-22T15:00:00Z
586.66715;0.0;0.0;0.0;1.062219238300031;0.5879425406;6.381965511126353;2022-11-22T16:00:00Z
228.16761666666665;0.0;0.0;0.0;1.0381103516000394;0.5879870057;7.153466059271716;2022-11-22T17:00:00Z
77.26826666666666;0.0;0.0;0.0;1.107965087900027;0.5880463719;7.114703518251216;2022-11-22T18:00:00Z
41.95128333333333;0.0;0.0;0.0;1.1830688477000422;0.5881106853;6.548588013024304;2022-11-22T19:00:00Z
57.36736666666666;0.0;0.0;0.0;1.113000488300031;0.5882012844;6.174153978713126;2022-11-22T20:00:00Z
85.05023333333334;0.0;0.0;0.0;1.059289550800031;0.5883257985;6.712062272518633;2022-11-22T21:00:00Z
75.31791666666666;0.0;0.0;0.0;0.9574218750000227;0.5877238512;6.458957153037436;2022-11-22T22:00:00Z
20.8355;0.0;0.0;0.0;0.923211669900013;0.5878125429;6.271546153323264;2022-11-22T23:00:00Z
28.7005;0.0;0.0;0.0;0.7677856445000089;0.5879046321;6.077278076089937;2022-11-23T00:00:00Z
40.25025;0.0;0.0;0.0;0.7094665527000075;0.5880279541;6.08445409083364;2022-11-23T01:00:00Z
35.467016666666666;0.0;0.0;0.0;0.6773620605000019;0.5881372094;6.203131868783269;2022-11-23T02:00:00Z
32.783566666666665;0.0;0.0;0.0;0.7017150879000269;0.5882154107;5.887389132332364;2022-11-23T03:00:00Z
35.93343333333333;0.0;0.0;0.0;0.47036132810001163;0.5883350372;5.8525467483349844;2022-11-23T04:00:00Z
38.7335;0.0;0.0;0.0;0.16002807620003523;0.5884680748;5.845333282166439;2022-11-23T05:00:00Z
25.734583333333333;0.0;0.0;0.0;0.15059814450000886;0.5885830522;5.775338928932023;2022-11-23T06:00:00Z
59.900433333333325;8.998888888888889;0.1199999999999999;0.9244444444444444;0.2412353516000394;0.5886893868;5.614245830982933;2022-11-23T07:00:00Z
57.00021666666667;51.617555555555555;5.119;41.422222222222224;0.8315063477000422;0.5887053609;5.621686368434784;2022-11-23T08:00:00Z
60.83425;19.65355555555556;20.119;122.91555555555556;2.0227294922000283;0.5885959864;5.6044184180000824;2022-11-23T09:00:00Z
70.0;0.0;0.0;166.84444444444443;3.608850097700042;0.5881851315;4.841124131257316;2022-11-23T10:00:00Z
55.33421666666666;0.0;0.0;191.04;4.805474853500016;0.5879448652;4.0262470418276495;2022-11-23T11:00:00Z
45.00208333333333;0.0;0.0;217.12;5.707299804700028;0.5877488256;3.851385784070595;2022-11-23T12:00:00Z
62.0018;0.0;0.0;178.9688888888889;6.102349853500016;0.5876102448;4.115785299947425;2022-11-23T13:00:00Z
65.66776666666667;0.0;0.0;99.09333333333333;5.621728515600012;0.5875524879;5.2877959575521345;2022-11-23T14:00:00Z
438.00131666666664;0.0;0.0;26.613333333333333;4.746728515600012;0.5875902176;6.348905052884628;2022-11-23T15:00:00Z
67.0013;0.0;0.0;0.0;3.694848632800017;0.5877318978;6.836498855663528;2022-11-23T16:00:00Z
69.91753333333334;0.0;0.0;0.0;3.2080932617000144;0.5879464746;7.129389079500838;2022-11-23T17:00:00Z
64.58395;0.0;0.0;0.0;2.749169921900034;0.5881270766;6.832948414246373;2022-11-23T18:00:00Z
87.43358333333333;0.0;0.0;0.0;2.386285400400027;0.58835572;6.434630993951313;2022-11-23T19:00:00Z
88.00011666666667;0.0;0.0;0.0;2.0982299805000366;0.588566184;6.018318782688668;2022-11-23T20:00:00Z
64.58368333333333;0.0;0.0;0.0;1.726464843800045;0.5887724757;5.6905549338807715;2022-11-23T21:00:00Z
404.35118333333327;0.0;0.0;0.0;1.173608398400006;0.5887875557;4.992330941817127;2022-11-23T22:00:00Z
89.08531666666667;0.0;0.0;0.0;0.7605834961000255;0.5889057517;5.177873656644813;2022-11-23T23:00:00Z
33.25026666666667;0.0;0.0;0.0;0.8373046875000227;0.5889862776;5.483540151640454;2022-11-24T00:00:00Z
35.000233333333334;0.0;0.0;0.0;0.6366516113000102;0.5891010165;5.688119277275479;2022-11-24T01:00:00Z
29.75018333333333;0.0;0.0;0.0;0.44130859380004495;0.589235425;5.54237697948655;2022-11-24T02:00:00Z
33.01676666666667;0.0;0.0;0.0;0.2463623047000283;0.5894001722;5.104417869674017;2022-11-24T03:00:00Z
27.766816666666667;0.0;0.0;0.0;-0.2040771483999606;0.5895593762;4.967142337968858;2022-11-24T04:00:00Z
29.516833333333327;0.0;0.0;0.0;-0.6777099608999606;0.5897002816;4.523178798399269;2022-11-24T05:00:00Z
31.933966666666663;0.0;0.0;0.0;-0.8146728515999939;0.5898317695;4.311626428072941;2022-11-24T06:00:00Z
15.366733333333332;36.52344444444444;0.1199999999999999;0.7644444444444445;-0.7847045897999578;0.5899544954;4.151034078739732;2022-11-24T07:00:00Z
25.000233333333327;6.335222222222222;20.119;38.93333333333333;0.2723022461000255;0.5899672508;3.899014986892036;2022-11-24T08:00:00Z
49.00118333333333;35.635555555555555;5.118999999999999;108.8;1.1175781250000227;0.5898222327;3.46447166731803;2022-11-24T09:00:00Z
49.00118333333333;0.0;0.0;166.95111111111112;2.4843078613000102;0.5895849466;2.1703884643950486;2022-11-24T10:00:00Z
49.00118333333333;0.0;0.0;198.08;3.418481445300017;0.5902159214;2.247897768917581;2022-11-24T11:00:00Z
56.0016;0.0;0.0;189.33333333333334;4.2303100586000255;0.5902783275;2.4729313992887785;2022-11-24T12:00:00Z
60.33505;0.0;0.0;155.21777777777777;4.648706054700028;0.5899356604;2.1985855454942977;2022-11-24T13:00:00Z
59.00118333333333;0.0;0.0;91.57333333333334;4.3978820801000325;0.589862287;2.0409472367449677;2022-11-24T14:00:00Z
54.001266666666666;0.0;0.0;21.653333333333332;3.5892578125000227;0.5898492336;2.2103418764048293;2022-11-24T15:00:00Z
60.66818333333334;0.0;0.0;0.0;3.273583984400034;0.5898858309;2.2819713928228773;2022-11-24T16:00:00Z
306.0340166666667;0.0;0.0;0.0;2.8174377441000047;0.5899868011;2.7579853779714614;2022-11-24T17:00:00Z
68.53370000000001;0.0;0.0;0.0;2.3283935547000283;0.5901021957;2.7463072912660977;2022-11-24T18:00:00Z
76.01693333333331;0.0;0.0;0.0;1.823937988300031;0.5902227759;2.7488788523880925;2022-11-24T19:00:00Z
81.88349999999998;0.0;0.0;0.0;1.2211853027000075;0.5903661251;3.109415362928008;2022-11-24T20:00:00Z
77.00023333333334;0.0;0.0;0.0;0.528619384800038;0.5905247927;3.5072340018864607;2022-11-24T21:00:00Z
109.33443333333332;0.0;0.0;0.0;2.165917968800045;0.5911668539;3.227954659177699;2022-11-24T22:00:00Z
732.76745;0.0;0.0;0.0;2.362817382800017;0.5916954279;3.4504104966695066;2022-11-24T23:00:00Z
0.0;0.0;0.0;0.0;2.675408935500002;0.5919413567;3.017685580416909;2022-11-25T00:00:00Z
0.0;0.0;0.0;0.0;2.73629150390002;0.5920401812;2.52134134721838;2022-11-25T01:00:00Z
0.0;0.0;0.0;0.0;2.3213134766000394;0.5920575261;2.272157099760929;2022-11-25T02:00:00Z
0.0;0.0;0.0;0.0;2.4078613281000116;0.5920978189;2.6772718640680173;2022-11-25T03:00:00Z
0.0;0.0;0.0;0.0;2.275598144500009;0.5921530128;3.1509502106618412;2022-11-25T04:00:00Z
0.0;0.0;0.0;0.0;2.2834716797000283;0.5922236443;2.77755799362578;2022-11-25T05:00:00Z
0.0;0.0;0.0;0.0;2.3260131836000255;0.5922560692;2.2062818131326596;2022-11-25T06:00:00Z
0.0;43.62655555555556;0.1199999999999999;0.26666666666666666;1.904199218800045;0.5922806263;2.725794987023526;2022-11-25T07:00:00Z
0.0;21.42933333333333;0.1199999999999999;18.488888888888887;2.0760131836000255;0.5923327208;2.803221533730691;2022-11-25T08:00:00Z
0.0;21.42933333333333;25.118;46.08;2.9710937500000227;0.5921959281;2.676798613426622;2022-11-25T09:00:00Z
0.0;0.0;0.0;99.5911111111111;3.3597961426000325;0.591828227;2.9702895233383497;2022-11-25T10:00:00Z
0.0;0.0;0.0;117.44;4.348748779300024;0.5912949443;3.0231923693398217;2022-11-25T11:00:00Z
0.0;0.0;0.0;137.81333333333333;5.177636718800045;0.5906468034;3.130557887110346;2022-11-25T12:00:00Z
0.0;0.0;0.0;120.51555555555555;5.623651123000002;0.5902751684;3.1760162197601627;2022-11-25T13:00:00Z
0.0;0.0;0.0;64.72888888888889;5.6674133301000325;0.5901718736;3.226598370529987;2022-11-25T14:00:00Z
0.0;0.0;0.0;15.68;5.225244140600012;0.5902019143;3.6374377802221183;2022-11-25T15:00:00Z
0.0;0.0;0.0;0.0;5.145257568400041;0.5903373361;3.951731697558127;2022-11-25T16:00:00Z
0.0;0.0;0.0;0.0;5.1375976562000005;0.5908736587;3.3478777130572834;2022-11-25T17:00:00Z
0.0;0.0;0.0;0.0;5.1043334961000255;0.5923468471;3.1397452524699268;2022-11-25T18:00:00Z
0.0;0.0;0.0;0.0;5.098962402300003;0.5929261446;3.102987181883889;2022-11-25T19:00:00Z
0.0;0.0;0.0;0.0;5.529809570300017;0.5930213332;3.478713723186257;2022-11-25T20:00:00Z
0.0;0.0;0.0;0.0;6.032769775400027;0.5929998159;4.255924724387346;2022-11-25T21:00:00Z
0.0;0.0;0.0;0.0;5.909692382800017;0.59299016;5.178099871000893;2022-11-25T22:00:00Z
0.0;0.0;0.0;0.0;6.0642944336000255;0.5929942131;4.632150567373885;2022-11-25T23:00:00Z
26.483866666666664;0.0;0.0;0.0;6.087121582000009;0.5929948092;4.353231770881815;2022-11-26T00:00:00Z
35.1167;0.0;0.0;0.0;6.186242675800031;0.5929921269;4.76618465908205;2022-11-26T01:00:00Z
37.45001666666667;0.0;0.0;0.0;6.252099609400034;0.5929902196;5.061840674251189;2022-11-26T02:00:00Z
32.9003;0.0;0.0;0.0;6.39547119140002;0.5929896235;5.387531082778266;2022-11-26T03:00:00Z
35.233666666666664;0.0;0.0;0.0;6.568261718800045;0.5929911733;5.739734547210103;2022-11-26T04:00:00Z
37.1009;0.0;0.0;0.0;6.647241210900006;0.5929940939;6.067061415148806;2022-11-26T05:00:00Z
54.3684;0.0;0.0;0.0;6.611047363300031;0.5929941535;6.092296613099876;2022-11-26T06:00:00Z
52.40069999999999;0.1199999999999999;5.119;0.08888888888888889;6.51265869140002;0.5929917693;5.974051455929108;2022-11-26T07:00:00Z
66.00006666666667;34.74766666666667;20.119;9.28;6.3709350586000255;0.5929038525;5.710886408618288;2022-11-26T08:00:00Z
60.00016666666667;41.85077777777778;0.1199999999999999;40.053333333333335;6.388879394500009;0.592631042;5.761449239699059;2022-11-26T09:00:00Z
70.0;0.0;0.0;47.306666666666665;6.823632812500023;0.5922670364;5.626956481299056;2022-11-26T10:00:00Z
32.001016666666665;0.0;0.0;59.75111111111111;7.032434082000009;0.5919569731;6.395674928751423;2022-11-26T11:00:00Z
5.669100000000001;0.0;0.0;75.04;7.306207275400027;0.5913790464;5.409713185856899;2022-11-26T12:00:00Z
32.00246666666667;0.0;0.0;60.23111111111111;7.406335449200014;0.5908990502;5.0193527503829785;2022-11-26T13:00:00Z
36.0024;0.0;0.0;42.75555555555555;7.64254150390002;0.5905815363;3.8456484659091985;2022-11-26T14:00:00Z
31.002483333333327;0.0;0.0;8.586666666666666;7.462060546900034;0.5905748606;3.13256588203421;2022-11-26T15:00:00Z
10.002833333333331;0.0;0.0;0.0;7.025781250000023;0.5906001925;3.1119792153963557;2022-11-26T16:00:00Z
31.035383333333332;0.0;0.0;0.0;6.810205078100012;0.5909079909;3.7153611576667176;2022-11-26T17:00:00Z
79.90076666666667;0.0;0.0;0.0;6.533654785200042;0.5916356444;4.309834023563343;2022-11-26T18:00:00Z
89.01676666666667;0.0;0.0;0.0;6.344445800800031;0.592007339;3.926919567272669;2022-11-26T19:00:00Z
88.66688333333333;0.0;0.0;0.0;6.226159668000037;0.5920249224;3.3511477167609978;2022-11-26T20:00:00Z
83.1836;0.0;0.0;0.0;6.265771484400034;0.5920184851;3.690340562787332;2022-11-26T21:00:00Z
619.4673333333334;0.0;0.0;0.0;6.064050293000037;0.5929114819;3.423490947362025;2022-11-26T22:00:00Z
526.8689166666667;0.0;0.0;0.0;5.935876464800003;0.5930023789;3.1749689238690904;2022-11-26T23:00:00Z
28.3502;0.0;0.0;0.0;5.632531738300031;0.5930193067;2.7069058799699635;2022-11-27T00:00:00Z
34.416716666666666;0.0;0.0;0.0;5.549188232400013;0.593000412;3.1799189945464374;2022-11-27T01:00:00Z
43.98336666666666;0.0;0.0;0.0;5.202722168000037;0.5930023193;3.0361195172325774;2022-11-27T02:00:00Z
38.5;0.0;0.0;0.0;4.4930053711000255;0.5929943919;4.123884713485613;2022-11-27T03:00:00Z
33.83336666666666;0.0;0.0;0.0;3.8447509766000394;0.5929930806;4.523243021026124;2022-11-27T04:00:00Z
32.90045;0.0;0.0;0.0;3.263391113300031;0.5929897428;4.940887496424015;2022-11-27T05:00:00Z
48.68405;0.0;0.0;0.0;2.620629882800017;0.5929892063;5.229153636052804;2022-11-27T06:00:00Z
66.0004;8.111;0.1199999999999999;0.19555555555555557;2.31246337890002;0.5929894447;5.3358814326271755;2022-11-27T07:00:00Z
67.3336;5.447333333333333;0.1199999999999999;35.28888888888889;2.528131103500016;0.5929299593;5.541730995204929;2022-11-27T08:00:00Z
68.50015;67.59955555555555;25.118;119.30666666666667;3.6951538086000255;0.5924957395;5.253559209222666;2022-11-27T09:00:00Z
47.833883333333326;0.0;0.0;182.64888888888888;5.18746337890002;0.5916078687;3.999170152707581;2022-11-27T10:00:00Z
10.001;0.0;0.0;214.72;6.525933837900027;0.5906093717;3.970774289892432;2022-11-27T11:00:00Z
7.66865;0.0;0.0;212.67555555555555;7.216882324200014;0.5896793604;4.271081474056505;2022-11-27T12:00:00Z
9.668699999999998;0.0;0.0;165.26222222222222;7.313592529300024;0.5891425014;5.085182280250125;2022-11-27T13:00:00Z
120.3348;0.0;0.0;95.80444444444444;6.794610595700021;0.588889122;6.11406683047556;2022-11-27T14:00:00Z
70.001;0.0;0.0;22.666666666666668;5.776879882800017;0.5888030529;6.859701201350311;2022-11-27T15:00:00Z
236.6675;0.0;0.0;0.0;4.876550293000037;0.5887983441;7.180094712147021;2022-11-27T16:00:00Z
447.3679333333334;0.0;0.0;0.0;4.620751953100012;0.5888881087;7.52598706290877;2022-11-27T17:00:00Z
71.53393333333334;0.0;0.0;0.0;4.405725097700042;0.5889363289;7.864746515961545;2022-11-27T18:00:00Z
82.50038333333333;0.0;0.0;0.0;4.189843750000023;0.5889027119;7.884841230764236;2022-11-27T19:00:00Z
60.18388333333334;0.0;0.0;0.0;3.782434082000009;0.5888387561;7.549265809161332;2022-11-27T20:00:00Z
37.20126666666666;0.0;0.0;0.0;3.438104248000002;0.5888105035;7.710274668500815;2022-11-27T21:00:00Z
314.38515000000007;0.0;0.0;0.0;3.875543212900027;0.5888075829;8.518371040767038;2022-11-27T22:00:00Z
89.65131666666667;0.0;0.0;0.0;3.9192138672000283;0.5887727737;8.117674377690674;2022-11-27T23:00:00Z
32.433483333333335;0.0;0.0;0.0;3.84371337890002;0.58875072;7.898130698173047;2022-11-28T00:00:00Z
36.05023333333333;0.0;0.0;0.0;3.641229248000002;0.5887122154;8.004597367892753;2022-11-28T01:00:00Z
30.566683333333334;0.0;0.0;0.0;3.6305175781000116;0.588649869;8.108937774454265;2022-11-28T02:00:00Z
34.300066666666666;0.0;0.0;0.0;3.3562866211000255;0.58856529;8.24525611083538;2022-11-28T03:00:00Z
35.35001666666666;0.0;0.0;0.0;3.2066284180000366;0.5884488821;8.289407604383221;2022-11-28T04:00:00Z
36.050083333333326;0.0;0.0;0.0;3.112023925800031;0.5883250237;8.47050883502331;2022-11-28T05:00:00Z
37.65126666666666;0.0;0.0;0.0;2.885308837900027;0.5882106423;8.664651821182261;2022-11-28T06:00:00Z
19.501066666666663;14.326222222222222;25.118;0.10666666666666666;2.576623535200042;0.5881358385;8.679082285918637;2022-11-28T07:00:00Z
46.667333333333325;49.84177777777778;0.1199999999999999;31.324444444444445;2.7699218750000227;0.5880298615;8.622817099655123;2022-11-28T08:00:00Z
48.667133333333325;16.101999999999997;0.1199999999999999;77.79555555555555;3.156152343800045;0.587882936;8.246982312855033;2022-11-28T09:00:00Z
69.00001666666667;0.0;0.0;100.56888888888889;3.9504638672000283;0.5877339244;6.892551813731657;2022-11-28T10:00:00Z
67.16695;0.0;0.0;88.30222222222223;4.387017822300038;0.5875812769;7.304418479346529;2022-11-28T11:00:00Z
59.33434999999999;0.0;0.0;114.75555555555556;4.866967773400006;0.587435782;7.918553725495033;2022-11-28T12:00:00Z
707.6675666666665;0.0;0.0;92.39111111111112;5.137933349600019;0.5872988105;7.786607021723152;2022-11-28T13:00:00Z
70.001;0.0;0.0;36.83555555555556;4.831384277300003;0.587218523;7.4074596947613855;2022-11-28T14:00:00Z
102.3344;0.0;0.0;12.088888888888889;4.463555908200021;0.5871844888;7.607218057143704;2022-11-28T15:00:00Z
399.50105;0.0;0.0;0.0;4.256860351600039;0.5871603489;7.709302396593667;2022-11-28T16:00:00Z
68.06766666666667;0.0;0.0;0.0;3.8570190430000366;0.5871354938;7.565097211163304;2022-11-28T17:00:00Z
81.78333333333333;0.0;0.0;0.0;3.6974426270000436;0.58710742;7.007050368026145;2022-11-28T18:00:00Z
87.56669999999998;0.0;0.0;0.0;3.5833374023000033;0.5870863795;6.481183687777976;2022-11-28T19:00:00Z
81.6669;0.0;0.0;0.0;3.4031616211000255;0.5870767832;6.470220016983756;2022-11-28T20:00:00Z
49.700666666666656;0.0;0.0;0.0;3.5836425781000116;0.5870686769;6.571571020554726;2022-11-28T21:00:00Z
42.36783333333333;0.0;0.0;0.0;3.2998291016000394;0.5870687962;6.428348132440403;2022-11-28T22:00:00Z
15.634366666666667;0.0;0.0;0.0;3.0214172363000102;0.5870637894;6.245420033004587;2022-11-28T23:00:00Z
23.217366666666663;0.0;0.0;0.0;2.7361694336000255;0.5870667696;6.290808516104994;2022-11-29T00:00:00Z
33.60016666666667;0.0;0.0;0.0;2.484002685500002;0.5870659947;6.109138520630984;2022-11-29T01:00:00Z
30.91708333333333;0.0;0.0;0.0;2.4007202148000033;0.5870682597;5.888073796275709;2022-11-29T02:00:00Z
27.6507;0.0;0.0;0.0;2.4719482422000283;0.5870711803;5.934562236303551;2022-11-29T03:00:00Z
34.416716666666666;0.0;0.0;0.0;2.425164794900013;0.5870909095;5.909462891381653;2022-11-29T04:00:00Z
41.983783333333335;0.0;0.0;0.0;2.203912353500016;0.5871009827;5.7517093359784255;2022-11-29T05:00:00Z
33.06806666666667;0.0;0.0;0.0;2.308129882800017;0.5871572495;5.622542158999725;2022-11-29T06:00:00Z
31.33455;16.98988888888889;20.119;0.035555555555555556;2.357202148400006;0.5872015953;5.569968287708131;2022-11-29T07:00:00Z
31.00148333333333;19.65355555555556;5.119;24.497777777777777;2.670068359400034;0.5872009397;5.4890157315099835;2022-11-29T08:00:00Z
38.334083333333325;43.62655555555556;0.1199999999999999;85.65333333333334;3.3375488281000116;0.5871851444;4.770926253744783;2022-11-29T09:00:00Z
44.000433333333326;0.0;0.0;128.05333333333334;3.910913085900006;0.5873388648;4.2892876614081334;2022-11-29T10:00:00Z
27.000716666666666;0.0;0.0;152.17777777777778;4.461968994100005;0.5877149105;4.156261984074099;2022-11-29T11:00:00Z
70.00085;0.0;0.0;149.20888888888888;4.818170166000016;0.5883579254;4.200770060653795;2022-11-29T12:00:00Z
286.66745000000003;0.0;0.0;127.73333333333333;5.021630859400034;0.5889616609;4.417705737424275;2022-11-29T13:00:00Z
420.00065;0.0;0.0;69.61777777777777;4.838220214800003;0.5893456936;4.504728972158584;2022-11-29T14:00:00Z
353.33405000000005;0.0;0.0;15.733333333333333;4.544335937500023;0.5897724628;5.016126614429998;2022-11-29T15:00:00Z
266.16791666666666;0.0;0.0;0.0;4.3773742676000325;0.5902435184;5.501432280603504;2022-11-29T16:00:00Z
59.85093333333333;0.0;0.0;0.0;4.252313232400013;0.590675056;5.588118998265172;2022-11-29T17:00:00Z
51.66753333333333;0.0;0.0;0.0;4.093530273400006;0.5912409425;5.654119496391313;2022-11-29T18:00:00Z
60.68466666666666;0.0;0.0;0.0;4.068872070300017;0.5918489099;5.648081756618881;2022-11-29T19:00:00Z
68.65113333333333;0.0;0.0;0.0;4.009545898400006;0.5920311213;5.7842332170120745;2022-11-29T20:00:00Z
59.068233333333325;0.0;0.0;0.0;4.025720214800003;0.5919088125;5.752173150547826;2022-11-29T21:00:00Z
70.8518;0.0;0.0;0.0;3.977166748000002;0.5918229222;5.294803692362961;2022-11-29T22:00:00Z
47.73466666666666;0.0;0.0;0.0;4.061883544900013;0.5917699337;5.177296259475345;2022-11-29T23:00:00Z
17.73346666666667;0.0;0.0;0.0;3.884515380900041;0.5919166207;5.280481811029246;2022-11-30T00:00:00Z
36.9835;0.0;0.0;0.0;3.6805053711000255;0.5921474099;5.255803379053485;2022-11-30T01:00:00Z
33.83371666666667;0.0;0.0;0.0;3.4895263672000283;0.5921116471;5.261466401024243;2022-11-30T02:00:00Z
29.750416666666663;0.0;0.0;0.0;3.3313842773000033;0.5920215249;5.6094413888587;2022-11-30T03:00:00Z
48.066733333333325;0.0;0.0;0.0;3.1097045898000033;0.5919107199;5.72559009626233;2022-11-30T04:00:00Z
41.300166666666655;0.0;0.0;0.0;3.063623046900034;0.5916793346;5.64301074983897;2022-11-30T05:00:00Z
35.70016666666666;0.0;0.0;0.0;2.934289550800031;0.5914647579;5.787071119224376;2022-11-30T06:00:00Z
18.917;18.765666666666664;25.117999999999995;0.0;2.891809082000009;0.5912390351;5.947239887102891;2022-11-30T07:00:00Z
55.66701666666666;44.51444444444444;0.1199999999999999;10.915555555555555;2.919641113300031;0.5909590721;5.715812373568452;2022-11-30T08:00:00Z
63.33375;21.42933333333333;0.1199999999999999;61.297777777777775;3.1449218750000227;0.5905857086;5.275434603508444;2022-11-30T09:00:00Z
66.50035;0.0;0.0;122.89777777777778;3.328912353500016;0.5900678039;4.37862061068973;2022-11-30T10:00:00Z
66.50071666666666;0.0;0.0;157.5288888888889;3.5436035156000116;0.5893974304;4.277728873431856;2022-11-30T11:00:00Z
383.00105;0.0;0.0;182.73777777777778;3.747796630900041;0.5888267159;4.219861755008281;2022-11-30T12:00:00Z
113.66825;0.0;0.0;140.5511111111111;3.7373901367000144;0.5884468555;4.210951424131798;2022-11-30T13:00:00Z
67.00105;0.0;0.0;84.24888888888889;3.19527587890002;0.588277936;4.650295066344861;2022-11-30T14:00:00Z
61.00115;0.0;0.0;18.95111111111111;2.5852294922000283;0.5882558227;5.442089924466452;2022-11-30T15:00:00Z
706.0005833333332;0.0;0.0;0.0;2.005395507800017;0.5882868767;5.642893150487819;2022-11-30T16:00:00Z
111.41775;0.0;0.0;0.0;1.6509033203000172;0.5883247256;5.621476596558357;2022-11-30T17:00:00Z
74.83393333333333;0.0;0.0;0.0;1.4123779297000283;0.5883284211;5.630829735609829;2022-11-30T18:00:00Z
80.75033333333333;0.0;0.0;0.0;1.1646972656000116;0.5883292556;5.679523767383022;2022-11-30T19:00:00Z
91.0;0.0;0.0;0.0;0.94234619140002;0.5883033872;5.468634584471336;2022-11-30T20:00:00Z
75.93368333333333;0.0;0.0;0.0;0.7519775391000394;0.5882675648;5.378911366096341;2022-11-30T21:00:00Z
51.16836666666666;0.0;0.0;0.0;0.5644775391000394;0.5881656408;4.831746747578505;2022-11-30T22:00:00Z
69.11776666666667;0.0;0.0;0.0;0.3377319336000255;0.5880896449;4.567133421607056;2022-11-30T23:00:00Z
29.28355;0.0;0.0;0.0;0.2740417480000019;0.5880208611;4.261446094350784;2022-12-01T00:00:00Z
30.91715;0.0;0.0;0.0;0.19579467770000747;0.5879570246;3.794190839599015;2022-12-01T01:00:00Z
27.7668;0.0;0.0;0.0;0.031579589800003305;0.5879011154;3.749862796679123;2022-12-01T02:00:00Z
29.166716666666662;0.0;0.0;0.0;-0.1793579101999967;0.587844193;3.756915421847039;2022-12-01T03:00:00Z
32.78335;0.0;0.0;0.0;-0.34091796879999947;0.5877899528;3.5852513257113463;2022-12-01T04:00:00Z
30.683466666666668;0.0;0.0;0.0;-0.5007690429999911;0.5877394676;3.5327849260814546;2022-12-01T05:00:00Z
73.80024999999998;0.0;0.0;0.0;-0.5372680663999745;0.5876963735;3.822552236605999;2022-12-01T06:00:00Z
17.468149999999994;19.65355555555556;0.1199999999999999;0.0;-0.5431274413999745;0.5876527429;3.9876248133539227;2022-12-01T07:00:00Z
19.00168333333333;49.84177777777778;20.119;9.991111111111111;-0.49329223629996477;0.5876088738;3.9600464333141954;2022-12-01T08:00:00Z
46.66716666666667;10.774666666666667;5.119;33.528888888888886;-0.3880981444999634;0.5875492096;3.902537711996184;2022-12-01T09:00:00Z
53.66705;0.0;0.0;64.28444444444445;0.09151611330003107;0.5874524117;3.8519593813504147;2022-12-01T10:00:00Z
52.00143333333333;0.0;0.0;85.10222222222222;0.38518676760003245;0.5873863101;3.6406888914133324;2022-12-01T11:00:00Z
46.8349;0.0;0.0;74.95111111111112;0.4956909180000366;0.5873609781;3.6588279513925936;2022-12-01T12:00:00Z
70.001;0.0;0.0;63.093333333333334;0.5826660156000116;0.5873551965;3.627771478782361;2022-12-01T13:00:00Z
686.66705;0.0;0.0;50.48888888888889;0.6383300781000116;0.5873667002;3.597224110824218;2022-12-01T14:00:00Z
586.66715;0.0;0.0;8.995555555555555;0.5864501953000172;0.5874077678;4.253176560214053;2022-12-01T15:00:00Z
70.001;0.0;0.0;0.0;0.5563598633000311;0.5875306129;4.427429516016476;2022-12-01T16:00:00Z
72.21755;0.0;0.0;0.0;0.4907470703000172;0.5876584649;4.194444305942627;2022-12-01T17:00:00Z
92.28333333333332;0.0;0.0;0.0;0.4104858398000033;0.5877280831;3.9844659403135325;2022-12-01T18:00:00Z
58.650566666666656;0.0;0.0;0.0;0.3498779297000283;0.587752223;3.7138732931394705;2022-12-01T19:00:00Z
45.8841;0.0;0.0;0.0;0.31026611330003107;0.5877606869;3.751310082549816;2022-12-01T20:00:00Z
49.6013;0.0;0.0;0.0;0.527703857400013;0.5877596736;4.2732674131226265;2022-12-01T21:00:00Z
79.43508333333334;0.0;0.0;0.0;0.6159912109000061;0.5876306295;4.583156468380493;2022-12-01T22:00:00Z
66.63518333333333;0.0;0.0;0.0;0.8257995605000019;0.5877560377;4.638051815297613;2022-12-01T23:00:00Z
0.0;0.0;0.0;0.0;0.9854675293000241;0.5879787207;4.555804461266043;2022-12-02T00:00:00Z
0.0;0.0;0.0;0.0;0.974511718800045;0.5882575512;4.514900916737777;2022-12-02T01:00:00Z
0.0;0.0;0.0;0.0;1.0298095703000172;0.5885481834;4.646553471838688;2022-12-02T02:00:00Z
0.0;0.0;0.0;0.0;0.9537902832000213;0.588860929;5.074219185663735;2022-12-02T03:00:00Z
0.0;0.0;0.0;0.0;0.8577514648000033;0.5891752839;5.355401457342583;2022-12-02T04:00:00Z
0.0;0.0;0.0;0.0;0.9069763184000408;0.5894365907;5.447122406542659;2022-12-02T05:00:00Z
0.0;0.0;0.0;0.0;0.9150939941000047;0.5896254778;5.624251923745973;2022-12-02T06:00:00Z
0.0;24.980888888888888;0.1199999999999999;0.0;0.86617431640002;0.5897827148;5.855689855569296;2022-12-02T07:00:00Z
0.0;52.50544444444444;0.1199999999999999;12.284444444444444;0.8649230957000213;0.5899506211;6.970376876625016;2022-12-02T08:00:00Z
0.0;3.671555555555555;25.118;51.004444444444445;1.0808044434000408;0.590264678;7.821313112985713;2022-12-02T09:00:00Z
0.0;0.0;0.0;59.18222222222222;1.2542358398000033;0.5894331932;6.266797131498926;2022-12-02T10:00:00Z
0.0;0.0;0.0;74.91555555555556;1.0944763184000408;0.5891628265;5.9305050389200735;2022-12-02T11:00:00Z
0.0;0.0;0.0;60.035555555555554;0.9254394531000116;0.5889103413;5.6566348669956055;2022-12-02T12:00:00Z
0.0;0.0;0.0;52.83555555555556;0.7882629395000436;0.5887207985;5.557933053944516;2022-12-02T13:00:00Z
0.0;0.0;0.0;30.862222222222222;0.5218139648000033;0.5885733962;5.823917935273516;2022-12-02T14:00:00Z
0.0;0.0;0.0;7.3244444444444445;0.2117553711000255;0.5884804726;6.188163062985802;2022-12-02T15:00:00Z
0.0;0.0;0.0;0.0;-0.09805908199996338;0.5883988142;6.578529224859195;2022-12-02T16:00:00Z
0.0;0.0;0.0;0.0;-0.3136657714999842;0.5883069634;6.335286897770096;2022-12-02T17:00:00Z
0.0;0.0;0.0;0.0;-0.4885009765999939;0.5882345438;6.331353336708076;2022-12-02T18:00:00Z
0.0;0.0;0.0;0.0;-0.5904296874999773;0.5881695747;6.382635463712066;2022-12-02T19:00:00Z
0.0;0.0;0.0;0.0;-0.7063354491999689;0.5880976915;6.082786038918502;2022-12-02T20:00:00Z
0.0;0.0;0.0;0.0;-0.8033813476999967;0.5880461931;6.101713559855768;2022-12-02T21:00:00Z
0.0;0.0;0.0;0.0;-0.9064697265999939;0.5875476599;5.7696169268879185;2022-12-02T22:00:00Z
0.0;0.0;0.0;0.0;-1.009985351599994;0.5874957442;5.70996004946178;2022-12-02T23:00:00Z
20.41715;0.0;0.0;0.0;-1.2147583007999856;0.5874555111;5.6052168548492265;2022-12-03T00:00:00Z
22.98433333333333;0.0;0.0;0.0;-1.2936157226999967;0.5874203444;5.747395265277746;2022-12-03T01:00:00Z
31.26695;0.0;0.0;0.0;-1.3864807128999814;0.5873935819;5.965703932293208;2022-12-03T02:00:00Z
25.317116666666667;0.0;0.0;0.0;-1.4596313476999967;0.5873760581;5.883323773659561;2022-12-03T03:00:00Z
28.0;0.0;0.0;0.0;-1.5172485351999967;0.5873842239;6.796909696706884;2022-12-03T04:00:00Z
27.65005;0.0;0.0;0.0;-1.5429748534999703;0.5873616934;6.030149366897282;2022-12-03T05:00:00Z
19.60086666666667;0.0;0.0;0.0;-1.5997680663999745;0.5873638391;5.568218268718083;2022-12-03T06:00:00Z
5.816883333333334;53.39333333333333;20.119;0.0;-1.7052673339999842;0.587415874;5.639012013045401;2022-12-03T07:00:00Z
25.83396666666667;32.084;0.1199999999999999;10.4;-1.7164672851999967;0.5874946713;5.671722368428382;2022-12-03T08:00:00Z
59.33356666666666;0.1199999999999999;5.119;33.635555555555555;-1.5695861815999592;0.5875567198;5.422758179220652;2022-12-03T09:00:00Z
53.00036666666666;0.0;0.0;54.64888888888889;-1.5448364257999856;0.5875942707;4.7202579302896455;2022-12-03T10:00:00Z
54.667033333333336;0.0;0.0;113.06666666666666;-1.2836059569999634;0.5876284242;4.136247957420284;2022-12-03T11:00:00Z
237.16761666666665;0.0;0.0;112.01777777777778;-1.1215576171999828;0.5876396298;4.153336520480183;2022-12-03T12:00:00Z
69.0011;0.0;0.0;75.68;-1.091894531199955;0.5876578689;4.174015567384641;2022-12-03T13:00:00Z
66.83465;0.0;0.0;40.07111111111111;-1.108618164099994;0.5876799822;4.703285883941012;2022-12-03T14:00:00Z
69.16775;0.0;0.0;7.608888888888889;-1.0960449218999884;0.5877193213;4.863403179868633;2022-12-03T15:00:00Z
66.50135;0.0;0.0;0.0;-1.08304443359998;0.5877146721;4.853114862190018;2022-12-03T16:00:00Z
71.03456666666666;0.0;0.0;0.0;-0.9503845214999842;0.5877162814;5.097579177294585;2022-12-03T17:00:00Z
84.16746666666667;0.0;0.0;0.0;-0.9087890624999773;0.5877177715;5.475918757366977;2022-12-03T18:00:00Z
82.15033333333331;0.0;0.0;0.0;-0.9197143554999911;0.5877172351;5.156763004994592;2022-12-03T19:00:00Z
68.70063333333334;0.0;0.0;0.0;-0.8574890136999898;0.5877172351;5.611673362515958;2022-12-03T20:00:00Z
60.80075000000001;0.0;0.0;0.0;-0.8224853515999939;0.5877169371;5.616903413855731;2022-12-03T21:00:00Z
598.3505;0.0;0.0;0.0;-0.6812194823999675;0.587651968;5.580440858511655;2022-12-03T22:00:00Z
186.8514333333333;0.0;0.0;0.0;-0.6650451659999703;0.5876505375;5.851251595334956;2022-12-03T23:00:00Z
16.21695;0.0;0.0;0.0;-0.6585449218999884;0.5876504779;5.393534698919653;2022-12-04T00:00:00Z
34.30018333333334;0.0;0.0;0.0;-0.6677001952999717;0.5876504779;5.552466497888992;2022-12-04T01:00:00Z
38.15055;0.0;0.0;0.0;-0.48102416989996755;0.5876577497;6.304606997508496;2022-12-04T02:00:00Z
35.350233333333335;0.0;0.0;0.0;-0.3606018065999592;0.5876541138;6.371076614595094;2022-12-04T03:00:00Z
30.916883333333327;0.0;0.0;0.0;-0.1730102538999745;0.5876540542;6.610812763040896;2022-12-04T04:00:00Z
58.78388333333333;0.0;0.0;0.0;0.012658691400019961;0.5876632333;6.403588055605623;2022-12-04T05:00:00Z
54.167583333333326;0.0;0.0;0.0;0.09108886720002829;0.5876852274;6.330800334448427;2022-12-04T06:00:00Z
58.21685;19.65355555555556;0.1199999999999999;0.0;0.1892944336000255;0.587685287;6.1222259886842565;2022-12-04T07:00:00Z
64.00021666666666;44.51444444444444;5.119;6.897777777777778;0.22475585940003384;0.5876913667;6.202696859036119;2022-12-04T08:00:00Z
37.00055;19.65355555555556;20.119;26.95111111111111;0.3747802734000061;0.5877206326;6.95859521627751;2022-12-04T09:00:00Z
69.00001666666667;0.0;0.0;41.333333333333336;0.3755432129000269;0.5877078772;4.879588996092943;2022-12-04T10:00:00Z
70.0001;0.0;0.0;71.94666666666667;0.6445251465000297;0.5877147913;4.9801108209175915;2022-12-04T11:00:00Z
33.00161666666666;0.0;0.0;72.8711111111111;0.88863525390002;0.5877116919;4.77688869686867;2022-12-04T12:00:00Z
48.001366666666655;0.0;0.0;46.45333333333333;1.0384765625000227;0.5877081156;4.856778000948353;2022-12-04T13:00:00Z
56.66816666666667;0.0;0.0;29.706666666666667;1.3185058594000338;0.5877102017;5.715488888551155;2022-12-04T14:00:00Z
19.0026;0.0;0.0;7.448888888888889;1.3709350586000255;0.5877197981;6.538666469430461;2022-12-04T15:00:00Z
35.50161666666667;0.0;0.0;0.0;1.4797607422000283;0.5877246261;7.006033199538184;2022-12-04T16:00:00Z
388.1182;0.0;0.0;0.0;1.631616210900006;0.5877195001;7.056945594745342;2022-12-04T17:00:00Z
38.36826666666667;0.0;0.0;0.0;1.6723876953000172;0.5877066851;6.632431536447091;2022-12-04T18:00:00Z
79.91715;0.0;0.0;0.0;1.6500793457000213;0.5877180099;6.547174184035026;2022-12-04T19:00:00Z
87.01685;0.0;0.0;0.0;1.6629577637000352;0.5877414942;6.757683711269081;2022-12-04T20:00:00Z
34.55096666666667;0.0;0.0;0.0;1.6224609375000227;0.5877611637;6.476122354308301;2022-12-04T21:00:00Z
368.8679666666666;0.0;0.0;0.0;1.8092285156000116;0.5872300267;6.258600348429572;2022-12-04T22:00:00Z
68.63579999999999;0.0;0.0;0.0;1.8116699219000338;0.5872772932;6.36180357536543;2022-12-04T23:00:00Z
31.266716666666667;0.0;0.0;0.0;1.8512207031000116;0.5873108506;6.432082574855651;2022-12-05T00:00:00Z
32.20023333333333;0.0;0.0;0.0;1.8215576172000283;0.587362349;6.236069666943462;2022-12-05T01:00:00Z
40.48343333333333;0.0;0.0;0.0;1.805383300800031;0.5875778198;6.127110220331735;2022-12-05T02:00:00Z
42.8168;0.0;0.0;0.0;1.7738891602000422;0.5904293656;5.9559236001986235;2022-12-05T03:00:00Z
39.0835;0.0;0.0;0.0;1.8201538086000255;0.592025876;5.842004841196417;2022-12-05T04:00:00Z
34.53353333333334;0.0;0.0;0.0;1.9438720703000172;0.5928661823;5.425573055962972;2022-12-05T05:00:00Z
41.9175;0.0;0.0;0.0;1.92769775390002;0.5929887891;5.319026769257328;2022-12-05T06:00:00Z
64.08338333333333;10.774666666666667;20.119;0.0;1.9827514648000033;0.5929890275;5.204787771857477;2022-12-05T07:00:00Z
65.8334;44.51444444444444;5.119;5.28;2.070520019500009;0.5929913521;4.818292165851955;2022-12-05T08:00:00Z
65.50045;26.756666666666668;0.1199999999999999;21.031111111111112;2.3971191406000116;0.5929936171;4.200151670446638;2022-12-05T09:00:00Z
68.6668;0.0;0.0;52.44444444444444;2.5525756836000255;0.5929189324;3.6989205760772665;2022-12-05T10:00:00Z
68.5005;0.0;0.0;66.02666666666667;2.7262512207000213;0.59285748;3.2395594544497675;2022-12-05T11:00:00Z
69.6677;0.0;0.0;56.81777777777778;3.0123535156000116;0.5928764939;2.6067706555209034;2022-12-05T12:00:00Z
69.3344;0.0;0.0;38.471111111111114;3.0055175781000116;0.5929198265;2.2446180849528234;2022-12-05T13:00:00Z
49.00135;0.0;0.0;17.226666666666667;2.976770019500009;0.5929148197;2.1498983377409817;2022-12-05T14:00:00Z
212.50181666666663;0.0;0.0;3.8933333333333335;2.86910400390002;0.5929608941;1.9929095860278732;2022-12-05T15:00:00Z
323.00205;0.0;0.0;0.0;2.6871582031000116;0.5930057764;1.8309896330474493;2022-12-05T16:00:00Z
30.33568333333333;0.0;0.0;0.0;2.583795166000016;0.5929919481;2.2889383363299576;2022-12-05T17:00:00Z
462.88395;0.0;0.0;0.0;2.629357910200042;0.5929861069;3.0283214413046116;2022-12-05T18:00:00Z
98.0;0.0;0.0;0.0;2.632287597700042;0.5929809809;3.8926008927184;2022-12-05T19:00:00Z
86.10044999999998;0.0;0.0;0.0;2.5730834961000255;0.5929756761;4.349186662348065;2022-12-05T20:00:00Z
88.55044999999998;0.0;0.0;0.0;2.4847045898000033;0.5929530859;4.421092507767475;2022-12-05T21:00:00Z
141.70139999999995;0.0;0.0;0.0;2.4775634766000394;0.5929356813;4.215302734714212;2022-12-05T22:00:00Z
46.002116666666666;0.0;0.0;0.0;2.315576171900034;0.5929327011;4.479560216740484;2022-12-05T23:00:00Z
16.917366666666666;0.0;0.0;0.0;2.1435791016000394;0.5929110646;4.452847268544586;2022-12-06T00:00:00Z
27.183466666666668;0.0;0.0;0.0;1.919641113300031;0.5928916931;4.2525391992033175;2022-12-06T01:00:00Z
28.0;0.0;0.0;0.0;1.893273925800031;0.5928416848;3.807222712773023;2022-12-06T02:00:00Z
28.0;0.0;0.0;0.0;1.8186889648000033;0.5928106308;3.9786112157237445;2022-12-06T03:00:00Z
27.18345;0.0;0.0;0.0;1.7561889648000033;0.5927471519;4.245256401301641;2022-12-06T04:00:00Z
25.55058333333333;0.0;0.0;0.0;1.665795898400006;0.5927333236;4.181918157413069;2022-12-06T05:00:00Z
22.651416666666663;0.0;0.0;0.0;1.5598999023000033;0.5927321911;3.9333469908484853;2022-12-06T06:00:00Z
3.8512166666666663;17.877777777777776;20.119;0.0;1.484277343800045;0.5926864743;3.7747761113301794;2022-12-06T07:00:00Z
0.0019;32.971888888888884;0.1199999999999999;5.884444444444444;1.4590393066000047;0.5925656557;4.086439339056317;2022-12-06T08:00:00Z
0.002;26.756666666666668;5.119;22.54222222222222;1.5104003906000116;0.5923489332;4.149364839978964;2022-12-06T09:00:00Z
64.66711666666667;0.0;0.0;31.448888888888888;1.699517822300038;0.5926883221;4.423301512021244;2022-12-06T10:00:00Z
44.00088333333333;0.0;0.0;48.81777777777778;1.803430175800031;0.5927208066;4.135233122197523;2022-12-06T11:00:00Z
70.001;0.0;0.0;41.955555555555556;1.79000244140002;0.5927724242;3.8137478829188365;2022-12-06T12:00:00Z
60.00116666666666;0.0;0.0;35.324444444444445;1.8042846680000366;0.5929086208;3.8856915334737194;2022-12-06T13:00:00Z
403.334;0.0;0.0;21.74222222222222;1.723413085900006;0.5929307342;4.268190837289463;2022-12-06T14:00:00Z
503.3339;0.0;0.0;6.168888888888889;1.6552062988000102;0.5929889679;4.3498260948389635;2022-12-06T15:00:00Z
70.001;0.0;0.0;0.0;1.7787414551000325;0.5929893255;4.573805487065791;2022-12-06T16:00:00Z
52.66805;0.0;0.0;0.0;2.0443664551000325;0.5929886103;5.290008480271924;2022-12-06T17:00:00Z
35.81795;0.0;0.0;0.0;2.391137695300017;0.5929887891;5.799591649111353;2022-12-06T18:00:00Z
91.0;0.0;0.0;0.0;2.676141357400013;0.5929937959;5.999139415091596;2022-12-06T19:00:00Z
40.80086666666666;0.0;0.0;0.0;2.7000366211000255;0.5929993987;6.10145164099782;2022-12-06T20:00:00Z
69.01781666666668;0.0;0.0;0.0;2.6585327148000033;0.5930016637;6.125927152699409;2022-12-06T21:00:00Z
85.20153333333333;0.0;0.0;0.0;2.6221557617000144;0.5930022597;6.225530659298154;2022-12-06T22:00:00Z
290.91813333333334;0.0;0.0;0.0;2.309289550800031;0.5930047631;6.286095667449647;2022-12-06T23:00:00Z
28.466816666666663;0.0;0.0;0.0;1.8625122070000089;0.5930082202;6.156667964941874;2022-12-07T00:00:00Z
41.88335;0.0;0.0;0.0;1.5471435547000283;0.592942059;6.127906618599615;2022-12-07T01:00:00Z
37.21666666666666;0.0;0.0;0.0;1.2428527832000213;0.5928723216;5.912403709206858;2022-12-07T02:00:00Z
34.300016666666664;0.0;0.0;0.0;1.092492675800031;0.5929167867;6.070357860886815;2022-12-07T03:00:00Z
29.050016666666664;0.0;0.0;0.0;1.20308837890002;0.593108356;6.730237967215475;2022-12-07T04:00:00Z
36.51673333333333;0.0;0.0;0.0;1.268914794900013;0.5932620764;7.932816222109476;2022-12-07T05:00:00Z
22.050316666666667;0.0;0.0;0.0;1.6846252441000047;0.5932748914;8.15426282235453;2022-12-07T06:00:00Z
22.03458333333333;11.662555555555555;20.119;0.0;2.2698608398000033;0.5932759047;8.59669816996865;2022-12-07T07:00:00Z
53.5004;39.187111111111115;5.118999999999999;7.84;2.684686279300024;0.5932810903;9.3957717236795;2022-12-07T08:00:00Z
65.3338;24.093;0.1199999999999999;38.22222222222222;2.7812744141000394;0.5931475759;9.275334526422826;2022-12-07T09:00:00Z
70.0;0.0;0.0;103.48444444444445;3.10738525390002;0.5926734209;7.9128299693348465;2022-12-07T10:00:00Z
46.500516666666655;0.0;0.0;151.60888888888888;2.9995056152000075;0.5919786692;7.4075228716511905;2022-12-07T11:00:00Z
7.335183333333334;0.0;0.0;159.5911111111111;3.173974609400034;0.591108501;7.620693253366417;2022-12-07T12:00:00Z
221.66863333333333;0.0;0.0;106.08;3.273065185500002;0.5906648636;8.519273276523956;2022-12-07T13:00:00Z
68.6678;0.0;0.0;69.33333333333333;3.1731201172000283;0.5902005434;8.764825954139104;2022-12-07T14:00:00Z
586.66715;0.0;0.0;12.995555555555555;2.799615478500016;0.58996737;8.85765053154741;2022-12-07T15:00:00Z
286.66745000000003;0.0;0.0;0.0;2.4378906250000227;0.58974576;8.739318486070829;2022-12-07T16:00:00Z
70.0005;0.0;0.0;0.0;2.1025634766000394;0.5896036029;8.65984316841417;2022-12-07T17:00:00Z
68.01695000000001;0.0;0.0;0.0;1.9806762695000089;0.589492619;8.262298360798367;2022-12-07T18:00:00Z
81.95016666666666;0.0;0.0;0.0;1.7024780273000033;0.5894531608;7.786303106944935;2022-12-07T19:00:00Z
73.28398333333331;0.0;0.0;0.0;1.2348876953000172;0.589494884;7.177882580361142;2022-12-07T20:00:00Z
27.48493333333333;0.0;0.0;0.0;0.843072509800038;0.5895757079;6.545362012793565;2022-12-07T21:00:00Z
32.801883333333336;0.0;0.0;0.0;-0.03546752929997865;0.5897098184;5.9817461079185135;2022-12-07T22:00:00Z
18.3177;0.0;0.0;0.0;-0.133489990199962;0.5898153782;5.122101781515638;2022-12-07T23:00:00Z
25.43378333333333;0.0;0.0;0.0;0.025720214800003305;0.5899330974;4.6659092632184676;2022-12-08T00:00:00Z
26.48355;0.0;0.0;0.0;0.08785400390001996;0.5900655389;4.627602626090906;2022-12-08T01:00:00Z
27.65028333333333;0.0;0.0;0.0;0.09432373050003662;0.5902124047;4.909734325679221;2022-12-08T02:00:00Z
29.63368333333333;0.0;0.0;0.0;0.39205322270004217;0.5904064775;5.552103493710961;2022-12-08T03:00:00Z
34.3001;0.0;0.0;0.0;0.5494628906000116;0.5907915235;6.520779283655238;2022-12-08T04:00:00Z
35.46686666666666;0.0;0.0;0.0;0.75093994140002;0.5910986662;7.562339870683479;2022-12-08T05:00:00Z
27.767;0.0;0.0;0.0;0.9202514648000033;0.5911656022;7.760317051025491;2022-12-08T06:00:00Z
5.834416666666667;32.084;0.1199999999999999;0.0;0.8915039062000005;0.591219902;7.471117926964517;2022-12-08T07:00:00Z
55.50048333333333;13.438333333333333;0.1199999999999999;16.604444444444443;1.1739440918000241;0.591293335;7.323639069209824;2022-12-08T08:00:00Z
31.83415;38.29922222222221;25.118;66.64888888888889;1.6888671875000227;0.5912562013;7.392992329954326;2022-12-08T09:00:00Z
10.001;0.0;0.0;102.02666666666667;1.9637695312000005;0.5931181312;6.843349399169688;2022-12-08T10:00:00Z
70.0004;0.0;0.0;112.28444444444445;2.1126342773000033;0.5931572318;6.391278300590782;2022-12-08T11:00:00Z
70.001;0.0;0.0;116.30222222222223;2.3276306152000075;0.5931484103;6.272005373279905;2022-12-08T12:00:00Z
303.33410000000003;0.0;0.0;66.38222222222223;2.3052612305000366;0.5932241678;7.15980567953683;2022-12-08T13:00:00Z
47.00138333333334;0.0;0.0;38.897777777777776;2.3229309082000213;0.5932251215;6.248599386509739;2022-12-08T14:00:00Z
201.00116666666665;0.0;0.0;7.662222222222222;2.050164794900013;0.5932076573;5.483676182077772;2022-12-08T15:00:00Z
70.001;0.0;0.0;0.0;2.0142456055000366;0.5932117105;5.256778210154147;2022-12-08T16:00:00Z
303.3337;0.0;0.0;0.0;1.6670776367000144;0.5932152271;4.713758116973707;2022-12-08T17:00:00Z
20.23443333333333;0.0;0.0;0.0;1.5883422852000422;0.5932205915;4.213103824467259;2022-12-08T18:00:00Z
69.7837;0.0;0.0;0.0;1.2980285645000436;0.5932255387;3.9867580085851224;2022-12-08T19:00:00Z
62.88445000000001;0.0;0.0;0.0;1.0654235840000297;0.593221724;3.744781165098335;2022-12-08T20:00:00Z
86.0672;0.0;0.0;0.0;1.062402343800045;0.5931833386;3.302243254465233;2022-12-08T21:00:00Z
101.81891666666667;0.0;0.0;0.0;0.7766357422000283;0.5931399465;2.1775787542063187;2022-12-08T22:00:00Z
357.6355833333333;0.0;0.0;0.0;0.9043823242000144;0.59313941;1.7344158128868907;2022-12-08T23:00:00Z
0.0;0.0;0.0;0.0;0.40352783200000886;0.5931067467;1.20814515324341;2022-12-09T00:00:00Z
0.0;0.0;0.0;0.0;-0.08771362299995644;0.5930682421;1.8814789867875832;2022-12-09T01:00:00Z
0.0;0.0;0.0;0.0;-0.21222534179997865;0.5930868387;2.2849082578254025;2022-12-09T02:00:00Z
0.0;0.0;0.0;0.0;-0.2208618163999745;0.5931458473;1.9754575562476577;2022-12-09T03:00:00Z
0.0;0.0;0.0;0.0;-0.2840942382999856;0.5932697654;1.373895117683859;2022-12-09T04:00:00Z
0.0;0.0;0.0;0.0;-0.5454467772999578;0.5932670832;0.811064071723542;2022-12-09T05:00:00Z
0.0;0.0;0.0;0.0;-0.9073242187999995;0.5931510329;0.41318784325714264;2022-12-09T06:00:00Z
0.0;28.532444444444444;0.1199999999999999;0.0;-1.401647949199969;0.5931186676;1.2958543990366678;2022-12-09T07:00:00Z
0.0;46.29022222222222;20.119;9.404444444444444;-0.8095764159999703;0.5930911303;2.120456577683657;2022-12-09T08:00:00Z
0.0;5.447333333333333;5.119;54.80888888888889;-0.46097412109998004;0.5928294063;2.0205896642375856;2022-12-09T09:00:00Z
0.0;0.0;0.0;91.27111111111111;-0.6350463866999689;0.5924227834;2.1534864781375456;2022-12-09T10:00:00Z
0.0;0.0;0.0;130.11555555555555;-0.6348937987999648;0.5917009711;1.8566931129249968;2022-12-09T11:00:00Z
0.0;0.0;0.0;128.10666666666665;-0.4252075194999634;0.5911434293;2.4448735842396676;2022-12-09T12:00:00Z
0.0;0.0;0.0;81.22666666666667;-0.4179443358999606;0.5905586481;2.9240126760633807;2022-12-09T13:00:00Z
0.0;0.0;0.0;47.715555555555554;-0.5002197265999939;0.5902078748;3.466985567880925;2022-12-09T14:00:00Z
0.0;0.0;0.0;9.386666666666667;-0.8222412108999606;0.5900553465;3.307940103574258;2022-12-09T15:00:00Z
0.0;0.0;0.0;0.0;-0.6979125976999967;0.5899787545;3.376821154792467;2022-12-09T16:00:00Z
0.0;0.0;0.0;0.0;-0.6365112304999911;0.5898600221;3.574714824291661;2022-12-09T17:00:00Z
0.0;0.0;0.0;0.0;-0.7586425780999662;0.5897643566;3.832714034271412;2022-12-09T18:00:00Z
0.0;0.0;0.0;0.0;-0.6629699706999759;0.5897142291;4.307460495710108;2022-12-09T19:00:00Z
0.0;0.0;0.0;0.0;-0.7734436034999703;0.5896450281;4.638075560209112;2022-12-09T20:00:00Z
0.0;0.0;0.0;0.0;-0.8241943358999606;0.5895485878;4.845174110688771;2022-12-09T21:00:00Z
0.0;0.0;0.0;0.0;-1.3778442382999856;0.5894185901;4.610180246051125;2022-12-09T22:00:00Z
0.0;0.0;0.0;0.0;-1.216436767599987;0.5893519521;4.511427998171594;2022-12-09T23:00:00Z
33.48373333333333;0.0;0.0;0.0;-1.1739562987999648;0.5893210173;4.348112722956369;2022-12-10T00:00:00Z
38.38348333333333;0.0;0.0;0.0;-1.3090576171999828;0.589258194;3.9861428445010114;2022-12-10T01:00:00Z
40.95006666666666;0.0;0.0;0.0;-1.3515380858999606;0.5892213583;3.8423535883814943;2022-12-10T02:00:00Z
37.91688333333333;0.0;0.0;0.0;-1.6258605956999759;0.5891566873;3.755932763922492;2022-12-10T03:00:00Z
33.95015;0.0;0.0;0.0;-1.5906738280999662;0.5891310573;4.049929049126135;2022-12-10T04:00:00Z
34.7667;0.0;0.0;0.0;-1.7440551757999856;0.5890646577;4.125954313610726;2022-12-10T05:00:00Z
25.083816666666667;0.0;0.0;0.0;-1.8233093261999898;0.5890106559;4.186811599460083;2022-12-10T06:00:00Z
18.667816666666663;42.73866666666665;5.119;0.0;-1.8483032226999967;0.5889534354;4.19298278512464;2022-12-10T07:00:00Z
70.0;24.093;20.119;7.573333333333333;-1.8282531737999648;0.5888842344;4.020041531222199;2022-12-10T08:00:00Z
70.0;16.101999999999997;0.1199999999999999;31.662222222222223;-1.587988281199955;0.5887535214;3.4602982872359838;2022-12-10T09:00:00Z
70.0;0.0;0.0;60.053333333333335;-1.2596191405999662;0.5885509253;3.316002764885326;2022-12-10T10:00:00Z
70.00005;0.0;0.0;78.52444444444444;-1.1453308104999564;0.5884259939;2.938825691249923;2022-12-10T11:00:00Z
195.0017;0.0;0.0;83.92888888888889;-1.1409362792999787;0.5883307457;2.9596376872482253;2022-12-10T12:00:00Z
875.0006666666666;0.0;0.0;64.92444444444445;-1.2251342772999578;0.5882277489;3.253977911652379;2022-12-10T13:00:00Z
63.00111666666666;0.0;0.0;42.00888888888889;-1.3534912108999606;0.5881559253;3.4488953747595867;2022-12-10T14:00:00Z
54.001266666666666;0.0;0.0;8.657777777777778;-1.4372314452999717;0.5881130099;3.5238636576763405;2022-12-10T15:00:00Z
175.66773333333333;0.0;0.0;0.0;-1.65921630859998;0.5880758762;3.766925943960352;2022-12-10T16:00:00Z
44.16803333333333;0.0;0.0;0.0;-1.8147949218999884;0.5880514383;3.7749712710455334;2022-12-10T17:00:00Z
78.13355;0.0;0.0;0.0;-1.8013671874999773;0.5880206823;3.846979314358257;2022-12-10T18:00:00Z
91.00008333333331;0.0;0.0;0.0;-1.9354614257999856;0.5879927874;3.668688268623535;2022-12-10T19:00:00Z
60.86711666666666;0.0;0.0;0.0;-2.032751464799958;0.5879786015;3.5846946296531326;2022-12-10T20:00:00Z
49.26746666666666;0.0;0.0;0.0;-2.1680358886999898;0.5879589915;3.875149967745183;2022-12-10T21:00:00Z
85.53423333333333;0.0;0.0;0.0;-2.2546447753999814;0.5875427723;3.4495183161261527;2022-12-10T22:00:00Z
35.685133333333326;0.0;0.0;0.0;-2.561315917999991;0.5875451565;2.986308694165396;2022-12-10T23:00:00Z
34.06721666666667;0.0;0.0;0.0;-2.978216552699962;0.587546885;2.5116056806460634;2022-12-11T00:00:00Z
35.0;0.0;0.0;0.0;-3.381384277299958;0.5875301957;2.6065370538520725;2022-12-11T01:00:00Z
33.71693333333333;0.0;0.0;0.0;-3.21488037109998;0.5875080824;3.448562196749359;2022-12-11T02:00:00Z
29.63358333333333;0.0;0.0;0.0;-3.3890747069999634;0.5875046253;4.12574445544061;2022-12-11T03:00:00Z
25.20045;0.0;0.0;0.0;-3.407019042999991;0.5875026584;3.3678665080266064;2022-12-11T04:00:00Z
34.8837;0.0;0.0;0.0;-3.3521179198999675;0.5874990225;3.3055649105099096;2022-12-11T05:00:00Z
29.70065;0.0;0.0;0.0;-3.46390380859998;0.5874919295;3.5175638447899487;2022-12-11T06:00:00Z
39.600333333333325;9.886777777777777;5.119;0.0;-3.334509277299958;0.5874800682;3.5964548920403097;2022-12-11T07:00:00Z
69.0001;62.27222222222223;20.119;8.533333333333333;-3.315649414099994;0.5874730945;3.652547913899789;2022-12-11T08:00:00Z
51.50035;6.335222222222222;0.1199999999999999;52.586666666666666;-3.0104125976999967;0.5874543786;3.601742829217766;2022-12-11T09:00:00Z
28.0007;0.0;0.0;87.27111111111111;-2.6901611327999717;0.5873318315;3.660079407930715;2022-12-11T10:00:00Z
43.16783333333334;0.0;0.0;93.61777777777777;-2.4908203124999773;0.587349236;3.5548641823949674;2022-12-11T11:00:00Z
67.0013;0.0;0.0;104.67555555555556;-2.2101196288999745;0.5873758197;3.0099115344218856;2022-12-11T12:00:00Z
632.50085;0.0;0.0;94.89777777777778;-1.9928955077999717;0.5873972178;3.1682256243738833;2022-12-11T13:00:00Z
210.66793333333328;0.0;0.0;66.27555555555556;-2.051611328099966;0.5874062777;3.7662618253366116;2022-12-11T14:00:00Z
61.00115;0.0;0.0;12.96;-2.212377929699983;0.5874162316;4.917338546948294;2022-12-11T15:00:00Z
70.001;0.0;0.0;0.0;-2.5333312987999648;0.5874302983;5.575979282946374;2022-12-11T16:00:00Z
335.55111666666664;0.0;0.0;0.0;-2.6757568358999606;0.5874433517;5.745945999889246;2022-12-11T17:00:00Z
80.78473333333332;0.0;0.0;0.0;-2.5729736327999717;0.5874919295;5.630085570290705;2022-12-11T18:00:00Z
77.71723333333334;0.0;0.0;0.0;-2.465612792999991;0.5875911713;5.561872517698788;2022-12-11T19:00:00Z
75.48365000000001;0.0;0.0;0.0;-2.6411804198999675;0.5877132416;5.546696572398801;2022-12-11T20:00:00Z
65.55075;0.0;0.0;0.0;-2.5179199218999884;0.5878502131;5.7044266187646135;2022-12-11T21:00:00Z
129.76825000000002;0.0;0.0;0.0;-2.487493896499984;0.5880478024;5.149835695402728;2022-12-11T22:00:00Z
20.88445;0.0;0.0;0.0;-2.2552246093999884;0.5880690813;5.167006242177729;2022-12-11T23:00:00Z
22.634283333333332;0.0;0.0;0.0;-2.2516235351999967;0.5880471468;5.29562136622987;2022-12-12T00:00:00Z
43.40018333333333;0.0;0.0;0.0;-2.1730102538999745;0.5879930258;5.236559365950114;2022-12-12T01:00:00Z
45.61688333333333;0.0;0.0;0.0;-2.0611022948999675;0.587918222;5.215482212693891;2022-12-12T02:00:00Z
28.58398333333333;0.0;0.0;0.0;-1.9267333983999606;0.5878589153;5.489192087448238;2022-12-12T03:00:00Z
26.833566666666663;0.0;0.0;0.0;-1.8517517089999842;0.5878009796;6.143664848014374;2022-12-12T04:00:00Z
25.55035;0.0;0.0;0.0;-1.8297485351999967;0.587716043;6.913253862582801;2022-12-12T05:00:00Z
28.733833333333333;0.0;0.0;0.0;-1.8940185546999828;0.5876979232;7.493929094704795;2022-12-12T06:00:00Z
16.267233333333326;14.32622222222222;5.119;0.0;-2.1755126952999717;0.587700367;7.589417729031159;2022-12-12T07:00:00Z
29.667233333333332;56.057;20.119;10.435555555555556;-2.286322021499984;0.5877129436;7.248354624225887;2022-12-12T08:00:00Z
67.83355;10.774666666666665;0.1199999999999999;53.102222222222224;-2.131048583999984;0.5877273679;6.903173730848831;2022-12-12T09:00:00Z
63.000616666666666;0.0;0.0;117.06666666666666;-1.7491821288999745;0.587692976;5.973419892990177;2022-12-12T10:00:00Z
36.00106666666667;0.0;0.0;155.6977777777778;-1.7057861327999717;0.5876840949;5.663623413077009;2022-12-12T11:00:00Z
113.16795;0.0;0.0;150.11555555555555;-1.774694824199969;0.5876773596;5.597185573485217;2022-12-12T12:00:00Z
68.50115;0.0;0.0;126.82666666666667;-1.9490112304999911;0.5876792073;6.225799701704094;2022-12-12T13:00:00Z
69.50105;0.0;0.0;68.30222222222223;-1.891882324199969;0.5876817703;6.80874724357394;2022-12-12T14:00:00Z
386.33405;0.0;0.0;13.6;-2.092077636699969;0.5876758695;6.821542801854792;2022-12-12T15:00:00Z
203.3342;0.0;0.0;0.0;-2.006140136699969;0.587673068;6.577133810065015;2022-12-12T16:00:00Z
323.03418333333326;0.0;0.0;0.0;-2.079931640599966;0.5876843929;6.424471490406642;2022-12-12T17:00:00Z
92.75025;0.0;0.0;0.0;-2.2764648437999995;0.5876811743;6.1555257147443125;2022-12-12T18:00:00Z
86.5171;0.0;0.0;0.0;-2.4205688476999967;0.5876826048;5.755711394110394;2022-12-12T19:00:00Z
85.83385;0.0;0.0;0.0;-2.7843078612999648;0.5876852274;5.582780256942573;2022-12-12T20:00:00Z
89.83358333333332;0.0;0.0;0.0;-2.9835571288999745;0.5876905322;5.64354141679356;2022-12-12T21:00:00Z
69.18496666666667;0.0;0.0;0.0;-2.4212402343999884;0.587443769;5.5231917631826795;2022-12-12T22:00:00Z
9.103283333333332;0.0;0.0;0.0;-2.2721313476999967;0.5874583721;5.826032398657829;2022-12-12T23:00:00Z
22.866866666666663;0.0;0.0;0.0;-2.155737304699983;0.5874615312;5.569666874465664;2022-12-13T00:00:00Z
29.75018333333333;0.0;0.0;0.0;-2.0831359862999648;0.587472558;5.37254053924772;2022-12-13T01:00:00Z
31.73348333333333;0.0;0.0;0.0;-2.254003906199955;0.587474823;5.647961361657669;2022-12-13T02:00:00Z
35.35;0.0;0.0;0.0;-2.3917602538999745;0.5874759555;5.88796931022257;2022-12-13T03:00:00Z
36.63348333333333;0.0;0.0;0.0;-2.5696472167999787;0.5874789953;5.715029557411107;2022-12-13T04:00:00Z
36.40015;0.0;0.0;0.0;-2.8213867187999995;0.5874816775;5.449179556591306;2022-12-13T05:00:00Z
27.30025;0.0;0.0;0.0;-3.262915039099994;0.5874865055;5.580376669864367;2022-12-13T06:00:00Z
10.75135;37.41133333333333;25.118;0.0;-3.373297119099959;0.5874901414;5.622757854041313;2022-12-13T07:00:00Z
53.50098333333333;33.85977777777778;0.1199999999999999;10.4;-3.2057250976999967;0.5874962211;5.088946277079924;2022-12-13T08:00:00Z
58.0002;0.1199999999999999;0.1199999999999999;57.955555555555556;-2.7447265624999773;0.5874964595;4.358585575977846;2022-12-13T09:00:00Z
70.0;0.0;0.0;108.81777777777778;-2.133642578099966;0.5874609947;3.6694235074887;2022-12-13T10:00:00Z
68.83345;0.0;0.0;153.7422222222222;-1.615515136699969;0.5874624252;3.1614650114754443;2022-12-13T11:00:00Z
56.00203333333333;0.0;0.0;166.64888888888888;-1.246710205099987;0.5874603391;3.0448100362603956;2022-12-13T12:00:00Z
482.3350833333333;0.0;0.0;135.52;-1.057897949199969;0.5874629617;2.9140924878473338;2022-12-13T13:00:00Z
530.3347333333334;0.0;0.0;75.87555555555555;-1.3735107421999828;0.5874803066;2.5706741506010466;2022-12-13T14:00:00Z
70.001;0.0;0.0;15.68;-2.837591552699962;0.5874792337;2.7373829327669466;2022-12-13T15:00:00Z
53.001283333333326;0.0;0.0;0.0;-3.592230224599973;0.5874764919;3.221725761292817;2022-12-13T16:00:00Z
51.401333333333326;0.0;0.0;0.0;-4.573950195299972;0.5874832869;3.7923902988446483;2022-12-13T17:00:00Z
88.43398333333334;0.0;0.0;0.0;-4.924230956999963;0.5875061154;4.2026596906364535;2022-12-13T18:00:00Z
75.81715;0.0;0.0;0.0;-5.378332519499963;0.5875326991;4.532386223795239;2022-12-13T19:00:00Z
61.01761666666666;0.0;0.0;0.0;-5.889318847699997;0.5875557065;4.735403926349746;2022-12-13T20:00:00Z
83.98405000000001;0.0;0.0;0.0;-6.040289306599959;0.5875873566;4.934047560578969;2022-12-13T21:00:00Z
52.13456666666666;0.0;0.0;0.0;-6.304541015599966;0.5874929428;4.914695412670108;2022-12-13T22:00:00Z
78.23471666666667;0.0;0.0;0.0;-6.565283203099966;0.5875380039;4.952909055489878;2022-12-13T23:00:00Z
23.10013333333333;0.0;0.0;0.0;-6.668676757799972;0.5875775218;4.859024554852293;2022-12-14T00:00:00Z
34.533516666666664;0.0;0.0;0.0;-6.979284667999991;0.587610662;4.7581279439566835;2022-12-14T01:00:00Z
35.0;0.0;0.0;0.0;-7.237432861299965;0.5876379013;4.877244320860604;2022-12-14T02:00:00Z
34.65005;0.0;0.0;0.0;-7.331182861299965;0.5876496434;4.970509182889882;2022-12-14T03:00:00Z
33.95;0.0;0.0;0.0;-7.5050415038999745;0.5876551867;4.746822941327999;2022-12-14T04:00:00Z
33.1335;0.0;0.0;0.0;-7.691625976599994;0.5876590014;4.925363965955077;2022-12-14T05:00:00Z
31.26688333333333;0.0;0.0;0.0;-7.760046386699969;0.5876623988;5.3771576738814755;2022-12-14T06:00:00Z
4.7834;43.62655555555556;0.1199999999999999;0.0;-7.866064453099966;0.5876647234;5.469557688082554;2022-12-14T07:00:00Z
6.5010666666666665;8.998888888888889;20.119;15.466666666666667;-7.399786376999998;0.5876636505;5.565765536460471;2022-12-14T08:00:00Z
51.00048333333333;21.42933333333333;5.118999999999999;88.71111111111111;-6.12796630859998;0.5876479745;5.009755623697436;2022-12-14T09:00:00Z
28.000783333333327;0.0;0.0;158.98666666666668;-5.237524414099994;0.587634325;4.890633028358422;2022-12-14T10:00:00Z
68.66671666666667;0.0;0.0;185.86666666666667;-4.347509765599966;0.5875935555;4.525593664183889;2022-12-14T11:00:00Z
61.33436666666666;0.0;0.0;189.5822222222222;-3.565710449199969;0.5875591636;4.029605745847031;2022-12-14T12:00:00Z
67.6679;0.0;0.0;143.2711111111111;-3.320928955099987;0.5875396132;3.668106885648897;2022-12-14T13:00:00Z
69.6677;0.0;0.0;89.33333333333333;-3.8486083983999606;0.5875345469;4.441331202006004;2022-12-14T14:00:00Z
136.3343;0.0;0.0;16.746666666666666;-4.911566162099973;0.5875598788;5.237374849288743;2022-12-14T15:00:00Z
367.66766666666666;0.0;0.0;0.0;-5.640081787099973;0.5876035094;5.1501675063291925;2022-12-14T16:00:00Z
56.13464999999999;0.0;0.0;0.0;-6.132116699199969;0.5876395106;4.641226686599203;2022-12-14T17:00:00Z
84.46694999999998;0.0;0.0;0.0;-6.889532470699976;0.5876759291;4.224587326458556;2022-12-14T18:00:00Z
62.13395;0.0;0.0;0.0;-7.823889160199997;0.5877082944;3.7783308761986594;2022-12-14T19:00:00Z
80.70033333333333;0.0;0.0;0.0;-8.026831054699983;0.5877414346;3.085234351048119;2022-12-14T20:00:00Z
59.0008;0.0;0.0;0.0;-7.657690429699983;0.5878019333;2.134502867233917;2022-12-14T21:00:00Z
123.21778333333332;0.0;0.0;0.0;-7.670874023399961;0.5878186226;1.5802235872726103;2022-12-14T22:00:00Z
761.7175166666667;0.0;0.0;0.0;-7.671484374999977;0.5878804922;1.5438031104773582;2022-12-14T23:00:00Z
16.10025;0.0;0.0;0.0;-8.492681884799993;0.5878513455;2.2090333833829434;2022-12-15T00:00:00Z
27.3001;0.0;0.0;0.0;-9.268835449199969;0.5878756642;2.70618696040201;2022-12-15T01:00:00Z
27.7667;0.0;0.0;0.0;-9.672338867199983;0.5879102349;2.916042795530621;2022-12-15T02:00:00Z
32.4334;0.0;0.0;0.0;-10.14645996089996;0.5879356861;3.0226433205362087;2022-12-15T03:00:00Z
35.0;0.0;0.0;0.0;-10.22467651369999;0.5879970193;3.4641487022722703;2022-12-15T04:00:00Z
34.883849999999995;0.0;0.0;0.0;-9.374548339799958;0.5880476236;3.6009310859992163;2022-12-15T05:00:00Z
30.217266666666667;0.0;0.0;0.0;-8.89261474609998;0.5880949497;3.439638789474248;2022-12-15T06:00:00Z
8.350866666666665;4.559444444444444;20.119;0.0;-8.820837402299958;0.5881125927;3.7286514107382507;2022-12-15T07:00:00Z
24.001600000000003;25.868777777777776;5.119;8.053333333333333;-8.828344726599994;0.5881178379;3.875729520296869;2022-12-15T08:00:00Z
1.1685499999999995;49.84177777777777;0.1199999999999999;53.102222222222224;-7.542700195299972;0.5880994201;3.89064499849986;2022-12-15T09:00:00Z
34.167333333333325;0.0;0.0;105.88444444444444;-6.849462890599966;0.5881670117;3.639632319887325;2022-12-15T10:00:00Z
41.83456666666665;0.0;0.0;154.86222222222221;-5.360113525399981;0.5880770087;3.634753023162856;2022-12-15T11:00:00Z
88.33431666666665;0.0;0.0;185.7422222222222;-3.9793151854999564;0.5879799128;3.863683255611752;2022-12-15T12:00:00Z
520.00055;0.0;0.0;163.57333333333332;-3.241064453099966;0.5879140496;3.717964773894627;2022-12-15T13:00:00Z
236.0009;0.0;0.0;91.84;-3.3648132323999675;0.5879006982;3.717158458382794;2022-12-15T14:00:00Z
235.6676;0.0;0.0;17.297777777777778;-4.869055175799986;0.587919116;4.437764633306138;2022-12-15T15:00:00Z
70.001;0.0;0.0;0.0;-5.422705078099966;0.5879511833;4.622653390163738;2022-12-15T16:00:00Z
156.48425;0.0;0.0;0.0;-5.9224304198999675;0.5879822373;4.858844367758562;2022-12-15T17:00:00Z
251.60086666666663;0.0;0.0;0.0;-6.552648925799986;0.5880191922;4.811858196443235;2022-12-15T18:00:00Z
86.21705;0.0;0.0;0.0;-6.630224609399988;0.5880484581;4.244993411095972;2022-12-15T19:00:00Z
91.11673333333334;0.0;0.0;0.0;-6.638891601599994;0.588074863;4.3759707420345455;2022-12-15T20:00:00Z
91.0;0.0;0.0;0.0;-7.292822265599966;0.5881043077;3.7664379595656707;2022-12-15T21:00:00Z
74.66814999999998;0.0;0.0;0.0;-7.415319824199969;0.588152647;1.254091635413418;2022-12-15T22:00:00Z
14.0523;0.0;0.0;0.0;-7.705541992199983;0.5881743431;0.9751210481159743;2022-12-15T23:00:00Z
0.0;0.0;0.0;0.0;-7.927526855499991;0.5881943703;2.098006395154149;2022-12-16T00:00:00Z
0.0;0.0;0.0;0.0;-7.903265380899995;0.588231504;3.597087575339225;2022-12-16T01:00:00Z
0.0;0.0;0.0;0.0;-7.671331787099973;0.5882740021;4.391028044680086;2022-12-16T02:00:00Z
0.0;0.0;0.0;0.0;-7.542608642599987;0.5883234739;4.571335719425778;2022-12-16T03:00:00Z
0.0;0.0;0.0;0.0;-7.710333251999998;0.5883824825;4.516494006811585;2022-12-16T04:00:00Z
0.0;0.0;0.0;0.0;-7.887670898399961;0.5884444714;4.529835364062332;2022-12-16T05:00:00Z
0.0;0.0;0.0;0.0;-8.09378662109998;0.5884995461;4.558068060034758;2022-12-16T06:00:00Z
0.0;12.550444444444445;20.119;0.0;-7.956304931599959;0.5885336995;4.370845475370657;2022-12-16T07:00:00Z
0.0;24.093;0.1199999999999999;11.822222222222223;-7.273291015599966;0.588571012;4.107844367804065;2022-12-16T08:00:00Z
0.0;43.62655555555556;5.118999999999999;68.92444444444445;-6.35742797849997;0.5885323286;3.343131722332338;2022-12-16T09:00:00Z
0.0;0.0;0.0;128.4622222222222;-5.327795410199997;0.5886136889;3.008077034003985;2022-12-16T10:00:00Z
0.0;0.0;0.0;136.2488888888889;-4.304663085899961;0.5885186195;2.741463710089001;2022-12-16T11:00:00Z
0.0;0.0;0.0;130.89777777777778;-3.6142028808999953;0.5884398818;2.8161004445720796;2022-12-16T12:00:00Z
0.0;0.0;0.0;105.17333333333333;-3.249304199199969;0.5883677602;3.0569766853232276;2022-12-16T13:00:00Z
0.0;0.0;0.0;49.81333333333333;-2.948919677699962;0.5883336663;3.084559858083851;2022-12-16T14:00:00Z
0.0;0.0;0.0;10.168888888888889;-2.7805847167999787;0.5883231163;3.359706831927342;2022-12-16T15:00:00Z
0.0;0.0;0.0;0.0;-2.703588867199983;0.5883138776;3.764927075367628;2022-12-16T16:00:00Z
0.0;0.0;0.0;0.0;-3.0127929687999995;0.5883054137;4.061882978570812;2022-12-16T17:00:00Z
0.0;0.0;0.0;0.0;-3.128210449199969;0.5883026719;4.0923906442479545;2022-12-16T18:00:00Z
0.0;0.0;0.0;0.0;-3.316503906199955;0.588308692;3.925018696714627;2022-12-16T19:00:00Z
0.0;0.0;0.0;0.0;-3.9007934569999634;0.5883234143;3.5824346856903784;2022-12-16T20:00:00Z
0.0;0.0;0.0;0.0;-4.383581542999991;0.5883356929;3.362525000773032;2022-12-16T21:00:00Z
0.0;0.0;0.0;0.0;-4.540747070299972;0.588110745;2.9035098929306065;2022-12-16T22:00:00Z
0.0;0.0;0.0;0.0;-5.021093749999977;0.5881322622;3.520688133274377;2022-12-16T23:00:00Z
26.4839;0.0;0.0;0.0;-5.21387329099997;0.5881693959;3.5279041346912923;2022-12-17T00:00:00Z
29.050183333333333;0.0;0.0;0.0;-5.89847412109998;0.5881972909;3.173854177429879;2022-12-17T01:00:00Z
31.966716666666663;0.0;0.0;0.0;-6.144140624999977;0.588229239;2.982186734752921;2022-12-17T02:00:00Z
29.75093333333333;0.0;0.0;0.0;-6.178198242199983;0.5882650018;2.8423754656054845;2022-12-17T03:00:00Z
39.9003;0.0;0.0;0.0;-6.523962402299958;0.5882988572;2.691080516604069;2022-12-17T04:00:00Z
37.33363333333333;0.0;0.0;0.0;-6.328436279299979;0.588323772;2.392777256402329;2022-12-17T05:00:00Z
23.56718333333333;0.0;0.0;0.0;-6.2130493163999745;0.5883458257;1.9429583413837572;2022-12-17T06:00:00Z
7.950733333333335;1.8957777777777776;0.1199999999999999;0.0;-6.018957519499963;0.588363409;1.6124135332795562;2022-12-17T07:00:00Z
62.167366666666666;32.971888888888884;0.1199999999999999;7.413333333333333;-6.12015380859998;0.5883774161;1.3335475417245855;2022-12-17T08:00:00Z
17.000883333333334;46.29022222222222;25.118;40.19555555555556;-5.68268432619999;0.5883673429;0.7625751846875769;2022-12-17T09:00:00Z
30.000666666666667;0.0;0.0;92.05333333333333;-4.563330078099966;0.5883409977;0.7364782096584276;2022-12-17T10:00:00Z
25.00083333333333;0.0;0.0;107.44888888888889;-4.235052490199962;0.5883060694;0.586821488744482;2022-12-17T11:00:00Z
62.00113333333333;0.0;0.0;125.24444444444444;-3.773901367199983;0.5882594585;0.8680610703907669;2022-12-17T12:00:00Z
70.001;0.0;0.0;98.89777777777778;-3.651220703099966;0.5882220268;1.390204387642642;2022-12-17T13:00:00Z
54.001266666666666;0.0;0.0;50.77333333333333;-3.912390136699969;0.5882012248;1.5038922013692053;2022-12-17T14:00:00Z
65.00108333333334;0.0;0.0;11.626666666666667;-4.9728149413999745;0.588200748;1.8440443326630835;2022-12-17T15:00:00Z
53.001283333333326;0.0;0.0;0.0;-5.631384277299958;0.5882052779;2.130958026232061;2022-12-17T16:00:00Z
403.31751666666656;0.0;0.0;0.0;-5.853918456999963;0.5882108212;2.2908090277743582;2022-12-17T17:00:00Z
76.78425;0.0;0.0;0.0;-6.000189208999984;0.5882260203;2.539356800227729;2022-12-17T18:00:00Z
80.1178;0.0;0.0;0.0;-6.168432617199983;0.5882350802;2.801489839156015;2022-12-17T19:00:00Z
84.05034999999998;0.0;0.0;0.0;-6.467962646499984;0.5882464051;3.1464067340896857;2022-12-17T20:00:00Z
76.86759999999998;0.0;0.0;0.0;-6.530126953099966;0.5882719159;3.345068358944146;2022-12-17T21:00:00Z
285.5181666666666;0.0;0.0;0.0;-5.958654785199997;0.588323772;2.4767904464443404;2022-12-17T22:00:00Z
556.2684333333333;0.0;0.0;0.0;-6.097082519499963;0.5883244872;2.473775892270528;2022-12-17T23:00:00Z
27.533516666666667;0.0;0.0;0.0;-6.380590820299972;0.5883197784;2.8819153347298094;2022-12-18T00:00:00Z
28.46668333333333;0.0;0.0;0.0;-6.359960937499977;0.5883159041;3.2474064997462584;2022-12-18T01:00:00Z
31.50013333333333;0.0;0.0;0.0;-6.30963745119999;0.5883082747;3.694149960088158;2022-12-18T02:00:00Z
34.766866666666665;0.0;0.0;0.0;-6.1772521972999925;0.5882992148;3.9472892217509483;2022-12-18T03:00:00Z
33.48351666666667;0.0;0.0;0.0;-6.2984069823999675;0.5882905722;4.1378085449835655;2022-12-18T04:00:00Z
30.80013333333333;0.0;0.0;0.0;-6.313024902299958;0.5882835388;4.436623977609758;2022-12-18T05:00:00Z
26.950216666666662;0.0;0.0;0.0;-6.51663818359998;0.5882780552;4.428942741617747;2022-12-18T06:00:00Z
13.766766666666664;40.075;0.1199999999999999;0.0;-6.566748046899988;0.5882713795;4.60803011860147;2022-12-18T07:00:00Z
42.66726666666667;27.644555555555556;25.118;7.5377777777777775;-6.4278930663999745;0.58826226;4.966570675461624;2022-12-18T08:00:00Z
62.00013333333333;13.438333333333333;0.1199999999999999;43.111111111111114;-6.142126464799958;0.5882233977;4.802910151785997;2022-12-18T09:00:00Z
57.00021666666667;0.0;0.0;102.27555555555556;-5.811956787099973;0.5882045627;4.183755926050295;2022-12-18T10:00:00Z
98.33378333333334;0.0;0.0;139.85777777777778;-5.334753417999991;0.5881409049;4.573932426214412;2022-12-18T11:00:00Z
586.66755;0.0;0.0;155.36;-4.904058837899981;0.5880688429;4.641359215889869;2022-12-18T12:00:00Z
158.66803333333334;0.0;0.0;150.1511111111111;-4.722753906199955;0.5880089998;4.728521796712201;2022-12-18T13:00:00Z
322.6676333333333;0.0;0.0;84.92444444444445;-4.8921569823999675;0.5879808664;5.526569342508406;2022-12-18T14:00:00Z
54.001266666666666;0.0;0.0;17.84888888888889;-5.1040100097999925;0.5879747868;7.254792096525455;2022-12-18T15:00:00Z
57.00121666666666;0.0;0.0;0.0;-5.30176391599997;0.5879687071;7.356512607997405;2022-12-18T16:00:00Z
66.11801666666668;0.0;0.0;0.0;-5.506689453099966;0.5879614353;7.244372625149134;2022-12-18T17:00:00Z
77.18418333333332;0.0;0.0;0.0;-5.411352539099994;0.5879487395;7.679230573832774;2022-12-18T18:00:00Z
62.2679;0.0;0.0;0.0;-5.552282714799958;0.5879344344;8.289669101093196;2022-12-18T19:00:00Z
69.73403333333334;0.0;0.0;0.0;-5.427343749999977;0.5879132152;8.566864321926595;2022-12-18T20:00:00Z
74.28414999999998;0.0;0.0;0.0;-5.3331665038999745;0.5878888369;8.501209451866181;2022-12-18T21:00:00Z
71.95186666666666;0.0;0.0;0.0;-5.085424804699983;0.5878760815;8.675812406462407;2022-12-18T22:00:00Z
15.351583333333334;0.0;0.0;0.0;-4.923742675799986;0.5878531337;9.229136373654324;2022-12-18T23:00:00Z
12.716999999999999;0.0;0.0;0.0;-4.869512939499998;0.5878324509;9.59047258485062;2022-12-19T00:00:00Z
29.050366666666665;0.0;0.0;0.0;-4.883764648399961;0.5878148675;9.455408164704162;2022-12-19T01:00:00Z
42.233583333333335;0.0;0.0;0.0;-4.8038085937999995;0.5878001451;9.266227903626612;2022-12-19T02:00:00Z
42.00001666666667;0.0;0.0;0.0;-4.485205078099966;0.5877873302;9.093623996002636;2022-12-19T03:00:00Z
47.25;0.0;0.0;0.0;-4.4243835448999675;0.5877753496;8.853627393725233;2022-12-19T04:00:00Z
36.40016666666666;0.0;0.0;0.0;-4.255072021499984;0.5877618194;8.875713377905905;2022-12-19T05:00:00Z
27.533816666666663;0.0;0.0;0.0;-4.052343749999977;0.5877488256;9.032970964481146;2022-12-19T06:00:00Z
7.46805;36.52344444444444;20.119;0.0;-3.7399658202999717;0.5877383947;9.064664487785288;2022-12-19T07:00:00Z
23.00078333333333;14.326222222222222;0.1199999999999999;8.906666666666666;-3.060339355499991;0.5877293944;9.0346502914303;2022-12-19T08:00:00Z
67.00005;33.85977777777778;5.119;44.01777777777778;-1.9173339843999884;0.5877203941;8.824420163041523;2022-12-19T09:00:00Z
32.00063333333333;0.0;0.0;63.2;-0.8642333983999606;0.5877231956;9.377326399899417;2022-12-19T10:00:00Z
62.00013333333333;0.0;0.0;80.71111111111111;-0.08768310549999114;0.5889300704;9.96132623964876;2022-12-19T11:00:00Z
70.00091666666667;0.0;0.0;42.595555555555556;-0.03232421879999947;0.5894230008;10.182943286909554;2022-12-19T12:00:00Z
50.00133333333333;0.0;0.0;17.137777777777778;0.3930908203000172;0.5915738344;10.25863322644723;2022-12-19T13:00:00Z
58.0012;0.0;0.0;4.995555555555556;0.8387695312000005;0.5936042666;10.300559689885565;2022-12-19T14:00:00Z
70.001;0.0;0.0;1.5644444444444445;1.2950683594000338;0.593737185;10.268229911843916;2022-12-19T15:00:00Z
553.33385;0.0;0.0;0.0;1.7793823242000144;0.5937372446;10.111185742802418;2022-12-19T16:00:00Z
91.80056666666665;0.0;0.0;0.0;2.2361694336000255;0.5937371254;10.12250118927727;2022-12-19T17:00:00Z
79.98363333333333;0.0;0.0;0.0;2.7867065430000366;0.5937372446;10.423563607371102;2022-12-19T18:00:00Z
78.40123333333332;0.0;0.0;0.0;3.3465209961000255;0.5937372446;10.521786615542641;2022-12-19T19:00:00Z
79.20053333333334;0.0;0.0;0.0;3.548974609400034;0.5936511159;10.546108041876492;2022-12-19T20:00:00Z
168.8516833333333;0.0;0.0;0.0;3.4543701172000283;0.5934148431;10.680163929271671;2022-12-19T21:00:00Z
162.93505;0.0;0.0;0.0;3.2090087891000394;0.5936207771;10.155470693905125;2022-12-19T22:00:00Z
96.53513333333335;0.0;0.0;0.0;3.0828491211000255;0.5936433077;9.575809351702897;2022-12-19T23:00:00Z
17.150616666666668;0.0;0.0;0.0;2.9990478516000394;0.5935360193;9.419719220252542;2022-12-20T00:00:00Z
30.217033333333333;0.0;0.0;0.0;3.131982421900034;0.5935268402;9.39270421320056;2022-12-20T01:00:00Z
32.6669;0.0;0.0;0.0;3.2461486816000047;0.5936285257;9.502381304503569;2022-12-20T02:00:00Z
35.23355;0.0;0.0;0.0;3.143090820300017;0.5937029123;9.331986047490023;2022-12-20T03:00:00Z
34.65003333333333;0.0;0.0;0.0;3.395867919900013;0.5937183499;9.076953992855245;2022-12-20T04:00:00Z
34.41675;0.0;0.0;0.0;3.516900634800038;0.593737185;9.359068117098653;2022-12-20T05:00:00Z
31.616983333333334;0.0;0.0;0.0;3.690972900400027;0.5937372446;9.428620550663432;2022-12-20T06:00:00Z
12.067766666666667;9.886777777777777;0.1199999999999999;0.0;4.175866699200014;0.5937336683;9.136466123967821;2022-12-20T07:00:00Z
12.667733333333333;11.662555555555555;25.118;4.195555555555556;4.5486694336000255;0.5937279463;9.157210895007067;2022-12-20T08:00:00Z
13.334583333333333;62.27222222222222;0.1199999999999999;15.164444444444445;4.915490722700042;0.5937212706;9.239190514117832;2022-12-20T09:00:00Z
47.16720000000001;0.0;0.0;30.54222222222222;5.57421264650003;0.5937210917;8.639809350168145;2022-12-20T10:00:00Z
39.00051666666666;0.0;0.0;72.21333333333334;6.120507812500023;0.593714416;9.268082238757376;2022-12-20T11:00:00Z
69.83433333333333;0.0;0.0;97.88444444444444;6.545129394500009;0.5933641195;9.51209384442621;2022-12-20T12:00:00Z
220.50175;0.0;0.0;85.31555555555556;6.639855957000009;0.5926557779;9.773475974307459;2022-12-20T13:00:00Z
3.6693;0.0;0.0;53.56444444444445;6.420526123000002;0.5922843218;9.939075409946554;2022-12-20T14:00:00Z
37.50175;0.0;0.0;9.173333333333334;6.0721069336000255;0.592155993;9.9990594612733;2022-12-20T15:00:00Z
66.3347;0.0;0.0;0.0;5.7537475586000255;0.5927512646;10.05139763137182;2022-12-20T16:00:00Z
74.73478333333334;0.0;0.0;0.0;5.45992431640002;0.5932763219;9.99341579350752;2022-12-20T17:00:00Z
87.73411666666665;0.0;0.0;0.0;5.327264404300024;0.5931888223;9.527678602861965;2022-12-20T18:00:00Z
83.65016666666665;0.0;0.0;0.0;5.316125488300031;0.5928547382;9.367473016109962;2022-12-20T19:00:00Z
86.45031666666665;0.0;0.0;0.0;5.148767089800003;0.5925152302;9.30419765502083;2022-12-20T20:00:00Z
81.83396666666665;0.0;0.0;0.0;5.047204589800003;0.5923107266;8.922379991003027;2022-12-20T21:00:00Z
611.3339166666667;0.0;0.0;0.0;5.034417724600019;0.5936262012;8.53554181912622;2022-12-20T22:00:00Z
422.9675;0.0;0.0;0.0;4.725946044900013;0.5936198831;8.696389247602387;2022-12-20T23:00:00Z
31.85025;0.0;0.0;0.0;4.466882324200014;0.5936123133;8.702186716052594;2022-12-21T00:00:00Z
37.80016666666666;0.0;0.0;0.0;4.5560852051000325;0.5936051011;8.757588278207775;2022-12-21T01:00:00Z
44.8001;0.0;0.0;0.0;4.669641113300031;0.5935971737;9.029133558709272;2022-12-21T02:00:00Z
31.38338333333333;0.0;0.0;0.0;4.958581543000037;0.5935865641;8.979327811047696;2022-12-21T03:00:00Z
30.450216666666662;0.0;0.0;0.0;5.089196777300003;0.5935747027;8.697709260101062;2022-12-21T04:00:00Z
40.60021666666666;0.0;0.0;0.0;5.153894043000037;0.59356004;8.125648827932237;2022-12-21T05:00:00Z
34.06695;0.0;0.0;0.0;5.253137207000009;0.5935441852;7.899886649418025;2022-12-21T06:00:00Z
16.50025;26.756666666666664;20.119;0.0;5.3338256836000255;0.5935283303;7.57554259810457;2022-12-21T07:00:00Z
33.000616666666666;34.74766666666666;0.1199999999999999;2.1333333333333333;5.493188476600039;0.5935145617;6.849245964305947;2022-12-21T08:00:00Z
51.000316666666656;18.765666666666664;5.119;12.782222222222222;5.696008300800031;0.5935029387;6.643461261596254;2022-12-21T09:00:00Z
37.00055;0.0;0.0;21.45777777777778;6.197778320300017;0.5935255885;6.179634761043588;2022-12-21T10:00:00Z
70.0;0.0;0.0;23.30666666666667;6.451867675800031;0.5935156345;6.251127378516553;2022-12-21T11:00:00Z
70.00085;0.0;0.0;17.564444444444444;6.600000000000023;0.5935064554;6.1790302844703024;2022-12-21T12:00:00Z
63.83485;0.0;0.0;17.244444444444444;6.765039062500023;0.5934991241;6.262777139261794;2022-12-21T13:00:00Z
142.33526666666663;0.0;0.0;10.72;6.981958007800017;0.5934918523;6.6072986298840295;2022-12-21T14:00:00Z
704.8345999999999;0.0;0.0;3.04;6.8015991211000255;0.5934840441;6.9636238824140495;2022-12-21T15:00:00Z
141.83448333333337;0.0;0.0;0.0;6.73534545900003;0.593475461;6.970735802875293;2022-12-21T16:00:00Z
60.00151666666667;0.0;0.0;0.0;6.745355224600019;0.593467176;7.186663642096923;2022-12-21T17:00:00Z
81.9835;0.0;0.0;0.0;6.872125244100005;0.5934569836;7.412047983229935;2022-12-21T18:00:00Z
87.36695;0.0;0.0;0.0;7.0144897461000255;0.5934441686;7.4028062142877324;2022-12-21T19:00:00Z
82.0509;0.0;0.0;0.0;6.844995117200028;0.5934294462;7.246293832106695;2022-12-21T20:00:00Z
67.00088333333333;0.0;0.0;0.0;6.72945556640002;0.5934137106;6.939725778364829;2022-12-21T21:00:00Z
44.0686;0.0;0.0;0.0;6.445886230500037;0.5934074521;5.934927351648665;2022-12-21T22:00:00Z
40.23451666666666;0.0;0.0;0.0;6.346215820300017;0.5934026241;6.47935692993146;2022-12-21T23:00:00Z
21.934466666666665;0.0;0.0;0.0;6.231683349600019;0.5933965445;6.599443729098482;2022-12-22T00:00:00Z
27.53368333333333;0.0;0.0;0.0;5.813134765600012;0.5933943987;7.199288244598618;2022-12-22T01:00:00Z
27.88335;0.0;0.0;0.0;5.685327148400006;0.59338516;7.270595758590504;2022-12-22T02:00:00Z
29.28363333333333;0.0;0.0;0.0;5.91793212890002;0.5933759809;7.275960578966262;2022-12-22T03:00:00Z
33.1336;0.0;0.0;0.0;6.122735595700021;0.5933663249;7.363044909567469;2022-12-22T04:00:00Z
35.46685;0.0;0.0;0.0;6.325280761700014;0.5933551192;7.319869226636084;2022-12-22T05:00:00Z
29.05056666666667;0.0;0.0;0.0;6.413812255900041;0.5933411121;7.274662519462819;2022-12-22T06:00:00Z
7.2842166666666675;47.178111111111114;0.1199999999999999;0.0;6.602929687500023;0.5933270454;7.296998398298454;2022-12-22T07:00:00Z
63.5004;20.54144444444444;25.117999999999995;3.04;6.848199462900027;0.5933118463;7.208027905137777;2022-12-22T08:00:00Z
40.66751666666666;8.111;0.1199999999999999;16.782222222222224;7.102563476600039;0.5932955146;6.84322366693537;2022-12-22T09:00:00Z
67.00005;0.0;0.0;18.435555555555556;7.249291992200028;0.5932660103;6.122759074108024;2022-12-22T10:00:00Z
131.00074999999998;0.0;0.0;20.462222222222223;7.441064453100012;0.5932548046;5.6870982898765705;2022-12-22T11:00:00Z
283.1682833333333;0.0;0.0;19.164444444444445;7.725396728500016;0.5932440758;5.332714050820509;2022-12-22T12:00:00Z
66.668;0.0;0.0;21.83111111111111;7.844964599600019;0.5932351351;5.204783414125916;2022-12-22T13:00:00Z
70.001;0.0;0.0;7.573333333333333;7.884240722700042;0.5932277441;5.712521586906237;2022-12-22T14:00:00Z
70.001;0.0;0.0;2.7911111111111113;7.81539306640002;0.593221724;6.453192465348652;2022-12-22T15:00:00Z
28.335416666666667;0.0;0.0;0.0;7.7563415527000075;0.5932159424;7.071064230161277;2022-12-22T16:00:00Z
14.985316666666664;0.0;0.0;0.0;7.67772827150003;0.5932078362;7.606397966683768;2022-12-22T17:00:00Z
31.701416666666663;0.0;0.0;0.0;7.247705078100012;0.5931916833;7.258245606699048;2022-12-22T18:00:00Z
82.6003;0.0;0.0;0.0;6.483056640600012;0.5931795239;7.227097193994706;2022-12-22T19:00:00Z
67.134;0.0;0.0;0.0;5.682977294900013;0.5931667686;7.0775776838387285;2022-12-22T20:00:00Z
87.55078333333331;0.0;0.0;0.0;5.302270507800017;0.5931581259;7.047410678783352;2022-12-22T21:00:00Z
574.68445;0.0;0.0;0.0;4.671960449200014;0.5931591988;6.1908158760546605;2022-12-22T22:00:00Z
209.2845;0.0;0.0;0.0;4.412500000000023;0.5931569338;5.979404018128057;2022-12-22T23:00:00Z
0.0;0.0;0.0;0.0;4.279077148400006;0.5931549668;5.6332123155059435;2022-12-23T00:00:00Z
0.0;0.0;0.0;0.0;4.658898925800031;0.5931552649;5.319718795253549;2022-12-23T01:00:00Z
0.0;0.0;0.0;0.0;4.828393554700028;0.5931554437;5.344629952509454;2022-12-23T02:00:00Z
0.0;0.0;0.0;0.0;4.880914306600005;0.5931555033;4.289049118104367;2022-12-23T03:00:00Z
0.0;0.0;0.0;0.0;5.061822509800038;0.5931539536;4.657061536188181;2022-12-23T04:00:00Z
0.0;0.0;0.0;0.0;4.82708129880001;0.5931496024;4.598928999764513;2022-12-23T05:00:00Z
0.0;0.0;0.0;0.0;5.32320556640002;0.5931490064;5.5793146424787565;2022-12-23T06:00:00Z
0.0;1.8957777777777776;0.1199999999999999;0.0;5.836145019500009;0.5931466222;6.229087527714089;2022-12-23T07:00:00Z
0.0;26.756666666666664;0.1199999999999999;1.6;6.062646484400034;0.5931369066;6.377595218997389;2022-12-23T08:00:00Z
0.0;49.84177777777778;25.118;13.12;6.281030273400006;0.5931230783;6.161527410642534;2022-12-23T09:00:00Z
0.0;0.0;0.0;27.644444444444446;6.9099975586000255;0.593112886;5.611418036275597;2022-12-23T10:00:00Z
0.0;0.0;0.0;54.4;7.117303466800024;0.593090415;5.268985812913829;2022-12-23T11:00:00Z
0.0;0.0;0.0;55.022222222222226;7.250024414100039;0.5930376053;4.682021989571297;2022-12-23T12:00:00Z
0.0;0.0;0.0;60.83555555555556;7.394677734400034;0.5930121541;3.8847573059198455;2022-12-23T13:00:00Z
0.0;0.0;0.0;38.471111111111114;7.098413085900006;0.5930370092;2.6682908819400684;2022-12-23T14:00:00Z
0.0;0.0;0.0;7.804444444444444;6.375390625000023;0.5930327773;1.8700359405003704;2022-12-23T15:00:00Z
0.0;0.0;0.0;0.0;5.747918701200035;0.5931088924;1.0848221068872566;2022-12-23T16:00:00Z
0.0;0.0;0.0;0.0;5.325524902300003;0.5930894017;0.4987405370959198;2022-12-23T17:00:00Z
0.0;0.0;0.0;0.0;5.266961669900013;0.5930938125;2.4645004683346454;2022-12-23T18:00:00Z
0.0;0.0;0.0;0.0;5.40621337890002;0.5931028128;4.018750791650503;2022-12-23T19:00:00Z
0.0;0.0;0.0;0.0;5.545159912100019;0.593095243;4.968429809200186;2022-12-23T20:00:00Z
0.0;0.0;0.0;0.0;5.660668945300017;0.59309268;6.110240891781613;2022-12-23T21:00:00Z
0.0;0.0;0.0;0.0;5.68261108400003;0.5930879712;6.610755131158941;2022-12-23T22:00:00Z
0.0;0.0;0.0;0.0;5.581079101600039;0.593080163;6.792213044205605;2022-12-23T23:00:00Z
30.10038333333333;0.0;0.0;0.0;5.249291992200028;0.5930722356;6.558170076377707;2022-12-24T00:00:00Z
30.683466666666668;0.0;0.0;0.0;4.95797119140002;0.5930656791;6.528692767464351;2022-12-24T01:00:00Z
33.01695;0.0;0.0;0.0;4.762292480500037;0.593059957;6.701116026279039;2022-12-24T02:00:00Z
34.53346666666666;0.0;0.0;0.0;4.450952148400006;0.5930494666;6.670165506239326;2022-12-24T03:00:00Z
26.7172;0.0;0.0;0.0;4.149499511700014;0.5930362344;5.5671457340209605;2022-12-24T04:00:00Z
27.416816666666666;0.0;0.0;0.0;3.960565185500002;0.593035996;4.659875812178723;2022-12-24T05:00:00Z
25.933966666666663;0.0;0.0;0.0;3.7011962891000394;0.5930440426;4.092375322072499;2022-12-24T06:00:00Z
55.667583333333326;0.1199999999999999;25.118;0.0;3.548730468800045;0.5930584073;3.3864114974587145;2022-12-24T07:00:00Z
62.0008;18.765666666666664;0.1199999999999999;1.3155555555555556;3.6832519531000116;0.5930774808;2.722439921003672;2022-12-24T08:00:00Z
42.00046666666666;56.057;0.1199999999999999;5.493333333333333;3.9290405273000033;0.593110323;1.6703355804144033;2022-12-24T09:00:00Z
12.000966666666667;0.0;0.0;12.657777777777778;4.402856445300017;0.5931209326;2.038498254658016;2022-12-24T10:00:00Z
70.0;0.0;0.0;18.133333333333333;5.269311523400006;0.5930566788;3.8303441347173206;2022-12-24T11:00:00Z
255.6678833333333;0.0;0.0;42.72;6.42867431640002;0.5928995609;4.4591526834373845;2022-12-24T12:00:00Z
556.3345833333333;0.0;0.0;63.53777777777778;7.65233764650003;0.5930448771;5.29671273476325;2022-12-24T13:00:00Z
65.00108333333334;0.0;0.0;47.76888888888889;7.905419921900034;0.5930390954;6.441459333514696;2022-12-24T14:00:00Z
70.001;0.0;0.0;11.715555555555556;7.421105957000009;0.5930290222;6.393529431548897;2022-12-24T15:00:00Z
70.001;0.0;0.0;0.0;6.924005127000044;0.5930243134;6.455530283516075;2022-12-24T16:00:00Z
44.6679;0.0;0.0;0.0;6.698632812500023;0.5930212736;6.394001007216755;2022-12-24T17:00:00Z
40.71756666666667;0.0;0.0;0.0;6.5073181152000075;0.5930196047;6.471054384097647;2022-12-24T18:00:00Z
65.20058333333333;0.0;0.0;0.0;6.386865234400034;0.5930161476;6.3340348558303505;2022-12-24T19:00:00Z
54.83413333333333;0.0;0.0;0.0;5.878289794900013;0.5930142403;6.30303263497534;2022-12-24T20:00:00Z
58.41725;0.0;0.0;0.0;5.656701660200042;0.5930141211;6.295889105269508;2022-12-24T21:00:00Z
318.13533333333334;0.0;0.0;0.0;5.633477783200021;0.5930168033;7.423967977993715;2022-12-24T22:00:00Z
20.08535;0.0;0.0;0.0;5.714929199200014;0.5930114388;7.564193875111978;2022-12-24T23:00:00Z
20.300316666666667;0.0;0.0;0.0;5.935235595700021;0.59300071;6.769369627257056;2022-12-25T00:00:00Z
34.41705;0.0;0.0;0.0;5.805932617200028;0.5929961205;6.204438941770785;2022-12-25T01:00:00Z
45.733416666666656;0.0;0.0;0.0;5.17476806640002;0.5929950476;4.994018752865337;2022-12-25T02:00:00Z
42.816783333333326;0.0;0.0;0.0;4.384301757800017;0.5929936171;4.818500212569002;2022-12-25T03:00:00Z
38.26676666666666;0.0;0.0;0.0;3.677636718800045;0.5929939151;4.639836183331291;2022-12-25T04:00:00Z
37.56701666666667;0.0;0.0;0.0;3.003717041000016;0.5929938555;4.383850177153426;2022-12-25T05:00:00Z
25.6671;0.0;0.0;0.0;2.5620056152000075;0.5929923654;4.021809069532545;2022-12-25T06:00:00Z
1.0001833333333334;34.74766666666666;5.118999999999999;0.0;1.9854370117000144;0.5929902792;4.978481507267107;2022-12-25T07:00:00Z
51.500616666666666;19.653555555555553;0.1199999999999999;8.248888888888889;2.0976806641000394;0.5929901004;6.058345466303305;2022-12-25T08:00:00Z
34.501216666666664;26.756666666666664;20.119;62.75555555555555;2.7387634277000075;0.5929357409;6.082622405852732;2022-12-25T09:00:00Z
9.16775;0.0;0.0;121.58222222222223;3.9383789062000005;0.592571497;4.914146831076391;2022-12-25T10:00:00Z
83.00073333333333;0.0;0.0;137.13777777777779;5.212182617200028;0.5921366811;4.916260457155315;2022-12-25T11:00:00Z
187.33446666666663;0.0;0.0;113.13777777777777;5.803430175800031;0.5917726159;5.192023312212759;2022-12-25T12:00:00Z
52.1682;0.0;0.0;75.21777777777778;5.910668945300017;0.5915390253;5.82833276704906;2022-12-25T13:00:00Z
70.001;0.0;0.0;37.955555555555556;5.8783508301000325;0.5920810699;6.4114967136141665;2022-12-25T14:00:00Z
62.6684;0.0;0.0;9.973333333333333;5.967431640600012;0.5930191875;8.21144568734782;2022-12-25T15:00:00Z
179.5016;0.0;0.0;0.0;6.069848632800017;0.5930098295;7.919939308066458;2022-12-25T16:00:00Z
753.3335;0.0;0.0;0.0;6.320642089800003;0.5930172205;8.129609291569908;2022-12-25T17:00:00Z
37.18418333333334;0.0;0.0;0.0;6.730371093800045;0.593018949;8.21638820490387;2022-12-25T18:00:00Z
72.88353333333333;0.0;0.0;0.0;7.15133056640002;0.5930293798;8.669659425331657;2022-12-25T19:00:00Z
84.0;0.0;0.0;0.0;7.589318847700042;0.5930162668;7.93155624888018;2022-12-25T20:00:00Z
92.2834333333333;0.0;0.0;0.0;8.08394775390002;0.5930044055;7.470378076960983;2022-12-25T21:00:00Z
91.13441666666665;0.0;0.0;0.0;7.857171630900041;0.5930335522;8.719212821673326;2022-12-25T22:00:00Z
45.33571666666666;0.0;0.0;0.0;8.568261718800045;0.5930349827;8.790893262079893;2022-12-25T23:00:00Z
23.216766666666665;0.0;0.0;0.0;9.293328857400013;0.5930559039;9.603016029197793;2022-12-26T00:00:00Z
31.383483333333327;0.0;0.0;0.0;9.58300170900003;0.593059361;9.602872127592498;2022-12-26T01:00:00Z
28.816733333333328;0.0;0.0;0.0;9.533654785200042;0.5930634141;9.800638674620917;2022-12-26T02:00:00Z
28.35;0.0;0.0;0.0;9.861474609400034;0.5930340886;10.183234429304257;2022-12-26T03:00:00Z
33.48356666666667;0.0;0.0;0.0;10.126306152300003;0.5930428505;10.249938688330147;2022-12-26T04:00:00Z
37.45006666666666;0.0;0.0;0.0;10.203881835900006;0.593082428;10.306364344280299;2022-12-26T05:00:00Z
28.5835;0.0;0.0;0.0;10.20894775390002;0.5929986238;9.661495824214338;2022-12-26T06:00:00Z
9.466716666666665;19.653555555555553;0.1199999999999999;0.0;9.922204589800003;0.5929686427;8.890965226063857;2022-12-26T07:00:00Z
60.1671;3.671555555555555;25.118;5.742222222222222;9.847558593800045;0.5930041671;8.26148229176918;2022-12-26T08:00:00Z
54.8336;59.608555555555554;0.1199999999999999;23.68;10.00560913090004;0.5928468704;7.8646747847568435;2022-12-26T09:00:00Z
70.0;0.0;0.0;57.38666666666666;10.203759765600012;0.5929734707;8.50111064154883;2022-12-26T10:00:00Z
70.0;0.0;0.0;79.89333333333333;10.26564941410004;0.5926328301;8.66035481832753;2022-12-26T11:00:00Z
68.00073333333333;0.0;0.0;78.95111111111112;10.115014648400006;0.5922970772;7.800731184651143;2022-12-26T12:00:00Z
628.3340166666667;0.0;0.0;73.79555555555555;10.067620849600019;0.5914903879;8.594737151582562;2022-12-26T13:00:00Z
513.0006666666666;0.0;0.0;48.10666666666667;9.708337402300003;0.5909439921;8.728656059818086;2022-12-26T14:00:00Z
52.0013;0.0;0.0;10.72;9.250238037100019;0.5907361507;9.084864827513526;2022-12-26T15:00:00Z
46.8349;0.0;0.0;0.0;8.823876953100012;0.590596199;9.117812657696133;2022-12-26T16:00:00Z
63.001283333333326;0.0;0.0;0.0;8.674096679700028;0.5914267898;9.640795902196453;2022-12-26T17:00:00Z
68.16695;0.0;0.0;0.0;8.486230468800045;0.5915347934;9.430881983739804;2022-12-26T18:00:00Z
77.00011666666667;0.0;0.0;0.0;7.8494506836000255;0.5910201669;8.90454333570104;2022-12-26T19:00:00Z
72.80091666666665;0.0;0.0;0.0;6.438134765600012;0.5905045867;8.294307164460108;2022-12-26T20:00:00Z
86.91725000000001;0.0;0.0;0.0;5.242883300800031;0.590064764;7.867794040723005;2022-12-26T21:00:00Z
52.38473333333333;0.0;0.0;0.0;4.885308837900027;0.5895740986;7.974358679703045;2022-12-26T22:00:00Z
122.85168333333334;0.0;0.0;0.0;4.537561035200042;0.5892514586;8.505130318815862;2022-12-26T23:00:00Z
34.300483333333325;0.0;0.0;0.0;4.576074218800045;0.5888738632;8.17841473313135;2022-12-27T00:00:00Z
34.533649999999994;0.0;0.0;0.0;4.348687744100005;0.5885922313;8.609733974991627;2022-12-27T01:00:00Z
28.58355;0.0;0.0;0.0;3.9785400391000394;0.5883240104;9.363114744630492;2022-12-27T02:00:00Z
40.25001666666667;0.0;0.0;0.0;3.5523925781000116;0.5881105661;9.832938737688472;2022-12-27T03:00:00Z
34.06681666666667;0.0;0.0;0.0;3.120843505900041;0.5879456997;9.863205718758302;2022-12-27T04:00:00Z
32.78375;0.0;0.0;0.0;2.7537475586000255;0.5878167152;9.706487706632615;2022-12-27T05:00:00Z
31.6172;0.0;0.0;0.0;2.681848144500009;0.5877334476;9.76118149109188;2022-12-27T06:00:00Z
15.668;33.85977777777778;5.119;0.0;2.873803710900006;0.587890923;10.135698670504125;2022-12-27T07:00:00Z
4.3349;14.326222222222222;0.1199999999999999;8.87111111111111;3.28511962890002;0.5887367725;10.545260389556205;2022-12-27T08:00:00Z
22.667566666666666;38.299222222222234;20.119;64.39111111111112;3.9043823242000144;0.5899202228;10.72739927783328;2022-12-27T09:00:00Z
47.66731666666666;0.0;0.0;112.74666666666667;4.69332275390002;0.5881268382;10.62898333729276;2022-12-27T10:00:00Z
53.00039999999999;0.0;0.0;168.39111111111112;5.307397460900006;0.5878526568;9.708832395982617;2022-12-27T11:00:00Z
68.00103333333334;0.0;0.0;189.70666666666668;5.584558105500037;0.5876212716;10.518186518865098;2022-12-27T12:00:00Z
46.501683333333325;0.0;0.0;155.32444444444445;5.675012207000009;0.5874254704;9.95501540012067;2022-12-27T13:00:00Z
64.83485;0.0;0.0;87.50222222222222;5.3949523926000325;0.5873307586;9.306331217453607;2022-12-27T14:00:00Z
203.5021333333333;0.0;0.0;20.124444444444446;4.555810546900034;0.587320447;8.741674213932148;2022-12-27T15:00:00Z
919.0012166666666;0.0;0.0;0.0;3.8246093750000227;0.5872929692;8.157477862914513;2022-12-27T16:00:00Z
45.717633333333325;0.0;0.0;0.0;3.121240234400034;0.5872647762;8.05832908364145;2022-12-27T17:00:00Z
85.80021666666667;0.0;0.0;0.0;2.910607910200042;0.587246418;7.903867159105046;2022-12-27T18:00:00Z
76.45018333333334;0.0;0.0;0.0;2.728234863300031;0.5872333646;7.655891386507481;2022-12-27T19:00:00Z
91.0;0.0;0.0;0.0;2.3700195312000005;0.5872359276;7.62414828920951;2022-12-27T20:00:00Z
77.28356666666666;0.0;0.0;0.0;2.065972900400027;0.5872362852;7.693441121196104;2022-12-27T21:00:00Z
89.81799999999998;0.0;0.0;0.0;2.7478881836000255;0.5880048275;7.56061885384738;2022-12-27T22:00:00Z
74.5013333333333;0.0;0.0;0.0;3.275842285200042;0.5879613161;7.682307888832826;2022-12-27T23:00:00Z
19.71685;0.0;0.0;0.0;3.5679565430000366;0.5879092216;8.331288237303514;2022-12-28T00:00:00Z
34.65011666666667;0.0;0.0;0.0;3.525598144500009;0.5879032016;8.727367466866758;2022-12-28T01:00:00Z
32.5502;0.0;0.0;0.0;3.2841735840000297;0.5878267288;8.772403063516432;2022-12-28T02:00:00Z
32.900133333333336;0.0;0.0;0.0;3.15718994140002;0.587721765;9.121295063719252;2022-12-28T03:00:00Z
36.16676666666666;0.0;0.0;0.0;3.2034545898000033;0.5876363516;9.299128282239817;2022-12-28T04:00:00Z
34.883383333333335;0.0;0.0;0.0;3.4489074707000213;0.5875681043;9.77766470979153;2022-12-28T05:00:00Z
25.20043333333333;0.0;0.0;0.0;3.6386657715000297;0.5875541568;9.871676730001662;2022-12-28T06:00:00Z
29.617766666666668;7.223111111111111;20.119;0.0;3.9797607422000283;0.5884216428;10.053895439870576;2022-12-28T07:00:00Z
60.3343;29.42033333333333;0.1199999999999999;3.6977777777777776;4.423364257800017;0.5901117325;10.339259513394436;2022-12-28T08:00:00Z
67.83355;47.178111111111114;5.119;26.648888888888887;4.887963867200028;0.5909738541;10.75473156488548;2022-12-28T09:00:00Z
69.83335;0.0;0.0;24.56888888888889;5.399987793000037;0.5910131931;9.868683017896105;2022-12-28T10:00:00Z
70.00041666666667;0.0;0.0;23.022222222222222;5.976678466800024;0.5913568139;10.004840656445925;2022-12-28T11:00:00Z
179.5016;0.0;0.0;26.808888888888887;6.66594848630001;0.5913475156;9.851152472477326;2022-12-28T12:00:00Z
318.00156666666663;0.0;0.0;20.266666666666666;7.286767578100012;0.5912238955;9.754049729750479;2022-12-28T13:00:00Z
70.001;0.0;0.0;12.622222222222222;7.576318359400034;0.5908582211;9.356072150089803;2022-12-28T14:00:00Z
68.6678;0.0;0.0;2.7555555555555555;7.607934570300017;0.590520978;9.171757727920745;2022-12-28T15:00:00Z
312.66815;0.0;0.0;0.0;7.724328613300031;0.5903189182;8.91999354060424;2022-12-28T16:00:00Z
187.6347333333333;0.0;0.0;0.0;7.829370117200028;0.5908639431;9.134949541692311;2022-12-28T17:00:00Z
86.81674999999998;0.0;0.0;0.0;7.813134765600012;0.5929824114;9.566076255398933;2022-12-28T18:00:00Z
84.93338333333331;0.0;0.0;0.0;7.5848022461000255;0.5930722356;9.730731512283496;2022-12-28T19:00:00Z
91.0;0.0;0.0;0.0;7.252709960900006;0.5930118561;9.490812365480192;2022-12-28T20:00:00Z
43.68416666666666;0.0;0.0;0.0;7.317041015600012;0.5924908519;9.387611039915212;2022-12-28T21:00:00Z
31.6354;0.0;0.0;0.0;7.154992675800031;0.5924376845;9.638968183495406;2022-12-28T22:00:00Z
19.91815;0.0;0.0;0.0;7.178491210900006;0.59247756;9.954232736541027;2022-12-28T23:00:00Z
30.566733333333328;0.0;0.0;0.0;7.315087890600012;0.5930749178;10.002697335023305;2022-12-29T00:00:00Z
36.8668;0.0;0.0;0.0;7.400506591800024;0.593090117;10.440920988841272;2022-12-29T01:00:00Z
34.65026666666667;0.0;0.0;0.0;7.627038574200014;0.5930901766;10.447931316660934;2022-12-29T02:00:00Z
28.11673333333333;0.0;0.0;0.0;8.028894043000037;0.5928380489;10.151191803054502;2022-12-29T03:00:00Z
27.883366666666667;0.0;0.0;0.0;8.343469238300031;0.5920530558;10.477639837149336;2022-12-29T04:00:00Z
28.46675;0.0;0.0;0.0;8.36324462890002;0.5914788842;10.769060603948395;2022-12-29T05:00:00Z
23.684416666666667;0.0;0.0;0.0;8.637841796900034;0.5910581946;10.843578786796444;2022-12-29T06:00:00Z
7.83465;0.1199999999999999;20.119;0.0;9.240686035200042;0.5908456445;11.23099301370105;2022-12-29T07:00:00Z
62.83371666666665;14.32622222222222;5.119;4.533333333333333;9.457421875000023;0.5902226567;11.777487308170524;2022-12-29T08:00:00Z
28.0007;53.39333333333333;0.1199999999999999;47.18222222222222;10.1610351562;0.5893804431;11.666682370418254;2022-12-29T09:00:00Z
43.00045;0.0;0.0;95.05777777777777;11.14937744140002;0.588796258;10.839606207412306;2022-12-29T10:00:00Z
70.00041666666667;0.0;0.0;120.32;11.448632812500023;0.588226676;10.844551145577302;2022-12-29T11:00:00Z
420.00065;0.0;0.0;107.1288888888889;11.467553710900006;0.588250339;10.779887490916225;2022-12-29T12:00:00Z
70.001;0.0;0.0;40.39111111111111;11.226098632800017;0.5888168812;10.280983847147562;2022-12-29T13:00:00Z
70.001;0.0;0.0;37.635555555555555;11.145104980500037;0.5886654854;9.874399051066368;2022-12-29T14:00:00Z
307.6678833333333;0.0;0.0;17.83111111111111;10.620629882800017;0.5884743929;9.900774488042456;2022-12-29T15:00:00Z
70.001;0.0;0.0;0.0;10.272912597700042;0.5891721249;10.109158141591129;2022-12-29T16:00:00Z
523.9672333333333;0.0;0.0;0.0;10.031518554700028;0.5889856815;10.15739458726739;2022-12-29T17:00:00Z
81.31761666666665;0.0;0.0;0.0;9.87404785160004;0.5886207819;9.679767907947685;2022-12-29T18:00:00Z
84.95048333333334;0.0;0.0;0.0;9.32689819340004;0.5883690119;9.078803367447312;2022-12-29T19:00:00Z
86.11721666666665;0.0;0.0;0.0;8.783959960900006;0.5882501602;8.837490722589015;2022-12-29T20:00:00Z
80.50076666666665;0.0;0.0;0.0;8.834313964800003;0.5887898803;8.921386633759067;2022-12-29T21:00:00Z
23.16905;0.0;0.0;0.0;8.442773437500023;0.5882984996;9.270135301736683;2022-12-29T22:00:00Z
16.301583333333333;0.0;0.0;0.0;8.273645019500009;0.5882535577;9.415197949490018;2022-12-29T23:00:00Z
0.0;0.0;0.0;0.0;7.980828857400013;0.5880343914;9.322766795072367;2022-12-30T00:00:00Z
0.0;0.0;0.0;0.0;7.81636962890002;0.5878669024;9.475811337856182;2022-12-30T01:00:00Z
0.0;0.0;0.0;0.0;7.687585449200014;0.587702632;9.720203750889507;2022-12-30T02:00:00Z
0.0;0.0;0.0;0.0;7.316613769500009;0.5875564814;9.667072229474062;2022-12-30T03:00:00Z
0.0;0.0;0.0;0.0;7.011102294900013;0.5874416828;9.24608099967245;2022-12-30T04:00:00Z
0.0;0.0;0.0;0.0;6.540734863300031;0.5873715281;9.134807244409659;2022-12-30T05:00:00Z
0.0;0.0;0.0;0.0;6.100061035200042;0.5873293281;9.336640224755575;2022-12-30T06:00:00Z
0.0;24.093;25.118;0.0;5.796594238300031;0.5872867703;9.08044026728077;2022-12-30T07:00:00Z
0.0;23.20511111111111;0.1199999999999999;10.115555555555556;5.612634277300003;0.5872510076;8.712469242371688;2022-12-30T08:00:00Z
0.0;38.299222222222234;0.1199999999999999;76.72888888888889;6.510003662100019;0.5872041583;7.980290941351261;2022-12-30T09:00:00Z
0.0;0.0;0.0;148.51555555555555;7.504205322300038;0.5871235132;6.887967814661907;2022-12-30T10:00:00Z
0.0;0.0;0.0;191.64444444444445;8.284448242200028;0.5870844126;6.456078670290522;2022-12-30T11:00:00Z
0.0;0.0;0.0;197.36888888888888;8.745599365200007;0.5870440006;6.290791820338411;2022-12-30T12:00:00Z
0.0;0.0;0.0;156.58666666666667;8.702966308600026;0.5870447755;7.624153076091228;2022-12-30T13:00:00Z
0.0;0.0;0.0;82.52444444444444;8.165490722700042;0.5870312452;7.961849564311412;2022-12-30T14:00:00Z
0.0;0.0;0.0;19.964444444444446;7.348657226600039;0.5870537758;9.507072361823125;2022-12-30T15:00:00Z
0.0;0.0;0.0;0.0;6.9568725586000255;0.5870650411;10.268081183203815;2022-12-30T16:00:00Z
0.0;0.0;0.0;0.0;7.03121337890002;0.5870693326;10.573017095949483;2022-12-30T17:00:00Z
0.0;0.0;0.0;0.0;7.234643554700028;0.5870818496;11.109345548136355;2022-12-30T18:00:00Z
0.0;0.0;0.0;0.0;7.477563476600039;0.5870969892;11.731643287327225;2022-12-30T19:00:00Z
0.0;0.0;0.0;0.0;7.8465209961000255;0.5877195597;12.028967055183768;2022-12-30T20:00:00Z
0.0;0.0;0.0;0.0;7.554345703100012;0.5907242894;12.176979885379271;2022-12-30T21:00:00Z
0.0;0.0;0.0;0.0;7.979821777300003;0.592862308;11.273355113526266;2022-12-30T22:00:00Z
0.0;0.0;0.0;0.0;8.296472168000037;0.5931017995;10.90850380390139;2022-12-30T23:00:00Z
29.40033333333333;0.0;0.0;0.0;8.783593750000023;0.5929194689;10.644268576279224;2022-12-31T00:00:00Z
35.46691666666666;0.0;0.0;0.0;9.415155029300024;0.5924851298;10.38816461648252;2022-12-31T01:00:00Z
29.05053333333333;0.0;0.0;0.0;9.934228515600012;0.5921064019;10.584280066439021;2022-12-31T02:00:00Z
25.90031666666667;0.0;0.0;0.0;10.332604980500037;0.5919430256;10.334404400345766;2022-12-31T03:00:00Z
27.18383333333333;0.0;0.0;0.0;10.8836914062;0.5918494463;10.781350415016162;2022-12-31T04:00:00Z
35.117866666666664;0.0;0.0;0.0;11.274865722700042;0.5920751691;10.656195965231193;2022-12-31T05:00:00Z
42.985116666666656;0.0;0.0;0.0;11.535058593800045;0.593075633;11.121277096896819;2022-12-31T06:00:00Z
80.08405;35.635555555555555;20.119;0.0;11.759667968800045;0.5931234956;11.453534101188051;2022-12-31T07:00:00Z
63.6673;33.85977777777778;5.118999999999999;3.0755555555555554;12.526086425800031;0.5931156278;11.078763634653278;2022-12-31T08:00:00Z
64.3339;8.998888888888889;0.1199999999999999;12.96;13.398278808600026;0.593091011;10.704995307833398;2022-12-31T09:00:00Z
70.0;0.0;0.0;24.124444444444446;13.935388183600026;0.5929738283;10.55899865053126;2022-12-31T10:00:00Z
70.00025;0.0;0.0;26.16888888888889;14.438684082000009;0.5917589068;12.438481446939381;2022-12-31T11:00:00Z
70.001;0.0;0.0;44.053333333333335;15.321435546900034;0.5900797844;12.569436757260485;2022-12-31T12:00:00Z
312.00166666666667;0.0;0.0;62.18666666666667;15.401940918000037;0.5888597965;12.211565521507534;2022-12-31T13:00:00Z
10.001999999999997;0.0;0.0;16.871111111111112;15.436608886700014;0.5881639719;11.884327593832024;2022-12-31T14:00:00Z
785.6669666666666;0.0;0.0;6.5777777777777775;15.771813964800003;0.5878908038;11.5047894676325;2022-12-31T15:00:00Z
70.001;0.0;0.0;0.0;15.558007812500023;0.5875936747;12.441739471890779;2022-12-31T16:00:00Z
71.25188333333334;0.0;0.0;0.0;15.44924316410004;0.5873900652;12.766872483304956;2022-12-31T17:00:00Z
87.46733333333334;0.0;0.0;0.0;15.411401367200028;0.5872618556;12.25274524297061;2022-12-31T18:00:00Z
44.7176;0.0;0.0;0.0;15.366845703100012;0.5872020721;12.297618909920706;2022-12-31T19:00:00Z
26.80128333333333;0.0;0.0;0.0;15.421716308600026;0.5871687531;12.40639896765626;2022-12-31T20:00:00Z
85.28373333333333;0.0;0.0;0.0;15.133599853500016;0.5871496797;12.626759923388835;2022-12-31T21:00:00Z
65.9026;0.0;0.0;0.0;15.67971191410004;0.5871574879;13.102702175320157;2022-12-31T22:00:00Z
155.5858333333333;0.0;0.0;0.0;15.6590820312;0.5871891975;13.214885238157082;2022-12-31T23:00:00Z
