human-urine-profile;human-feces-profile;household-grey-water-profile;drinking-water-demand;electricity-load-profile;timeindex
0.0408434650125122;0.0038074434796908;0.0019955099988015;0.0;19.7173;2022-01-01T00:00:00Z
0.0453762521183317;0.0044101730645057;0.0023248402443123;0.0;30.56695;2022-01-01T01:00:00Z
0.0495733938165365;0.0050134787965097;0.0025875953535433;0.0;33.133716666666665;2022-01-01T02:00:00Z
0.0532045058913669;0.005576839723569;0.0028180978914043;0.0;34.6501;2022-01-01T03:00:00Z
0.055990372380085;0.0059760768491258;0.0029693653358766;0.0;32.31705;2022-01-01T04:00:00Z
0.0577445022538484;0.0062535783482731;0.0031035682447201;0.0;35.00065;2022-01-01T05:00:00Z
0.058321029060351;0.0060966976832988;0.0031338573517394;0.0;60.03415;2022-01-01T06:00:00Z
0.0577469103844124;0.0061360205308707;0.0030839494146123;20.119;53.633833333333335;2022-01-01T07:00:00Z
0.055985265869488;0.0057015420398453;0.0029830264345729;5.119;68.3335;2022-01-01T08:00:00Z
0.053202053070436;0.0053861903928498;0.0027968491499809;0.1199999999999999;41.50076666666666;2022-01-01T09:00:00Z
0.0495791855284222;0.005033558035763;0.0025507240361016;0.0;66.00006666666667;2022-01-01T10:00:00Z
0.0453677844219401;0.0044390522224704;0.002342601728641;0.0;70.0;2022-01-01T11:00:00Z
0.040824789863082;0.0035715149912841;0.0020241882583;0.0;69.83415;2022-01-01T12:00:00Z
0.0363106056275648;0.0030255955529065;0.0017528679781938;0.0;47.00138333333334;2022-01-01T13:00:00Z
0.0320947589175063;0.0024758358745;0.0014780522274328;0.0;25.00175;2022-01-01T14:00:00Z
0.0284621064443282;0.001954347069219;0.0012583960612916;0.0;33.00161666666666;2022-01-01T15:00:00Z
0.0256619673754477;0.0014639037432482;0.0011191722869355;0.0;234.83435;2022-01-01T16:00:00Z
0.0239248223569615;0.0013327049113639;0.0009520001411668;0.0;50.33521666666666;2022-01-01T17:00:00Z
0.0233273625819854;0.0013056796918881;0.0009556317901534;0.0;84.81773333333332;2022-01-01T18:00:00Z
0.0239176017514951;0.0013302318200887;0.00101121888785;0.0;85.1006;2022-01-01T19:00:00Z
0.0256784542910861;0.0015240394142954;0.0010829310252314;0.0;37.00173333333333;2022-01-01T20:00:00Z
0.0284698495237115;0.0020899646332599;0.0012745499977613;0.0;26.3181;2022-01-01T21:00:00Z
0.0320774461563137;0.0027134796367992;0.0014976323537689;0.0;43.985716666666654;2022-01-01T22:00:00Z
0.036311145510623;0.0031188731918171;0.001753701870951;0.0;799.7181;2022-01-01T23:00:00Z
0.0408459555249851;0.0036090925966977;0.0020316067790768;0.0;21.5834;2022-01-02T00:00:00Z
0.0453624982226917;0.0045210288689825;0.0022774989536748;0.0;35.11685;2022-01-02T01:00:00Z
0.0495932320624762;0.0051718443498267;0.0025813378715591;0.0;32.316716666666665;2022-01-02T02:00:00Z
0.0531983443327119;0.0054864664071795;0.0027750960090793;0.0;34.18333333333334;2022-01-02T03:00:00Z
0.0559838334881491;0.00586511827815;0.0029751260446858;0.0;33.1335;2022-01-02T04:00:00Z
0.0577290093081588;0.0063299509329318;0.0030867174932459;0.0;31.9671;2022-01-02T05:00:00Z
0.0583327549579031;0.0064012965479654;0.0031419852304914;0.0;27.65108333333333;2022-01-02T06:00:00Z
0.0577368513160699;0.0063654125671866;0.0030927973411436;5.119;0.00105;2022-01-02T07:00:00Z
0.0559712429617913;0.0058148416826981;0.0029408523176495;0.1199999999999999;29.66751666666667;2022-01-02T08:00:00Z
0.0532138625881165;0.0055299611109618;0.0027884562461356;20.119;58.0002;2022-01-02T09:00:00Z
0.0495894891737097;0.0049662189231931;0.0026000187714304;0.0;70.0;2022-01-02T10:00:00Z
0.0453556298446736;0.0043348028429142;0.0023044044430813;0.0;70.00013333333334;2022-01-02T11:00:00Z
0.040829346648152;0.0038210819881398;0.002056093548458;0.0;66.83465;2022-01-02T12:00:00Z
0.0363010856994128;0.0030389574031061;0.0017631016774258;0.0;58.00203333333334;2022-01-02T13:00:00Z
0.03209029901541;0.002445709058876;0.0015102462665015;0.0;59.00201666666666;2022-01-02T14:00:00Z
0.0284518118541323;0.0018727568425788;0.0012651286808863;0.0;4.3359000000000005;2022-01-02T15:00:00Z
0.0256822208508707;0.0015800054160357;0.0010913478654095;0.0;179.66766666666666;2022-01-02T16:00:00Z
0.0239347621355658;0.0012302564809517;0.0009458292924478;0.0;503.3339;2022-01-02T17:00:00Z
0.0233247740919237;0.001088380557745;0.0009709451747441;0.0;86.91684999999998;2022-01-02T18:00:00Z
0.0239373474102787;0.0015438858363292;0.0009566687270514;0.0;89.36669999999998;2022-01-02T19:00:00Z
0.0257021152511571;0.0014680253604375;0.0011232038365049;0.0;79.88343333333333;2022-01-02T20:00:00Z
0.0284565610705786;0.0020446548369964;0.0012260756453962;0.0;36.91793333333334;2022-01-02T21:00:00Z
0.0320889814696014;0.0026183968318835;0.0015087576017666;0.0;344.75266666666664;2022-01-02T22:00:00Z
0.036312080903164;0.0030748770430254;0.0017500573680071;0.0;88.33578333333331;2022-01-02T23:00:00Z
0.040836006967046;0.0036233890333891;0.0020232778330715;0.0;30.10035;2022-01-03T00:00:00Z
0.0453655670088359;0.0043947009130792;0.0022705548589248;0.0;38.96683333333333;2022-01-03T01:00:00Z
0.0495891398773263;0.0051812205377666;0.0025685147947399;0.0;27.883866666666663;2022-01-03T02:00:00Z
0.0532089275118029;0.005476831445498;0.0028131153270542;0.0;30.80048333333333;2022-01-03T03:00:00Z
0.0559934773986122;0.0058784387397145;0.0029869552348087;0.0;34.41685;2022-01-03T04:00:00Z
0.0577319173434884;0.0060369818586999;0.0031043833916678;0.0;34.184533333333334;2022-01-03T05:00:00Z
0.0583490707777262;0.0063601254092353;0.0031341164217044;0.0;33.602133333333335;2022-01-03T06:00:00Z
0.0577288220730223;0.0061229775976892;0.0030771036579047;0.1199999999999999;47.167983333333325;2022-01-03T07:00:00Z
0.0559703894360273;0.0060644783532164;0.0029917870518647;5.119;68.3335;2022-01-03T08:00:00Z
0.0532033210635783;0.0053914153529802;0.0027912876195403;20.119;60.83425;2022-01-03T09:00:00Z
0.0495823090248912;0.0049002242299326;0.0025975760081244;0.0;62.0008;2022-01-03T10:00:00Z
0.0453692690108243;0.0041421358653148;0.0023481150964358;0.0;33.834199999999996;2022-01-03T11:00:00Z
0.0408221587286671;0.0037354948812043;0.0020166984939581;0.0;437.00055;2022-01-03T12:00:00Z
0.0363213767783515;0.0029774349241018;0.0017659499571237;0.0;26.668649999999996;2022-01-03T13:00:00Z
0.0320882697262426;0.0023277725153386;0.0015195949751292;0.0;10.001999999999997;2022-01-03T14:00:00Z
0.0284644710590741;0.0020048326075204;0.0012247605923443;0.0;44.33498333333334;2022-01-03T15:00:00Z
0.0256554296415582;0.0015318519361458;0.0011081188565619;0.0;98.00215;2022-01-03T16:00:00Z
0.0239394554040933;0.0013353331527994;0.0009820886026702;0.0;244.8352;2022-01-03T17:00:00Z
0.023321147461567;0.001145385821095;0.0009141284884292;0.0;78.6337;2022-01-03T18:00:00Z
0.023948475138189;0.0013988632337379;0.0009805282965877;0.0;96.86676666666665;2022-01-03T19:00:00Z
0.0256624685197737;0.0016856608513809;0.0011408668746887;0.0;95.55025;2022-01-03T20:00:00Z
0.0284490302845564;0.001996113678858;0.0012401826501895;0.0;78.26773333333334;2022-01-03T21:00:00Z
0.0320848633683664;0.0026899139189288;0.0014634349103692;0.0;87.88533333333332;2022-01-03T22:00:00Z
0.0363128938129246;0.0031202087413387;0.0017508880128264;0.0;402.60256666666663;2022-01-03T23:00:00Z
0.040832472411108;0.0035214448235818;0.0020485397069806;0.0;30.567566666666668;2022-01-04T00:00:00Z
0.0453478014671179;0.0042872405065756;0.0023321867607647;0.0;31.150616666666664;2022-01-04T01:00:00Z
0.0495737842139212;0.0051325510074024;0.0025966887440787;0.0;34.766683333333326;2022-01-04T02:00:00Z
0.0532156598121277;0.0055833686602783;0.0028073366994562;0.0;36.050066666666666;2022-01-04T03:00:00Z
0.0559885327663504;0.0058466697295493;0.0029495582707273;0.0;33.48355;2022-01-04T04:00:00Z
0.0577384953883093;0.0063101761183036;0.0030693117457775;0.0;37.45061666666666;2022-01-04T05:00:00Z
0.0583452494804895;0.0063504785422857;0.0031048985605619;0.0;35.5849;2022-01-04T06:00:00Z
0.0577439512722088;0.0062934641734373;0.0030988992406845;5.119;9.6845;2022-01-04T07:00:00Z
0.0560006897905074;0.0059563005200395;0.0029576868303205;20.119;23.66718333333333;2022-01-04T08:00:00Z
0.0532026465077751;0.0055505467950862;0.0028009411525596;0.1199999999999999;41.00131666666665;2022-01-04T09:00:00Z
0.0495842390539377;0.004839983798802;0.0025732438294503;0.0;52.00113333333333;2022-01-04T10:00:00Z
0.0453637332392151;0.0044079537788527;0.0023162023163488;0.0;50.50078333333333;2022-01-04T11:00:00Z
0.040830941710343;0.0036787387042196;0.0020303272350806;0.0;70.00065;2022-01-04T12:00:00Z
0.0362938250528687;0.0032298865354937;0.0017401711764643;0.0;136.6676;2022-01-04T13:00:00Z
0.032087746082741;0.0024786847311798;0.0014975539963978;0.0;70.001;2022-01-04T14:00:00Z
0.0284556023881437;0.0019699102737896;0.001273858032698;0.0;503.3339;2022-01-04T15:00:00Z
0.0256774280366294;0.0015809259795383;0.0010507388213884;0.0;181.00145;2022-01-04T16:00:00Z
0.0239436886075821;0.0013825164718934;0.0009831858527407;0.0;553.4506333333334;2022-01-04T17:00:00Z
0.0233577924116498;0.0011360771036736;0.0009658918684283;0.0;86.33393333333333;2022-01-04T18:00:00Z
0.0239336463534676;0.0014115861114932;0.000947009812379;0.0;87.61693333333332;2022-01-04T19:00:00Z
0.0256794772363329;0.0016024983029505;0.0010611287498143;0.0;88.43356666666665;2022-01-04T20:00:00Z
0.0284754719814977;0.0020076315576841;0.0012281699382393;0.0;64.08515;2022-01-04T21:00:00Z
0.0320875923921101;0.002445023226778;0.0014623645591001;0.0;19.1361;2022-01-04T22:00:00Z
0.03630921869888;0.0030427473599593;0.0017562747812355;0.0;26.71806666666667;2022-01-04T23:00:00Z
0.0408239235714812;0.003843622870382;0.0020278889997893;0.0;40.133633333333336;2022-01-05T00:00:00Z
0.0453670812179222;0.0044036333673294;0.0023069056740719;0.0;38.616716666666655;2022-01-05T01:00:00Z
0.0495871329352839;0.0050392068688615;0.0025780628117021;0.0;36.283383333333326;2022-01-05T02:00:00Z
0.0531893996031781;0.0055880139077766;0.0028150840951371;0.0;28.58373333333333;2022-01-05T03:00:00Z
0.0559883476405092;0.0057159736251243;0.0029687164460708;0.0;37.10015;2022-01-05T04:00:00Z
0.0577382206532254;0.0060743668969466;0.003092469228584;0.0;45.033583333333326;2022-01-05T05:00:00Z
0.0583307562453101;0.0061261006143664;0.0031114372464032;0.0;28.116733333333336;2022-01-05T06:00:00Z
0.0577290699487508;0.0062440395861842;0.0031212753233605;0.1199999999999999;9.783866666666668;2022-01-05T07:00:00Z
0.055997973760208;0.0059111006440863;0.0029813910836616;25.118;33.000733333333336;2022-01-05T08:00:00Z
0.0532023189012909;0.0056705754350206;0.0028069633067807;0.1199999999999999;63.66688333333334;2022-01-05T09:00:00Z
0.049588460681134;0.0049242753487558;0.0025345288388576;0.0;70.0;2022-01-05T10:00:00Z
0.0453638481190887;0.0045897473124683;0.0023352572966759;0.0;65.3338;2022-01-05T11:00:00Z
0.0408310063340604;0.0038777168535996;0.0020597225108466;0.0;44.16838333333334;2022-01-05T12:00:00Z
0.0363093375344495;0.0030446222398274;0.0017561382387615;0.0;750.33395;2022-01-05T13:00:00Z
0.0320663789692808;0.0026195789056947;0.0015125653337493;0.0;70.001;2022-01-05T14:00:00Z
0.0284675974971002;0.0019970694381549;0.0012702647129235;0.0;70.001;2022-01-05T15:00:00Z
0.0256837108145085;0.0017441737866205;0.0010665052828919;0.0;53.001283333333326;2022-01-05T16:00:00Z
0.0238882825476728;0.0013823963267409;0.0009612685945002;0.0;494.81743333333327;2022-01-05T17:00:00Z
0.0233375434994888;0.0013392380326202;0.000915270162277;0.0;86.23425;2022-01-05T18:00:00Z
0.0239474506167716;0.0014549481275731;0.0010269556491013;0.0;86.4172;2022-01-05T19:00:00Z
0.0256686502373541;0.001730259102266;0.0010528905783538;0.0;90.20003333333331;2022-01-05T20:00:00Z
0.0284611010609889;0.0019841238276302;0.0012501797083187;0.0;73.18363333333332;2022-01-05T21:00:00Z
0.0320850348606465;0.0024548125306947;0.0014654569912559;0.0;53.63536666666666;2022-01-05T22:00:00Z
0.0363039271370919;0.0029605677339821;0.0017577976704009;0.0;6.418200000000001;2022-01-05T23:00:00Z
0.0408315450224707;0.003745669159922;0.0020492413405409;0.0;30.5668;2022-01-06T00:00:00Z
0.045356422661743;0.0043931452918915;0.002302878129979;0.0;37.91675;2022-01-06T01:00:00Z
0.0495973587786845;0.0048276314261223;0.0025955404164061;0.0;34.88348333333333;2022-01-06T02:00:00Z
0.0531979805903916;0.0057219065562962;0.0028086076058244;0.0;33.25021666666667;2022-01-06T03:00:00Z
0.0559907046937372;0.005835753115476;0.002983525650183;0.0;28.46685;2022-01-06T04:00:00Z
0.0577547533825186;0.0060770807402663;0.0030990993146205;0.0;31.383483333333327;2022-01-06T05:00:00Z
0.0583297600818077;0.0062789947324816;0.0030793774214387;0.0;28.46675;2022-01-06T06:00:00Z
0.0577209454139824;0.0060639320059204;0.0030774614601783;5.118999999999999;8.033366666666666;2022-01-06T07:00:00Z
0.0559913498455249;0.0061354706635986;0.002960878935415;20.119;46.00081666666667;2022-01-06T08:00:00Z
0.0531943972425758;0.0055276441584435;0.0027895623701786;0.1199999999999999;37.167366666666666;2022-01-06T09:00:00Z
0.049586386734848;0.0049800947059075;0.0025842084884325;0.0;62.6674;2022-01-06T10:00:00Z
0.0453631719948468;0.0044498898678825;0.0022915309636832;0.0;62.3341;2022-01-06T11:00:00Z
0.0408445250948692;0.0038564405824395;0.0020449629860553;0.0;67.66786666666667;2022-01-06T12:00:00Z
0.0363239571753586;0.0032453708589568;0.0017239712249538;0.0;195.335;2022-01-06T13:00:00Z
0.0320725388629278;0.0023675819473539;0.0014690844850528;0.0;712.1677166666667;2022-01-06T14:00:00Z
0.0284409247079574;0.0019526824128999;0.0012786973577564;0.0;210.66825;2022-01-06T15:00:00Z
0.0256786646661397;0.0017764276378428;0.0011101695598934;0.0;59.00118333333333;2022-01-06T16:00:00Z
0.0239346230806955;0.0013941846738087;0.0010014937152101;0.0;58.43438333333334;2022-01-06T17:00:00Z
0.0233352193301108;0.0012407428467096;0.0009347022664157;0.0;68.06693333333334;2022-01-06T18:00:00Z
0.0239342763223184;0.0013256532593589;0.0009757983585419;0.0;62.8837;2022-01-06T19:00:00Z
0.0256694444514796;0.0014163449118598;0.0010763610288779;0.0;84.68365;2022-01-06T20:00:00Z
0.0284717134238829;0.002127675721594;0.0012324088942197;0.0;67.26729999999999;2022-01-06T21:00:00Z
0.0320859933961584;0.0024109212948182;0.0014539888053762;0.0;66.3853;2022-01-06T22:00:00Z
0.0363123749103109;0.0028849869174345;0.0017261982169691;0.0;69.16798333333334;2022-01-06T23:00:00Z
0.0408352318647752;0.0040329670768618;0.0020372788460915;0.0;0.0;2022-01-07T00:00:00Z
0.045384125183873;0.0044019513243027;0.0022790247948108;0.0;0.0;2022-01-07T01:00:00Z
0.0495894383624515;0.0047281264584774;0.0025607758777496;0.0;0.0;2022-01-07T02:00:00Z
0.0532155580164187;0.0054484006662388;0.0028244996528238;0.0;0.0;2022-01-07T03:00:00Z
0.0559932607440981;0.0058672360786987;0.0029736634867641;0.0;0.0;2022-01-07T04:00:00Z
0.0577332615260178;0.0060845461321883;0.0030704691129801;0.0;0.0;2022-01-07T05:00:00Z
0.0583238072049766;0.0063882026675978;0.0031231201247248;0.0;0.0;2022-01-07T06:00:00Z
0.0577478536816054;0.0061764776764098;0.0031028519838643;5.119;0.0;2022-01-07T07:00:00Z
0.0559687799762153;0.005863607909498;0.0029947086969333;20.119;0.0;2022-01-07T08:00:00Z
0.0531948455508902;0.0056493326516303;0.0028025965882206;0.1199999999999999;0.0;2022-01-07T09:00:00Z
0.0495765239330085;0.0051888438878596;0.0025729742420227;0.0;0.0;2022-01-07T10:00:00Z
0.0453646161720996;0.004571628681975;0.0022921439047242;0.0;0.0;2022-01-07T11:00:00Z
0.0408393140030971;0.0038157324937616;0.0020239268969375;0.0;0.0;2022-01-07T12:00:00Z
0.0362934589388587;0.0031725203136373;0.0017348399799292;0.0;0.0;2022-01-07T13:00:00Z
0.0320892955343797;0.0024152082428354;0.0015055343904255;0.0;0.0;2022-01-07T14:00:00Z
0.0284711636234242;0.0020200434721037;0.0012632867418994;0.0;0.0;2022-01-07T15:00:00Z
0.0256984107676164;0.0017463271099075;0.0010642091705794;0.0;0.0;2022-01-07T16:00:00Z
0.0239285426100498;0.001415552793327;0.0009567928809437;0.0;0.0;2022-01-07T17:00:00Z
0.0233334473604445;0.0011869684247805;0.0009469512654311;0.0;0.0;2022-01-07T18:00:00Z
0.023897927966355;0.0015929139975138;0.0009691918538029;0.0;0.0;2022-01-07T19:00:00Z
0.0256899853856104;0.0015545651202953;0.0010720106892947;0.0;0.0;2022-01-07T20:00:00Z
0.028462445238438;0.0017684685911131;0.0012315005503327;0.0;0.0;2022-01-07T21:00:00Z
0.0320990409224382;0.0023547664740667;0.0014776888895926;0.0;0.0;2022-01-07T22:00:00Z
0.0362902880631744;0.0029058425946459;0.0017569320860902;0.0;0.0;2022-01-07T23:00:00Z
0.0408252161228674;0.0036873024567435;0.0020185389903541;0.0;31.266866666666665;2022-01-08T00:00:00Z
0.0453615323302403;0.0043350712831954;0.0023140635153495;0.0;31.150266666666663;2022-01-08T01:00:00Z
0.0495909103541164;0.0048759567037483;0.00259658635256;0.0;31.033433333333328;2022-01-08T02:00:00Z
0.0532011837936684;0.0055278769596561;0.0028005414135218;0.0;32.5501;2022-01-08T03:00:00Z
0.0559856486955191;0.0059646863437451;0.0029654377815228;0.0;39.31671666666666;2022-01-08T04:00:00Z
0.0577375195386232;0.0060370452683046;0.0031183085701268;0.0;35.817116666666664;2022-01-08T05:00:00Z
0.0583319036318797;0.0061582308714271;0.0031255376076041;0.0;40.217766666666655;2022-01-08T06:00:00Z
0.0577281982068735;0.0061850145706317;0.0031278806882549;25.118;21.666966666666667;2022-01-08T07:00:00Z
0.0559865691153334;0.0060227383725134;0.0029667509624913;0.1199999999999999;45.000183333333325;2022-01-08T08:00:00Z
0.0532084203282979;0.0055629590621138;0.0028411969029943;0.1199999999999999;66.00006666666667;2022-01-08T09:00:00Z
0.0495753889686926;0.004940223308923;0.0025601867677767;0.0;59.000183333333325;2022-01-08T10:00:00Z
0.045349904948095;0.0042314665386545;0.0022940642037337;0.0;52.0003;2022-01-08T11:00:00Z
0.0408549014679216;0.0036311354594476;0.0020046082146769;0.0;59.0006;2022-01-08T12:00:00Z
0.0363132929729591;0.0030240901790097;0.0017703668432799;0.0;37.00155;2022-01-08T13:00:00Z
0.0321048906483469;0.0025367415111402;0.0014915210394826;0.0;181.1684;2022-01-08T14:00:00Z
0.0284361613539675;0.0020418204864084;0.0012787774269799;0.0;586.00185;2022-01-08T15:00:00Z
0.0256693062468706;0.0015944281638799;0.0010873145480132;0.0;260.0018;2022-01-08T16:00:00Z
0.0239299889399942;0.0013614324743838;0.0009973674811682;0.0;66.85146666666667;2022-01-08T17:00:00Z
0.0233589029052592;0.001160574050558;0.0009495796401306;0.0;81.1846;2022-01-08T18:00:00Z
0.0239427959998278;0.0013594966162875;0.0009464386822764;0.0;80.88434999999998;2022-01-08T19:00:00Z
0.0256675802169383;0.0013632505159785;0.0010865278516653;0.0;75.83375000000001;2022-01-08T20:00:00Z
0.0284525344625731;0.0019010719144017;0.0012367284650071;0.0;48.66755;2022-01-08T21:00:00Z
0.0320696201351916;0.0025867577642927;0.0014364497674717;0.0;54.35196666666666;2022-01-08T22:00:00Z
0.0363144242800351;0.0031392849138475;0.0017542218773542;0.0;236.26795;2022-01-08T23:00:00Z
0.0408316775039879;0.0035719768111827;0.0020764896461878;0.0;29.16701666666667;2022-01-09T00:00:00Z
0.0453506262409321;0.0045701726008734;0.002320883012368;0.0;38.85011666666666;2022-01-09T01:00:00Z
0.0495867752223665;0.0048649745539125;0.0025805504255517;0.0;36.63356666666667;2022-01-09T02:00:00Z
0.0532018103087334;0.0054531542693355;0.0027618771507972;0.0;28.933366666666664;2022-01-09T03:00:00Z
0.0559970096698163;0.0059751864511796;0.002960214513982;0.0;26.3669;2022-01-09T04:00:00Z
0.0577361511935914;0.006281664837823;0.0031196656315062;0.0;29.98358333333333;2022-01-09T05:00:00Z
0.0583377912374975;0.0062665531678935;0.0031396720272297;0.0;21.350933333333334;2022-01-09T06:00:00Z
0.0577332982570869;0.0060221779127877;0.0030317403943118;25.118;10.216899999999997;2022-01-09T07:00:00Z
0.055981069657576;0.0058241467944181;0.0030082882761854;0.1199999999999999;30.333883333333336;2022-01-09T08:00:00Z
0.0532046488209088;0.0055253584821422;0.0028217881265181;0.1199999999999999;59.000183333333325;2022-01-09T09:00:00Z
0.0495988156756872;0.0050587634508553;0.0025645159041161;0.0;58.0002;2022-01-09T10:00:00Z
0.0453683023407056;0.0043600355426703;0.0023217611343108;0.0;64.0001;2022-01-09T11:00:00Z
0.0408580825690146;0.0036699489920822;0.0020585758308751;0.0;70.00046666666667;2022-01-09T12:00:00Z
0.036314803074816;0.0031542435792001;0.0017495349951298;0.0;93.83525;2022-01-09T13:00:00Z
0.032073266168653;0.0023528208818497;0.0014779183692917;0.0;432.16775;2022-01-09T14:00:00Z
0.0284832260706672;0.0018333292332996;0.0012348306037012;0.0;66.3347;2022-01-09T15:00:00Z
0.0256864254971912;0.0017120718110812;0.0010778784989695;0.0;63.16835;2022-01-09T16:00:00Z
0.0239338645954777;0.0013233031385206;0.0009778306628464;0.0;61.268066666666655;2022-01-09T17:00:00Z
0.023337749472234;0.0012262495276699;0.0009332355816775;0.0;74.91693333333333;2022-01-09T18:00:00Z
0.0239412892795615;0.0012543898323402;0.0009814967761014;0.0;79.51678333333332;2022-01-09T19:00:00Z
0.0256644786847248;0.0013444700195265;0.0010937011113689;0.0;83.66688333333333;2022-01-09T20:00:00Z
0.028451822815417;0.001970076765939;0.001250735644511;0.0;77.86689999999999;2022-01-09T21:00:00Z
0.032087340010987;0.0026353334253581;0.0014479877952601;0.0;641.41725;2022-01-09T22:00:00Z
0.0362904438640864;0.0030794676897469;0.0017431751731812;0.0;236.16838333333328;2022-01-09T23:00:00Z
0.0408251598960631;0.003798385003271;0.0020220646429238;0.0;30.45028333333333;2022-01-10T00:00:00Z
0.045363060485516;0.0043502251094554;0.0022808228896577;0.0;28.35013333333333;2022-01-10T01:00:00Z
0.0495684147711993;0.0049875396505947;0.0025664119171075;0.0;31.96695;2022-01-10T02:00:00Z
0.0532025279797141;0.0054951037592722;0.0028115739142058;0.0;31.38365;2022-01-10T03:00:00Z
0.0559838248667898;0.0058915143078777;0.0029976497318206;0.0;34.06695;2022-01-10T04:00:00Z
0.0577352604751374;0.0063268255105768;0.0030925978061926;0.0;35.700516666666665;2022-01-10T05:00:00Z
0.0583333409689398;0.0061760690958245;0.0031201164315121;0.0;23.5678;2022-01-10T06:00:00Z
0.0577390171736687;0.0061248563653444;0.0030886905042476;20.119;71.3506;2022-01-10T07:00:00Z
0.0559939376453905;0.0058141143453788;0.0030217948566618;0.1199999999999999;70.0;2022-01-10T08:00:00Z
0.0532025017467192;0.0057145981222947;0.0027902800523436;5.119;13.00095;2022-01-10T09:00:00Z
0.0495914307065043;0.005098043458033;0.0025589467055355;0.0;59.000183333333325;2022-01-10T10:00:00Z
0.0453717610561973;0.0044055666680752;0.0023204664606553;0.0;37.00055;2022-01-10T11:00:00Z
0.0408185956376557;0.0037190669689496;0.0020556201765189;0.0;63.000600000000006;2022-01-10T12:00:00Z
0.0363015910931612;0.0032238632404924;0.0017790886277173;0.0;47.16836666666666;2022-01-10T13:00:00Z
0.0320723446419455;0.0025480671252253;0.0014560652392133;0.0;18.16885;2022-01-10T14:00:00Z
0.0284586844160876;0.0020155152586516;0.0012560921071686;0.0;601.3346166666665;2022-01-10T15:00:00Z
0.0256884364831222;0.0014553242064679;0.0011020488311304;0.0;67.00105;2022-01-10T16:00:00Z
0.023926432856133;0.0013394076845415;0.0009988691801825;0.0;108.11766666666666;2022-01-10T17:00:00Z
0.0233468421357814;0.0011592924741031;0.0009409924936779;0.0;85.86773333333333;2022-01-10T18:00:00Z
0.0239236888316947;0.0011920344853951;0.0009606166157432;0.0;65.81766666666667;2022-01-10T19:00:00Z
0.0256941868005232;0.0016633609765649;0.0010701665982235;0.0;70.41781666666667;2022-01-10T20:00:00Z
0.0284433555607908;0.002189766529245;0.0012202989330805;0.0;64.00135;2022-01-10T21:00:00Z
0.0320794117266118;0.0026358027012211;0.0014760271753313;0.0;30.30288333333333;2022-01-10T22:00:00Z
0.0363057636886574;0.0030575379288862;0.0017403212107788;0.0;330.0024;2022-01-10T23:00:00Z
0.0408212102530917;0.0038338209971898;0.0020295137177977;0.0;33.9503;2022-01-11T00:00:00Z
0.045358274389587;0.0043285663273791;0.0022934715692918;0.0;27.06748333333333;2022-01-11T01:00:00Z
0.0495844819141749;0.0050557900555198;0.0025878448752987;0.0;26.95038333333333;2022-01-11T02:00:00Z
0.0531908921476061;0.0055305946901348;0.0027980148085934;0.0;25.78365;2022-01-11T03:00:00Z
0.0559781468423985;0.0060104925698361;0.0029590669060107;0.0;31.1502;2022-01-11T04:00:00Z
0.0577249108965946;0.0061236891223765;0.0030462388576629;0.0;37.61711666666666;2022-01-11T05:00:00Z
0.058338972077808;0.0061764334283779;0.0031500968712659;0.0;50.8505;2022-01-11T06:00:00Z
0.0577309949336999;0.0060425099819052;0.0031016826420836;0.1199999999999999;51.48455;2022-01-11T07:00:00Z
0.0559867949841507;0.0059625388347607;0.0030007081307079;5.119;43.001283333333326;2022-01-11T08:00:00Z
0.0532119334777598;0.0057717018401281;0.0027873909689571;20.119;17.001716666666667;2022-01-11T09:00:00Z
0.0495866552919123;0.0049957313012229;0.002601045132211;0.0;39.00135;2022-01-11T10:00:00Z
0.0453586185213679;0.004539362853185;0.0023186183449144;0.0;48.667783333333325;2022-01-11T11:00:00Z
0.0408441826621531;0.0036498111356087;0.0020010653798198;0.0;58.83495;2022-01-11T12:00:00Z
0.0363066431027699;0.0032129727293093;0.0017399267936607;0.0;70.001;2022-01-11T13:00:00Z
0.0320814296588716;0.0025375750546087;0.0014727485027798;0.0;1053.3333499999999;2022-01-11T14:00:00Z
0.0284779065699735;0.0020524573164831;0.0012691375289498;0.0;195.6683;2022-01-11T15:00:00Z
0.0256645922355539;0.0016003978069711;0.0010532141537648;0.0;62.3351;2022-01-11T16:00:00Z
0.0239395991512676;0.0013861212980905;0.0009489329768229;0.0;55.10183333333334;2022-01-11T17:00:00Z
0.0233346073195614;0.0012390526796566;0.0009290407903136;0.0;67.15053333333333;2022-01-11T18:00:00Z
0.0239022830621404;0.0011183397511389;0.0009394880479731;0.0;57.117383333333336;2022-01-11T19:00:00Z
0.0256720839541152;0.0014941234660256;0.00105666107426;0.0;96.71685;2022-01-11T20:00:00Z
0.028442494251958;0.0021404973118867;0.0012549270396199;0.0;92.0001;2022-01-11T21:00:00Z
0.0320812864901684;0.0023523758852865;0.0014498946253633;0.0;89.43469999999998;2022-01-11T22:00:00Z
0.0363261772461857;0.003249093984902;0.0017432844952829;0.0;121.68511666666669;2022-01-11T23:00:00Z
0.0408205451731435;0.0037036988251138;0.0020317360851644;0.0;26.0171;2022-01-12T00:00:00Z
0.045371742427463;0.0044663152989207;0.0023260103067426;0.0;33.3669;2022-01-12T01:00:00Z
0.0495897038064242;0.0049330592054673;0.0025864294187498;0.0;36.633333333333326;2022-01-12T02:00:00Z
0.0532004999602216;0.0057136344918198;0.0027687416786739;0.0;27.300516666666663;2022-01-12T03:00:00Z
0.0560062993896459;0.006053695632968;0.0029980130901909;0.0;27.650633333333328;2022-01-12T04:00:00Z
0.057728412598745;0.006238713614817;0.0030673498670232;0.0;31.38373333333333;2022-01-12T05:00:00Z
0.0583320037883733;0.00610962810581;0.0031462095291483;0.0;25.667083333333327;2022-01-12T06:00:00Z
0.0577413888375396;0.0061503335775446;0.0030781044734759;25.118;7.817716666666666;2022-01-12T07:00:00Z
0.055993337485361;0.0059065607324931;0.0030100651336201;0.1199999999999999;62.50075;2022-01-12T08:00:00Z
0.0531932623647157;0.005551447642953;0.0028062246400482;0.1199999999999999;7.66815;2022-01-12T09:00:00Z
0.0495931016666891;0.0048527957213393;0.0025714666728052;0.0;53.00028333333333;2022-01-12T10:00:00Z
0.0453603557842308;0.004352141290316;0.0022934235409314;0.0;70.0;2022-01-12T11:00:00Z
0.0408294566144139;0.0036663482232879;0.0020629012331053;0.0;58.000616666666666;2022-01-12T12:00:00Z
0.0362982443397838;0.0031138220919049;0.0017452735161189;0.0;383.3343333333333;2022-01-12T13:00:00Z
0.0320831192275812;0.0024006832843576;0.0014484688054314;0.0;30.33555;2022-01-12T14:00:00Z
0.028465308317775;0.0019445045832697;0.0012436450754211;0.0;34.66836666666667;2022-01-12T15:00:00Z
0.0256643709520668;0.0015182499302064;0.0011034276950023;0.0;66.83456666666666;2022-01-12T16:00:00Z
0.023917721864855;0.0013383406421028;0.0009696365608004;0.0;355.61831666666666;2022-01-12T17:00:00Z
0.0233373996086047;0.0011988925165477;0.0009206439332254;0.0;68.7175;2022-01-12T18:00:00Z
0.0239448634426054;0.0014214924221608;0.0009713332954663;0.0;80.9008;2022-01-12T19:00:00Z
0.025689920122577;0.0014678224594129;0.0011177606225699;0.0;89.2339;2022-01-12T20:00:00Z
0.0284520823201774;0.0019218560637375;0.0012512132744495;0.0;90.06675;2022-01-12T21:00:00Z
0.0320907104519881;0.0025388400355896;0.0014621952437248;0.0;326.46805;2022-01-12T22:00:00Z
0.0363073509155131;0.0030596562789516;0.0017464612462992;0.0;67.56813333333334;2022-01-12T23:00:00Z
0.0408479047980089;0.00366687738939;0.0020061767916079;0.0;29.866866666666663;2022-01-13T00:00:00Z
0.0453721725824113;0.004226896224496;0.0022849357914099;0.0;38.50021666666667;2022-01-13T01:00:00Z
0.0495764978797646;0.0051117401114352;0.0025812845395442;0.0;36.283683333333336;2022-01-13T02:00:00Z
0.0532046441729847;0.0053624660044004;0.0027630600728278;0.0;40.83358333333334;2022-01-13T03:00:00Z
0.0559881684500646;0.0058958844263028;0.0029850377891871;0.0;32.083883333333326;2022-01-13T04:00:00Z
0.0577440728225392;0.006089047925403;0.0031080363388399;0.0;34.183833333333325;2022-01-13T05:00:00Z
0.0583558961262609;0.0060575278181129;0.0031108974175924;0.0;42.816766666666666;2022-01-13T06:00:00Z
0.0577463166609991;0.0060951084129958;0.0031116719838817;5.119;41.85085;2022-01-13T07:00:00Z
0.055967937885765;0.0057712957682186;0.0029795264149742;0.1199999999999999;70.0;2022-01-13T08:00:00Z
0.0532030875245344;0.0054197897800037;0.0028076735405148;20.119;70.0;2022-01-13T09:00:00Z
0.0495954910726163;0.005173256967271;0.0025622988942994;0.0;70.0;2022-01-13T10:00:00Z
0.045371163018722;0.0044518580708482;0.002293549581482;0.0;69.8334;2022-01-13T11:00:00Z
0.0408361180498732;0.004008528141142;0.0020076919869109;0.0;67.83455;2022-01-13T12:00:00Z
0.0362936570284227;0.0030222670214099;0.0017617800050153;0.0;62.83505;2022-01-13T13:00:00Z
0.0320899903493846;0.0024471041769302;0.0014777049441257;0.0;66.3347;2022-01-13T14:00:00Z
0.0284770979919037;0.0019875944267067;0.0012425854786601;0.0;661.0015833333333;2022-01-13T15:00:00Z
0.0256905486971597;0.0015749073743293;0.0010868851792434;0.0;62.001916666666666;2022-01-13T16:00:00Z
0.0239312654406714;0.0013659062135988;0.0009620686971343;0.0;204.33436666666665;2022-01-13T17:00:00Z
0.0233370808098305;0.0012699898084719;0.000922506848969;0.0;37.434766666666654;2022-01-13T18:00:00Z
0.0239337988639123;0.0013580788564098;0.000994823466818;0.0;45.9843;2022-01-13T19:00:00Z
0.0256833555488957;0.0015317992737325;0.0010659477526167;0.0;71.88366666666667;2022-01-13T20:00:00Z
0.0284547599856861;0.001865147682393;0.0012927213221282;0.0;29.5514;2022-01-13T21:00:00Z
0.032084677075901;0.0024500698856933;0.001512076610993;0.0;56.0017;2022-01-13T22:00:00Z
0.0363093131270156;0.0031796649299692;0.0017483693725064;0.0;165.71773333333334;2022-01-13T23:00:00Z
0.0408351389670722;0.0037162336069625;0.0020167621076342;0.0;0.0;2022-01-14T00:00:00Z
0.0453704047321864;0.0043640420618321;0.0023083863633399;0.0;0.0;2022-01-14T01:00:00Z
0.049581508789641;0.0049642567274415;0.0025964998871237;0.0;0.0;2022-01-14T02:00:00Z
0.0532043675173773;0.0054095332116663;0.0027839104368268;0.0;0.0;2022-01-14T03:00:00Z
0.0559894313898656;0.0060315748489528;0.0029781706674779;0.0;0.0;2022-01-14T04:00:00Z
0.057735822379192;0.006386193706604;0.0030729764481609;0.0;0.0;2022-01-14T05:00:00Z
0.0583458580536021;0.0063680296233409;0.0031071024446227;0.0;0.0;2022-01-14T06:00:00Z
0.0577381880082953;0.006168939007726;0.0031150427542045;25.118;0.0;2022-01-14T07:00:00Z
0.0559946492282983;0.0058979592716465;0.0029771909277352;0.1199999999999999;0.0;2022-01-14T08:00:00Z
0.0532193323768723;0.0054579559755015;0.0028490718380847;0.1199999999999999;0.0;2022-01-14T09:00:00Z
0.0495878528816158;0.0050211152965766;0.0025500490989743;0.0;0.0;2022-01-14T10:00:00Z
0.0453718659830065;0.004401765823128;0.0022886384007328;0.0;0.0;2022-01-14T11:00:00Z
0.0408256286626841;0.0038408565227445;0.0020219004908009;0.0;0.0;2022-01-14T12:00:00Z
0.0363049667571475;0.0030689672738068;0.0017393761089983;0.0;0.0;2022-01-14T13:00:00Z
0.0320929179138875;0.0024766257835411;0.0014895407971858;0.0;0.0;2022-01-14T14:00:00Z
0.0284432085505474;0.0021414471348756;0.0012407104218447;0.0;0.0;2022-01-14T15:00:00Z
0.0256773612575558;0.0015568469406094;0.0010800834606952;0.0;0.0;2022-01-14T16:00:00Z
0.0239221533623234;0.0012028022292399;0.0009458973305335;0.0;0.0;2022-01-14T17:00:00Z
0.0233245161744055;0.0013641992594147;0.0009384870558046;0.0;0.0;2022-01-14T18:00:00Z
0.0239302855801117;0.0014196500553811;0.0009706263442311;0.0;0.0;2022-01-14T19:00:00Z
0.0257024316724788;0.0015393310134404;0.0010901397258412;0.0;0.0;2022-01-14T20:00:00Z
0.02846703252411;0.002028938101951;0.0012379168930539;0.0;0.0;2022-01-14T21:00:00Z
0.0320798211390714;0.0023921875359849;0.0014483995105033;0.0;0.0;2022-01-14T22:00:00Z
0.0362972687946225;0.0030597355459949;0.0017273315629331;0.0;0.0;2022-01-14T23:00:00Z
0.0408264845121182;0.0038212481332167;0.002076210710242;0.0;31.03383333333333;2022-01-15T00:00:00Z
0.0453528334374873;0.0044786457506062;0.0023175350466528;0.0;26.83405;2022-01-15T01:00:00Z
0.0495947998120314;0.0050598206261953;0.0025738696208042;0.0;27.067283333333332;2022-01-15T02:00:00Z
0.0532124041583702;0.0056121864356814;0.0028025886701866;0.0;32.78365;2022-01-15T03:00:00Z
0.0559935312391654;0.0057718540664308;0.0029928103146497;0.0;33.133533333333325;2022-01-15T04:00:00Z
0.0577329262611156;0.0059816471294744;0.0030751115876547;0.0;27.65043333333333;2022-01-15T05:00:00Z
0.0583125803683367;0.0061129974270578;0.0031323509563124;0.0;21.46745;2022-01-15T06:00:00Z
0.0577600728455017;0.0062145055398653;0.0030789138256969;5.119;22.10161666666667;2022-01-15T07:00:00Z
0.0559906591290997;0.00591289002016;0.0030305869501781;0.1199999999999999;48.500816666666665;2022-01-15T08:00:00Z
0.0532061400716879;0.0055732478341088;0.0027946511168264;20.119;66.16705;2022-01-15T09:00:00Z
0.0495756182686518;0.0049016675509042;0.0025484760364677;0.0;68.83345;2022-01-15T10:00:00Z
0.0453629998256587;0.0043835473712637;0.0023077809324132;0.0;70.00018333333334;2022-01-15T11:00:00Z
0.0408413950498107;0.0036800918972191;0.002048983878087;0.0;36.00156666666667;2022-01-15T12:00:00Z
0.0363011717887956;0.0030014097176834;0.001742778941244;0.0;50.00133333333333;2022-01-15T13:00:00Z
0.0320725710705232;0.0025569966048247;0.0015370195357431;0.0;265.6678;2022-01-15T14:00:00Z
0.0284704289692509;0.0020893267157989;0.0012566862734542;0.0;421.0014166666666;2022-01-15T15:00:00Z
0.0256879712212215;0.0013283324524199;0.0010736967286657;0.0;546.6678166666667;2022-01-15T16:00:00Z
0.023927430945959;0.001448645065106;0.0009450347758182;0.0;30.218216666666663;2022-01-15T17:00:00Z
0.0233280826980753;0.0012474650488546;0.0009094223237331;0.0;58.53481666666667;2022-01-15T18:00:00Z
0.0239381428744649;0.0013012201120594;0.0009767246876539;0.0;70.26833333333333;2022-01-15T19:00:00Z
0.0256785773661222;0.0014888425613921;0.0010733241474084;0.0;79.13445;2022-01-15T20:00:00Z
0.0284537321191172;0.0020773118195958;0.0012445106288088;0.0;91.0;2022-01-15T21:00:00Z
0.0320932879609533;0.0024214190314772;0.0015058760479387;0.0;112.33441666666666;2022-01-15T22:00:00Z
0.0362987261289856;0.0028938525432502;0.001718339704707;0.0;74.98513333333331;2022-01-15T23:00:00Z
0.0408341536430597;0.0038158440243093;0.0020108860371665;0.0;30.333566666666663;2022-01-16T00:00:00Z
0.0453567110803234;0.0043971463298368;0.0022745785069273;0.0;37.80043333333333;2022-01-16T01:00:00Z
0.0495955135425206;0.0049387405807458;0.0026162063731523;0.0;38.85028333333334;2022-01-16T02:00:00Z
0.0532120096663798;0.0057016991416138;0.0028113212874872;0.0;33.01696666666667;2022-01-16T03:00:00Z
0.0559881001394132;0.0059637375233849;0.0029594828348949;0.0;28.58333333333333;2022-01-16T04:00:00Z
0.0577502043966972;0.0062427098997825;0.0031023458247084;0.0;31.50065;2022-01-16T05:00:00Z
0.0583337140230105;0.0060954540066812;0.0031193866892377;0.0;34.68371666666667;2022-01-16T06:00:00Z
0.0577219999922813;0.0060856000371992;0.0030709647898919;5.119;30.384233333333327;2022-01-16T07:00:00Z
0.0559881641322318;0.0058415856943458;0.0029976779852328;0.1199999999999999;41.000483333333335;2022-01-16T08:00:00Z
0.0532034547920318;0.0055442214178457;0.0027969419953797;20.119;68.50015;2022-01-16T09:00:00Z
0.0495769731925955;0.0050933994322645;0.0025775634733291;0.0;60.1674;2022-01-16T10:00:00Z
0.0453703662087766;0.0046021312195719;0.0023039341435545;0.0;45.50095;2022-01-16T11:00:00Z
0.0408418478486415;0.0038640578901687;0.0020306964265776;0.0;21.001966666666664;2022-01-16T12:00:00Z
0.0363075285651994;0.0032121734362431;0.0017445842737282;0.0;42.5015;2022-01-16T13:00:00Z
0.0320756167440287;0.0025742270616196;0.0014848704109073;0.0;64.0011;2022-01-16T14:00:00Z
0.028435743868036;0.0019063716890584;0.0012491032924433;0.0;53.001283333333326;2022-01-16T15:00:00Z
0.0256604306531666;0.0016595928465649;0.0010732919571011;0.0;70.001;2022-01-16T16:00:00Z
0.0239231037532555;0.001255576872908;0.000934971535411;0.0;169.73443333333333;2022-01-16T17:00:00Z
0.0233012869382962;0.0014036630634766;0.0009269912382371;0.0;77.95125;2022-01-16T18:00:00Z
0.0239276125000617;0.0012793070636239;0.0010083973132566;0.0;78.78425;2022-01-16T19:00:00Z
0.0256595587932937;0.0016376264457244;0.001083909760931;0.0;51.467433333333325;2022-01-16T20:00:00Z
0.0284467743756625;0.0020876864809884;0.0012988129354716;0.0;86.9336;2022-01-16T21:00:00Z
0.0320858803356629;0.0025577323446112;0.0014775187088003;0.0;286.20146666666665;2022-01-16T22:00:00Z
0.0362996102351729;0.0032306112547382;0.001726438396812;0.0;744.2345333333334;2022-01-16T23:00:00Z
0.0408382251934933;0.0038036298301114;0.0020444158623953;0.0;30.21678333333333;2022-01-17T00:00:00Z
0.0453652671930481;0.0044481210187135;0.0023154124785253;0.0;35.23361666666666;2022-01-17T01:00:00Z
0.0495924837854521;0.0049342576877689;0.0026028604537646;0.0;35.46685;2022-01-17T02:00:00Z
0.0532122294102976;0.0054397008248372;0.0028180494965895;0.0;41.30005;2022-01-17T03:00:00Z
0.0559833995797554;0.0060757209579569;0.0029790556869184;0.0;35.35015;2022-01-17T04:00:00Z
0.0577314224463205;0.0062261489299024;0.0031509534328325;0.0;34.41675;2022-01-17T05:00:00Z
0.0583296792280026;0.00619008373406;0.0031261913825067;0.0;28.58343333333333;2022-01-17T06:00:00Z
0.057724276221432;0.006191778255316;0.0030859331015857;20.119;0.9334833333333332;2022-01-17T07:00:00Z
0.0559954750292459;0.0058768262118593;0.002998723953174;5.119;0.5013166666666666;2022-01-17T08:00:00Z
0.0532232887716929;0.0054204739919799;0.0027914380957775;0.1199999999999999;32.6674;2022-01-17T09:00:00Z
0.049570430740547;0.0052150489863039;0.0025647158241032;0.0;45.5012;2022-01-17T10:00:00Z
0.0453497130951959;0.0044568057067174;0.0023108499413575;0.0;52.00086666666667;2022-01-17T11:00:00Z
0.040827730291567;0.0038889326247899;0.0020834566476695;0.0;70.001;2022-01-17T12:00:00Z
0.0363034626579276;0.0032776525926561;0.0017513386438342;0.0;70.001;2022-01-17T13:00:00Z
0.0320680303755976;0.0026501171444758;0.0015286439970747;0.0;69.16775;2022-01-17T14:00:00Z
0.028466537605105;0.0019613790088624;0.0012807150352926;0.0;318.33425;2022-01-17T15:00:00Z
0.0256621483006698;0.0016648704832529;0.0010884611324966;0.0;785.1671;2022-01-17T16:00:00Z
0.023931976377623;0.0013375253289674;0.0009397027185267;0.0;67.8848;2022-01-17T17:00:00Z
0.023332043866231;0.0011939050837548;0.0009714951864012;0.0;79.95106666666666;2022-01-17T18:00:00Z
0.0239273092682496;0.0015398716675527;0.0009618322670372;0.0;90.16675;2022-01-17T19:00:00Z
0.0256871646282953;0.0015221142949246;0.0010982991568445;0.0;88.4336;2022-01-17T20:00:00Z
0.0284535111522778;0.0018568907332924;0.0012512632895322;0.0;96.5002;2022-01-17T21:00:00Z
0.0320917209870201;0.0024771799153205;0.0014666593486602;0.0;86.00158333333333;2022-01-17T22:00:00Z
0.0363002271053131;0.0030667292458629;0.0017305110893258;0.0;51.435133333333326;2022-01-17T23:00:00Z
0.040851241865456;0.0036354604558934;0.0020261412522135;0.0;27.183516666666662;2022-01-18T00:00:00Z
0.0453675739907442;0.0042557219541606;0.0023042756124776;0.0;29.633466666666667;2022-01-18T01:00:00Z
0.0495858418198403;0.0050938666706841;0.0025973286008722;0.0;32.550133333333335;2022-01-18T02:00:00Z
0.0531909216524511;0.0053352444987727;0.0027711111292661;0.0;29.983466666666665;2022-01-18T03:00:00Z
0.0559885177981566;0.00580662293609;0.002984473424999;0.0;27.7667;2022-01-18T04:00:00Z
0.0577433984940197;0.0061223943565129;0.0030820333330221;0.0;52.88346666666667;2022-01-18T05:00:00Z
0.0583335185684336;0.0063343071718658;0.0031406035744552;0.0;69.36744999999999;2022-01-18T06:00:00Z
0.0577415204143246;0.00603423929655;0.0031062168955279;0.1199999999999999;62.0008;2022-01-18T07:00:00Z
0.0559878022685283;0.0059436316744247;0.002965353882118;25.118;66.50035;2022-01-18T08:00:00Z
0.0532078791599911;0.0054998862795823;0.0027929792858231;0.1199999999999999;69.3334;2022-01-18T09:00:00Z
0.0495757328353424;0.0052928729805195;0.0025886155450082;0.0;51.000316666666656;2022-01-18T10:00:00Z
0.0453453322562223;0.0043835727545244;0.002291730695417;0.0;59.00045;2022-01-18T11:00:00Z
0.040831100930931;0.0036468554869311;0.0020080774196323;0.0;66.00106666666666;2022-01-18T12:00:00Z
0.0363013748176297;0.0029544476611907;0.0017560179758049;0.0;346.33495;2022-01-18T13:00:00Z
0.0320973786839588;0.0025005065870247;0.0014611018851094;0.0;403.334;2022-01-18T14:00:00Z
0.0284720431582348;0.0020986170241194;0.0012584790993937;0.0;247.16823333333332;2022-01-18T15:00:00Z
0.0256763635982947;0.001583925711381;0.0010786511947504;0.0;1.6694999999999995;2022-01-18T16:00:00Z
0.0239325187459575;0.0014961538571627;0.0009566015073462;0.0;58.50171666666667;2022-01-18T17:00:00Z
0.0233241039422184;0.0011571156965517;0.0009054725823288;0.0;29.734516666666664;2022-01-18T18:00:00Z
0.0239224894346665;0.0014010815657001;0.0009599354567994;0.0;75.68386666666667;2022-01-18T19:00:00Z
0.0256721368782505;0.0014869629414533;0.0010600045954307;0.0;58.00055;2022-01-18T20:00:00Z
0.0284638995614326;0.0019596036521797;0.0012657551613406;0.0;52.83413333333333;2022-01-18T21:00:00Z
0.032080424275453;0.0024805888554507;0.0014921667416592;0.0;90.86786666666669;2022-01-18T22:00:00Z
0.0362885430454355;0.0032231769395883;0.0017749591415341;0.0;112.01795;2022-01-18T23:00:00Z
0.0408217843566664;0.00386003925856;0.0020224966475764;0.0;16.683766666666667;2022-01-19T00:00:00Z
0.0453638851263783;0.0043913338325672;0.0023036347127963;0.0;38.73345;2022-01-19T01:00:00Z
0.0495714167569579;0.0051168289325117;0.0026051090307565;0.0;37.683766666666656;2022-01-19T02:00:00Z
0.0531998261855063;0.0055993671156769;0.0028082314674649;0.0;33.017083333333325;2022-01-19T03:00:00Z
0.0559842251047107;0.0057117077205502;0.0029580561362944;0.0;29.633566666666663;2022-01-19T04:00:00Z
0.0577399134031853;0.0063436072902232;0.0030825530370414;0.0;37.21673333333334;2022-01-19T05:00:00Z
0.0583475577841069;0.0062920875197588;0.0031251262848193;0.0;26.267616666666665;2022-01-19T06:00:00Z
0.0577184649654887;0.0063111022639213;0.0030780763533003;0.1199999999999999;41.75076666666666;2022-01-19T07:00:00Z
0.0559877881022948;0.0059035326509859;0.0029448786360277;5.119;70.0;2022-01-19T08:00:00Z
0.0532148038615207;0.0054982350277618;0.0028235957306325;20.119;65.83375;2022-01-19T09:00:00Z
0.0495743663935433;0.0049117355895031;0.0025836162841415;0.0;70.0;2022-01-19T10:00:00Z
0.0453717278556667;0.0044395387215721;0.002313443036302;0.0;69.0007;2022-01-19T11:00:00Z
0.0408461356068418;0.0037912335818774;0.0020253552502778;0.0;66.0014;2022-01-19T12:00:00Z
0.0362990752271823;0.0033450730166123;0.0017604875194692;0.0;68.50115;2022-01-19T13:00:00Z
0.0320806987475875;0.0023926341561699;0.0014772052172774;0.0;281.5013;2022-01-19T14:00:00Z
0.0284556078516337;0.001949057445255;0.0012962513396195;0.0;80.66825;2022-01-19T15:00:00Z
0.0256834660802713;0.0017966143159467;0.0010815744264555;0.0;585.5006;2022-01-19T16:00:00Z
0.0239448220231673;0.0013037951601176;0.0009576851608404;0.0;70.5676;2022-01-19T17:00:00Z
0.0233297823154372;0.0012569918015236;0.0009415719512986;0.0;84.11678333333333;2022-01-19T18:00:00Z
0.0239286483500371;0.0014709879617479;0.000992312717209;0.0;84.80061666666667;2022-01-19T19:00:00Z
0.0256747150478539;0.0015043787804256;0.001061644006701;0.0;83.0837;2022-01-19T20:00:00Z
0.0284551098335259;0.0020394431073733;0.0012668365141162;0.0;51.50078333333333;2022-01-19T21:00:00Z
0.0320861215964278;0.0023756923051261;0.0014729921036221;0.0;27.068183333333334;2022-01-19T22:00:00Z
0.0363026277361998;0.0029964849210391;0.0017615706448215;0.0;254.65103333333332;2022-01-19T23:00:00Z
0.0408429941307566;0.0036992679588627;0.0020201623646451;0.0;21.467166666666664;2022-01-20T00:00:00Z
0.0453573851364771;0.0043333846705115;0.002299063802341;0.0;34.41675;2022-01-20T01:00:00Z
0.0495879670547344;0.004932604560093;0.0025863208932976;0.0;34.41688333333333;2022-01-20T02:00:00Z
0.0532035330818052;0.005576709327423;0.0028298948808387;0.0;40.016866666666665;2022-01-20T03:00:00Z
0.0559810820089281;0.0058571611770612;0.0029694136773203;0.0;39.66685;2022-01-20T04:00:00Z
0.0577329716038725;0.0061383719167699;0.0030983863202581;0.0;40.7172;2022-01-20T05:00:00Z
0.0583343630360646;0.0062775911794015;0.0031568030652675;0.0;31.267983333333333;2022-01-20T06:00:00Z
0.0577365970714329;0.0061304032385566;0.0030518203394506;0.1199999999999999;3.501516666666667;2022-01-20T07:00:00Z
0.0560001260474385;0.0058452412555928;0.0029644973855316;20.119;6.50135;2022-01-20T08:00:00Z
0.053209274139708;0.0052976841776845;0.0028216517838615;5.119;6.834650000000001;2022-01-20T09:00:00Z
0.0495832343326483;0.0048395932650711;0.0025877882163003;0.0;62.00013333333333;2022-01-20T10:00:00Z
0.0453357741410637;0.0042827721218766;0.0023357131837405;0.0;70.0;2022-01-20T11:00:00Z
0.0408348753621423;0.0038417186364836;0.00200947307027;0.0;536.6667833333332;2022-01-20T12:00:00Z
0.0363068978593694;0.0031350075824795;0.0017452967710423;0.0;380.8346;2022-01-20T13:00:00Z
0.0320931273543;0.0024215579623999;0.0014961787856581;0.0;101.3345;2022-01-20T14:00:00Z
0.0284466443619818;0.0019697357712085;0.0012727137510454;0.0;65.50145;2022-01-20T15:00:00Z
0.0256821294024987;0.0014530956485892;0.0010907932535336;0.0;61.83515;2022-01-20T16:00:00Z
0.0239420643456297;0.0014495907380743;0.0009648670121114;0.0;44.834999999999994;2022-01-20T17:00:00Z
0.023342669500948;0.0012150682949191;0.0009221873313311;0.0;13.368166666666667;2022-01-20T18:00:00Z
0.0239288205552334;0.0013043739755125;0.0009647674233206;0.0;13.1355;2022-01-20T19:00:00Z
0.025686916699302;0.00147715095044;0.0010471266672113;0.0;50.001166666666656;2022-01-20T20:00:00Z
0.0284562131556316;0.0020196824604692;0.001240424109477;0.0;88.85041666666666;2022-01-20T21:00:00Z
0.0320880509893341;0.0022876239813806;0.0014660249716842;0.0;221.1846;2022-01-20T22:00:00Z
0.0362990334626712;0.002900142254044;0.0017384557527161;0.0;146.10168333333334;2022-01-20T23:00:00Z
0.0408327574188071;0.0038615189991797;0.0019993430425938;0.0;0.0;2022-01-21T00:00:00Z
0.0453766710110126;0.0045642833521448;0.0023442198137691;0.0;0.0;2022-01-21T01:00:00Z
0.0495771193150575;0.0051512160400306;0.0025918649563837;0.0;0.0;2022-01-21T02:00:00Z
0.0532033402562309;0.0055164221056055;0.0027823507343047;0.0;0.0;2022-01-21T03:00:00Z
0.0559831904346591;0.0057659102400151;0.0029724441914617;0.0;0.0;2022-01-21T04:00:00Z
0.0577300667229001;0.0062717731380018;0.0030724687497912;0.0;0.0;2022-01-21T05:00:00Z
0.0583186663591433;0.0062720900082752;0.0031143367437406;0.0;0.0;2022-01-21T06:00:00Z
0.0577377063496597;0.0060540771760462;0.0031047767679537;20.119;0.0;2022-01-21T07:00:00Z
0.0559998179582982;0.0057049914286023;0.0029877188989316;5.119;0.0;2022-01-21T08:00:00Z
0.0532068025214548;0.0053875796280705;0.0028140639815703;0.1199999999999999;0.0;2022-01-21T09:00:00Z
0.0495607628445601;0.0049774752194191;0.002542447411131;0.0;0.0;2022-01-21T10:00:00Z
0.0453637435371192;0.0045771259434598;0.0022996992900312;0.0;0.0;2022-01-21T11:00:00Z
0.0408049471743747;0.0036756376149592;0.0020295812254292;0.0;0.0;2022-01-21T12:00:00Z
0.0363127497624934;0.0031728836977451;0.001726864137042;0.0;0.0;2022-01-21T13:00:00Z
0.0320924219674619;0.0024820606888556;0.0014922992205083;0.0;0.0;2022-01-21T14:00:00Z
0.0284485544205986;0.001925471934448;0.0012542223227569;0.0;0.0;2022-01-21T15:00:00Z
0.025667265772922;0.0015155035700941;0.0010844380110139;0.0;0.0;2022-01-21T16:00:00Z
0.0239357467350213;0.0013632782277224;0.0009506283750924;0.0;0.0;2022-01-21T17:00:00Z
0.023328844978796;0.0013969763452192;0.0009338284501285;0.0;0.0;2022-01-21T18:00:00Z
0.0239179261680095;0.0012388910087883;0.0009771039540158;0.0;0.0;2022-01-21T19:00:00Z
0.0256794703290162;0.0015989821302682;0.0010851272934774;0.0;0.0;2022-01-21T20:00:00Z
0.0284496870096701;0.0021383145344669;0.0012591945256463;0.0;0.0;2022-01-21T21:00:00Z
0.0320793796392461;0.0024183623785942;0.0015058751738583;0.0;0.0;2022-01-21T22:00:00Z
0.0363006109022867;0.0031995005558869;0.0017368670288258;0.0;0.0;2022-01-21T23:00:00Z
0.0408307726383092;0.0038402118934887;0.0020413745350596;0.0;28.58378333333333;2022-01-22T00:00:00Z
0.0453594251501972;0.0043622968833038;0.0023281790227689;0.0;35.583666666666666;2022-01-22T01:00:00Z
0.0495797852849301;0.0049382440515775;0.0025639141344959;0.0;35.23345;2022-01-22T02:00:00Z
0.0532063867487075;0.005425338101324;0.0028268009371288;0.0;35.0;2022-01-22T03:00:00Z
0.0559884554474959;0.0058164003472645;0.0029811374390197;0.0;34.7667;2022-01-22T04:00:00Z
0.0577542230887582;0.0059359792033552;0.0030921146278852;0.0;32.900483333333334;2022-01-22T05:00:00Z
0.058324239408286;0.0062875801812838;0.003119341014264;0.0;17.96745;2022-01-22T06:00:00Z
0.057729969522749;0.0063262902662942;0.0030549613813629;25.118;41.08345;2022-01-22T07:00:00Z
0.0559842408316651;0.0058861851107249;0.002983478153984;0.1199999999999999;63.33393333333333;2022-01-22T08:00:00Z
0.0531903308384412;0.0054990585477093;0.002828472360149;0.1199999999999999;26.00073333333333;2022-01-22T09:00:00Z
0.0496005755885895;0.0048879253471299;0.0025753634442408;0.0;8.501149999999999;2022-01-22T10:00:00Z
0.0453561352612492;0.0042906384813085;0.0023360095494721;0.0;60.001;2022-01-22T11:00:00Z
0.0408510473666726;0.0036872769997013;0.0020399831935874;0.0;68.83426666666665;2022-01-22T12:00:00Z
0.0362924823953196;0.0029927516822849;0.0017248126494519;0.0;252.33416666666673;2022-01-22T13:00:00Z
0.0320927912840266;0.0026007745167798;0.0014962996318718;0.0;212.00176666666664;2022-01-22T14:00:00Z
0.028459162102538;0.0019949245120144;0.0012727212168413;0.0;70.001;2022-01-22T15:00:00Z
0.0256701675634187;0.0015051250896957;0.0011299047997644;0.0;594.3347333333334;2022-01-22T16:00:00Z
0.023933026954179;0.0013425745148703;0.0009680470991185;0.0;199.78428333333332;2022-01-22T17:00:00Z
0.0233251134706417;0.0012580684508315;0.0009427754961587;0.0;53.80063333333334;2022-01-22T18:00:00Z
0.0239411511493686;0.001318306918763;0.0009836608810095;0.0;39.867483333333325;2022-01-22T19:00:00Z
0.0256905050021022;0.0014919185256555;0.0011079051838207;0.0;84.81688333333332;2022-01-22T20:00:00Z
0.0284481692861306;0.0019224643600103;0.0012237097142196;0.0;88.5836;2022-01-22T21:00:00Z
0.0320906556489582;0.0024477806982635;0.001448873710912;0.0;80.65203333333332;2022-01-22T22:00:00Z
0.0363097518592611;0.0030006624659398;0.0017221939526128;0.0;120.90226666666666;2022-01-22T23:00:00Z
0.0408339653023117;0.0038347768535109;0.002005103397519;0.0;25.2003;2022-01-23T00:00:00Z
0.0453676867573306;0.0044733337895509;0.0023078695191517;0.0;43.05001666666666;2022-01-23T01:00:00Z
0.0495795725778189;0.0049121476044243;0.0025766626468132;0.0;45.033366666666666;2022-01-23T02:00:00Z
0.0532083396986451;0.0052481426280693;0.002833806030783;0.0;38.15;2022-01-23T03:00:00Z
0.0559952287169057;0.0057554882156133;0.0030097350863151;0.0;34.76676666666667;2022-01-23T04:00:00Z
0.0577264684240073;0.0060939274036379;0.0030995599131539;0.0;33.133383333333335;2022-01-23T05:00:00Z
0.05833691757404;0.0064059503853914;0.0031259057345475;0.0;27.53386666666667;2022-01-23T06:00:00Z
0.057742844055128;0.0063234039937502;0.0030868255727095;25.118;31.30163333333333;2022-01-23T07:00:00Z
0.0560079028667279;0.0057810666628059;0.0029971915505507;0.1199999999999999;10.001833333333332;2022-01-23T08:00:00Z
0.0532151695651763;0.0055137427230859;0.0028177629360913;0.1199999999999999;54.001099999999994;2022-01-23T09:00:00Z
0.0495620265557889;0.0049590243977433;0.0025522360400843;0.0;66.16705;2022-01-23T10:00:00Z
0.045361415045638;0.0042217968057729;0.0023108246198109;0.0;70.00041666666667;2022-01-23T11:00:00Z
0.0408267222608415;0.0036692069200203;0.0020216131010678;0.0;253.33415;2022-01-23T12:00:00Z
0.0363174766140142;0.003086539750776;0.0017322172552907;0.0;103.3343;2022-01-23T13:00:00Z
0.0320691584330805;0.0024140788455557;0.0014743924077603;0.0;65.6681;2022-01-23T14:00:00Z
0.0284388057170992;0.0020073572887505;0.0012513603745974;0.0;70.001;2022-01-23T15:00:00Z
0.0256642670250975;0.0014429771734691;0.001074615494833;0.0;66.0014;2022-01-23T16:00:00Z
0.0239244861161252;0.0012247303254727;0.0009779967797383;0.0;643.3346999999999;2022-01-23T17:00:00Z
0.0233367037025372;0.0013604757271243;0.0009448530098156;0.0;56.31776666666666;2022-01-23T18:00:00Z
0.0239293401698489;0.0012572809507337;0.000997138718247;0.0;56.20056666666667;2022-01-23T19:00:00Z
0.025673697009678;0.0016060398651315;0.0011034338735974;0.0;91.0;2022-01-23T20:00:00Z
0.0284453998414617;0.002191429527224;0.0012474759807527;0.0;66.88386666666666;2022-01-23T21:00:00Z
0.0321064088264221;0.0024999524912194;0.0014917365926088;0.0;30.65205;2022-01-23T22:00:00Z
0.0362779127431569;0.0030775751965477;0.0017314882805124;0.0;73.95116666666665;2022-01-23T23:00:00Z
0.0408228905847062;0.0037498394483542;0.0019858770930845;0.0;34.76705;2022-01-24T00:00:00Z
0.0453641402788307;0.0043404577406607;0.0022980220254593;0.0;41.41678333333333;2022-01-24T01:00:00Z
0.0495936790471783;0.0048847186847848;0.0025833978205559;0.0;45.61686666666667;2022-01-24T02:00:00Z
0.0532123384872698;0.0054943624168446;0.0028263495567214;0.0;38.50013333333333;2022-01-24T03:00:00Z
0.0559758390249287;0.0058552066180252;0.0029939310056087;0.0;34.76683333333333;2022-01-24T04:00:00Z
0.0577244864371251;0.0061269242002427;0.0030713199028652;0.0;33.133716666666665;2022-01-24T05:00:00Z
0.0583429660997654;0.0064155807969717;0.003130810486404;0.0;22.284783333333333;2022-01-24T06:00:00Z
0.0577344578050669;0.0062551911211385;0.0030990257116532;0.1199999999999999;59.450133333333326;2022-01-24T07:00:00Z
0.0559915041849035;0.0060103925457706;0.0029862112538058;0.1199999999999999;21.0015;2022-01-24T08:00:00Z
0.0532064678581114;0.0053854197053401;0.0027948236645514;25.118;39.66753333333333;2022-01-24T09:00:00Z
0.0495912275730622;0.0049300555370371;0.0025969418907166;0.0;70.0;2022-01-24T10:00:00Z
0.0453576046307718;0.0041649618261325;0.0022721727707646;0.0;50.50086666666667;2022-01-24T11:00:00Z
0.0408535178155499;0.0035115900224755;0.0019997764014595;0.0;4.335733333333333;2022-01-24T12:00:00Z
0.0363119031974895;0.0030433094028975;0.0017354726212221;0.0;5.335800000000001;2022-01-24T13:00:00Z
0.0320952363576994;0.0026779679423137;0.0014612131785713;0.0;20.168816666666668;2022-01-24T14:00:00Z
0.0284476564582906;0.0019770467783314;0.0012248633409104;0.0;786.66695;2022-01-24T15:00:00Z
0.0256697635432799;0.0016714197784833;0.0010908449736837;0.0;70.001;2022-01-24T16:00:00Z
0.0239174355095906;0.0013258080061425;0.0009902771465863;0.0;246.60146666666665;2022-01-24T17:00:00Z
0.0233382425906177;0.0011522017875268;0.0009429772547824;0.0;40.18443333333333;2022-01-24T18:00:00Z
0.0239157715587241;0.0012806431098853;0.0009905224904194;0.0;95.2834333333333;2022-01-24T19:00:00Z
0.0256824687100812;0.001553649807146;0.0011054535008208;0.0;89.31715;2022-01-24T20:00:00Z
0.0284494928674616;0.001969391131966;0.0012771059549604;0.0;83.63405;2022-01-24T21:00:00Z
0.0320911188362624;0.0025079771643081;0.0014823534530031;0.0;51.502016666666655;2022-01-24T22:00:00Z
0.0363164057448511;0.0031487748849755;0.0017245234695867;0.0;159.56951666666663;2022-01-24T23:00:00Z
0.0408146508796946;0.0038639482507336;0.0020346964341054;0.0;33.95025;2022-01-25T00:00:00Z
0.0453655808010472;0.0044369965506553;0.0023160107977277;0.0;40.95015;2022-01-25T01:00:00Z
0.0495876128061486;0.0050440974383245;0.0025962941904372;0.0;36.28353333333333;2022-01-25T02:00:00Z
0.0531952312990688;0.0054423101308466;0.0027875803582399;0.0;31.26695;2022-01-25T03:00:00Z
0.0559829704385158;0.0057581843219257;0.0029627439201987;0.0;33.250183333333325;2022-01-25T04:00:00Z
0.0577336209415423;0.0061575387224315;0.0030904435990061;0.0;41.41675;2022-01-25T05:00:00Z
0.0583138325797209;0.0061678075404233;0.0031539258272097;0.0;33.36686666666667;2022-01-25T06:00:00Z
0.0577399728490521;0.0061813619168072;0.0031138556788855;20.119;27.70035;2022-01-25T07:00:00Z
0.0559835347427977;0.0060520635233167;0.0029638271210311;5.119;59.167166666666674;2022-01-25T08:00:00Z
0.053212397007935;0.0056099730457443;0.0028029853268733;0.1199999999999999;54.50096666666667;2022-01-25T09:00:00Z
0.0495750436700055;0.0048339155515918;0.0025549520513813;0.0;70.0;2022-01-25T10:00:00Z
0.0453583791707008;0.0045721770175052;0.0023024943883756;0.0;155.1674833333333;2022-01-25T11:00:00Z
0.0408211892557742;0.003807389306604;0.0020704116113123;0.0;45.50153333333334;2022-01-25T12:00:00Z
0.0363245803795413;0.0030026992020145;0.0017638411970297;0.0;194.66798333333327;2022-01-25T13:00:00Z
0.0320826942648994;0.0025565154900216;0.0014760628765608;0.0;710.00135;2022-01-25T14:00:00Z
0.0284609682735574;0.0019532320076322;0.0012587868497244;0.0;265.3346;2022-01-25T15:00:00Z
0.0256920036126877;0.0013876361643615;0.0010465838076928;0.0;70.001;2022-01-25T16:00:00Z
0.0239228895319288;0.0014677507176829;0.0009353564075175;0.0;72.7008;2022-01-25T17:00:00Z
0.023336760910273;0.0013730250732417;0.0009732563812636;0.0;82.01676666666667;2022-01-25T18:00:00Z
0.0239337271564773;0.001304139832834;0.0009862510398999;0.0;73.50066666666666;2022-01-25T19:00:00Z
0.0256745260772134;0.0014549139835169;0.0010890237508004;0.0;90.7667;2022-01-25T20:00:00Z
0.0284677336638618;0.0019015218071164;0.0012685034641857;0.0;90.8334;2022-01-25T21:00:00Z
0.0320883183929045;0.0027272035794969;0.0014631987276355;0.0;85.41781666666665;2022-01-25T22:00:00Z
0.03629556263921;0.0031137575276795;0.001773649464144;0.0;45.00158333333333;2022-01-25T23:00:00Z
0.0408346477841753;0.0036741483284992;0.0020757099093351;0.0;26.1341;2022-01-26T00:00:00Z
0.0453605173049014;0.0045878384774633;0.0023142566161714;0.0;33.01695;2022-01-26T01:00:00Z
0.0495752933491681;0.0050404317081012;0.002610317053728;0.0;33.1334;2022-01-26T02:00:00Z
0.0531941255042113;0.0053964443776953;0.0028435760564012;0.0;33.833349999999996;2022-01-26T03:00:00Z
0.0559807292821341;0.0060727774617554;0.0029869029160245;0.0;31.85001666666667;2022-01-26T04:00:00Z
0.0577239087719367;0.0061664136339093;0.0031347685669949;0.0;28.9335;2022-01-26T05:00:00Z
0.0583238268353335;0.0063401625039823;0.0031380837432071;0.0;47.75045;2022-01-26T06:00:00Z
0.0577436617291377;0.0062849723454387;0.0031057293209385;5.119;37.200533333333325;2022-01-26T07:00:00Z
0.0560005594990963;0.0058187123814636;0.0030052634017575;0.1199999999999999;40.00073333333333;2022-01-26T08:00:00Z
0.0532067032285386;0.0054213763266153;0.0028183640170371;20.119;57.0008;2022-01-26T09:00:00Z
0.0495811728902336;0.0050591819115467;0.0025690683750049;0.0;54.00026666666666;2022-01-26T10:00:00Z
0.0453637207115607;0.0044517320103061;0.0023643424133042;0.0;47.66756666666667;2022-01-26T11:00:00Z
0.0408329646434495;0.0037549430719427;0.0020287924283372;0.0;218.8343;2022-01-26T12:00:00Z
0.0362906189961203;0.0030515248829724;0.0017457099106058;0.0;189.3344333333333;2022-01-26T13:00:00Z
0.0320736495358276;0.0024067801152419;0.001479360226073;0.0;52.0013;2022-01-26T14:00:00Z
0.0284672608929449;0.0019957099590716;0.0012596346694414;0.0;70.001;2022-01-26T15:00:00Z
0.0256808487097062;0.0015315849323562;0.0010890933565683;0.0;41.66825;2022-01-26T16:00:00Z
0.0239302159087337;0.0012290935900491;0.0009662156184705;0.0;56.268866666666675;2022-01-26T17:00:00Z
0.0233391179387561;0.0011607305273285;0.0009387279410056;0.0;30.43545;2022-01-26T18:00:00Z
0.023931857275584;0.00138666441065;0.0009740465311954;0.0;80.21766666666667;2022-01-26T19:00:00Z
0.0256734996137976;0.0016236183436592;0.0010867659767795;0.0;92.50055;2022-01-26T20:00:00Z
0.0284445161955724;0.0020723688703384;0.0012751516028896;0.0;113.80023333333332;2022-01-26T21:00:00Z
0.0320732889198508;0.0023120717741435;0.0014617136985102;0.0;672.38435;2022-01-26T22:00:00Z
0.0363163362081361;0.0032887931684418;0.0017406197809888;0.0;45.3016;2022-01-26T23:00:00Z
0.0408369977861839;0.00381157437968;0.002042596619768;0.0;14.11755;2022-01-27T00:00:00Z
0.0453665534545542;0.0044738335771325;0.0022919744847849;0.0;31.6172;2022-01-27T01:00:00Z
0.0495719270731157;0.0050448585501842;0.0025393045491443;0.0;37.800266666666666;2022-01-27T02:00:00Z
0.0531929613582185;0.0054221844498681;0.0028261022650948;0.0;29.16681666666667;2022-01-27T03:00:00Z
0.055971051759728;0.005834890237009;0.0030242589621717;0.0;31.266766666666665;2022-01-27T04:00:00Z
0.057735609611204;0.0062200021193989;0.0031048446091977;0.0;31.850216666666668;2022-01-27T05:00:00Z
0.0583558988954908;0.0062128363736028;0.0030881524417392;0.0;22.400816666666667;2022-01-27T06:00:00Z
0.0577463590161286;0.0061195603976686;0.0030788962539486;0.1199999999999999;4.551616666666666;2022-01-27T07:00:00Z
0.0559837138931295;0.0059412201163265;0.0029863338314321;25.118;9.000683333333333;2022-01-27T08:00:00Z
0.0531978298662412;0.0053445204269091;0.0028150743598808;0.1199999999999999;35.167566666666666;2022-01-27T09:00:00Z
0.0495723199686876;0.0049633932404804;0.0025928717019164;0.0;70.0;2022-01-27T10:00:00Z
0.0453557702318227;0.0045703323479064;0.0022927439645271;0.0;70.0;2022-01-27T11:00:00Z
0.0408339634723714;0.0038103385948811;0.0020491903382139;0.0;63.00133333333333;2022-01-27T12:00:00Z
0.0362977813453467;0.0030807400841667;0.0017290182161763;0.0;30.00166666666667;2022-01-27T13:00:00Z
0.0320776248926727;0.0024278651668062;0.0014894816223409;0.0;343.335;2022-01-27T14:00:00Z
0.0284509915919568;0.002122895615697;0.0012416170844275;0.0;70.00178333333332;2022-01-27T15:00:00Z
0.025678814110281;0.0016726195037506;0.0010897827988046;0.0;230.33453333333327;2022-01-27T16:00:00Z
0.0239313437812007;0.0014060626126672;0.0009798992439107;0.0;244.8010333333333;2022-01-27T17:00:00Z
0.0233421339178109;0.0011974197032184;0.0009384954030401;0.0;80.08423333333333;2022-01-27T18:00:00Z
0.0239331723605959;0.001291006259758;0.0009658878452836;0.0;80.8344;2022-01-27T19:00:00Z
0.0256815262700982;0.0016954542143781;0.0010798815386487;0.0;83.21743333333333;2022-01-27T20:00:00Z
0.0284427436065274;0.0020283347938142;0.0012584322906686;0.0;78.55081666666666;2022-01-27T21:00:00Z
0.0320878105997022;0.0024016168858455;0.0014726898280291;0.0;92.98495;2022-01-27T22:00:00Z
0.0363101376720522;0.0030713487344412;0.0017609851555933;0.0;167.51873333333333;2022-01-27T23:00:00Z
0.0408309533499017;0.0036801580511249;0.002007179597907;0.0;0.0;2022-01-28T00:00:00Z
0.0453667948095424;0.0044244974027283;0.0022857711026417;0.0;0.0;2022-01-28T01:00:00Z
0.0495847644843048;0.0050462639339596;0.0025776335121828;0.0;0.0;2022-01-28T02:00:00Z
0.0532213495953015;0.0055876831338347;0.0027934166322618;0.0;0.0;2022-01-28T03:00:00Z
0.0560025500387735;0.005879215922444;0.0029814518826052;0.0;0.0;2022-01-28T04:00:00Z
0.0577196076220034;0.0061159688473567;0.0030749552190544;0.0;0.0;2022-01-28T05:00:00Z
0.0583430273633088;0.0062720616469154;0.0031042425263813;0.0;0.0;2022-01-28T06:00:00Z
0.0577321294367748;0.0061095853208935;0.0030437564563694;0.1199999999999999;0.0;2022-01-28T07:00:00Z
0.0559807177167845;0.0058366479484508;0.0030153450856279;25.118;0.0;2022-01-28T08:00:00Z
0.053197893176344;0.0055224025237844;0.002793400675916;0.1199999999999999;0.0;2022-01-28T09:00:00Z
0.0495750616443314;0.0050283031873318;0.0025873171678578;0.0;0.0;2022-01-28T10:00:00Z
0.0453548233575719;0.0043190453409147;0.0023678374114725;0.0;0.0;2022-01-28T11:00:00Z
0.040832199158315;0.0037873681189258;0.0020368385781141;0.0;0.0;2022-01-28T12:00:00Z
0.0363137068103604;0.0030452077198442;0.0017298686713793;0.0;0.0;2022-01-28T13:00:00Z
0.0321019553160712;0.0024886587683946;0.001464353643064;0.0;0.0;2022-01-28T14:00:00Z
0.0284689687740932;0.0020800288540524;0.0012937893136195;0.0;0.0;2022-01-28T15:00:00Z
0.0256827909590547;0.0015588074946655;0.0010942497451315;0.0;0.0;2022-01-28T16:00:00Z
0.0239316481092645;0.0011871413378142;0.0009555357013848;0.0;0.0;2022-01-28T17:00:00Z
0.0233359069544326;0.001309079060249;0.0009262689194805;0.0;0.0;2022-01-28T18:00:00Z
0.0239332447628073;0.0015129823343835;0.0009978618919795;0.0;0.0;2022-01-28T19:00:00Z
0.0256679669493093;0.0015076362820502;0.0010812297304509;0.0;0.0;2022-01-28T20:00:00Z
0.0284444192076359;0.002022660757524;0.0012735884777479;0.0;0.0;2022-01-28T21:00:00Z
0.0320836397206221;0.0024252776935326;0.0014951540323196;0.0;0.0;2022-01-28T22:00:00Z
0.0362924537126973;0.0031376574848633;0.0017335936655673;0.0;0.0;2022-01-28T23:00:00Z
0.0408280974593554;0.0036010818731537;0.0020613838841192;0.0;33.367;2022-01-29T00:00:00Z
0.0453543384324887;0.0044796495053906;0.002347941202844;0.0;41.76695;2022-01-29T01:00:00Z
0.0495818874193649;0.0049562220795076;0.0026022269879124;0.0;41.41695;2022-01-29T02:00:00Z
0.0531978331705344;0.0056298585813669;0.0028250082145183;0.0;35.35028333333333;2022-01-29T03:00:00Z
0.0560017876389985;0.0059148862934809;0.003004122282697;0.0;36.05023333333334;2022-01-29T04:00:00Z
0.0577467200281561;0.0062323762953221;0.003085037441948;0.0;34.3001;2022-01-29T05:00:00Z
0.0583488087202091;0.0062032511697035;0.0031040496038172;0.0;29.867166666666662;2022-01-29T06:00:00Z
0.0577269378161522;0.0060776744263385;0.0030905129923168;5.119;6.21745;2022-01-29T07:00:00Z
0.055982264976095;0.0059249654231428;0.0029825046657996;0.1199999999999999;18.168016666666663;2022-01-29T08:00:00Z
0.0532115056439266;0.0055132065254496;0.0027956723209273;20.119;35.83416666666667;2022-01-29T09:00:00Z
0.049574781834799;0.0050026740905658;0.0025726373405526;0.0;42.50066666666667;2022-01-29T10:00:00Z
0.0453723037246856;0.0044939741083363;0.0023558832897944;0.0;70.0;2022-01-29T11:00:00Z
0.0408167764680076;0.0036950953086388;0.0020303650326769;0.0;67.3345;2022-01-29T12:00:00Z
0.036306779930905;0.0031657721377035;0.0017439522975035;0.0;67.83455;2022-01-29T13:00:00Z
0.0320787349918829;0.0026153487910188;0.0014632514853015;0.0;70.001;2022-01-29T14:00:00Z
0.0284458106360964;0.0019543280896679;0.0012713554767783;0.0;320.00075000000004;2022-01-29T15:00:00Z
0.0256856640756876;0.0014564624271755;0.0010618208029737;0.0;653.33375;2022-01-29T16:00:00Z
0.0239425737708458;0.0012367849109964;0.0010054511723583;0.0;201.83425;2022-01-29T17:00:00Z
0.0233210714822075;0.0012375261389382;0.0009214374754549;0.0;80.46724999999998;2022-01-29T18:00:00Z
0.0239106083157077;0.0011863228337112;0.0009647200879604;0.0;85.084;2022-01-29T19:00:00Z
0.0256695936812391;0.0015959896491752;0.0010975754646746;0.0;87.71715;2022-01-29T20:00:00Z
0.0284611276383635;0.002024094289848;0.0012369193341697;0.0;67.41715;2022-01-29T21:00:00Z
0.0320949681636509;0.0026407361104541;0.0015017738153996;0.0;24.7527;2022-01-29T22:00:00Z
0.0362888154546135;0.0032055616695414;0.0017426890031847;0.0;11.868783333333331;2022-01-29T23:00:00Z
0.040839836358294;0.0038024485848582;0.0020566551453198;0.0;20.883666666666674;2022-01-30T00:00:00Z
0.0453586273386177;0.0044356312952183;0.0023291470275256;0.0;33.01703333333333;2022-01-30T01:00:00Z
0.0495836476808902;0.0048138584859617;0.0025686111607516;0.0;27.88358333333333;2022-01-30T02:00:00Z
0.0532073782882072;0.0054401989589589;0.0028022970854481;0.0;26.716966666666664;2022-01-30T03:00:00Z
0.0559921338214659;0.0058980278895304;0.0029847922389925;0.0;32.5503;2022-01-30T04:00:00Z
0.0577477333926011;0.0061665264195459;0.0030738739002216;0.0;39.43356666666666;2022-01-30T05:00:00Z
0.0583422463978411;0.0062200057096432;0.0030918699976684;0.0;32.66685;2022-01-30T06:00:00Z
0.0577461138428371;0.0061656065351579;0.0030794984395088;0.1199999999999999;17.600183333333334;2022-01-30T07:00:00Z
0.0559758526177044;0.0058058578180411;0.0029700716558599;5.119;60.000416666666666;2022-01-30T08:00:00Z
0.0531964328693121;0.0054938202924314;0.0028052096944559;20.119;43.33408333333334;2022-01-30T09:00:00Z
0.0495731185516403;0.0050012773134769;0.0025674227947954;0.0;65.00008333333334;2022-01-30T10:00:00Z
0.0453730965726876;0.0045169094433471;0.0023212586819157;0.0;64.3339;2022-01-30T11:00:00Z
0.0408420170063538;0.0037302254498409;0.002041447225486;0.0;60.501883333333325;2022-01-30T12:00:00Z
0.0362849155185438;0.0030266344067393;0.0017585923899813;0.0;467.16755;2022-01-30T13:00:00Z
0.0320910982567007;0.0023768454838526;0.0014846372484217;0.0;270.0008;2022-01-30T14:00:00Z
0.0284517859759685;0.0020628907199446;0.00124604650845;0.0;70.001;2022-01-30T15:00:00Z
0.0256777977792097;0.0015018357840585;0.0011306838833921;0.0;253.33415;2022-01-30T16:00:00Z
0.0239349863592176;0.0012692176143684;0.0009651240270975;0.0;80.38443333333333;2022-01-30T17:00:00Z
0.023334759443321;0.0011501879840585;0.0009611487675169;0.0;87.967;2022-01-30T18:00:00Z
0.02392870345395;0.001274055210723;0.0009865501207611;0.0;71.00030000000001;2022-01-30T19:00:00Z
0.0256904461059214;0.0014444458025833;0.0010797414632272;0.0;64.00033333333333;2022-01-30T20:00:00Z
0.0284737748080002;0.0018964207663542;0.0012740864854939;0.0;33.85153333333333;2022-01-30T21:00:00Z
0.0320860048551215;0.0025247112859943;0.0014741025478468;0.0;41.66855;2022-01-30T22:00:00Z
0.036304474455989;0.0031399741326108;0.0017532602180764;0.0;240.90136666666663;2022-01-30T23:00:00Z
0.0408350825598341;0.0036525302363684;0.0020256525930709;0.0;25.083816666666664;2022-01-31T00:00:00Z
0.0453429099463435;0.0043123054689924;0.0023009245674337;0.0;30.80048333333333;2022-01-31T01:00:00Z
0.0495771213976962;0.005048345353791;0.0025863888737689;0.0;35.700316666666666;2022-01-31T02:00:00Z
0.0532141764872555;0.0054224527835498;0.0028452941334392;0.0;43.750166666666665;2022-01-31T03:00:00Z
0.0559802867777316;0.0059071214049449;0.0029610562615675;0.0;34.766883333333325;2022-01-31T04:00:00Z
0.0577379479328754;0.0060927613548964;0.0031122553434049;0.0;40.93398333333333;2022-01-31T05:00:00Z
0.0583430737708475;0.0064092519922176;0.003125199635135;0.0;91.11703333333331;2022-01-31T06:00:00Z
0.0577321650610975;0.0062668574332285;0.0030253930844442;20.119;75.25093333333332;2022-01-31T07:00:00Z
0.0559944069102874;0.0057886114989037;0.0029869690045516;5.119;67.3336;2022-01-31T08:00:00Z
0.0532020436947008;0.0055848271287823;0.0028428288425214;0.1199999999999999;55.50086666666667;2022-01-31T09:00:00Z
0.0495803142487544;0.0051049246279046;0.0025812352413897;0.0;9.66836666666667;2022-01-31T10:00:00Z
0.0453651871767893;0.0044324417294704;0.0023156053838083;0.0;43.00045;2022-01-31T11:00:00Z
0.0408211333033848;0.0035624929555302;0.0020477200095938;0.0;247.00205;2022-01-31T12:00:00Z
0.0362833043729727;0.0030747750262623;0.0017627360294307;0.0;52.83463333333333;2022-01-31T13:00:00Z
0.0320661630627758;0.0025199336808039;0.0014908345788109;0.0;70.001;2022-01-31T14:00:00Z
0.0284553687592896;0.0021253219775036;0.0012417065734722;0.0;136.6676;2022-01-31T15:00:00Z
0.025675469853427;0.0017076158386119;0.0010701050543193;0.0;803.3336;2022-01-31T16:00:00Z
0.0239396543796523;0.0011985665265167;0.001011194016203;0.0;71.40088333333334;2022-01-31T17:00:00Z
0.0233277809410677;0.0013029966413597;0.0009126870500456;0.0;86.80026666666666;2022-01-31T18:00:00Z
0.0239286240835536;0.0013443501485807;0.0009870301065064;0.0;70.35043333333334;2022-01-31T19:00:00Z
0.0256684816413301;0.0016001007484635;0.001101711404774;0.0;35.63455;2022-01-31T20:00:00Z
0.02846813397215;0.0019436820533897;0.0012370401930572;0.0;67.91736666666667;2022-01-31T21:00:00Z
0.0320773902781279;0.0024965350605303;0.0015148857341193;0.0;14.469616666666669;2022-01-31T22:00:00Z
0.0363077402628537;0.0030660338961493;0.0017464774663367;0.0;12.951816666666668;2022-01-31T23:00:00Z
0.0408442202900211;0.0038489404193078;0.001994377905806;0.0;18.43403333333333;2022-02-01T00:00:00Z
0.0453711048247894;0.0045490213134976;0.0023313118352617;0.0;32.083883333333326;2022-02-01T01:00:00Z
0.0495900078597234;0.0050037012232547;0.0025538045405293;0.0;28.7002;2022-02-01T02:00:00Z
0.0532099182244731;0.0055493627410674;0.0027902268481936;0.0;31.2669;2022-02-01T03:00:00Z
0.0559788568464912;0.0056826917788042;0.0029431565712195;0.0;36.28351666666667;2022-02-01T04:00:00Z
0.0577367067976876;0.0061215659184017;0.0030716533377018;0.0;33.31755;2022-02-01T05:00:00Z
0.0583238809724889;0.0062425272524301;0.0031604376820951;0.0;83.80128333333333;2022-02-01T06:00:00Z
0.0577330217285282;0.0062026867782123;0.0030612563295059;5.119;67.9174;2022-02-01T07:00:00Z
0.0559757227142404;0.0059282418654059;0.0029683120636117;20.119;64.16725;2022-02-01T08:00:00Z
0.0532004462305503;0.005532232882594;0.0028016337117844;0.1199999999999999;70.0;2022-02-01T09:00:00Z
0.0495881892882566;0.0051333870065596;0.0025656643700997;0.0;70.0;2022-02-01T10:00:00Z
0.0453706900162678;0.0044259764404899;0.0022854414760531;0.0;70.00008333333334;2022-02-01T11:00:00Z
0.0408318154745749;0.0037485677335793;0.0020245667955723;0.0;253.33415;2022-02-01T12:00:00Z
0.0362845978069519;0.0030720785361973;0.0017448913448344;0.0;70.001;2022-02-01T13:00:00Z
0.0320742127435517;0.0025003967986031;0.0014815910960974;0.0;11.001983333333332;2022-02-01T14:00:00Z
0.0284642034358414;0.0019467861522827;0.0012311942669102;0.0;45.00141666666666;2022-02-01T15:00:00Z
0.0256975432663844;0.0016542245876926;0.001087408735556;0.0;39.50171666666667;2022-02-01T16:00:00Z
0.0239338296350242;0.0014501371350934;0.0009770119051965;0.0;6.31915;2022-02-01T17:00:00Z
0.0233307729720233;0.0012853728614424;0.0009494688003478;0.0;37.651;2022-02-01T18:00:00Z
0.0239287538116243;0.0012682855079833;0.0009779768502472;0.0;83.0008;2022-02-01T19:00:00Z
0.0256754482644418;0.0015837346981092;0.0011217544519642;0.0;87.9003;2022-02-01T20:00:00Z
0.0284581004186121;0.0020518809108271;0.0012546457855322;0.0;66.0347;2022-02-01T21:00:00Z
0.0320926066244095;0.0023736484726665;0.0015093215001101;0.0;871.0183166666667;2022-02-01T22:00:00Z
0.0363054334452374;0.0031128687710529;0.001760834330066;0.0;113.30248333333334;2022-02-01T23:00:00Z
0.0408317700935981;0.0037034103360898;0.0020502823113565;0.0;26.48418333333333;2022-02-02T00:00:00Z
0.04534831205634;0.0043564907710664;0.0023284443914059;0.0;27.65105;2022-02-02T01:00:00Z
0.0495707156103806;0.0050380295717319;0.0025621303364294;0.0;33.13386666666666;2022-02-02T02:00:00Z
0.0531999823197878;0.0056025316020038;0.0027848208437405;0.0;30.21735;2022-02-02T03:00:00Z
0.0559769634904483;0.0059192545401164;0.0029728511579983;0.0;35.93346666666667;2022-02-02T04:00:00Z
0.0577457648562445;0.0061308907607308;0.0030858982759135;0.0;36.16703333333333;2022-02-02T05:00:00Z
0.0583408090657028;0.0063767748132014;0.0031154496031084;0.0;20.06768333333333;2022-02-02T06:00:00Z
0.0577360100915059;0.0062132049386402;0.0030827728626218;20.119;3.8503;2022-02-02T07:00:00Z
0.0559906422412643;0.0058340994811374;0.0029630380293554;0.1199999999999999;2.00085;2022-02-02T08:00:00Z
0.0532150967426493;0.0054274256863289;0.0027753553733663;5.119;59.66695;2022-02-02T09:00:00Z
0.0495792326456005;0.0051016542720647;0.0025612367662733;0.0;70.0;2022-02-02T10:00:00Z
0.0453589742986752;0.004582942301334;0.0023070596085446;0.0;24.001183333333334;2022-02-02T11:00:00Z
0.0408431413599272;0.0036428254705442;0.0020426715092023;0.0;20.00183333333333;2022-02-02T12:00:00Z
0.036316410107771;0.0031490911178521;0.001753418243691;0.0;70.001;2022-02-02T13:00:00Z
0.0320922475160378;0.0026217532310386;0.0014590832990248;0.0;70.001;2022-02-02T14:00:00Z
0.0284523133391711;0.0018188277747766;0.0012516095107279;0.0;967.3337;2022-02-02T15:00:00Z
0.0256909475074016;0.0016923336307565;0.0011002288290076;0.0;149.83460000000002;2022-02-02T16:00:00Z
0.0239222491255147;0.0014168354177354;0.0009842357412752;0.0;77.61815;2022-02-02T17:00:00Z
0.023333983950193;0.001082900728647;0.0009906283312504;0.0;91.50033333333332;2022-02-02T18:00:00Z
0.0239299068254552;0.0013285662397337;0.0009810338553327;0.0;83.40058333333333;2022-02-02T19:00:00Z
0.0256661607186214;0.001562272257498;0.0010430895807729;0.0;89.51685;2022-02-02T20:00:00Z
0.0284537710735576;0.0019920838583877;0.0012389778714615;0.0;87.85023333333332;2022-02-02T21:00:00Z
0.0320957695992953;0.0025182486562433;0.0014941895160393;0.0;113.0849;2022-02-02T22:00:00Z
0.0363066868475643;0.0031057627877938;0.0017406568167829;0.0;42.03523333333333;2022-02-02T23:00:00Z
0.0408315763596244;0.0037328843657;0.002003773417051;0.0;31.500516666666663;2022-02-03T00:00:00Z
0.045348169849039;0.0046004111361772;0.0023401097434974;0.0;35.9339;2022-02-03T01:00:00Z
0.0495972488715476;0.0051203182854875;0.0025520887274791;0.0;38.2671;2022-02-03T02:00:00Z
0.0532158485769291;0.0055919932329142;0.0027696799447208;0.0;33.13393333333333;2022-02-03T03:00:00Z
0.0559987744270834;0.0059708450261736;0.0029920194740481;0.0;31.50023333333333;2022-02-03T04:00:00Z
0.0577366803973486;0.0062957649668888;0.0031171683432124;0.0;34.3015;2022-02-03T05:00:00Z
0.0583380980677279;0.0060945826938402;0.0031383218403913;0.0;90.71704999999999;2022-02-03T06:00:00Z
0.0577505500920326;0.0060161904876954;0.0030693277386068;5.118999999999999;75.08371666666666;2022-02-03T07:00:00Z
0.0560022046908414;0.0060216992023338;0.0029880389417069;20.119;70.0;2022-02-03T08:00:00Z
0.0532001892868856;0.0054898947789462;0.0028003051536479;0.1199999999999999;70.0;2022-02-03T09:00:00Z
0.049574258383021;0.0047693152775394;0.0025760846548488;0.0;70.0;2022-02-03T10:00:00Z
0.045370435233228;0.0044800378320721;0.0023095039046405;0.0;70.00056666666667;2022-02-03T11:00:00Z
0.040840169290418;0.0037175349771551;0.0020532342814092;0.0;51.00131666666665;2022-02-03T12:00:00Z
0.0362864828598066;0.0031144708555035;0.0017737048346507;0.0;7.50225;2022-02-03T13:00:00Z
0.0320872228002953;0.0024483950389997;0.0015008679696584;0.0;250.00275;2022-02-03T14:00:00Z
0.0284588721886817;0.0019974517126314;0.0012647522963708;0.0;700.0022999999999;2022-02-03T15:00:00Z
0.0256815012512659;0.0016210039564606;0.0010935840653011;0.0;7.002883333333333;2022-02-03T16:00:00Z
0.0239157829823138;0.0013891867364426;0.0009415207830428;0.0;68.6678;2022-02-03T17:00:00Z
0.0233455561858435;0.0014411674420285;0.0009464218753789;0.0;71.53471666666667;2022-02-03T18:00:00Z
0.0239418628232407;0.0012230468505563;0.0009830230675695;0.0;75.7347;2022-02-03T19:00:00Z
0.02567311692807;0.0015813813686322;0.001075931244934;0.0;84.13361666666665;2022-02-03T20:00:00Z
0.0284675927263188;0.0018921655491369;0.0012304260331348;0.0;84.0;2022-02-03T21:00:00Z
0.0320788624129673;0.0024617384863733;0.0014942622311817;0.0;134.00095;2022-02-03T22:00:00Z
0.0363018146587967;0.002896294314279;0.0017164913516457;0.0;160.3024;2022-02-03T23:00:00Z
0.0408195445324643;0.0037271127890495;0.0020329698410743;0.0;0.0;2022-02-04T00:00:00Z
0.0453567907749476;0.0043676117395638;0.0023129349171666;0.0;0.0;2022-02-04T01:00:00Z
0.0495860175798248;0.005095064213158;0.0025565613407705;0.0;0.0;2022-02-04T02:00:00Z
0.0532099163588839;0.0054859069010423;0.0028293738175362;0.0;0.0;2022-02-04T03:00:00Z
0.055989718050253;0.0056929672294027;0.00300903402609;0.0;0.0;2022-02-04T04:00:00Z
0.0577373978722492;0.0061943301825751;0.003092641436556;0.0;0.0;2022-02-04T05:00:00Z
0.0583389446712507;0.0063272695291744;0.0031427840271569;0.0;0.0;2022-02-04T06:00:00Z
0.0577335225450877;0.0059769539502662;0.0031040740044001;0.1199999999999999;0.0;2022-02-04T07:00:00Z
0.0560079031942483;0.0058167518782716;0.0029779650951117;5.118999999999999;0.0;2022-02-04T08:00:00Z
0.0532065544214843;0.0054714605648657;0.0028251763447421;20.119;0.0;2022-02-04T09:00:00Z
0.0495893964301169;0.0051660830116319;0.0025875370792496;0.0;0.0;2022-02-04T10:00:00Z
0.0453654691323737;0.0044906883600919;0.0022939063176144;0.0;0.0;2022-02-04T11:00:00Z
0.0408354555315491;0.0037737716835757;0.0020610381370081;0.0;0.0;2022-02-04T12:00:00Z
0.0363027296908089;0.003078510205837;0.0017196592399073;0.0;0.0;2022-02-04T13:00:00Z
0.0320776750952975;0.0023350557701686;0.0015162190257049;0.0;0.0;2022-02-04T14:00:00Z
0.0284675696324001;0.0020682946049691;0.0012192266333552;0.0;0.0;2022-02-04T15:00:00Z
0.025677443985335;0.001684193331458;0.0011158533851009;0.0;0.0;2022-02-04T16:00:00Z
0.0239351703414481;0.0013616368876964;0.0010229392553022;0.0;0.0;2022-02-04T17:00:00Z
0.0233426759115142;0.0013977680832799;0.0009412719020948;0.0;0.0;2022-02-04T18:00:00Z
0.0239353334469803;0.0013003048518533;0.0009679344679556;0.0;0.0;2022-02-04T19:00:00Z
0.025683431182014;0.0015382309513372;0.0010568297969058;0.0;0.0;2022-02-04T20:00:00Z
0.0284527764541606;0.0017483152984516;0.0012223587112914;0.0;0.0;2022-02-04T21:00:00Z
0.0320949322538225;0.0025573507029503;0.0014723843768286;0.0;0.0;2022-02-04T22:00:00Z
0.0363023394882515;0.0030354835071167;0.0017679933297829;0.0;0.0;2022-02-04T23:00:00Z
0.0408338227886986;0.0036495513411304;0.0019955534025906;0.0;27.18355;2022-02-05T00:00:00Z
0.0453688550078155;0.004522921064261;0.0023214538869241;0.0;34.76691666666667;2022-02-05T01:00:00Z
0.0495910130389217;0.0050079389459092;0.0025304112505233;0.0;36.51723333333333;2022-02-05T02:00:00Z
0.0531966825256433;0.0056055271333442;0.0028022417393803;0.0;27.1841;2022-02-05T03:00:00Z
0.0559943949349617;0.0059359738295473;0.0029520439560297;0.0;31.26696666666667;2022-02-05T04:00:00Z
0.0577387901520929;0.00627915527803;0.0031118672072338;0.0;30.683383333333328;2022-02-05T05:00:00Z
0.0583304865750812;0.006247554480481;0.0030991375804429;0.0;35.467;2022-02-05T06:00:00Z
0.0577633435604181;0.006276828948009;0.0031204416446584;0.1199999999999999;9.45075;2022-02-05T07:00:00Z
0.0559914581319754;0.0058606394206661;0.0029852010314917;20.119;27.50075;2022-02-05T08:00:00Z
0.0531855770764713;0.0055918944890414;0.0028107971756369;5.119;9.0011;2022-02-05T09:00:00Z
0.0495755331559439;0.005058580219644;0.002575054701491;0.0;9.83435;2022-02-05T10:00:00Z
0.0453626636054546;0.0044004212150165;0.0023148089067752;0.0;22.0008;2022-02-05T11:00:00Z
0.0408370764923265;0.0038239440196556;0.0020147256143019;0.0;70.00043333333333;2022-02-05T12:00:00Z
0.0363116035968497;0.0029944348162745;0.001774851107685;0.0;720.00035;2022-02-05T13:00:00Z
0.0320641760376423;0.0025895943380007;0.0014846699036151;0.0;70.001;2022-02-05T14:00:00Z
0.0284572787158529;0.0019704942439934;0.0012413697096148;0.0;68.3345;2022-02-05T15:00:00Z
0.0256958451214856;0.0014882207464677;0.0010691535329403;0.0;65.6681;2022-02-05T16:00:00Z
0.0239304553380686;0.0013484257705397;0.0009848568916717;0.0;69.6677;2022-02-05T17:00:00Z
0.0233265785411944;0.0013837785152188;0.0009523441861262;0.0;84.46733333333331;2022-02-05T18:00:00Z
0.0239194553986706;0.0013449778513805;0.0009484700402003;0.0;87.96713333333332;2022-02-05T19:00:00Z
0.0256791352617524;0.001485500354245;0.0010742917931992;0.0;86.43378333333332;2022-02-05T20:00:00Z
0.0284669403074871;0.0019371765217176;0.0012371484367038;0.0;89.66688333333333;2022-02-05T21:00:00Z
0.0320793449636003;0.0022626064556322;0.001469758805156;0.0;89.6678;2022-02-05T22:00:00Z
0.0362987372059875;0.0032473494211287;0.0017369236003178;0.0;391.2519;2022-02-05T23:00:00Z
0.0408482298029119;0.0038035240097256;0.0020229833478246;0.0;22.51695;2022-02-06T00:00:00Z
0.0453555025893884;0.0044638064611481;0.0022911178806018;0.0;34.06686666666667;2022-02-06T01:00:00Z
0.0495987637262813;0.0051015322124121;0.0025871060157071;0.0;28.116866666666663;2022-02-06T02:00:00Z
0.0532032713097868;0.0056076096065117;0.0027854726878025;0.0;27.53343333333333;2022-02-06T03:00:00Z
0.0559887112581219;0.0061063193412618;0.0029778325384959;0.0;27.3001;2022-02-06T04:00:00Z
0.0577546922907748;0.0061914664935093;0.0030559542547242;0.0;27.41698333333333;2022-02-06T05:00:00Z
0.0583302743708698;0.0064659772557024;0.0031696950200789;0.0;27.117933333333333;2022-02-06T06:00:00Z
0.0577305670718835;0.0062202462973045;0.0030978649055118;20.119;32.98495;2022-02-06T07:00:00Z
0.0559858146933666;0.005985493124096;0.0029805271095411;0.1199999999999999;67.16695;2022-02-06T08:00:00Z
0.0531941117703026;0.0055362912416967;0.0027809341486086;5.119;65.0005;2022-02-06T09:00:00Z
0.049586838716863;0.0050921800484217;0.0026115307383447;0.0;53.00036666666666;2022-02-06T10:00:00Z
0.0453759191739966;0.004348162463769;0.0023775720567907;0.0;9.50105;2022-02-06T11:00:00Z
0.0408413526253344;0.0038007629226127;0.0020612612863397;0.0;14.001916666666666;2022-02-06T12:00:00Z
0.0363154852292004;0.0031580097724207;0.0017297176484378;0.0;636.6671;2022-02-06T13:00:00Z
0.0320788565828034;0.0025515758221131;0.0014868278609743;0.0;69.50105;2022-02-06T14:00:00Z
0.0284476807031245;0.0020544068612281;0.0012569920845235;0.0;64.0016;2022-02-06T15:00:00Z
0.0256638902772245;0.0014667236064796;0.0010788065640183;0.0;68.16785;2022-02-06T16:00:00Z
0.0239225395154668;0.0012776450187901;0.0009525192390489;0.0;67.9344;2022-02-06T17:00:00Z
0.0233398721590626;0.001124194146756;0.0009429022338779;0.0;80.70023333333333;2022-02-06T18:00:00Z
0.0239225399639743;0.0015326093152102;0.0009817498237024;0.0;72.11751666666667;2022-02-06T19:00:00Z
0.0256695765219802;0.0015303397412373;0.0010819461662909;0.0;23.501433333333328;2022-02-06T20:00:00Z
0.0284616031050919;0.0019346061226518;0.0012436456090273;0.0;22.851566666666663;2022-02-06T21:00:00Z
0.032074262998418;0.0028182891551982;0.0014914482956074;0.0;29.48568333333333;2022-02-06T22:00:00Z
0.0363129049476639;0.0031528939736662;0.0017372282078546;0.0;438.28495;2022-02-06T23:00:00Z
0.040828286162542;0.003637653480732;0.0020566208631746;0.0;28.233766666666668;2022-02-07T00:00:00Z
0.0453658331417315;0.0045684561621402;0.0023062653014256;0.0;40.016783333333336;2022-02-07T01:00:00Z
0.0495954333590254;0.0048491683533802;0.0026065232512951;0.0;38.03355;2022-02-07T02:00:00Z
0.0532068856783865;0.0054094517084587;0.0028154945921408;0.0;39.90008333333333;2022-02-07T03:00:00Z
0.0559921410000229;0.0061139043279992;0.0029584086914592;0.0;32.666666666666664;2022-02-07T04:00:00Z
0.0577434106315614;0.0061818909931051;0.0031044092798747;0.0;46.88358333333333;2022-02-07T05:00:00Z
0.0583285283624058;0.0062198065082383;0.0031456331529438;0.0;76.88366666666666;2022-02-07T06:00:00Z
0.057728993103849;0.0063214193753487;0.0030822818978858;20.119;55.16726666666667;2022-02-07T07:00:00Z
0.0559894638216526;0.0060536493670846;0.0029855038516294;0.1199999999999999;55.00091666666666;2022-02-07T08:00:00Z
0.0532070871156607;0.0053664592362927;0.0028075221134922;5.119;69.3334;2022-02-07T09:00:00Z
0.0495743306895814;0.0049718957928214;0.0025825231239022;0.0;64.6672;2022-02-07T10:00:00Z
0.0453541313069711;0.0044576794171068;0.0023075433778799;0.0;98.3341;2022-02-07T11:00:00Z
0.0408305854005422;0.0037459991911553;0.0020197888074717;0.0;433.83425;2022-02-07T12:00:00Z
0.0363076458065747;0.0029012843170751;0.0017513613774462;0.0;322.33473333333336;2022-02-07T13:00:00Z
0.0320882244380353;0.0025289692728761;0.0014578877651258;0.0;359.6675666666667;2022-02-07T14:00:00Z
0.0284599280119185;0.00183781921583;0.0012400958529525;0.0;21.668666666666663;2022-02-07T15:00:00Z
0.0256987010963464;0.001613857658683;0.001069506468732;0.0;61.00115;2022-02-07T16:00:00Z
0.023904510378432;0.0013593195708745;0.0009507005976831;0.0;12.3356;2022-02-07T17:00:00Z
0.0233429558968201;0.0010979212865892;0.0009907995938857;0.0;53.717633333333325;2022-02-07T18:00:00Z
0.0239489093177002;0.0011172304850304;0.000973903305648;0.0;41.751166666666656;2022-02-07T19:00:00Z
0.0256772660710729;0.0014616886128345;0.0010831847681352;0.0;56.06725;2022-02-07T20:00:00Z
0.0284536030345207;0.0018403138972741;0.0012527672801849;0.0;62.983916666666666;2022-02-07T21:00:00Z
0.03207406700375;0.0026001731910163;0.0014790016284511;0.0;24.23475;2022-02-07T22:00:00Z
0.0363206423616322;0.0031113344938256;0.0017492606252022;0.0;16.451066666666662;2022-02-07T23:00:00Z
0.0408323315167325;0.0037321851773301;0.0020201389714975;0.0;15.75145;2022-02-08T00:00:00Z
0.0453685694653783;0.0044324510684866;0.0023192497039922;0.0;24.03425;2022-02-08T01:00:00Z
0.0495808482048078;0.0049829172682622;0.0025711679120749;0.0;27.41675;2022-02-08T02:00:00Z
0.053208067999812;0.0053482009362656;0.0027771839902314;0.0;22.75075;2022-02-08T03:00:00Z
0.0559819207435259;0.0060034873263827;0.0029812053649745;0.0;28.70053333333333;2022-02-08T04:00:00Z
0.0577245419122039;0.0061931100295879;0.003044514051459;0.0;28.23358333333333;2022-02-08T05:00:00Z
0.0583482793830141;0.0062488536473388;0.0030925405204695;0.0;25.083866666666665;2022-02-08T06:00:00Z
0.0577375126094177;0.0061858291841226;0.0030869355686934;20.119;3.8504166666666664;2022-02-08T07:00:00Z
0.0559923788525123;0.0058297157180535;0.0029602588266936;0.1199999999999999;17.667133333333332;2022-02-08T08:00:00Z
0.0532078784561576;0.0056646970752096;0.0027838270191698;5.118999999999999;51.001066666666674;2022-02-08T09:00:00Z
0.0495855734653287;0.0050941923199458;0.0025818037625014;0.0;59.33356666666666;2022-02-08T10:00:00Z
0.0453580683176823;0.0045569142252425;0.0023589762763378;0.0;66.00013333333332;2022-02-08T11:00:00Z
0.0408336631248736;0.003883929627107;0.0020229214401875;0.0;54.001266666666666;2022-02-08T12:00:00Z
0.0363088961142009;0.0032658251465138;0.001734890958699;0.0;633.66715;2022-02-08T13:00:00Z
0.0320700104549218;0.0024905693289771;0.0014744076681307;0.0;270.6677166666667;2022-02-08T14:00:00Z
0.0284604541747668;0.0018876195796363;0.00124730876527;0.0;53.001283333333326;2022-02-08T15:00:00Z
0.025684617805788;0.0018316721440502;0.0010691205986646;0.0;208.66796666666667;2022-02-08T16:00:00Z
0.0239571125117715;0.0013112419897357;0.0009859459984819;0.0;173.8512;2022-02-08T17:00:00Z
0.0233428406466309;0.0014117334929714;0.0009417088436076;0.0;86.68391666666666;2022-02-08T18:00:00Z
0.0239365489619811;0.0013647193866797;0.000970881449038;0.0;69.68458333333334;2022-02-08T19:00:00Z
0.0256861868852546;0.0015756763644581;0.0010649662639467;0.0;76.20091666666667;2022-02-08T20:00:00Z
0.0284545419002985;0.0020700012089906;0.0012521950596993;0.0;63.684466666666665;2022-02-08T21:00:00Z
0.0320701962230822;0.0025266353349954;0.0014973321108787;0.0;61.8186;2022-02-08T22:00:00Z
0.0362909451340903;0.0030811398065225;0.0017373326252798;0.0;11.585183333333331;2022-02-08T23:00:00Z
0.0408387953350054;0.0036819894900503;0.0020533149639728;0.0;15.867033333333332;2022-02-09T00:00:00Z
0.0453565253751565;0.0043732850402503;0.0023072351125098;0.0;48.18345;2022-02-09T01:00:00Z
0.049574522268074;0.0048276534748379;0.0026192751990221;0.0;38.61695;2022-02-09T02:00:00Z
0.0531979057903292;0.005784110769532;0.0028056708434708;0.0;34.300016666666664;2022-02-09T03:00:00Z
0.0559924834531768;0.005894205131821;0.0029911584203777;0.0;30.800033333333328;2022-02-09T04:00:00Z
0.0577252534829771;0.0061201094344179;0.0030770807230723;0.0;53.65006666666667;2022-02-09T05:00:00Z
0.0583296790639811;0.0062433110906238;0.0031421952270891;0.0;44.817616666666666;2022-02-09T06:00:00Z
0.0577508143996668;0.0060742656405803;0.0030847191326555;0.1199999999999999;38.317616666666666;2022-02-09T07:00:00Z
0.0559632155159435;0.005892259758741;0.0030020913256385;5.119;52.8343;2022-02-09T08:00:00Z
0.053196981287233;0.0056920430132464;0.0027958982799133;20.119;47.333850000000005;2022-02-09T09:00:00Z
0.0495935461154932;0.0050644241753498;0.0025894773679756;0.0;66.83365;2022-02-09T10:00:00Z
0.0453483776674687;0.0044964831249994;0.0023184464910683;0.0;69.16675000000001;2022-02-09T11:00:00Z
0.0408337138821226;0.0039773483509317;0.0019915705643547;0.0;45.834950000000006;2022-02-09T12:00:00Z
0.0363014643021369;0.0031997132826654;0.0017430796118314;0.0;46.0014;2022-02-09T13:00:00Z
0.0320836153051437;0.0024913525777191;0.0014556293684169;0.0;21.668666666666663;2022-02-09T14:00:00Z
0.0284548442944694;0.0018914045085138;0.0012289511119143;0.0;47.8348;2022-02-09T15:00:00Z
0.025669745992468;0.001597324499453;0.0010672468472244;0.0;355.66843333333327;2022-02-09T16:00:00Z
0.0239170193469826;0.0014616705722289;0.000975585978816;0.0;100.40115;2022-02-09T17:00:00Z
0.0233467178998011;0.001360537475225;0.000946987536148;0.0;86.10008333333333;2022-02-09T18:00:00Z
0.02393501318412;0.0013394665270149;0.0009689357672568;0.0;82.86701666666667;2022-02-09T19:00:00Z
0.025692046062862;0.0014179257932026;0.001102721176598;0.0;90.76668333333332;2022-02-09T20:00:00Z
0.0284678148813346;0.002081791415821;0.0012473001674112;0.0;45.884583333333325;2022-02-09T21:00:00Z
0.0320780254462883;0.0024513415247506;0.0015049467450668;0.0;184.16871666666665;2022-02-09T22:00:00Z
0.0363033307750812;0.00302632491432;0.0017395974230134;0.0;649.3177666666667;2022-02-09T23:00:00Z
0.0408448478603053;0.0037891856476762;0.0020286807757552;0.0;18.43403333333333;2022-02-10T00:00:00Z
0.045361297943071;0.0044035058380385;0.0023116055042972;0.0;33.3668;2022-02-10T01:00:00Z
0.0495747484566223;0.0050147246798074;0.0025879917351548;0.0;27.650666666666663;2022-02-10T02:00:00Z
0.0532123895104689;0.005642665906249;0.0027702433555866;0.0;28.466766666666665;2022-02-10T03:00:00Z
0.0559814935402712;0.0058109398535402;0.0029723533590644;0.0;28.23343333333333;2022-02-10T04:00:00Z
0.0577404723974461;0.0063321435696978;0.0030745223792577;0.0;26.833583333333333;2022-02-10T05:00:00Z
0.0583301444581234;0.0062027630364797;0.0030971922336221;0.0;55.78401666666666;2022-02-10T06:00:00Z
0.0577371124534559;0.0061994360229818;0.0030768022403616;0.1199999999999999;61.28383333333333;2022-02-10T07:00:00Z
0.0559823990501404;0.0057001224924132;0.0029801557393843;5.118999999999999;66.66671666666667;2022-02-10T08:00:00Z
0.0532096729424248;0.0056486789647364;0.0028161009214454;20.119;69.66669999999999;2022-02-10T09:00:00Z
0.0495807276249287;0.0051506128296182;0.002609470626845;0.0;70.0;2022-02-10T10:00:00Z
0.0453725980303262;0.0043821506484137;0.002315307965939;0.0;70.0;2022-02-10T11:00:00Z
0.0408258256014965;0.0037821298509895;0.0019975707368783;0.0;51.00101666666666;2022-02-10T12:00:00Z
0.0362982950300123;0.0031582510984762;0.001751731837707;0.0;531.3339833333333;2022-02-10T13:00:00Z
0.0320797191742743;0.0023815143584458;0.0014895499743658;0.0;210.66793333333328;2022-02-10T14:00:00Z
0.0284536061077058;0.0018335300032861;0.0012567130248142;0.0;10.001999999999997;2022-02-10T15:00:00Z
0.025674715892046;0.0014886451181625;0.0010815971036888;0.0;10.001999999999997;2022-02-10T16:00:00Z
0.0239390906218296;0.0013916805904154;0.000988955283753;0.0;10.001999999999997;2022-02-10T17:00:00Z
0.023314496032528;0.001280323440512;0.0009330366844583;0.0;16.768633333333334;2022-02-10T18:00:00Z
0.0239154404121174;0.0013000980634132;0.0009267984871751;0.0;25.00145;2022-02-10T19:00:00Z
0.0256792489500356;0.001629359919632;0.0010993605871538;0.0;72.6174;2022-02-10T20:00:00Z
0.0284576608791239;0.0020196325273227;0.0012636595579777;0.0;69.80086666666665;2022-02-10T21:00:00Z
0.0320755667021804;0.0024855872080996;0.0015358633796341;0.0;494.5006166666667;2022-02-10T22:00:00Z
0.0363090636481773;0.0031186652310828;0.0017823952869543;0.0;47.11848333333334;2022-02-10T23:00:00Z
0.0408358332131673;0.0035948102113672;0.0020450096844258;0.0;0.0;2022-02-11T00:00:00Z
0.0453597085682631;0.0044575577961952;0.0023140675873073;0.0;0.0;2022-02-11T01:00:00Z
0.0495929515292095;0.0047964355857542;0.0025805049637323;0.0;0.0;2022-02-11T02:00:00Z
0.0532099930963756;0.0053952843348927;0.0028251080641406;0.0;0.0;2022-02-11T03:00:00Z
0.056004030124574;0.0058259470815025;0.0029561365026933;0.0;0.0;2022-02-11T04:00:00Z
0.0577252297565544;0.006353469611959;0.0030693917876054;0.0;0.0;2022-02-11T05:00:00Z
0.0583423993478935;0.0063231019250925;0.0031108843472195;0.0;0.0;2022-02-11T06:00:00Z
0.0577390501142384;0.0061800422486427;0.003075297373906;0.1199999999999999;0.0;2022-02-11T07:00:00Z
0.0560049347360649;0.0057224458289387;0.0029599509810899;25.118;0.0;2022-02-11T08:00:00Z
0.053209268592527;0.005378049004007;0.0027955969510818;0.1199999999999999;0.0;2022-02-11T09:00:00Z
0.0495900609369423;0.0049797876689047;0.0025758181609935;0.0;0.0;2022-02-11T10:00:00Z
0.0453437962733536;0.0044387011375216;0.0023141263136237;0.0;0.0;2022-02-11T11:00:00Z
0.0408320688500961;0.0038358237057774;0.002023203837512;0.0;0.0;2022-02-11T12:00:00Z
0.0363036083649909;0.0030154560764792;0.001730285043729;0.0;0.0;2022-02-11T13:00:00Z
0.0320793890194442;0.002656718424885;0.0014869234713;0.0;0.0;2022-02-11T14:00:00Z
0.0284476423987733;0.001969884273657;0.0012373414135625;0.0;0.0;2022-02-11T15:00:00Z
0.0256889342543459;0.0015667047145858;0.0010993575682142;0.0;0.0;2022-02-11T16:00:00Z
0.0239279715715005;0.0012963455323257;0.000972576797244;0.0;0.0;2022-02-11T17:00:00Z
0.0233227258511154;0.0012700188961215;0.0009405347929306;0.0;0.0;2022-02-11T18:00:00Z
0.0239238336781142;0.0014150931635816;0.0009749936226446;0.0;0.0;2022-02-11T19:00:00Z
0.0256753097142584;0.0015511751887348;0.0010596120470759;0.0;0.0;2022-02-11T20:00:00Z
0.0284581728524681;0.0020551972828962;0.0012693959630277;0.0;0.0;2022-02-11T21:00:00Z
0.0320829431127608;0.0024509084304928;0.0014875155096735;0.0;0.0;2022-02-11T22:00:00Z
0.0363071112520789;0.0030246314133428;0.0017401296608672;0.0;0.0;2022-02-11T23:00:00Z
0.0408343399203412;0.0038116983099877;0.0020148424558677;0.0;21.81698333333333;2022-02-12T00:00:00Z
0.0453576097170596;0.0043351950259268;0.0022716906497469;0.0;25.9005;2022-02-12T01:00:00Z
0.0495895641476172;0.0050805572755511;0.0025835964043228;0.0;26.48358333333333;2022-02-12T02:00:00Z
0.053206006149384;0.0054819528937472;0.0028039956060659;0.0;33.13381666666667;2022-02-12T03:00:00Z
0.0559937700525172;0.0059860721432081;0.0030002707841816;0.0;34.53373333333333;2022-02-12T04:00:00Z
0.0577549338691724;0.0061121055742043;0.0030442921848804;0.0;36.43371666666666;2022-02-12T05:00:00Z
0.058325859046647;0.0061532302919146;0.0031004761425481;0.0;38.00045;2022-02-12T06:00:00Z
0.0577331839048324;0.0060769738120187;0.0031202074160135;20.119;27.4838;2022-02-12T07:00:00Z
0.0559852682769347;0.0060455436538319;0.0029722239374044;5.119;56.00023333333333;2022-02-12T08:00:00Z
0.0532177433823711;0.005544060338451;0.0027791879183808;0.1199999999999999;67.00005;2022-02-12T09:00:00Z
0.0495934082110959;0.0050460481809832;0.0026039860135525;0.0;30.000666666666667;2022-02-12T10:00:00Z
0.0453577048585148;0.0043368842644333;0.0023200440832492;0.0;38.16803333333333;2022-02-12T11:00:00Z
0.0408120355036214;0.0040102999962122;0.00204834234271;0.0;58.00203333333334;2022-02-12T12:00:00Z
0.036298388034815;0.0030856805869123;0.0017437112941843;0.0;514.6684;2022-02-12T13:00:00Z
0.0320927571216377;0.0025153834830917;0.0014582557431928;0.0;465.16855;2022-02-12T14:00:00Z
0.0284700478615501;0.0019560358782801;0.0012478612926942;0.0;241.8348;2022-02-12T15:00:00Z
0.0256828028882048;0.0015594519006681;0.0010585764393369;0.0;64.3349;2022-02-12T16:00:00Z
0.0239241651622499;0.0014183288482727;0.0009990742305129;0.0;80.96741666666665;2022-02-12T17:00:00Z
0.0233436111338526;0.001302309519746;0.0009335109102823;0.0;92.83385;2022-02-12T18:00:00Z
0.0239276688787509;0.0014993409901055;0.0009445304488716;0.0;83.28435;2022-02-12T19:00:00Z
0.0256693345665265;0.001474942889144;0.0010761494592187;0.0;77.75073333333333;2022-02-12T20:00:00Z
0.0284676529145072;0.0020806440196434;0.0012516849857246;0.0;77.65038333333332;2022-02-12T21:00:00Z
0.0321040282828703;0.0025273132250153;0.001463978559743;0.0;58.13553333333333;2022-02-12T22:00:00Z
0.0363079200621199;0.0032692666028175;0.0017480055456747;0.0;65.36851666666665;2022-02-12T23:00:00Z
0.0408161362071689;0.0036911251256792;0.0020121174833728;0.0;25.90035;2022-02-13T00:00:00Z
0.0453720366126807;0.0045445480031031;0.0023036569603407;0.0;35.9334;2022-02-13T01:00:00Z
0.0495852283449518;0.0047911761427326;0.0025368988011946;0.0;32.6672;2022-02-13T02:00:00Z
0.053213003501612;0.0054342221978192;0.0028009764098459;0.0;34.30036666666666;2022-02-13T03:00:00Z
0.0560227256627349;0.0059908823144675;0.0029624897679531;0.0;33.36685;2022-02-13T04:00:00Z
0.0577348164674087;0.0063523041162521;0.0030875663375472;0.0;27.883616666666665;2022-02-13T05:00:00Z
0.0583275316308639;0.0063173634212387;0.0031447395767833;0.0;39.9003;2022-02-13T06:00:00Z
0.0577366842471692;0.0062146727510006;0.0031096492463531;0.1199999999999999;7.583666666666666;2022-02-13T07:00:00Z
0.0559997915203172;0.0058086795998243;0.002978681793353;25.118;4.501033333333333;2022-02-13T08:00:00Z
0.0532149272872932;0.00556734504136;0.0028145261907982;0.1199999999999999;9.16775;2022-02-13T09:00:00Z
0.0495680869809287;0.0049682609552949;0.0025758165570229;0.0;59.33356666666666;2022-02-13T10:00:00Z
0.0453634164230708;0.0042171235449435;0.0022934388079008;0.0;69.66669999999999;2022-02-13T11:00:00Z
0.0408279141305079;0.0037998765769697;0.0020553737583719;0.0;69.6671;2022-02-13T12:00:00Z
0.0363015547439031;0.0031120323760528;0.0017357241262984;0.0;168.3344;2022-02-13T13:00:00Z
0.0320795425919796;0.0025865154075407;0.0014829947324161;0.0;70.001;2022-02-13T14:00:00Z
0.0284436640638126;0.0019116129801931;0.0012666927777132;0.0;70.001;2022-02-13T15:00:00Z
0.0256741284647121;0.0015534083919643;0.0011061107014653;0.0;70.001;2022-02-13T16:00:00Z
0.0239394884638586;0.0013016730094279;0.0009887187468913;0.0;73.26715;2022-02-13T17:00:00Z
0.0233454708977627;0.0012269551312381;0.0009328858844602;0.0;84.70036666666665;2022-02-13T18:00:00Z
0.0239463103740802;0.0013815736227714;0.0009902044129993;0.0;87.36715000000001;2022-02-13T19:00:00Z
0.025668521996932;0.0015896068386891;0.001134133589745;0.0;89.13348333333333;2022-02-13T20:00:00Z
0.0284587637912095;0.0019263078191147;0.0012714615389151;0.0;73.20081666666665;2022-02-13T21:00:00Z
0.0320631405360398;0.0027587486810062;0.0015022200200133;0.0;691.3684999999999;2022-02-13T22:00:00Z
0.0363049264146722;0.0030154355789026;0.0017515765916802;0.0;214.11891666666668;2022-02-13T23:00:00Z
0.0408295196623464;0.0037427126016861;0.0020337676733954;0.0;23.450133333333333;2022-02-14T00:00:00Z
0.0453528570512261;0.0043330911002008;0.0022874426790655;0.0;28.933516666666662;2022-02-14T01:00:00Z
0.0495841895236491;0.0049451951921848;0.0026099640056265;0.0;39.90006666666667;2022-02-14T02:00:00Z
0.0532170454130429;0.0054221048615737;0.0028074200165911;0.0;30.3334;2022-02-14T03:00:00Z
0.0559869677988518;0.0057922259636867;0.0029516474184469;0.0;32.783483333333336;2022-02-14T04:00:00Z
0.0577394444035692;0.0061399927547171;0.0030943058142153;0.0;34.18343333333333;2022-02-14T05:00:00Z
0.0583240041675556;0.0063348986538659;0.0031260467355734;0.0;25.50018333333333;2022-02-14T06:00:00Z
0.0577503319345143;0.0062289659405849;0.0031364899898255;0.1199999999999999;41.583683333333326;2022-02-14T07:00:00Z
0.0560048480589219;0.0060866829172923;0.0029475319004685;0.1199999999999999;63.33338333333333;2022-02-14T08:00:00Z
0.0531923893016585;0.0054090361767191;0.0027922495161177;25.118;67.0003;2022-02-14T09:00:00Z
0.0495968314337098;0.0048784321218203;0.0025751099051828;0.0;64.3339;2022-02-14T10:00:00Z
0.0453637075269008;0.0044135519945584;0.0023302653234184;0.0;24.334416666666662;2022-02-14T11:00:00Z
0.0408246365200493;0.0038769855544022;0.002021742713425;0.0;651.00065;2022-02-14T12:00:00Z
0.0363192313885098;0.0030730754084153;0.0017544979471572;0.0;36.83498333333333;2022-02-14T13:00:00Z
0.0320845684576689;0.0026389923641698;0.0014757683387948;0.0;20.00183333333333;2022-02-14T14:00:00Z
0.0284708372122448;0.0019033124131913;0.0012180601460586;0.0;56.001233333333325;2022-02-14T15:00:00Z
0.025682708893826;0.0015495823127516;0.0010902657206544;0.0;45.00141666666666;2022-02-14T16:00:00Z
0.0239302320415105;0.0014163163010189;0.0009465079068242;0.0;393.9512666666666;2022-02-14T17:00:00Z
0.0233425386791314;0.0012187969778919;0.0009358572695871;0.0;67.70083333333334;2022-02-14T18:00:00Z
0.0239265954269002;0.0014632603670046;0.0009614548026937;0.0;67.05033333333333;2022-02-14T19:00:00Z
0.0256949539267479;0.0014820168262129;0.0010786751727199;0.0;83.83334999999998;2022-02-14T20:00:00Z
0.0284741178808443;0.0020481285225377;0.0012752640755468;0.0;84.78343333333333;2022-02-14T21:00:00Z
0.0320861935875038;0.0024607514953255;0.0014992935168816;0.0;67.50136666666667;2022-02-14T22:00:00Z
0.0363154549082168;0.0029859574152701;0.0017501056694037;0.0;14.467866666666664;2022-02-14T23:00:00Z
0.0408391933341185;0.0038397575230615;0.002008085430248;0.0;29.16698333333333;2022-02-15T00:00:00Z
0.045369749284326;0.0044214429827238;0.0023187097245692;0.0;33.3668;2022-02-15T01:00:00Z
0.0495835765501962;0.0049129144135935;0.0025613002174303;0.0;29.1667;2022-02-15T02:00:00Z
0.0532102363133104;0.0055348287395535;0.0028062462404372;0.0;30.217116666666666;2022-02-15T03:00:00Z
0.055990147286917;0.0058982171205201;0.002978204576563;0.0;27.06705;2022-02-15T04:00:00Z
0.0577320535273842;0.0061694622227144;0.0031180430388783;0.0;44.067066666666655;2022-02-15T05:00:00Z
0.0583213744911083;0.0063995195140669;0.0031440488355308;0.0;77.33371666666666;2022-02-15T06:00:00Z
0.0577258674917481;0.0061819480212847;0.0031009338531622;0.1199999999999999;60.23335;2022-02-15T07:00:00Z
0.0559970897052068;0.0057000077256353;0.0029559765344585;0.1199999999999999;67.50021666666666;2022-02-15T08:00:00Z
0.0531926363409355;0.0053729137613524;0.0027999183651812;25.118;70.0;2022-02-15T09:00:00Z
0.0495815021677015;0.0051036527444385;0.0025958612216533;0.0;67.83355;2022-02-15T10:00:00Z
0.0453571969674609;0.004232242241007;0.002336182305855;0.0;49.6672;2022-02-15T11:00:00Z
0.0408470421739528;0.0038313055369844;0.0019970043029966;0.0;59.667766666666665;2022-02-15T12:00:00Z
0.036302515755397;0.0029436670379127;0.0017450329675997;0.0;666.5005833333332;2022-02-15T13:00:00Z
0.0320872638290033;0.0024691503273789;0.0015077500657342;0.0;61.00115;2022-02-15T14:00:00Z
0.0284536213652487;0.0019895569480009;0.0012744334466675;0.0;30.00166666666667;2022-02-15T15:00:00Z
0.0256850328888364;0.0015610289619311;0.001101673914417;0.0;58.501316666666675;2022-02-15T16:00:00Z
0.0239336400157121;0.0013489280094078;0.0009294441071992;0.0;654.3014833333333;2022-02-15T17:00:00Z
0.0233294436029151;0.0012724432483203;0.000954553300763;0.0;37.6515;2022-02-15T18:00:00Z
0.0239488590015402;0.0014049595334377;0.0009810067985572;0.0;60.168183333333324;2022-02-15T19:00:00Z
0.0257011968974619;0.0017666683770694;0.0010954167315462;0.0;71.95033333333333;2022-02-15T20:00:00Z
0.0284572825696702;0.0019445731901188;0.0012661061566872;0.0;53.2006;2022-02-15T21:00:00Z
0.0320850961873367;0.002413623747544;0.0014869439291711;0.0;38.4018;2022-02-15T22:00:00Z
0.0363145561033866;0.0030888138755828;0.001750593313381;0.0;16.567666666666668;2022-02-15T23:00:00Z
0.0408385272166137;0.0038222855427969;0.0020237151968146;0.0;29.16715;2022-02-16T00:00:00Z
0.0453556688857662;0.004307504964934;0.0023311694862121;0.0;39.083466666666666;2022-02-16T01:00:00Z
0.0495986592648623;0.0050178305225329;0.0025578351487319;0.0;34.7668;2022-02-16T02:00:00Z
0.0532128420488632;0.0054860177969062;0.0028096613953267;0.0;38.966783333333325;2022-02-16T03:00:00Z
0.0559966442369094;0.0058821225723904;0.0030032963856158;0.0;41.41675;2022-02-16T04:00:00Z
0.0577290735116733;0.0060563839522056;0.0030919984140252;0.0;33.366683333333334;2022-02-16T05:00:00Z
0.0583293766050476;0.006385348312239;0.0031486523024845;0.0;33.95023333333333;2022-02-16T06:00:00Z
0.0577320061710126;0.0061242157568154;0.0030613661736179;0.1199999999999999;17.033583333333333;2022-02-16T07:00:00Z
0.0559853755204861;0.006050478084509;0.002999209844625;0.1199999999999999;26.00055;2022-02-16T08:00:00Z
0.0532145157322528;0.0055380987634369;0.0028299152956733;25.118;33.000616666666666;2022-02-16T09:00:00Z
0.0496076847167549;0.0048572497464478;0.0025730988008985;0.0;59.16725;2022-02-16T10:00:00Z
0.0453680975441702;0.0043912814957193;0.0023049045804412;0.0;50.6671;2022-02-16T11:00:00Z
0.0408417880315857;0.0037223651920516;0.002029437034135;0.0;59.33475;2022-02-16T12:00:00Z
0.0363093865520137;0.0030913603775339;0.0017748343848458;0.0;358.66775;2022-02-16T13:00:00Z
0.032096868592536;0.0025193357158582;0.0014790640704604;0.0;251.83430000000004;2022-02-16T14:00:00Z
0.0284713709777307;0.0019024769825373;0.0012746219742018;0.0;185.1677;2022-02-16T15:00:00Z
0.025670381979424;0.0013928131876323;0.0011047141007921;0.0;64.0016;2022-02-16T16:00:00Z
0.0239426632633712;0.0012793080110272;0.0009665206147805;0.0;169.80081666666666;2022-02-16T17:00:00Z
0.0233490934943396;0.0011886106197584;0.0009358126941298;0.0;82.40048333333331;2022-02-16T18:00:00Z
0.0239261317407173;0.0012586888670784;0.0009503248201683;0.0;69.15066666666667;2022-02-16T19:00:00Z
0.025697117765859;0.0015453222773773;0.001104819621539;0.0;75.36713333333334;2022-02-16T20:00:00Z
0.0284631592671029;0.0020252770403164;0.0012444002151542;0.0;89.76698333333331;2022-02-16T21:00:00Z
0.0320858532343264;0.0024997788723152;0.0015080874482051;0.0;333.10145;2022-02-16T22:00:00Z
0.0363036469549967;0.0030017592924592;0.0017188816520584;0.0;214.41805;2022-02-16T23:00:00Z
0.0408278237656482;0.0037768843980623;0.0020161175742628;0.0;25.200516666666665;2022-02-17T00:00:00Z
0.0453568862772521;0.0042161423671114;0.0023369615467492;0.0;29.86678333333333;2022-02-17T01:00:00Z
0.0495787583606779;0.0051299524121576;0.0025600907823714;0.0;28.0;2022-02-17T02:00:00Z
0.053216325179831;0.0054409564582945;0.0028307008942696;0.0;28.0;2022-02-17T03:00:00Z
0.0560007790248825;0.0058757540100592;0.0029882034866156;0.0;27.0668;2022-02-17T04:00:00Z
0.0577449728473927;0.006225430259967;0.0030904364636778;0.0;20.7016;2022-02-17T05:00:00Z
0.0583349754419488;0.0061598866436544;0.0031221302207943;0.0;16.451816666666662;2022-02-17T06:00:00Z
0.0577411569258759;0.006238509822685;0.0030758909652691;20.119;10.384416666666667;2022-02-17T07:00:00Z
0.055973402488893;0.0060140931992829;0.0029511850888685;5.119;27.000716666666666;2022-02-17T08:00:00Z
0.0532159690780118;0.0055452183803012;0.0028118154359287;0.1199999999999999;70.0;2022-02-17T09:00:00Z
0.0495990599198121;0.0051466920302381;0.0025826182905058;0.0;70.0;2022-02-17T10:00:00Z
0.045359786304874;0.0043680965972208;0.0022663473510321;0.0;86.66706666666667;2022-02-17T11:00:00Z
0.0408307820864948;0.0036908098238211;0.002050400163638;0.0;555.6676666666667;2022-02-17T12:00:00Z
0.0362904924887139;0.0030266844906995;0.0017299874701034;0.0;252.1676;2022-02-17T13:00:00Z
0.0320859201894976;0.0024193676504778;0.0015127414740801;0.0;63.335;2022-02-17T14:00:00Z
0.0284700715507387;0.0019348242261196;0.0012929832161611;0.0;70.001;2022-02-17T15:00:00Z
0.0256756921871941;0.0016277593625363;0.0010710393976169;0.0;61.16855;2022-02-17T16:00:00Z
0.023950650540318;0.0012150668840149;0.0009695481961349;0.0;310.0018166666666;2022-02-17T17:00:00Z
0.0233321576178374;0.0013688990912659;0.0009340884713432;0.0;69.66816666666665;2022-02-17T18:00:00Z
0.0239192266366615;0.0012713009210934;0.0009951240718274;0.0;81.03364999999998;2022-02-17T19:00:00Z
0.0256807674714734;0.0015912492213223;0.0010879277391151;0.0;40.318133333333336;2022-02-17T20:00:00Z
0.0284541263035985;0.0019565229148593;0.0012739269152264;0.0;13.3021;2022-02-17T21:00:00Z
0.0320889531293302;0.0025190231788329;0.0014876593029553;0.0;13.5362;2022-02-17T22:00:00Z
0.0363033947185289;0.0031458838832618;0.0017540935075534;0.0;11.203183333333332;2022-02-17T23:00:00Z
0.0408324220565811;0.0036960948759746;0.0020323899995882;0.0;0.0;2022-02-18T00:00:00Z
0.0453656711494241;0.0044313478219453;0.0023106701880231;0.0;0.0;2022-02-18T01:00:00Z
0.0495805919124721;0.0049596587171435;0.0026122154228195;0.0;0.0;2022-02-18T02:00:00Z
0.053198783075427;0.0054631947155681;0.0028258273381518;0.0;0.0;2022-02-18T03:00:00Z
0.0560044678263981;0.0059367142157597;0.0029752759578368;0.0;0.0;2022-02-18T04:00:00Z
0.0577250225725841;0.0061819248179192;0.0030904986959937;0.0;0.0;2022-02-18T05:00:00Z
0.0583320147058531;0.0062312292434393;0.0031131223981079;0.0;0.0;2022-02-18T06:00:00Z
0.057735542610046;0.0062155431562499;0.0030904485299721;20.119;0.0;2022-02-18T07:00:00Z
0.0560043552976188;0.0060370776991533;0.0029589621368684;5.119;0.0;2022-02-18T08:00:00Z
0.0532091203094369;0.0055753816971691;0.0027892029373605;0.1199999999999999;0.0;2022-02-18T09:00:00Z
0.0495819434901806;0.0051351915141022;0.0025678946292409;0.0;0.0;2022-02-18T10:00:00Z
0.045341343057415;0.0044001257511295;0.002295225220341;0.0;0.0;2022-02-18T11:00:00Z
0.0408421248862122;0.0038751509319689;0.0019873814450797;0.0;0.0;2022-02-18T12:00:00Z
0.0362952931737676;0.0029809585201127;0.0017517563305972;0.0;0.0;2022-02-18T13:00:00Z
0.0320704543630605;0.0027308086588243;0.0014593930193554;0.0;0.0;2022-02-18T14:00:00Z
0.0284675937450105;0.002090735058034;0.0012969450887097;0.0;0.0;2022-02-18T15:00:00Z
0.0256570816183049;0.0014568363700538;0.0010697919377375;0.0;0.0;2022-02-18T16:00:00Z
0.0239234596945571;0.0014276086196386;0.0010105469073894;0.0;0.0;2022-02-18T17:00:00Z
0.0233251875553053;0.0013247084631685;0.0009611919166447;0.0;0.0;2022-02-18T18:00:00Z
0.0239210968696061;0.0012977901422954;0.0009735159731501;0.0;0.0;2022-02-18T19:00:00Z
0.0256685933224499;0.0013774436983609;0.0011169771351071;0.0;0.0;2022-02-18T20:00:00Z
0.0284623959071;0.0020572109964963;0.0012717245124091;0.0;0.0;2022-02-18T21:00:00Z
0.0320810901078799;0.0025444027730933;0.0015054714703584;0.0;0.0;2022-02-18T22:00:00Z
0.0363045786631383;0.0031925872943249;0.0017198311407942;0.0;0.0;2022-02-18T23:00:00Z
0.0408372541538655;0.0037566899175214;0.0020268680229034;0.0;29.166766666666664;2022-02-19T00:00:00Z
0.0453507813745507;0.0044944530354472;0.0022883973127103;0.0;30.216716666666663;2022-02-19T01:00:00Z
0.0495764794983001;0.0049507893802915;0.002574820514708;0.0;29.5167;2022-02-19T02:00:00Z
0.0532191747906721;0.0055174459878551;0.0027890622855401;0.0;34.30011666666667;2022-02-19T03:00:00Z
0.0559839755486353;0.0058635000752138;0.0029610089064046;0.0;34.18345;2022-02-19T04:00:00Z
0.0577280109469264;0.00622569849332;0.0030365101173568;0.0;31.0338;2022-02-19T05:00:00Z
0.0583704805097488;0.0062672357732466;0.0031317106620056;0.0;24.468216666666663;2022-02-19T06:00:00Z
0.0577447602135025;0.0062793947148768;0.0030655453289743;20.119;30.517383333333328;2022-02-19T07:00:00Z
0.0559979590835957;0.0059075552426166;0.0029777774211671;0.1199999999999999;70.0;2022-02-19T08:00:00Z
0.0531970460892731;0.0054223655273558;0.0028390263042695;5.119;61.00015;2022-02-19T09:00:00Z
0.0495985318930807;0.0048441075509575;0.0025824248635769;0.0;55.00025;2022-02-19T10:00:00Z
0.0453611166675438;0.0043645835811395;0.0023153717033902;0.0;67.00005;2022-02-19T11:00:00Z
0.0408355271467936;0.0038430826533213;0.0020323102236326;0.0;393.3349;2022-02-19T12:00:00Z
0.036317261070892;0.0031925998946447;0.0017390542387133;0.0;142.00136666666668;2022-02-19T13:00:00Z
0.0320837965594044;0.0025891425105575;0.0015213360453468;0.0;70.001;2022-02-19T14:00:00Z
0.0284499160981776;0.0019004589718039;0.001266250689798;0.0;70.001;2022-02-19T15:00:00Z
0.0256807383570729;0.0014183906249846;0.0010991876729225;0.0;9.835766666666666;2022-02-19T16:00:00Z
0.0239000005072159;0.0014445835249296;0.0009785981528454;0.0;45.78558333333333;2022-02-19T17:00:00Z
0.023332599336509;0.0013423832378831;0.0009124870882893;0.0;68.7345;2022-02-19T18:00:00Z
0.0239316722783862;0.0013584830722587;0.0009642373783735;0.0;80.18438333333333;2022-02-19T19:00:00Z
0.0256744425555447;0.0016764139613987;0.00107772874363;0.0;81.001;2022-02-19T20:00:00Z
0.0284523901306266;0.0020195054121514;0.0012401291662568;0.0;89.10018333333333;2022-02-19T21:00:00Z
0.0320818004923863;0.0024659639218071;0.0014709716729931;0.0;292.18513333333334;2022-02-19T22:00:00Z
0.0362952074456153;0.0031693441317515;0.0017209655948652;0.0;354.13568333333336;2022-02-19T23:00:00Z
0.040834533302356;0.0037103448741236;0.0020164277403249;0.0;31.150166666666667;2022-02-20T00:00:00Z
0.0453654781128693;0.0043051888027872;0.0022873074134999;0.0;33.48336666666667;2022-02-20T01:00:00Z
0.0495904912275686;0.0052837972427097;0.0025444214494478;0.0;35.81685;2022-02-20T02:00:00Z
0.053211602958477;0.0053695127840002;0.0027843125526517;0.0;33.83356666666667;2022-02-20T03:00:00Z
0.0560007953679151;0.0057960907436213;0.0029296294228034;0.0;36.28335;2022-02-20T04:00:00Z
0.0577397991694024;0.0060523498937877;0.0031020861160565;0.0;33.600133333333325;2022-02-20T05:00:00Z
0.0583348710709019;0.0061811658766779;0.0031088248458282;0.0;19.9502;2022-02-20T06:00:00Z
0.0577254471258179;0.0062393308372742;0.0031162476047091;0.1199999999999999;15.933466666666666;2022-02-20T07:00:00Z
0.0559828077544881;0.0057782943905128;0.003022665442646;0.1199999999999999;44.000183333333325;2022-02-20T08:00:00Z
0.0532258382765636;0.0054828641159216;0.0028035610799868;25.118;69.00001666666667;2022-02-20T09:00:00Z
0.0495710781479683;0.0051667457921358;0.0025916546153568;0.0;70.0;2022-02-20T10:00:00Z
0.0453667378340753;0.0043194686044065;0.0023242729756049;0.0;70.00046666666667;2022-02-20T11:00:00Z
0.0408260851903735;0.003793647760791;0.0020354739324925;0.0;346.3341666666667;2022-02-20T12:00:00Z
0.0363096038987513;0.0031098283946457;0.0017459521843954;0.0;655.00105;2022-02-20T13:00:00Z
0.0320926221416298;0.002677797925494;0.001491807742305;0.0;197.33463333333327;2022-02-20T14:00:00Z
0.0284575859488683;0.0019487396931041;0.0012713161769208;0.0;62.00113333333333;2022-02-20T15:00:00Z
0.0256867150231142;0.0017041270913202;0.0010688776196898;0.0;52.0013;2022-02-20T16:00:00Z
0.0239162962102318;0.0013851829315383;0.000948197224154;0.0;53.001283333333326;2022-02-20T17:00:00Z
0.0233204034601816;0.0011178562286121;0.0009587113816972;0.0;84.00006666666665;2022-02-20T18:00:00Z
0.023940131124995;0.0014217401058074;0.0009777779612747;0.0;42.0014;2022-02-20T19:00:00Z
0.0256752150160779;0.0015140621816189;0.0011187003361686;0.0;24.3186;2022-02-20T20:00:00Z
0.0284511195964327;0.0021131522080753;0.0012922340380418;0.0;44.21845;2022-02-20T21:00:00Z
0.0320775662629032;0.0025802972580422;0.0014980679185166;0.0;52.00208333333333;2022-02-20T22:00:00Z
0.0363002060565648;0.0029871627560752;0.0017477699623439;0.0;36.268266666666655;2022-02-20T23:00:00Z
0.0408352239817629;0.0036710668996721;0.0020144514701854;0.0;28.116866666666663;2022-02-21T00:00:00Z
0.0453695516842176;0.0042878357353036;0.0023200560496872;0.0;39.783483333333336;2022-02-21T01:00:00Z
0.049584203699881;0.0049867779627925;0.0026057220190271;0.0;41.41675;2022-02-21T02:00:00Z
0.0531952926323336;0.0053761665830032;0.0027920297578151;0.0;32.0835;2022-02-21T03:00:00Z
0.0559988596667901;0.0059855058101031;0.0029186378007787;0.0;34.65011666666666;2022-02-21T04:00:00Z
0.0577186430617606;0.0061666771449774;0.0031188703947849;0.0;38.850333333333325;2022-02-21T05:00:00Z
0.0583306415945419;0.0063453256407158;0.0031446906098406;0.0;46.56733333333333;2022-02-21T06:00:00Z
0.0577488306048389;0.0063453621970852;0.0031120777079289;0.1199999999999999;47.26703333333334;2022-02-21T07:00:00Z
0.0559914360500921;0.0059597442899734;0.0029796851058226;25.118;60.00031666666667;2022-02-21T08:00:00Z
0.0532097867940792;0.0055347594481732;0.002835434941726;0.1199999999999999;66.16705;2022-02-21T09:00:00Z
0.0495854221642007;0.0051226843717643;0.002568699460233;0.0;61.50085;2022-02-21T10:00:00Z
0.0453543997918885;0.0044869130870153;0.0023077789883537;0.0;69.66669999999999;2022-02-21T11:00:00Z
0.0408348282270465;0.0037115091188162;0.0020118871234992;0.0;66.16766666666666;2022-02-21T12:00:00Z
0.0362985086830343;0.0029670108547607;0.0017260469233894;0.0;703.3336999999999;2022-02-21T13:00:00Z
0.0320669357022954;0.0024921036212485;0.0014807484214382;0.0;255.00105;2022-02-21T14:00:00Z
0.0284618142816736;0.0020509774654833;0.0012448220032724;0.0;9.66895;2022-02-21T15:00:00Z
0.0256801631380208;0.001468263175495;0.0010711447145168;0.0;22.00263333333333;2022-02-21T16:00:00Z
0.0239395627431932;0.0012614319042607;0.0009433517428644;0.0;9.152283333333331;2022-02-21T17:00:00Z
0.0233343928206751;0.0013684143035919;0.0009560979665869;0.0;21.43473333333333;2022-02-21T18:00:00Z
0.0239198672135149;0.0015106665445801;0.0009437608906258;0.0;48.568166666666656;2022-02-21T19:00:00Z
0.0256701695708854;0.001625471765101;0.0010735112674625;0.0;82.65025;2022-02-21T20:00:00Z
0.0284617207031076;0.0018796133888651;0.0012892268821008;0.0;98.0;2022-02-21T21:00:00Z
0.0320958180755928;0.0025076932836549;0.0014832071107593;0.0;390.8676166666667;2022-02-21T22:00:00Z
0.0362986279613914;0.003068747792317;0.0017296749905114;0.0;14.718699999999998;2022-02-21T23:00:00Z
0.0408463113077016;0.0036688011188391;0.0020369948514375;0.0;32.20013333333333;2022-02-22T00:00:00Z
0.0453608213347337;0.0043963028521738;0.0023106223567281;0.0;26.95025;2022-02-22T01:00:00Z
0.0495815276426165;0.0048982244855521;0.0025489239793021;0.0;27.8834;2022-02-22T02:00:00Z
0.0532322036146137;0.0054752888243917;0.0028300318632169;0.0;32.90005;2022-02-22T03:00:00Z
0.0560049403963618;0.0058314951454076;0.0030082273109069;0.0;40.25;2022-02-22T04:00:00Z
0.0577375799159016;0.0060130802218814;0.003072708311436;0.0;41.183433333333326;2022-02-22T05:00:00Z
0.0583280566060539;0.0062243642221322;0.0031213417487465;0.0;25.9004;2022-02-22T06:00:00Z
0.0577203593872457;0.0062120481456895;0.0030807727889828;20.119;3.96685;2022-02-22T07:00:00Z
0.0559786759456815;0.006145175229538;0.0029695245238509;5.119;34.667683333333336;2022-02-22T08:00:00Z
0.053212811982337;0.005595846390204;0.0027911791739117;0.1199999999999999;64.83385;2022-02-22T09:00:00Z
0.0495990205324199;0.0049313910179798;0.0025815662468262;0.0;56.834149999999994;2022-02-22T10:00:00Z
0.0453575704442812;0.004417918455691;0.0023056820296994;0.0;70.0;2022-02-22T11:00:00Z
0.040851714280445;0.0037108525842326;0.0020197159795881;0.0;69.00071666666666;2022-02-22T12:00:00Z
0.0363084139862998;0.0030742810510409;0.0017597958814379;0.0;45.00141666666666;2022-02-22T13:00:00Z
0.0320714519453031;0.0026111653042511;0.0014883050513965;0.0;141.33445;2022-02-22T14:00:00Z
0.0284649351237543;0.0020269735716778;0.001241130873784;0.0;50.00133333333333;2022-02-22T15:00:00Z
0.0256814291838525;0.0014709150973603;0.0010979132366459;0.0;655.0006500000001;2022-02-22T16:00:00Z
0.0239460048303098;0.0011586412252909;0.000978587653006;0.0;332.5008;2022-02-22T17:00:00Z
0.023327479414674;0.0012323212404226;0.0009264757660561;0.0;42.734116666666665;2022-02-22T18:00:00Z
0.023932951109517;0.0011353116058032;0.000978700747268;0.0;84.53354999999999;2022-02-22T19:00:00Z
0.0256735686485497;0.0015805972421204;0.0010814005238352;0.0;91.46671666666668;2022-02-22T20:00:00Z
0.0284560716554712;0.0020928151138783;0.0012199079627168;0.0;78.48359999999998;2022-02-22T21:00:00Z
0.0321009401484133;0.0025168151982021;0.0014950714308515;0.0;56.75215;2022-02-22T22:00:00Z
0.0363018318835429;0.0030675282594112;0.001741725842787;0.0;52.60166666666667;2022-02-22T23:00:00Z
0.0408353607455122;0.0036408670239345;0.002012493800527;0.0;20.65055;2022-02-23T00:00:00Z
0.0453620085881927;0.0044162807637148;0.0023094721973413;0.0;37.216716666666656;2022-02-23T01:00:00Z
0.0496006311633285;0.0049815258221034;0.0026069086251212;0.0;34.06668333333333;2022-02-23T02:00:00Z
0.053212628351495;0.0055877521227614;0.002796932098359;0.0;33.60008333333333;2022-02-23T03:00:00Z
0.0559720991902888;0.0060181218456142;0.0029738423845497;0.0;41.18333333333334;2022-02-23T04:00:00Z
0.0577408857325558;0.0061957962454436;0.003120797444648;0.0;42.0;2022-02-23T05:00:00Z
0.0583261751785083;0.0060970919000249;0.0031395416215444;0.0;28.116766666666663;2022-02-23T06:00:00Z
0.057728681356059;0.006088300437592;0.0030526303573097;20.119;4.567466666666667;2022-02-23T07:00:00Z
0.0559963563390118;0.0058940608495849;0.0029656054463199;0.1199999999999999;36.00064999999999;2022-02-23T08:00:00Z
0.0532168312852666;0.0054910332090725;0.0028048022549516;5.119;0.002;2022-02-23T09:00:00Z
0.0495869771125022;0.0048337297360944;0.0025876540904074;0.0;3.83495;2022-02-23T10:00:00Z
0.045362450608507;0.0043455999457002;0.0022780605478779;0.0;59.16691666666667;2022-02-23T11:00:00Z
0.0408449396400937;0.003679171798212;0.002046224387339;0.0;503.3338333333333;2022-02-23T12:00:00Z
0.0363167401494939;0.0029950386076077;0.0017294218679794;0.0;195.6683;2022-02-23T13:00:00Z
0.0320832067652043;0.002451408892142;0.0014564835695195;0.0;370.0007;2022-02-23T14:00:00Z
0.0284721957191124;0.0020077286611478;0.0012837386038238;0.0;70.001;2022-02-23T15:00:00Z
0.0256817612929678;0.0016139972595959;0.0010521762898832;0.0;303.33410000000003;2022-02-23T16:00:00Z
0.0239317299332899;0.0013509442424514;0.0009547791586589;0.0;92.2671833333333;2022-02-23T17:00:00Z
0.0233266361207552;0.0012359890017081;0.0009498183016584;0.0;90.53358333333331;2022-02-23T18:00:00Z
0.0239224788772348;0.0014413544415653;0.0009956562582335;0.0;90.98345;2022-02-23T19:00:00Z
0.0256715676975071;0.001722701511035;0.0010903595177679;0.0;90.55016666666667;2022-02-23T20:00:00Z
0.0284608760129836;0.0021028872580592;0.0012665443755613;0.0;81.58386666666665;2022-02-23T21:00:00Z
0.0320991460548321;0.0024441131108502;0.0014982732600489;0.0;78.63469999999998;2022-02-23T22:00:00Z
0.0363137841910086;0.003121671978226;0.0017482107785505;0.0;70.86851666666668;2022-02-23T23:00:00Z
0.0408277751088933;0.0038610616345487;0.0020549178336793;0.0;29.750333333333334;2022-02-24T00:00:00Z
0.045369744456904;0.0043672509657535;0.0022866173759944;0.0;29.4004;2022-02-24T01:00:00Z
0.0495585637015911;0.0049870046583996;0.0025424547919495;0.0;33.4834;2022-02-24T02:00:00Z
0.0532078419290325;0.0055143210251778;0.002800621209808;0.0;32.550033333333324;2022-02-24T03:00:00Z
0.0559792568031104;0.0059311565595106;0.0029573046455913;0.0;34.066916666666664;2022-02-24T04:00:00Z
0.0577407188536542;0.006153815536191;0.0030874515690789;0.0;40.13335;2022-02-24T05:00:00Z
0.058348235597869;0.006318400248583;0.0031363933948338;0.0;17.400399999999998;2022-02-24T06:00:00Z
0.0577430415092997;0.0061659848782042;0.0030889153712602;20.119;5.16765;2022-02-24T07:00:00Z
0.0560016022092823;0.005811583027546;0.0029903551398092;0.1199999999999999;29.66756666666667;2022-02-24T08:00:00Z
0.0532105625243239;0.0056724824600229;0.0027870353102274;5.119;68.0002;2022-02-24T09:00:00Z
0.0495876968482952;0.0049282864481896;0.0026049035419771;0.0;70.0;2022-02-24T10:00:00Z
0.0453587710443324;0.0044097450595713;0.0023228056322171;0.0;64.83445;2022-02-24T11:00:00Z
0.0408284582534742;0.0038764103420487;0.0020769797104307;0.0;60.002;2022-02-24T12:00:00Z
0.0363001966564344;0.0031423651824161;0.0017636848084573;0.0;60.002;2022-02-24T13:00:00Z
0.0320870983506041;0.0025232874327906;0.0014593560411797;0.0;54.1685;2022-02-24T14:00:00Z
0.0284681717344421;0.0020005189221999;0.0012280015235281;0.0;37.501916666666666;2022-02-24T15:00:00Z
0.0256904145216359;0.0016008864500639;0.0010772766550379;0.0;177.16775;2022-02-24T16:00:00Z
0.0239197401335577;0.0013771510827501;0.0009509613053589;0.0;343.45073333333335;2022-02-24T17:00:00Z
0.0233466062440358;0.0012240865381013;0.0009209114883738;0.0;69.06708333333333;2022-02-24T18:00:00Z
0.0239233486995141;0.001114813799396;0.0009914875836811;0.0;82.55055;2022-02-24T19:00:00Z
0.0256694254662575;0.001693746443162;0.001051672979794;0.0;61.883816666666654;2022-02-24T20:00:00Z
0.0284630697618433;0.001869500477957;0.0012172078784625;0.0;57.35061666666667;2022-02-24T21:00:00Z
0.0320842723189196;0.0025004008199385;0.0014850538517347;0.0;72.83483333333332;2022-02-24T22:00:00Z
0.036294848868511;0.0029630267776551;0.0017612630458793;0.0;594.8683833333333;2022-02-24T23:00:00Z
0.0408416579150309;0.0035357817839871;0.0020231612380219;0.0;0.0;2022-02-25T00:00:00Z
0.0453628312378494;0.0045097813322333;0.0023371187414474;0.0;0.0;2022-02-25T01:00:00Z
0.0495807608586046;0.0050149356105179;0.0025594712425546;0.0;0.0;2022-02-25T02:00:00Z
0.0532049910730624;0.0054240803960279;0.0028062547485087;0.0;0.0;2022-02-25T03:00:00Z
0.0559872011026551;0.0058576660750458;0.0029549526530508;0.0;0.0;2022-02-25T04:00:00Z
0.0577428390717559;0.006166220045983;0.0031037110630087;0.0;0.0;2022-02-25T05:00:00Z
0.0583285431924114;0.0064015602559233;0.0031230527387691;0.0;0.0;2022-02-25T06:00:00Z
0.0577296377688642;0.0060980379925881;0.0031056943431168;0.1199999999999999;0.0;2022-02-25T07:00:00Z
0.0559738368961852;0.0059422969164935;0.0030009738134311;5.119;0.0;2022-02-25T08:00:00Z
0.0532149565280669;0.0056346502177774;0.002772117484236;20.119;0.0;2022-02-25T09:00:00Z
0.0495738060025349;0.0050417816074819;0.0025783311287625;0.0;0.0;2022-02-25T10:00:00Z
0.0453725152254641;0.0043244937891786;0.0023219299334049;0.0;0.0;2022-02-25T11:00:00Z
0.040839318451757;0.0037372800324654;0.002006222104981;0.0;0.0;2022-02-25T12:00:00Z
0.0363025696691178;0.0031294029588488;0.0017596495014482;0.0;0.0;2022-02-25T13:00:00Z
0.0320952982174101;0.0024975146868848;0.0015044858968443;0.0;0.0;2022-02-25T14:00:00Z
0.028470550021888;0.0020433334687657;0.001270019022321;0.0;0.0;2022-02-25T15:00:00Z
0.0256656831202817;0.0018112809604415;0.0010990976468531;0.0;0.0;2022-02-25T16:00:00Z
0.02391014904558;0.0012177867368449;0.0009814864120751;0.0;0.0;2022-02-25T17:00:00Z
0.0233353630296223;0.0012058468218334;0.0009471912444409;0.0;0.0;2022-02-25T18:00:00Z
0.023923819120559;0.0012622910729425;0.0009880717744555;0.0;0.0;2022-02-25T19:00:00Z
0.0256738764066242;0.0016586600106667;0.0010801976905989;0.0;0.0;2022-02-25T20:00:00Z
0.0284719199010683;0.0020201863255083;0.00123514586786;0.0;0.0;2022-02-25T21:00:00Z
0.0320958965236223;0.0024813299099664;0.0014621993894784;0.0;0.0;2022-02-25T22:00:00Z
0.036303961577743;0.0029669029670369;0.0017584655291254;0.0;0.0;2022-02-25T23:00:00Z
0.0408191779697765;0.0036345431328719;0.0020608399645516;0.0;27.53375;2022-02-26T00:00:00Z
0.0453638848581996;0.0043131251396392;0.0023211521314731;0.0;27.533616666666667;2022-02-26T01:00:00Z
0.0495887359325237;0.005238536039367;0.0025535524511547;0.0;31.50018333333333;2022-02-26T02:00:00Z
0.0532137032781276;0.0056417426135029;0.0028454607913319;0.0;41.88335;2022-02-26T03:00:00Z
0.0559944674958727;0.0061475307181143;0.0029673554062337;0.0;41.88335;2022-02-26T04:00:00Z
0.0577351589363968;0.0062643925239221;0.0030550939894737;0.0;40.25018333333334;2022-02-26T05:00:00Z
0.0583248443167057;0.0062148945295048;0.0031074206131737;0.0;22.667433333333328;2022-02-26T06:00:00Z
0.0577324830498157;0.0062157748770002;0.0030894424630651;0.1199999999999999;12.333333333333332;2022-02-26T07:00:00Z
0.0559968287638691;0.0059315999292969;0.002978715693565;20.119;35.0001;2022-02-26T08:00:00Z
0.0532033178566163;0.0055439457470469;0.0027946388503666;5.119;66.00006666666667;2022-02-26T09:00:00Z
0.0495862164546139;0.0049977967703578;0.0026276161791478;0.0;70.0;2022-02-26T10:00:00Z
0.0453794058919809;0.0044424563277888;0.0023270304753444;0.0;65.66686666666665;2022-02-26T11:00:00Z
0.0408197218782826;0.003960036025067;0.0020427959350642;0.0;221.6683333333333;2022-02-26T12:00:00Z
0.0362928379567873;0.0031645545937079;0.0017688729455745;0.0;58.00186666666666;2022-02-26T13:00:00Z
0.0320790255922646;0.0025574021946476;0.0015096095540034;0.0;69.16775;2022-02-26T14:00:00Z
0.028467868471363;0.0019705883931336;0.0012841305201615;0.0;136.6676;2022-02-26T15:00:00Z
0.0256709719638191;0.0017887660118045;0.0010846729252898;0.0;219.00086666666664;2022-02-26T16:00:00Z
0.0239398303345674;0.0013788937111137;0.0009836875733937;0.0;75.21779999999998;2022-02-26T17:00:00Z
0.0233333679979527;0.0013459021886961;0.000971557013;0.0;88.43375;2022-02-26T18:00:00Z
0.0239261896995397;0.0012361218540613;0.0009819313573882;0.0;90.88346666666665;2022-02-26T19:00:00Z
0.0256762567455408;0.0014537501693059;0.0010779881478994;0.0;87.00018333333331;2022-02-26T20:00:00Z
0.0284458613085978;0.0019702509801168;0.0012139733901896;0.0;94.00026666666666;2022-02-26T21:00:00Z
0.0320859889689938;0.0024103040193792;0.0014894796386362;0.0;425.7178;2022-02-26T22:00:00Z
0.0363149377285175;0.0032573624533397;0.0017355206042399;0.0;322.1177;2022-02-26T23:00:00Z
0.0408268966789921;0.0039174825225841;0.002086479061404;0.0;31.033716666666663;2022-02-27T00:00:00Z
0.0453491117176423;0.0043805129740769;0.0023174415778081;0.0;35.0;2022-02-27T01:00:00Z
0.0495904028205076;0.0049605414651153;0.0025757147597099;0.0;29.050033333333328;2022-02-27T02:00:00Z
0.0532230783980326;0.0054359367370564;0.002802448003594;0.0;30.21685;2022-02-27T03:00:00Z
0.0560008197490029;0.0059327979611831;0.0029928967800581;0.0;36.63341666666666;2022-02-27T04:00:00Z
0.0577290850207976;0.0061472961061574;0.0030574898250785;0.0;32.31678333333333;2022-02-27T05:00:00Z
0.0583212156519137;0.0061956508754934;0.0031220053961136;0.0;64.81726666666667;2022-02-27T06:00:00Z
0.0577472484998413;0.0061774312315559;0.0030887270122197;0.1199999999999999;73.30023333333334;2022-02-27T07:00:00Z
0.0559718415067524;0.0059518310646548;0.0030096416541106;0.1199999999999999;56.8339;2022-02-27T08:00:00Z
0.0531952813521784;0.005438770172317;0.0027839943969348;25.118;32.834050000000005;2022-02-27T09:00:00Z
0.0496042211675701;0.005142021681624;0.0025847193897799;0.0;65.6671;2022-02-27T10:00:00Z
0.0453456616604898;0.0044936027482074;0.0022981524534093;0.0;67.33416666666666;2022-02-27T11:00:00Z
0.0408372442971157;0.0038434556123191;0.0020240056294806;0.0;133.0013;2022-02-27T12:00:00Z
0.0363094114734351;0.0030885390110596;0.001743661022606;0.0;119.66765;2022-02-27T13:00:00Z
0.0320989927894888;0.0025249799636504;0.0014697098236338;0.0;65.00108333333334;2022-02-27T14:00:00Z
0.0284463410778232;0.0018934157158644;0.001270452324286;0.0;226.66766666666663;2022-02-27T15:00:00Z
0.025665799776518;0.0014752949718887;0.0011013915721382;0.0;539.50185;2022-02-27T16:00:00Z
0.0239335486948284;0.0012981194601572;0.0009680503478617;0.0;196.719;2022-02-27T17:00:00Z
0.0233405683285769;0.0013888729751891;0.0009377902256148;0.0;82.0505;2022-02-27T18:00:00Z
0.0239433630622927;0.0012949148338044;0.0009607299121347;0.0;80.55034999999998;2022-02-27T19:00:00Z
0.0256740514290088;0.0016302100784245;0.0011027343634992;0.0;83.7667;2022-02-27T20:00:00Z
0.0284629635359174;0.0017732593041278;0.0012325658784298;0.0;44.2345;2022-02-27T21:00:00Z
0.0320958046387221;0.0023666997323924;0.0014955078635326;0.0;16.186116666666667;2022-02-27T22:00:00Z
0.0363101683010853;0.0032201901021087;0.0017409945729886;0.0;24.485333333333333;2022-02-27T23:00:00Z
0.0408417119476976;0.00374087381348;0.0020486013636487;0.0;26.716766666666665;2022-02-28T00:00:00Z
0.0453602087371664;0.0042800451012983;0.0022955627401957;0.0;38.616716666666655;2022-02-28T01:00:00Z
0.0495875958265316;0.0050800679538646;0.0025558453129918;0.0;35.233333333333334;2022-02-28T02:00:00Z
0.0532208388180608;0.0055564404110189;0.0027751900915918;0.0;34.3001;2022-02-28T03:00:00Z
0.0559842327077941;0.0060076105179492;0.0029695114370698;0.0;34.5334;2022-02-28T04:00:00Z
0.0577318084105063;0.0062130270404296;0.0030765069234184;0.0;34.7667;2022-02-28T05:00:00Z
0.0583240179641835;0.0062564806952555;0.0031021491469047;0.0;25.78343333333333;2022-02-28T06:00:00Z
0.0577404154217374;0.0061554362910626;0.0030973911653069;0.1199999999999999;0.8178166666666666;2022-02-28T07:00:00Z
0.0559978217881913;0.0059839058833422;0.0029972808803354;0.1199999999999999;38.16721666666666;2022-02-28T08:00:00Z
0.0532070885879503;0.0054991042350628;0.0028432625786373;25.118;23.000866666666667;2022-02-28T09:00:00Z
0.0495808895602488;0.0049395646590219;0.0025633527875232;0.0;41.000483333333335;2022-02-28T10:00:00Z
0.0453683245802284;0.004350981457904;0.0023145216968452;0.0;70.00005;2022-02-28T11:00:00Z
0.0408305536715709;0.003817740478136;0.0020073398267519;0.0;70.001;2022-02-28T12:00:00Z
0.0362990286896318;0.0032111530630502;0.0017654652235293;0.0;336.6674;2022-02-28T13:00:00Z
0.0320879318566183;0.0025528553184679;0.0014943272113432;0.0;44.00143333333333;2022-02-28T14:00:00Z
0.0284400914719516;0.0019404527524461;0.0012216992409869;0.0;54.001266666666666;2022-02-28T15:00:00Z
0.0256772109408924;0.0016060127207941;0.0010521457315388;0.0;68.83445;2022-02-28T16:00:00Z
0.0239099364526529;0.0013108371990425;0.0009973786813235;0.0;73.35133333333333;2022-02-28T17:00:00Z
0.0233388398783378;0.0013019074147555;0.0009369514132925;0.0;79.90058333333334;2022-02-28T18:00:00Z
0.0239254228537058;0.0014408569629137;0.0009873413444972;0.0;87.03343333333333;2022-02-28T19:00:00Z
0.0256772194440617;0.0017390242518603;0.0010647903079685;0.0;89.13353333333333;2022-02-28T20:00:00Z
0.0284807019689353;0.0020460117526526;0.0012679158351896;0.0;57.48451666666666;2022-02-28T21:00:00Z
0.0320809335068306;0.0026382395861812;0.001482389050203;0.0;17.319683333333334;2022-02-28T22:00:00Z
0.0363112652520612;0.0030318943934604;0.0017736053915978;0.0;764.0850166666665;2022-02-28T23:00:00Z
0.0408392358264127;0.0037992928676185;0.0020530196244485;0.0;30.217133333333337;2022-03-01T00:00:00Z
0.045358883118567;0.0043680860336802;0.002327748879833;0.0;38.96671666666667;2022-03-01T01:00:00Z
0.049581753349112;0.0049004210471747;0.0025828674325249;0.0;34.0668;2022-03-01T02:00:00Z
0.0532144733048485;0.0055513656918829;0.0027892678052618;0.0;34.5334;2022-03-01T03:00:00Z
0.0559863438108076;0.0060796347855684;0.0029610855780514;0.0;37.566766666666666;2022-03-01T04:00:00Z
0.057726692596828;0.0060338471556989;0.0030870945274724;0.0;64.11718333333333;2022-03-01T05:00:00Z
0.058331821914789;0.006113658575628;0.0031637917241605;0.0;90.21688333333334;2022-03-01T06:00:00Z
0.0577244331199577;0.0062764317439742;0.0031186499666883;20.119;66.26701666666665;2022-03-01T07:00:00Z
0.0559781394867999;0.005960206551574;0.0029922122795945;5.119;57.50025;2022-03-01T08:00:00Z
0.0532046485600197;0.0055236201065564;0.0028006764553032;0.1199999999999999;6.668;2022-03-01T09:00:00Z
0.0495831521402969;0.0049812553083865;0.0025811165776218;0.0;10.001083333333332;2022-03-01T10:00:00Z
0.0453652310325165;0.004455936001108;0.0023044049155279;0.0;19.001183333333334;2022-03-01T11:00:00Z
0.0408463376472495;0.0038810055381822;0.0020298062830102;0.0;45.66835;2022-03-01T12:00:00Z
0.0363069454246982;0.0032767701963248;0.0017246860645196;0.0;32.00163333333333;2022-03-01T13:00:00Z
0.0320699114090612;0.002355883754175;0.0014759305414531;0.0;91.3345;2022-03-01T14:00:00Z
0.0284705628982713;0.0020337249782294;0.0012484745873031;0.0;680.1678499999999;2022-03-01T15:00:00Z
0.0256763944917584;0.0014959594702017;0.0010844864893019;0.0;58.168016666666674;2022-03-01T16:00:00Z
0.0239096544484782;0.0014850898955826;0.0010082304595663;0.0;31.45118333333333;2022-03-01T17:00:00Z
0.0233173315968575;0.0011689345545904;0.0009496388956591;0.0;29.6179;2022-03-01T18:00:00Z
0.0239404192207068;0.0012816035931799;0.0009411826633298;0.0;76.18383333333334;2022-03-01T19:00:00Z
0.0256730792241478;0.0015442501276249;0.0010981988674428;0.0;88.63344999999998;2022-03-01T20:00:00Z
0.028446634424548;0.0019481771038222;0.0012699305297429;0.0;89.60044999999998;2022-03-01T21:00:00Z
0.0320723587860463;0.0025021360792127;0.0014739787411819;0.0;427.43475;2022-03-01T22:00:00Z
0.0362941955263582;0.0030136944813032;0.0017668245046261;0.0;63.051750000000006;2022-03-01T23:00:00Z
0.0408437990519745;0.0036453410488961;0.0020288231465932;0.0;19.7168;2022-03-02T00:00:00Z
0.0453755013332439;0.0045041908666651;0.002336457518772;0.0;34.76675;2022-03-02T01:00:00Z
0.0495754866407192;0.0049342826476926;0.0025740101045727;0.0;36.40006666666667;2022-03-02T02:00:00Z
0.0532129009388293;0.0056101866094999;0.0028455664673559;0.0;37.68358333333333;2022-03-02T03:00:00Z
0.0559748063965388;0.005923886462346;0.0029847412369688;0.0;28.58333333333333;2022-03-02T04:00:00Z
0.05774927867878;0.0062099803822698;0.0030978799101026;0.0;30.216833333333334;2022-03-02T05:00:00Z
0.0583285157718424;0.0062826405987372;0.0031205527023783;0.0;35.9673;2022-03-02T06:00:00Z
0.0577232649128122;0.0060692678413987;0.0030913046623685;25.118;79.5335;2022-03-02T07:00:00Z
0.0559854467237115;0.0058573374866544;0.0029545971569554;0.1199999999999999;15.167983333333332;2022-03-02T08:00:00Z
0.0532102829235667;0.0056342446894997;0.002833782973717;0.1199999999999999;23.167933333333327;2022-03-02T09:00:00Z
0.0495883206897197;0.0048485440777453;0.0025693585455865;0.0;24.50105;2022-03-02T10:00:00Z
0.0453626968138611;0.0043763421616136;0.0023139365075881;0.0;76.66718333333334;2022-03-02T11:00:00Z
0.0408271023271821;0.0037778265184045;0.0019979813825487;0.0;70.001;2022-03-02T12:00:00Z
0.0363027958097069;0.0030832035343309;0.00176752970571;0.0;70.001;2022-03-02T13:00:00Z
0.0320775665106677;0.0024526887237612;0.0015162386026613;0.0;70.001;2022-03-02T14:00:00Z
0.0284689969483342;0.0019329017104;0.0012839192694091;0.0;62.50175;2022-03-02T15:00:00Z
0.0256843233580194;0.0014773422472093;0.0010657719698939;0.0;730.1676499999999;2022-03-02T16:00:00Z
0.023922032121998;0.0011769175735406;0.0010243828281695;0.0;86.16883333333334;2022-03-02T17:00:00Z
0.0233268528406503;0.0012292162749479;0.0009348191801739;0.0;82.13361666666665;2022-03-02T18:00:00Z
0.0239317873523765;0.0012131736338963;0.0009798945971626;0.0;84.93333333333332;2022-03-02T19:00:00Z
0.0256716142646587;0.0014706212008866;0.0010855064284044;0.0;86.48421666666665;2022-03-02T20:00:00Z
0.0284667178068844;0.002013345988769;0.0012242072702549;0.0;95.16706666666668;2022-03-02T21:00:00Z
0.032092321209016;0.0025212210618065;0.0014851463326671;0.0;83.65141666666666;2022-03-02T22:00:00Z
0.0363002431234026;0.0029924403493851;0.0017449982436119;0.0;14.885066666666663;2022-03-02T23:00:00Z
0.0408359186007645;0.0037592470259295;0.0020464609514829;0.0;29.050416666666663;2022-03-03T00:00:00Z
0.0453717422849193;0.0045616105131282;0.0023174901159478;0.0;34.76681666666667;2022-03-03T01:00:00Z
0.0495782864250421;0.004989642025147;0.0026008332584727;0.0;33.250299999999996;2022-03-03T02:00:00Z
0.0532068841393838;0.0053847116559769;0.002743706924092;0.0;33.6002;2022-03-03T03:00:00Z
0.0559963962850023;0.0059162650187213;0.0029880595948693;0.0;30.33343333333333;2022-03-03T04:00:00Z
0.0577377504662156;0.0061495538109853;0.0031211410175431;0.0;30.333916666666667;2022-03-03T05:00:00Z
0.0583124161856399;0.0061985034842753;0.0031217212730994;0.0;29.16788333333333;2022-03-03T06:00:00Z
0.057745086126478;0.006213250379479;0.0030661907945625;20.119;45.700733333333325;2022-03-03T07:00:00Z
0.0559928568338309;0.0059518624535319;0.0029480370505239;5.119;4.16805;2022-03-03T08:00:00Z
0.0532074972145058;0.0055650945281193;0.0027829449122258;0.1199999999999999;24.1675;2022-03-03T09:00:00Z
0.0495784044895183;0.0050316034977077;0.0025663241994163;0.0;68.0002;2022-03-03T10:00:00Z
0.0453679882878604;0.0044496147311085;0.0023407972936616;0.0;69.50046666666667;2022-03-03T11:00:00Z
0.0408350421475499;0.0036983211328465;0.0020672780587675;0.0;31.00165;2022-03-03T12:00:00Z
0.0362987213250763;0.0030898105526567;0.0017445502001517;0.0;46.0014;2022-03-03T13:00:00Z
0.0320756413763339;0.0025310963903948;0.0015022362037091;0.0;65.50145;2022-03-03T14:00:00Z
0.0284594921494412;0.0020334805955272;0.0012513797730673;0.0;70.001;2022-03-03T15:00:00Z
0.0256808868985809;0.0015684030482967;0.0010962843624992;0.0;536.0006;2022-03-03T16:00:00Z
0.0239326830936709;0.0014208495107809;0.000976871203668;0.0;320.00075000000004;2022-03-03T17:00:00Z
0.0233435846341819;0.0013140253353692;0.000916186523448;0.0;91.83401666666668;2022-03-03T18:00:00Z
0.0239301920892501;0.0013000150195556;0.0009802282508587;0.0;89.3335;2022-03-03T19:00:00Z
0.0256755978650013;0.0016224517655308;0.0010637362246694;0.0;91.83395;2022-03-03T20:00:00Z
0.0284762665920965;0.0020657039267182;0.001243366733789;0.0;88.06735;2022-03-03T21:00:00Z
0.0320913771368589;0.0024165633939871;0.0014586234942989;0.0;57.0018;2022-03-03T22:00:00Z
0.0363110652792995;0.0032218882103523;0.0017612647568605;0.0;227.05181666666664;2022-03-03T23:00:00Z
0.0408437540509234;0.0037778873045442;0.0020525141435855;0.0;0.0;2022-03-04T00:00:00Z
0.0453402639791214;0.0042900847897426;0.0023249140967425;0.0;0.0;2022-03-04T01:00:00Z
0.0495929316356913;0.0047879720189045;0.0025856525897391;0.0;0.0;2022-03-04T02:00:00Z
0.0531944344539336;0.005543685843445;0.0027936731955513;0.0;0.0;2022-03-04T03:00:00Z
0.0559912551354001;0.0060217215840329;0.0030025729838716;0.0;0.0;2022-03-04T04:00:00Z
0.0577308331965445;0.0061821158905246;0.0030679001934113;0.0;0.0;2022-03-04T05:00:00Z
0.0583357834332335;0.0061444629330535;0.0031406156340467;0.0;0.0;2022-03-04T06:00:00Z
0.0577352881074395;0.0061985076021114;0.0031031529416564;0.1199999999999999;0.0;2022-03-04T07:00:00Z
0.0559686339267759;0.0058588698977402;0.0029325542623515;20.119;0.0;2022-03-04T08:00:00Z
0.0531974371780671;0.005332311700762;0.0028018888926282;5.119;0.0;2022-03-04T09:00:00Z
0.0495537973809833;0.0048435989101681;0.002575559021746;0.0;0.0;2022-03-04T10:00:00Z
0.0453589176918407;0.004372381752437;0.0023180049445688;0.0;0.0;2022-03-04T11:00:00Z
0.0408180343893665;0.0038336561521083;0.0020446051049283;0.0;0.0;2022-03-04T12:00:00Z
0.0363048059517118;0.003134860662962;0.0017673030777493;0.0;0.0;2022-03-04T13:00:00Z
0.0320805703177289;0.0024872951378037;0.001474955906737;0.0;0.0;2022-03-04T14:00:00Z
0.0284659798258285;0.0018736517974394;0.0012243896025708;0.0;0.0;2022-03-04T15:00:00Z
0.0256663374652663;0.0017188362447055;0.0011107207856842;0.0;0.0;2022-03-04T16:00:00Z
0.0239220726371428;0.0013456127780266;0.0009462586326162;0.0;0.0;2022-03-04T17:00:00Z
0.0233477579446271;0.0012048260656537;0.0009663719391248;0.0;0.0;2022-03-04T18:00:00Z
0.0239228076800367;0.0012982601808244;0.0009561114285994;0.0;0.0;2022-03-04T19:00:00Z
0.02566775193461;0.0015705982611903;0.0010584571173532;0.0;0.0;2022-03-04T20:00:00Z
0.0284654525138521;0.001971425371945;0.001286892235494;0.0;0.0;2022-03-04T21:00:00Z
0.0320762958323097;0.0024302522314829;0.0014752364697225;0.0;0.0;2022-03-04T22:00:00Z
0.0363050219898552;0.0031084461749285;0.0017612109724352;0.0;0.0;2022-03-04T23:00:00Z
0.0408176442113692;0.0037859555084546;0.0020579208665797;0.0;26.600166666666663;2022-03-05T00:00:00Z
0.0453448018260422;0.0044721831019865;0.0023134610623223;0.0;31.266766666666665;2022-03-05T01:00:00Z
0.0495851908215246;0.0050341762132033;0.002587252682763;0.0;33.83351666666667;2022-03-05T02:00:00Z
0.0532143632119252;0.0055392255369455;0.002796285202964;0.0;28.3502;2022-03-05T03:00:00Z
0.0559899551432314;0.0060132421874364;0.0029574418663421;0.0;30.683333333333334;2022-03-05T04:00:00Z
0.0577362807363408;0.0060951038419835;0.0031194045249274;0.0;27.88405;2022-03-05T05:00:00Z
0.0583145037627131;0.0062365634762486;0.0031248882227308;0.0;49.36751666666667;2022-03-05T06:00:00Z
0.057716559106799;0.0060783581503046;0.0030967475070698;20.119;64.55006666666667;2022-03-05T07:00:00Z
0.0559895152432756;0.0059748262851342;0.0029796824006897;5.119;67.66675;2022-03-05T08:00:00Z
0.0532084072710008;0.0054759320656371;0.002798131338596;0.1199999999999999;70.0;2022-03-05T09:00:00Z
0.0495815963681545;0.0048496744173994;0.0025748961587498;0.0;51.167133333333325;2022-03-05T10:00:00Z
0.0453833894252969;0.0044171501678865;0.0023328381146395;0.0;7.668466666666667;2022-03-05T11:00:00Z
0.0408257809397452;0.0036286322150191;0.0020342550963278;0.0;9.835349999999998;2022-03-05T12:00:00Z
0.0363029715014826;0.0029979947993391;0.0017822176571924;0.0;570.33435;2022-03-05T13:00:00Z
0.0320952213881365;0.0026730475948287;0.0014694131161468;0.0;283.50085;2022-03-05T14:00:00Z
0.0284604927479427;0.0018468252325647;0.0012950943817632;0.0;39.66843333333333;2022-03-05T15:00:00Z
0.0256894724469329;0.0013997750571586;0.0010731573641546;0.0;31.00165;2022-03-05T16:00:00Z
0.0239250989945632;0.0012437131349242;0.0009529024286416;0.0;70.53435;2022-03-05T17:00:00Z
0.0233515638587461;0.0012910299212611;0.0009334785842738;0.0;85.73354999999998;2022-03-05T18:00:00Z
0.0239061833621398;0.0013913437535429;0.0009944542754172;0.0;51.76735;2022-03-05T19:00:00Z
0.0256718752531209;0.0016749478999143;0.001096218176298;0.0;56.95085;2022-03-05T20:00:00Z
0.0284592992197555;0.002018650755637;0.0012371391688191;0.0;89.35043333333331;2022-03-05T21:00:00Z
0.0321015494309427;0.0025993809758697;0.001514420293762;0.0;48.9351;2022-03-05T22:00:00Z
0.0363314389808521;0.0032353144259779;0.0017491151876216;0.0;139.3184;2022-03-05T23:00:00Z
0.0408419990158304;0.0038308568025938;0.0020464364551055;0.0;22.166766666666668;2022-03-06T00:00:00Z
0.045359505710979;0.0044865329888008;0.0023342463582059;0.0;40.48338333333333;2022-03-06T01:00:00Z
0.0495826679731458;0.0049927399359538;0.002556859220275;0.0;41.41675;2022-03-06T02:00:00Z
0.0531993784228258;0.0053216602708391;0.0028136674622154;0.0;42.0;2022-03-06T03:00:00Z
0.0559951143434078;0.0059251722232432;0.0029609345548662;0.0;38.38338333333333;2022-03-06T04:00:00Z
0.0577288051057667;0.0061836909713361;0.0030728062122306;0.0;36.28346666666666;2022-03-06T05:00:00Z
0.0583210722110628;0.0060828512931664;0.0031269948094559;0.0;17.13385;2022-03-06T06:00:00Z
0.0577517442114928;0.0063265108971182;0.0030855481347952;0.1199999999999999;17.000883333333334;2022-03-06T07:00:00Z
0.055993724736168;0.0060305589315281;0.0029731031183076;25.118;67.00005;2022-03-06T08:00:00Z
0.05319787061236;0.0056056980156725;0.0028222309237907;0.1199999999999999;70.0;2022-03-06T09:00:00Z
0.0495860706941481;0.0051039647434753;0.0025963081759865;0.0;48.00036666666666;2022-03-06T10:00:00Z
0.0453386941559363;0.0044241753549939;0.0023290352361022;0.0;38.00053333333334;2022-03-06T11:00:00Z
0.0408313243516628;0.0035969519688408;0.0020286919641264;0.0;46.0012;2022-03-06T12:00:00Z
0.0363125978383536;0.0032311436903464;0.001761507303972;0.0;70.001;2022-03-06T13:00:00Z
0.0320864257919598;0.0024120897294899;0.0014824160315897;0.0;62.6684;2022-03-06T14:00:00Z
0.0284572843210144;0.0020361074413074;0.0012645517316066;0.0;226.6685;2022-03-06T15:00:00Z
0.0256734683567508;0.0014006502131635;0.0010708527172389;0.0;174.33445;2022-03-06T16:00:00Z
0.0239323635722869;0.001424088578179;0.0009673005238525;0.0;73.03396666666667;2022-03-06T17:00:00Z
0.0233264782112177;0.0013450226274085;0.0009123969387485;0.0;71.53398333333334;2022-03-06T18:00:00Z
0.0239509888297507;0.0012511904325347;0.0010183340505596;0.0;32.13515;2022-03-06T19:00:00Z
0.025682134865056;0.0017315666211751;0.0010850610899049;0.0;60.001466666666666;2022-03-06T20:00:00Z
0.0284627585176862;0.0021321370492493;0.0012614035880475;0.0;84.00106666666667;2022-03-06T21:00:00Z
0.0320955848844977;0.0025779140820371;0.0014763668569826;0.0;145.66881666666663;2022-03-06T22:00:00Z
0.0363045720259114;0.0031842906735877;0.001750512462479;0.0;628.6847333333334;2022-03-06T23:00:00Z
0.0408167036580611;0.0036074398534922;0.0020265872274358;0.0;20.650166666666667;2022-03-07T00:00:00Z
0.0453497035060337;0.004421838616266;0.0023145508023555;0.0;30.800083333333333;2022-03-07T01:00:00Z
0.0495750784876026;0.0050794315254937;0.0025513698632926;0.0;33.366833333333325;2022-03-07T02:00:00Z
0.0531928563390616;0.0056526189394628;0.0028147278178427;0.0;33.48336666666667;2022-03-07T03:00:00Z
0.0559961736366435;0.0061037884741278;0.0029614800711176;0.0;27.0668;2022-03-07T04:00:00Z
0.0577428514241278;0.0061286974659814;0.0030912431926506;0.0;31.266966666666665;2022-03-07T05:00:00Z
0.0583240141109541;0.0062825880791819;0.0031480516669477;0.0;25.317;2022-03-07T06:00:00Z
0.0577329041513892;0.0059497097304664;0.0031209886979389;5.119;65.50018333333334;2022-03-07T07:00:00Z
0.0559854283529485;0.0059977900566364;0.0029683517268795;0.1199999999999999;69.83335;2022-03-07T08:00:00Z
0.0532040642039743;0.0054044687742197;0.0027902362993763;20.119;68.0002;2022-03-07T09:00:00Z
0.0495985690449906;0.005137385443938;0.0025854409935305;0.0;66.16705;2022-03-07T10:00:00Z
0.0453514988350322;0.0045439183364087;0.0022755499321368;0.0;69.16675000000001;2022-03-07T11:00:00Z
0.0408063409023124;0.0037540095102542;0.002027381918683;0.0;68.16745;2022-03-07T12:00:00Z
0.0363091550238912;0.0034004315721345;0.0017640023160468;0.0;934.50035;2022-03-07T13:00:00Z
0.0321146873485235;0.0023717693275364;0.0014997653764753;0.0;131.33461666666668;2022-03-07T14:00:00Z
0.0284639055447407;0.0020668450210654;0.0012554029554567;0.0;18.502066666666668;2022-03-07T15:00:00Z
0.0256855414850464;0.0015596617688809;0.0010811442542067;0.0;67.83455;2022-03-07T16:00:00Z
0.0239458541061552;0.0012476452353917;0.0009814316631446;0.0;73.26791666666665;2022-03-07T17:00:00Z
0.0233215655169213;0.001064126316701;0.0009034245627944;0.0;45.31831666666666;2022-03-07T18:00:00Z
0.0239155638617754;0.0012558043898767;0.0009889542670901;0.0;59.983916666666666;2022-03-07T19:00:00Z
0.0256616957324811;0.0014851974490715;0.00104184314341;0.0;29.50115;2022-03-07T20:00:00Z
0.0284616211927144;0.0019949222071642;0.0013043583385943;0.0;33.51798333333333;2022-03-07T21:00:00Z
0.0320810692717355;0.0024948974667165;0.0014761610891078;0.0;71.96833333333333;2022-03-07T22:00:00Z
0.036308566233171;0.0033450502186988;0.0017615127768627;0.0;127.68501666666668;2022-03-07T23:00:00Z
0.040824832505881;0.003646609304004;0.0020044825127136;0.0;19.9504;2022-03-08T00:00:00Z
0.0453537082467312;0.0044906487763018;0.0023264483675947;0.0;36.16678333333333;2022-03-08T01:00:00Z
0.0495712265192244;0.0050593691727006;0.0025850407767016;0.0;34.53346666666667;2022-03-08T02:00:00Z
0.0532212109332411;0.0056161609078884;0.0027974277768909;0.0;31.1501;2022-03-08T03:00:00Z
0.055987873919317;0.0059770194882627;0.0029973013631912;0.0;33.950116666666666;2022-03-08T04:00:00Z
0.0577328955550587;0.0062833239207811;0.0030673349062953;0.0;34.53381666666667;2022-03-08T05:00:00Z
0.05832093584898;0.0061838918297063;0.0030879586047412;0.0;21.117183333333333;2022-03-08T06:00:00Z
0.0577424982408432;0.0063059507380735;0.0031196270999434;20.119;19.868283333333327;2022-03-08T07:00:00Z
0.0559786545755084;0.0059697709032058;0.0029657047378447;5.119;60.001;2022-03-08T08:00:00Z
0.0532133086867758;0.0055797626165519;0.0028297169781271;0.1199999999999999;67.6669;2022-03-08T09:00:00Z
0.0496049397291364;0.0049675207385431;0.002549155922197;0.0;70.0;2022-03-08T10:00:00Z
0.0453799736691283;0.0043795694073533;0.0023261305468666;0.0;70.0;2022-03-08T11:00:00Z
0.0408424930032822;0.0036586743447665;0.002041464347958;0.0;31.001283333333333;2022-03-08T12:00:00Z
0.0362946348886518;0.0030374584205469;0.0017786573440651;0.0;360.00165;2022-03-08T13:00:00Z
0.0320649642352376;0.0025337198050952;0.0014690677184375;0.0;260.3348166666667;2022-03-08T14:00:00Z
0.0284739864946286;0.0018886476112697;0.0012757669267459;0.0;170.0009;2022-03-08T15:00:00Z
0.0256846093015521;0.001428023371091;0.0010767815570104;0.0;396.0014;2022-03-08T16:00:00Z
0.0239331715760687;0.0013736009966984;0.00093865153037;0.0;62.00135;2022-03-08T17:00:00Z
0.0233299658934018;0.0012912360174519;0.0008774313941218;0.0;75.75101666666667;2022-03-08T18:00:00Z
0.0239464569692972;0.0011966343820458;0.00095643277342;0.0;79.26698333333334;2022-03-08T19:00:00Z
0.0256918575562705;0.0016530604821848;0.0010966474166352;0.0;39.05076666666666;2022-03-08T20:00:00Z
0.0284538998282304;0.0019153951964643;0.0012366313619947;0.0;83.15063333333333;2022-03-08T21:00:00Z
0.0320935843833413;0.0026255125827822;0.0015030087649588;0.0;49.885866666666665;2022-03-08T22:00:00Z
0.0363044660443936;0.003169959834527;0.0017453756829111;0.0;38.269233333333325;2022-03-08T23:00:00Z
0.0408259109311002;0.0037213934303785;0.0020527225354548;0.0;22.6338;2022-03-09T00:00:00Z
0.045361721688615;0.0044959913828888;0.0023252893555299;0.0;25.08375;2022-03-09T01:00:00Z
0.0495775827379475;0.0050162997037767;0.0025935255824685;0.0;25.4337;2022-03-09T02:00:00Z
0.0532169885573926;0.0055460902258568;0.0027987654611627;0.0;38.38358333333333;2022-03-09T03:00:00Z
0.0559693652899812;0.00577881696706;0.0029863312561251;0.0;46.316733333333325;2022-03-09T04:00:00Z
0.0577460509921595;0.0063003136867899;0.0030821439303497;0.0;43.16731666666666;2022-03-09T05:00:00Z
0.0583402456292367;0.0064139802355643;0.0031194806917698;0.0;27.502166666666664;2022-03-09T06:00:00Z
0.0577209828472951;0.0062958704473967;0.0031042741010982;5.119;73.06686666666667;2022-03-09T07:00:00Z
0.055995465483819;0.0059048984119425;0.0029889811452148;20.119;65.3338;2022-03-09T08:00:00Z
0.0531980586451682;0.0054755341203348;0.0027819096064367;0.1199999999999999;54.5003;2022-03-09T09:00:00Z
0.0495719162905792;0.005185302583655;0.0025808968096965;0.0;9.3344;2022-03-09T10:00:00Z
0.0453622158123749;0.0045087611749716;0.0023025521777661;0.0;10.0014;2022-03-09T11:00:00Z
0.0408413050509474;0.0035240198113672;0.0020795007847535;0.0;30.00166666666667;2022-03-09T12:00:00Z
0.0363140638376476;0.0031432194427104;0.0017583177360679;0.0;199.83455;2022-03-09T13:00:00Z
0.0320816747100963;0.0024123148753213;0.0014781959868326;0.0;66.50135;2022-03-09T14:00:00Z
0.0284611270725516;0.0017545960577561;0.0012638674245886;0.0;66.668;2022-03-09T15:00:00Z
0.0256773284266837;0.0017644427452976;0.0011173954006465;0.0;70.001;2022-03-09T16:00:00Z
0.0239276407861569;0.0013608732633086;0.0009412975824104;0.0;73.3515;2022-03-09T17:00:00Z
0.0233415358152133;0.0013263052905195;0.0009468739930422;0.0;89.50015;2022-03-09T18:00:00Z
0.0239335524143502;0.0013441119825819;0.0009555036658117;0.0;67.1009;2022-03-09T19:00:00Z
0.0256832343442332;0.0015489562560718;0.001098858272319;0.0;24.73498333333333;2022-03-09T20:00:00Z
0.0284527019739877;0.0021223252549743;0.0012701377824554;0.0;25.86803333333333;2022-03-09T21:00:00Z
0.0321003348668955;0.0023034782453279;0.0014947160070155;0.0;809.9349666666667;2022-03-09T22:00:00Z
0.0363089619962061;0.00310678402948;0.0017354199431603;0.0;47.801616666666675;2022-03-09T23:00:00Z
0.0408403370867697;0.0038184599247612;0.0020353785407726;0.0;33.71705;2022-03-10T00:00:00Z
0.0453595688047586;0.0043325589110744;0.0022872140190085;0.0;38.500183333333325;2022-03-10T01:00:00Z
0.0495956594204697;0.0050450250638981;0.0025872521570329;0.0;32.20041666666667;2022-03-10T02:00:00Z
0.05322240646638;0.0055221006556064;0.0027972902781751;0.0;30.800366666666665;2022-03-10T03:00:00Z
0.055970437647952;0.0059444053906125;0.0029623246177757;0.0;37.10018333333333;2022-03-10T04:00:00Z
0.0577336020684438;0.0061578321081247;0.0030659787394963;0.0;29.983633333333326;2022-03-10T05:00:00Z
0.0583423005469544;0.0062382251788332;0.0030769635139193;0.0;34.30101666666667;2022-03-10T06:00:00Z
0.0577372887435406;0.0061979966325244;0.003093303867191;0.1199999999999999;64.31700000000001;2022-03-10T07:00:00Z
0.0559810218557781;0.0059095610835296;0.00297728728412;25.118;10.001;2022-03-10T08:00:00Z
0.0532095303665936;0.0056011104710195;0.0028000663011492;0.1199999999999999;10.001;2022-03-10T09:00:00Z
0.0495935990287319;0.0049855050587145;0.0026071023946635;0.0;44.000433333333326;2022-03-10T10:00:00Z
0.045370855793465;0.0044367398421399;0.0023142165191595;0.0;62.667766666666665;2022-03-10T11:00:00Z
0.0408348524071901;0.0038276764640122;0.0020196106590144;0.0;64.3349;2022-03-10T12:00:00Z
0.0363063249882673;0.0029438536179216;0.0017479981494931;0.0;70.001;2022-03-10T13:00:00Z
0.0320794392380606;0.0025654987980652;0.0014857720045248;0.0;20.00183333333333;2022-03-10T14:00:00Z
0.0284642564485912;0.0019714612325322;0.00129778605526;0.0;31.00165;2022-03-10T15:00:00Z
0.0256756239188206;0.0017137073257186;0.001088738007485;0.0;70.001;2022-03-10T16:00:00Z
0.0239237835946974;0.0013137144112377;0.0009830135218921;0.0;73.26778333333334;2022-03-10T17:00:00Z
0.0233380752090781;0.0011269044351449;0.0009525931658728;0.0;76.56798333333333;2022-03-10T18:00:00Z
0.023933201797024;0.0013250855217748;0.0009939166903133;0.0;84.85079999999998;2022-03-10T19:00:00Z
0.0256886930149086;0.0015475763129269;0.0010790058620617;0.0;94.70035;2022-03-10T20:00:00Z
0.0284491762846763;0.0018538891280493;0.0012425292987501;0.0;85.95096666666667;2022-03-10T21:00:00Z
0.0320983657148021;0.0025221604854905;0.0014702647735427;0.0;486.7354333333333;2022-03-10T22:00:00Z
0.0363159593519207;0.0031170003003314;0.0017430230654994;0.0;584.2842;2022-03-10T23:00:00Z
0.0408120585420002;0.0036225995675436;0.002035428694077;0.0;0.0;2022-03-11T00:00:00Z
0.0453715247800494;0.0044751945613906;0.0023710991853504;0.0;0.0;2022-03-11T01:00:00Z
0.0495862739919189;0.0048981426552044;0.0025600362968234;0.0;0.0;2022-03-11T02:00:00Z
0.0532029890083837;0.005431094877342;0.0027785866182259;0.0;0.0;2022-03-11T03:00:00Z
0.0559780071874031;0.0059577578273192;0.0029848893743567;0.0;0.0;2022-03-11T04:00:00Z
0.0577337182396821;0.0062774608043825;0.0031056613661157;0.0;0.0;2022-03-11T05:00:00Z
0.0583418515067793;0.006136653443698;0.0031200831304529;0.0;0.0;2022-03-11T06:00:00Z
0.0577340498747265;0.0062349698003838;0.0030589562516177;0.1199999999999999;0.0;2022-03-11T07:00:00Z
0.0559956448785528;0.0058900051086603;0.0029545763375504;5.119;0.0;2022-03-11T08:00:00Z
0.053215349347423;0.005546274617327;0.002801309972743;20.119;0.0;2022-03-11T09:00:00Z
0.0495922247873695;0.0051075933637974;0.0025610704759371;0.0;0.0;2022-03-11T10:00:00Z
0.045350588473327;0.0042935804915318;0.0023463671439746;0.0;0.0;2022-03-11T11:00:00Z
0.040829686112523;0.0036972332145393;0.0020760828608639;0.0;0.0;2022-03-11T12:00:00Z
0.036303160153693;0.0032755093738734;0.0017616293652118;0.0;0.0;2022-03-11T13:00:00Z
0.0320777312120958;0.0025062988125088;0.0014662453552278;0.0;0.0;2022-03-11T14:00:00Z
0.0284708093735725;0.0019329692945682;0.001243188631164;0.0;0.0;2022-03-11T15:00:00Z
0.0256669909177216;0.0016870589556101;0.0010879118590145;0.0;0.0;2022-03-11T16:00:00Z
0.0239330649763265;0.001129857847238;0.0009581269006588;0.0;0.0;2022-03-11T17:00:00Z
0.0233368355513908;0.0011979724236226;0.0009350509053849;0.0;0.0;2022-03-11T18:00:00Z
0.0239441912586554;0.0014657002145488;0.0009801892063002;0.0;0.0;2022-03-11T19:00:00Z
0.0256768863895395;0.001589762801151;0.0010692959135528;0.0;0.0;2022-03-11T20:00:00Z
0.0284556590783369;0.0019429112313518;0.00124922845157;0.0;0.0;2022-03-11T21:00:00Z
0.0320880379207642;0.0025023389952688;0.0014695367991191;0.0;0.0;2022-03-11T22:00:00Z
0.0363062098334773;0.0030441014978934;0.0017387915031491;0.0;0.0;2022-03-11T23:00:00Z
0.0408272865782568;0.0037918812107115;0.0020301204648345;0.0;39.90058333333333;2022-03-12T00:00:00Z
0.045349600819518;0.0043642411303137;0.0023093834337783;0.0;38.38355;2022-03-12T01:00:00Z
0.0495833763338005;0.0049239253427278;0.0025652266758056;0.0;30.10058333333333;2022-03-12T02:00:00Z
0.0531993535807867;0.0054399794387588;0.0027940185194303;0.0;36.866766666666656;2022-03-12T03:00:00Z
0.0559761245575778;0.0056666048242272;0.003002126137859;0.0;34.8834;2022-03-12T04:00:00Z
0.0577556743163217;0.0063743016903728;0.0030784188578991;0.0;29.8672;2022-03-12T05:00:00Z
0.0583250942067317;0.0062180519841805;0.0031174416528978;0.0;22.167716666666667;2022-03-12T06:00:00Z
0.0577247770301405;0.006144044516422;0.0030994622910318;0.1199999999999999;9.001516666666666;2022-03-12T07:00:00Z
0.0559989884807557;0.005959474278498;0.0029744420340135;0.1199999999999999;60.001;2022-03-12T08:00:00Z
0.0531896240868174;0.0055811375019796;0.0027967819006376;25.118;37.00138333333334;2022-03-12T09:00:00Z
0.0495662018215368;0.0049768545752902;0.0025423290330892;0.0;69.16675000000001;2022-03-12T10:00:00Z
0.0453602872418741;0.0044918062477868;0.0022945733756214;0.0;62.16745;2022-03-12T11:00:00Z
0.0408421374833097;0.003885588162474;0.0020709464162106;0.0;64.16766666666666;2022-03-12T12:00:00Z
0.0363092672815439;0.0029502443973078;0.0017338929325919;0.0;70.001;2022-03-12T13:00:00Z
0.0320687574156578;0.0026223097625652;0.0014446632618239;0.0;70.001;2022-03-12T14:00:00Z
0.028463542878818;0.001977874871606;0.0012682944311705;0.0;70.001;2022-03-12T15:00:00Z
0.025694524537177;0.0013990446962986;0.0010977605578365;0.0;336.6674;2022-03-12T16:00:00Z
0.0239337898095422;0.0014180019701615;0.0010019212255497;0.0;845.88375;2022-03-12T17:00:00Z
0.0233331988640768;0.0013430222309459;0.0009448927417771;0.0;81.55116666666667;2022-03-12T18:00:00Z
0.0239254924830734;0.0013702121413684;0.0009710262816198;0.0;66.98393333333334;2022-03-12T19:00:00Z
0.0256823822886336;0.0013338289397603;0.0011292069810151;0.0;71.60061666666667;2022-03-12T20:00:00Z
0.0284526195413345;0.0019246141313717;0.001266937846916;0.0;87.9503;2022-03-12T21:00:00Z
0.0320861103177852;0.002536143370067;0.0014590095599787;0.0;38.001816666666656;2022-03-12T22:00:00Z
0.0363018538772211;0.0031614508137517;0.0017694568266771;0.0;30.28573333333333;2022-03-12T23:00:00Z
0.0408391421075713;0.003708519328045;0.0020488185382745;0.0;24.96748333333333;2022-03-13T00:00:00Z
0.0453801724874177;0.004464721239029;0.0023272106315847;0.0;43.98343333333334;2022-03-13T01:00:00Z
0.0495878702415554;0.0048384903711118;0.0025741543949767;0.0;38.26673333333333;2022-03-13T02:00:00Z
0.0532041050234052;0.0057153852763962;0.0027902055935007;0.0;31.73343333333333;2022-03-13T03:00:00Z
0.0559949491128246;0.0059775026188334;0.0029851834093045;0.0;27.30048333333333;2022-03-13T04:00:00Z
0.0577345041716082;0.0061594455393626;0.0030953563905559;0.0;34.533566666666665;2022-03-13T05:00:00Z
0.0583302352412851;0.0061500036256209;0.0031059286380902;0.0;24.734066666666667;2022-03-13T06:00:00Z
0.0577234467726965;0.0061732481192081;0.0030863258092387;5.119;12.48405;2022-03-13T07:00:00Z
0.0560021293008271;0.0060853736109137;0.0029872643737531;20.119;19.833816666666667;2022-03-13T08:00:00Z
0.0532015232623779;0.0054182982576366;0.0028028126653706;0.1199999999999999;65.6671;2022-03-13T09:00:00Z
0.0495812011124062;0.0049603415130059;0.0025487779411037;0.0;70.0;2022-03-13T10:00:00Z
0.0453761330763648;0.0044011412185118;0.0023350866006369;0.0;70.00021666666666;2022-03-13T11:00:00Z
0.0408553482084797;0.0037232330822392;0.0020214855777863;0.0;70.001;2022-03-13T12:00:00Z
0.0363000982162667;0.0031392284834042;0.0017716742188618;0.0;67.16795;2022-03-13T13:00:00Z
0.0320870037598613;0.0024092167609333;0.0014813828630197;0.0;67.83455;2022-03-13T14:00:00Z
0.0284695724594136;0.002033141634799;0.0012388700548775;0.0;703.3336999999999;2022-03-13T15:00:00Z
0.0256886099753333;0.0015883768975995;0.0011070271130948;0.0;386.66735;2022-03-13T16:00:00Z
0.0239415631979008;0.0014232130538443;0.0009924001877768;0.0;70.81743333333333;2022-03-13T17:00:00Z
0.0233211125751716;0.0011524037073178;0.0009388015629578;0.0;95.20008333333331;2022-03-13T18:00:00Z
0.0239267690675847;0.0013517132518305;0.0009746601201176;0.0;84.10043333333331;2022-03-13T19:00:00Z
0.0256836556291474;0.0016626149225276;0.0010427462460249;0.0;47.93456666666666;2022-03-13T20:00:00Z
0.0284543588668275;0.0020516898272163;0.0012168903091495;0.0;78.91776666666665;2022-03-13T21:00:00Z
0.0320833433784431;0.0025722572306938;0.0014467645050809;0.0;46.08468333333334;2022-03-13T22:00:00Z
0.0362949772095368;0.0030037676792666;0.001755781340549;0.0;22.4682;2022-03-13T23:00:00Z
0.0408329366383216;0.0037819505095676;0.0020106081281052;0.0;33.133733333333325;2022-03-14T00:00:00Z
0.0453583559677536;0.0043932037340535;0.0023059636775424;0.0;34.88356666666667;2022-03-14T01:00:00Z
0.0495707136049455;0.0049842465223776;0.0025833783646714;0.0;41.53341666666667;2022-03-14T02:00:00Z
0.0532220207030381;0.0053877355156929;0.0028213085298255;0.0;35.81668333333333;2022-03-14T03:00:00Z
0.0559761022702167;0.0058483327436825;0.0029439682287388;0.0;30.916716666666662;2022-03-14T04:00:00Z
0.0577372016521254;0.0060899599122079;0.0030733274997623;0.0;30.916816666666666;2022-03-14T05:00:00Z
0.0583140591817395;0.0063406964483009;0.0031314921509845;0.0;14.618433333333332;2022-03-14T06:00:00Z
0.0577423742629012;0.006199583011359;0.0030861702123491;20.119;8.167849999999998;2022-03-14T07:00:00Z
0.0559905172057702;0.0059987589379805;0.0029811893917342;5.119;68.00003333333333;2022-03-14T08:00:00Z
0.0532146899771586;0.0054302400318242;0.0028268550318223;0.1199999999999999;12.000966666666667;2022-03-14T09:00:00Z
0.0495868994428445;0.0048614677587153;0.00261364468226;0.0;35.33405;2022-03-14T10:00:00Z
0.0453398433089923;0.0044942153185482;0.0023251571264852;0.0;55.00025;2022-03-14T11:00:00Z
0.0408372498630535;0.0037019535564791;0.0020212157093501;0.0;62.501116666666654;2022-03-14T12:00:00Z
0.0362894455795815;0.0029611131446298;0.0017548294678017;0.0;320.00075000000004;2022-03-14T13:00:00Z
0.0320750474323252;0.002619563997802;0.0015160574910921;0.0;423.66751666666664;2022-03-14T14:00:00Z
0.028461145335677;0.0021392249506644;0.0012473161053036;0.0;70.001;2022-03-14T15:00:00Z
0.0256733518905322;0.0017292501493511;0.0010550169461494;0.0;433.66735;2022-03-14T16:00:00Z
0.0239280366879169;0.0013544483952648;0.000992008128516;0.0;42.85115;2022-03-14T17:00:00Z
0.0233300060016427;0.0012128138882191;0.0009587222894547;0.0;54.850916666666656;2022-03-14T18:00:00Z
0.0239477455703222;0.0012513075656895;0.0009711574058694;0.0;86.45093333333334;2022-03-14T19:00:00Z
0.0256842577797961;0.0016300639144389;0.0010653459491884;0.0;83.70024999999998;2022-03-14T20:00:00Z
0.0284618161480458;0.0018394077361852;0.0012485567392288;0.0;83.16675;2022-03-14T21:00:00Z
0.032096675793473;0.0023842752741932;0.0014585324074962;0.0;71.00116666666666;2022-03-14T22:00:00Z
0.0363014848560963;0.0030616635029965;0.0017538414655002;0.0;10.6848;2022-03-14T23:00:00Z
0.0408219997624878;0.003649964824095;0.0020468939431604;0.0;28.233666666666664;2022-03-15T00:00:00Z
0.0453478284131231;0.0044875177689835;0.0023453975193978;0.0;38.15018333333333;2022-03-15T01:00:00Z
0.0495823620763742;0.0049488903687949;0.0026039881845885;0.0;37.80035;2022-03-15T02:00:00Z
0.0531858048701762;0.0055107083752178;0.0028118029932875;0.0;34.06701666666667;2022-03-15T03:00:00Z
0.0559999488807245;0.0059328585177625;0.0029733657591631;0.0;33.716833333333334;2022-03-15T04:00:00Z
0.0577401065477753;0.006044847927924;0.0030969016421616;0.0;27.066933333333328;2022-03-15T05:00:00Z
0.0583269139499606;0.0063801773729016;0.0031027861026882;0.0;31.034583333333327;2022-03-15T06:00:00Z
0.057716107166304;0.006197518102663;0.0031021276675699;0.1199999999999999;2.6854666666666662;2022-03-15T07:00:00Z
0.055986759474116;0.0058073316226299;0.0029577260434047;5.119;47.00096666666667;2022-03-15T08:00:00Z
0.0532102085845593;0.0054586521038156;0.002833331243986;20.119;68.83345;2022-03-15T09:00:00Z
0.0495867955083174;0.0050577175233893;0.0025443833379626;0.0;67.50025;2022-03-15T10:00:00Z
0.0453535021463735;0.0043173284318379;0.0023246829117764;0.0;70.00046666666667;2022-03-15T11:00:00Z
0.0408254650796734;0.0038512701504384;0.002023163767145;0.0;8.002199999999998;2022-03-15T12:00:00Z
0.0362846784983597;0.0031147874802122;0.001731559416832;0.0;59.50171666666665;2022-03-15T13:00:00Z
0.0320722881464375;0.0025581335755718;0.0014975323402318;0.0;45.33513333333333;2022-03-15T14:00:00Z
0.0284584637580497;0.0020421341399777;0.0012313597850372;0.0;400.3343;2022-03-15T15:00:00Z
0.025664901455952;0.0016890766017274;0.0010906325725053;0.0;203.3342;2022-03-15T16:00:00Z
0.0239230581676862;0.0014042884005927;0.0009626217920278;0.0;286.66745000000003;2022-03-15T17:00:00Z
0.0233402334808707;0.0011376015071993;0.0009177504437897;0.0;72.06785;2022-03-15T18:00:00Z
0.0239233459785746;0.0013845452598733;0.0009796729889092;0.0;82.3842;2022-03-15T19:00:00Z
0.0256735265440866;0.0015135620303162;0.0010919820912841;0.0;87.61683333333333;2022-03-15T20:00:00Z
0.0284713562842681;0.0020342120743307;0.0012901660597441;0.0;55.551033333333336;2022-03-15T21:00:00Z
0.0320921443761105;0.0024780154673822;0.0014935618167206;0.0;236.43505;2022-03-15T22:00:00Z
0.0363123861210247;0.0030340531346514;0.0017147463945696;0.0;22.618716666666664;2022-03-15T23:00:00Z
0.0408298197542529;0.0037826892348705;0.0020040617323081;0.0;27.53378333333333;2022-03-16T00:00:00Z
0.0453532955766874;0.0046191846276478;0.00233171976172;0.0;32.90036666666667;2022-03-16T01:00:00Z
0.0495814719693628;0.0050500327469992;0.0025862960864011;0.0;41.18345;2022-03-16T02:00:00Z
0.0531922323502944;0.0055585548476101;0.0028542276141935;0.0;31.61728333333333;2022-03-16T03:00:00Z
0.0559792198938946;0.0059963320175213;0.0029557509261564;0.0;29.167116666666665;2022-03-16T04:00:00Z
0.0577334303395436;0.0062252635295012;0.0030906405923335;0.0;29.2836;2022-03-16T05:00:00Z
0.0583141944910817;0.0060453563521929;0.003128494412495;0.0;35.06733333333334;2022-03-16T06:00:00Z
0.0577352366837339;0.0060687230473675;0.0030703940335283;5.119;65.03425;2022-03-16T07:00:00Z
0.0559936794308616;0.0058526300129766;0.0029634818609169;0.1199999999999999;69.16675000000001;2022-03-16T08:00:00Z
0.0532151177156195;0.0056232287359325;0.0028081192327554;20.119;69.00001666666667;2022-03-16T09:00:00Z
0.0495880632893486;0.0049311325940699;0.0025936745528353;0.0;26.334199999999996;2022-03-16T10:00:00Z
0.045355073277123;0.0044670417365113;0.0023444882003876;0.0;114.00026666666668;2022-03-16T11:00:00Z
0.0408302629881207;0.0036340748695838;0.0020410910099934;0.0;482.8343;2022-03-16T12:00:00Z
0.0362918296803968;0.0031203200646072;0.0017628513749002;0.0;66.16788333333334;2022-03-16T13:00:00Z
0.0320955545162866;0.0024852746975397;0.00143266609532;0.0;122.16828333333333;2022-03-16T14:00:00Z
0.0284458992731774;0.0020073819591034;0.0012707124689364;0.0;203.0017;2022-03-16T15:00:00Z
0.0256882512439335;0.0015341346692232;0.0010641886351302;0.0;56.001233333333325;2022-03-16T16:00:00Z
0.0239426174773854;0.0014082771840035;0.0010161145080547;0.0;298.85073333333327;2022-03-16T17:00:00Z
0.023331151801553;0.001282126993664;0.0009412351589121;0.0;87.15021666666665;2022-03-16T18:00:00Z
0.0239540518805606;0.0013210604420747;0.0009677716204994;0.0;90.88335;2022-03-16T19:00:00Z
0.0256806033562119;0.0015128104832035;0.0010909858520626;0.0;48.95091666666666;2022-03-16T20:00:00Z
0.0284486420256504;0.0018864788143943;0.0012267962480475;0.0;67.81795;2022-03-16T21:00:00Z
0.032093299975493;0.0027261424176445;0.0015055846579854;0.0;49.55163333333333;2022-03-16T22:00:00Z
0.0362888590611458;0.003108524247293;0.001741755917909;0.0;99.21781666666669;2022-03-16T23:00:00Z
0.0408204179643634;0.0035381641075587;0.0020254790477113;0.0;31.150516666666668;2022-03-17T00:00:00Z
0.045367796936719;0.0045217815350497;0.002302525424784;0.0;34.0668;2022-03-17T01:00:00Z
0.049577995859035;0.0049741459425572;0.0026016667015422;0.0;27.88383333333333;2022-03-17T02:00:00Z
0.0532000192171183;0.0055139950276357;0.0027790588762037;0.0;29.633516666666665;2022-03-17T03:00:00Z
0.0559886557045385;0.0058835714278702;0.0029752344249586;0.0;27.5334;2022-03-17T04:00:00Z
0.0577355349772176;0.0062538277701627;0.0031177032824717;0.0;26.950316666666662;2022-03-17T05:00:00Z
0.0583389994993405;0.0061124359162006;0.0031276354209628;0.0;58.96708333333333;2022-03-17T06:00:00Z
0.0577272126683303;0.0060786893704008;0.0030887246257054;25.118;58.50091666666666;2022-03-17T07:00:00Z
0.0559899010939407;0.0057321905800482;0.0029435295987182;0.1199999999999999;47.83405;2022-03-17T08:00:00Z
0.0532018972660933;0.0055449219098067;0.0028234714512706;0.1199999999999999;60.666933333333326;2022-03-17T09:00:00Z
0.0495866156837927;0.0051426613035111;0.0025911013371954;0.0;22.0008;2022-03-17T10:00:00Z
0.0453768038499522;0.0044077879823284;0.0023299259902393;0.0;31.00065;2022-03-17T11:00:00Z
0.0408363975757953;0.0036603761337112;0.0019845163987761;0.0;61.33469999999999;2022-03-17T12:00:00Z
0.0363139989009992;0.0032533253945639;0.0017563744865972;0.0;62.00113333333333;2022-03-17T13:00:00Z
0.0320880967425146;0.0025804281297897;0.0014800698196338;0.0;107.50161666666668;2022-03-17T14:00:00Z
0.0284552783998142;0.0022052883143441;0.0012282548116448;0.0;118.83439999999997;2022-03-17T15:00:00Z
0.0256843038586035;0.0016244214958843;0.0010918143255679;0.0;220.00085;2022-03-17T16:00:00Z
0.0239336819875742;0.0014106677241801;0.0009748963040605;0.0;75.60073333333332;2022-03-17T17:00:00Z
0.0233561177302812;0.0012674865628628;0.0009387289622434;0.0;82.41708333333332;2022-03-17T18:00:00Z
0.023937383874264;0.0014125055939171;0.0009710830854828;0.0;66.61776666666667;2022-03-17T19:00:00Z
0.0256731716500465;0.0015321882962484;0.0010799551138618;0.0;80.70096666666667;2022-03-17T20:00:00Z
0.0284564449988856;0.0021237239092387;0.0012548295183046;0.0;73.53441666666666;2022-03-17T21:00:00Z
0.0320767720559429;0.002514539194653;0.0014837245807613;0.0;454.0354;2022-03-17T22:00:00Z
0.0362993289691018;0.0031091716579339;0.0017467798825861;0.0;315.4849;2022-03-17T23:00:00Z
0.0408290117855326;0.0038449604190591;0.0020256091037312;0.0;0.0;2022-03-18T00:00:00Z
0.0453589156620651;0.004606977329663;0.0023337866242217;0.0;0.0;2022-03-18T01:00:00Z
0.0495766621168881;0.0051035996211961;0.0025816600843476;0.0;0.0;2022-03-18T02:00:00Z
0.0532066420185243;0.0054392449051889;0.0027918895723848;0.0;0.0;2022-03-18T03:00:00Z
0.0559881773903461;0.0059245580449288;0.0029814429273143;0.0;0.0;2022-03-18T04:00:00Z
0.057747659663187;0.0061633458226376;0.0030724889773859;0.0;0.0;2022-03-18T05:00:00Z
0.0583343725138279;0.0063412367265573;0.003109593408924;0.0;0.0;2022-03-18T06:00:00Z
0.0577410020084267;0.0060998692865469;0.0030903084096079;5.119;0.0;2022-03-18T07:00:00Z
0.0559888777516714;0.0060372258184523;0.0029876251614786;20.119;0.0;2022-03-18T08:00:00Z
0.053222312191134;0.0056500835341071;0.0027902665013297;0.1199999999999999;0.0;2022-03-18T09:00:00Z
0.0495788732726143;0.0051120344556116;0.002585363152078;0.0;0.0;2022-03-18T10:00:00Z
0.0453538856646191;0.0042185912312283;0.0023428094288598;0.0;0.0;2022-03-18T11:00:00Z
0.0408381051066263;0.0038632987778167;0.0020612198495233;0.0;0.0;2022-03-18T12:00:00Z
0.0362968306736013;0.0030958385629681;0.0017267544683746;0.0;0.0;2022-03-18T13:00:00Z
0.0320786975056478;0.0025208407590425;0.001478568850961;0.0;0.0;2022-03-18T14:00:00Z
0.0284499519816364;0.0019971630827547;0.0012237697366345;0.0;0.0;2022-03-18T15:00:00Z
0.0256580040331916;0.0016478289796743;0.0010523890320415;0.0;0.0;2022-03-18T16:00:00Z
0.0239037904660664;0.0012142992426616;0.0009919831371463;0.0;0.0;2022-03-18T17:00:00Z
0.0233390769871785;0.0012984174281326;0.0009461456726354;0.0;0.0;2022-03-18T18:00:00Z
0.0239362308825496;0.0014156563464508;0.0009883290712076;0.0;0.0;2022-03-18T19:00:00Z
0.0256954558281162;0.0013225191046389;0.0010994438915555;0.0;0.0;2022-03-18T20:00:00Z
0.028459907663453;0.0019140040476639;0.0012316059663152;0.0;0.0;2022-03-18T21:00:00Z
0.0320834752523088;0.0025764599947616;0.0014913649055002;0.0;0.0;2022-03-18T22:00:00Z
0.0363133567840568;0.0030566908007614;0.0017460088057807;0.0;0.0;2022-03-18T23:00:00Z
0.0408533640296954;0.0038252343823803;0.0020325156055735;0.0;21.46795;2022-03-19T00:00:00Z
0.0453694337692699;0.0043659142749757;0.0023495062049967;0.0;28.700133333333333;2022-03-19T01:00:00Z
0.0495819700618615;0.0050502222534976;0.0026020334056999;0.0;28.5839;2022-03-19T02:00:00Z
0.0532055931713424;0.0054304772575558;0.002842501158495;0.0;41.3001;2022-03-19T03:00:00Z
0.0559985704533445;0.0059759795965614;0.0030086652473483;0.0;30.100733333333327;2022-03-19T04:00:00Z
0.0577412106198686;0.0062655240656608;0.003101371735914;0.0;26.3675;2022-03-19T05:00:00Z
0.0583359592767333;0.0063216217779252;0.0031315648634915;0.0;25.435266666666664;2022-03-19T06:00:00Z
0.057732686215245;0.0061399266596249;0.0030957269579532;0.1199999999999999;49.65138333333333;2022-03-19T07:00:00Z
0.0559809110600528;0.005921616632438;0.0029815698082024;20.119;9.00168333333333;2022-03-19T08:00:00Z
0.0532084090341127;0.0054079244950549;0.0028276824086574;5.119;64.50055;2022-03-19T09:00:00Z
0.0495883106689829;0.0051201409293443;0.0025654730008566;0.0;66.667;2022-03-19T10:00:00Z
0.0453549024714534;0.0043919780727158;0.0023128564126565;0.0;70.0;2022-03-19T11:00:00Z
0.0408319342599848;0.0038343124589818;0.0020280894138708;0.0;266.33448333333325;2022-03-19T12:00:00Z
0.0363079646255271;0.0032129936629562;0.0017450331709125;0.0;320.00075000000004;2022-03-19T13:00:00Z
0.0320760107719033;0.002613446308722;0.0015037246677415;0.0;65.16815;2022-03-19T14:00:00Z
0.028459181744494;0.0019190583502622;0.0012577932219624;0.0;43.335;2022-03-19T15:00:00Z
0.0256863892644338;0.001644260378386;0.0010763647847834;0.0;407.66835;2022-03-19T16:00:00Z
0.0239363626031085;0.0014175706314924;0.0009631580175879;0.0;201.2849666666667;2022-03-19T17:00:00Z
0.0233321165954823;0.0011743078480712;0.000939434960842;0.0;87.38355;2022-03-19T18:00:00Z
0.0239377011401329;0.0013623218163795;0.0009848037254431;0.0;51.201066666666655;2022-03-19T19:00:00Z
0.0256969517830629;0.0015000834555571;0.0010528078135903;0.0;38.051333333333325;2022-03-19T20:00:00Z
0.0284476986658907;0.0020390851488532;0.0012531828986862;0.0;91.0;2022-03-19T21:00:00Z
0.0320881313543441;0.0025592880584554;0.0014852044910053;0.0;88.20116666666665;2022-03-19T22:00:00Z
0.036304560128975;0.0032650605611207;0.0017800739288428;0.0;44.70246666666666;2022-03-19T23:00:00Z
0.0408262774284645;0.0034690115989425;0.0020376071798934;0.0;29.166916666666665;2022-03-20T00:00:00Z
0.0453578763273211;0.0044715991303716;0.0022767087930134;0.0;42.0;2022-03-20T01:00:00Z
0.0495718627156239;0.0052100155635188;0.002555944964366;0.0;33.13363333333333;2022-03-20T02:00:00Z
0.0531842944421878;0.0054172719478402;0.0027824185527425;0.0;36.28335;2022-03-20T03:00:00Z
0.056018270161354;0.0060049999592154;0.0029869151828318;0.0;37.566783333333326;2022-03-20T04:00:00Z
0.0577264940098847;0.0060166001945568;0.0030532091726114;0.0;38.85005;2022-03-20T05:00:00Z
0.058341949347566;0.0062834931097592;0.0031126577214103;0.0;22.983866666666668;2022-03-20T06:00:00Z
0.0577318885352727;0.0060590711612637;0.0030728152180806;0.1199999999999999;2.5674833333333327;2022-03-20T07:00:00Z
0.0559909222593575;0.0059470341647611;0.0029410789641416;25.118;34.00143333333333;2022-03-20T08:00:00Z
0.0532045858602066;0.0055259040173653;0.0027841290052903;0.1199999999999999;28.00103333333333;2022-03-20T09:00:00Z
0.0495974854484062;0.0050054640570398;0.002590919221001;0.0;70.0;2022-03-20T10:00:00Z
0.045348515875685;0.004458951728665;0.0023140502599875;0.0;66.667;2022-03-20T11:00:00Z
0.0408247796621958;0.0035819143464054;0.0020197079452419;0.0;63.167883333333336;2022-03-20T12:00:00Z
0.0363016308640299;0.003160326827503;0.001769851682042;0.0;483.8342;2022-03-20T13:00:00Z
0.032073695156867;0.0026220434917557;0.0014718280179361;0.0;353.33405000000005;2022-03-20T14:00:00Z
0.0284553668916963;0.0019145328021995;0.0012495706775125;0.0;70.001;2022-03-20T15:00:00Z
0.0256719355657131;0.0016111023251386;0.0010579639163709;0.0;69.6677;2022-03-20T16:00:00Z
0.0239332295415892;0.001397214045159;0.0009557537204533;0.0;157.66806666666668;2022-03-20T17:00:00Z
0.0233273184573434;0.0011884403350444;0.0009451560134114;0.0;85.40091666666667;2022-03-20T18:00:00Z
0.0239298066974894;0.0013556494117911;0.0009687188516466;0.0;87.45026666666665;2022-03-20T19:00:00Z
0.0256558630299964;0.0014853501452083;0.0010859249570762;0.0;86.16719999999998;2022-03-20T20:00:00Z
0.0284634557197622;0.0020997302445721;0.0012574870470356;0.0;87.85011666666665;2022-03-20T21:00:00Z
0.0320857727245513;0.0024652738686697;0.0014837910779835;0.0;80.56833333333331;2022-03-20T22:00:00Z
0.0363131594274376;0.0031651460986266;0.0017799871082906;0.0;18.252316666666665;2022-03-20T23:00:00Z
0.0408256879718683;0.003695329777911;0.0020592150472714;0.0;29.75035;2022-03-21T00:00:00Z
0.0453692815733369;0.0045242540998409;0.0023401009917313;0.0;35.583416666666665;2022-03-21T01:00:00Z
0.0495892956066004;0.0049505443860666;0.0025659079832993;0.0;35.0;2022-03-21T02:00:00Z
0.0532062150683065;0.0054083752237917;0.0028127705655549;0.0;36.5168;2022-03-21T03:00:00Z
0.0559873203481907;0.0060011337590308;0.0029321538964748;0.0;35.9335;2022-03-21T04:00:00Z
0.0577456476011741;0.0061556869923802;0.0030987363436866;0.0;32.31675;2022-03-21T05:00:00Z
0.0583251028653435;0.0062142858396086;0.0031160690031873;0.0;19.25023333333333;2022-03-21T06:00:00Z
0.0577299711698692;0.0062010112401632;0.0030931626563137;5.119;4.083483333333333;2022-03-21T07:00:00Z
0.0559916176828062;0.0057808972086047;0.0029951177809828;0.1199999999999999;45.833716666666675;2022-03-21T08:00:00Z
0.0532009098645362;0.0055723039255923;0.0027716189225695;20.119;21.00098333333333;2022-03-21T09:00:00Z
0.0495583925270093;0.0049477666175307;0.0025823361815353;0.0;44.000433333333326;2022-03-21T10:00:00Z
0.0453634687439161;0.0042545250874012;0.0023426982792852;0.0;58.0002;2022-03-21T11:00:00Z
0.0408439885061217;0.0035699801657687;0.0020610527677198;0.0;69.66726666666666;2022-03-21T12:00:00Z
0.0362962498375718;0.002969501810288;0.0017488282692775;0.0;288.83438333333334;2022-03-21T13:00:00Z
0.0320948658052019;0.0025247664761477;0.0015190099542931;0.0;509.0012833333333;2022-03-21T14:00:00Z
0.0284610254638856;0.0018064209162616;0.0012555906906503;0.0;53.33466666666667;2022-03-21T15:00:00Z
0.025693753435985;0.0016765480459923;0.0011208004279507;0.0;68.83445;2022-03-21T16:00:00Z
0.0239237696467236;0.0012269561761392;0.0009742637307719;0.0;272.00131666666664;2022-03-21T17:00:00Z
0.0233333105153693;0.0013398299415887;0.0009111364356952;0.0;54.1843;2022-03-21T18:00:00Z
0.0239384445720844;0.0011779207547877;0.0009399345808535;0.0;45.834333333333326;2022-03-21T19:00:00Z
0.0256593080668061;0.0017633910470818;0.0010641359571698;0.0;88.35018333333333;2022-03-21T20:00:00Z
0.0284467090232201;0.0018046506926975;0.0012420883818966;0.0;80.3673;2022-03-21T21:00:00Z
0.0320742766299894;0.0026059164356857;0.0015149771431577;0.0;152.76805;2022-03-21T22:00:00Z
0.0363232082432329;0.0031671736944764;0.0017530979692037;0.0;50.80138333333333;2022-03-21T23:00:00Z
0.040824694918547;0.0037193823978062;0.0020349451185218;0.0;25.5501;2022-03-22T00:00:00Z
0.0453844485607152;0.0042983137891767;0.002338818683502;0.0;27.41675;2022-03-22T01:00:00Z
0.0495749754542101;0.0051198865484772;0.0025443127812401;0.0;29.166666666666664;2022-03-22T02:00:00Z
0.0532157437406009;0.0054274311816121;0.0028126144345901;0.0;28.0;2022-03-22T03:00:00Z
0.0560097812826464;0.0057264192955935;0.0029915530714658;0.0;27.3001;2022-03-22T04:00:00Z
0.057736507776918;0.0062103230641171;0.0030740467870338;0.0;32.66685;2022-03-22T05:00:00Z
0.0583361716765519;0.0061744831959943;0.0030946015252315;0.0;28.583583333333333;2022-03-22T06:00:00Z
0.0577507916434965;0.0061329055666611;0.0031031601698813;20.119;3.8500333333333336;2022-03-22T07:00:00Z
0.055977353947881;0.0058179189447022;0.0029819020214508;5.119;7.167466666666666;2022-03-22T08:00:00Z
0.0532020326064563;0.0056052114041535;0.002780029004245;0.1199999999999999;13.168100000000003;2022-03-22T09:00:00Z
0.049589305512864;0.0049565004848575;0.002586186436323;0.0;44.33423333333333;2022-03-22T10:00:00Z
0.0453679687243542;0.004299941173725;0.0023053679440043;0.0;64.00113333333333;2022-03-22T11:00:00Z
0.0408488912564607;0.0038093436661522;0.0020534590170563;0.0;22.6689;2022-03-22T12:00:00Z
0.0363140437923454;0.0030020496444167;0.001760684535875;0.0;40.0015;2022-03-22T13:00:00Z
0.032094260572074;0.0025424620012166;0.0015162354466159;0.0;45.00141666666666;2022-03-22T14:00:00Z
0.0284518311627582;0.0020670201992918;0.0012399791787421;0.0;888.6676000000001;2022-03-22T15:00:00Z
0.0256906911265159;0.0015683548795579;0.0010803896997556;0.0;186.66755;2022-03-22T16:00:00Z
0.0239470678063174;0.0014900372211027;0.0009539717638538;0.0;86.08451666666667;2022-03-22T17:00:00Z
0.0233367053967406;0.0013436289508613;0.0009272552422067;0.0;57.93436666666666;2022-03-22T18:00:00Z
0.0239236143321393;0.0013156218778767;0.0009640845226871;0.0;88.01678333333332;2022-03-22T19:00:00Z
0.0256545882641057;0.001428026881906;0.0011207163483829;0.0;49.98455;2022-03-22T20:00:00Z
0.0284573850451469;0.0021226814008687;0.0012764545430491;0.0;87.98404999999998;2022-03-22T21:00:00Z
0.0320746312568012;0.0024104981083371;0.0014839584301865;0.0;85.00149999999998;2022-03-22T22:00:00Z
0.0363077528397897;0.0031658796101291;0.0017092207705013;0.0;47.56871666666667;2022-03-22T23:00:00Z
0.0408234803054592;0.0037852035789508;0.0020537663945183;0.0;34.18411666666667;2022-03-23T00:00:00Z
0.045340896937599;0.0045291012766779;0.0023154747236704;0.0;42.350066666666656;2022-03-23T01:00:00Z
0.0495809266405903;0.0050900380909288;0.0025719309887593;0.0;37.683816666666665;2022-03-23T02:00:00Z
0.0532047841316522;0.0055180339053998;0.0028183529337741;0.0;38.266766666666655;2022-03-23T03:00:00Z
0.0559687261818198;0.0059611644472083;0.0029726721070989;0.0;33.83403333333333;2022-03-23T04:00:00Z
0.0577310541804986;0.0060657544030901;0.0030763758199696;0.0;39.73386666666667;2022-03-23T05:00:00Z
0.0583344759374838;0.0062281428879441;0.0031556275884657;0.0;93.01701666666665;2022-03-23T06:00:00Z
0.0577343984985333;0.0063728208057507;0.0030761293637292;0.1199999999999999;37.28426666666667;2022-03-23T07:00:00Z
0.0559794214682643;0.0058174538316222;0.0029849089211248;5.119;40.6676;2022-03-23T08:00:00Z
0.0531951678133751;0.0056466007699822;0.0028294415080955;20.119;3.0019500000000003;2022-03-23T09:00:00Z
0.0495962758347677;0.0050356194144424;0.0025856260238067;0.0;43.167766666666665;2022-03-23T10:00:00Z
0.0453508815829779;0.004608333684832;0.0023039160178332;0.0;69.00021666666666;2022-03-23T11:00:00Z
0.0408163967802513;0.0034752391242662;0.002037545321127;0.0;868.50035;2022-03-23T12:00:00Z
0.0363002099615107;0.003153102334131;0.0017854010055892;0.0;403.334;2022-03-23T13:00:00Z
0.0320977587351471;0.0027054794690247;0.0014921946968789;0.0;70.001;2022-03-23T14:00:00Z
0.028459347453391;0.0019537254780122;0.0012537251698664;0.0;70.001;2022-03-23T15:00:00Z
0.02568246712347;0.0015361794821724;0.001095815683941;0.0;70.001;2022-03-23T16:00:00Z
0.0239169494259869;0.0014812027154267;0.0009892552370495;0.0;75.01765;2022-03-23T17:00:00Z
0.0233350326632471;0.0013585402061285;0.0009682880074185;0.0;87.03371666666665;2022-03-23T18:00:00Z
0.0239291131375013;0.0014818104706889;0.000911930936872;0.0;71.26711666666668;2022-03-23T19:00:00Z
0.025682978438373;0.0015722073063894;0.0010694929490415;0.0;23.151766666666667;2022-03-23T20:00:00Z
0.0284613244634752;0.0018257049364914;0.0012529227731687;0.0;25.38488333333333;2022-03-23T21:00:00Z
0.0321083164263298;0.0026196988561518;0.0014755889456376;0.0;45.16796666666666;2022-03-23T22:00:00Z
0.0363142700406534;0.0029941549219678;0.0017950089753977;0.0;14.934583333333334;2022-03-23T23:00:00Z
0.0408208213155257;0.003616812287501;0.002065583725066;0.0;23.100516666666667;2022-03-24T00:00:00Z
0.0453762032141055;0.0045758391086433;0.0023014650630486;0.0;27.534033333333333;2022-03-24T01:00:00Z
0.0495766988083782;0.0051224459886614;0.002571458345093;0.0;21.001;2022-03-24T02:00:00Z
0.0532057912767129;0.0053450668381684;0.0027798102961138;0.0;27.88383333333333;2022-03-24T03:00:00Z
0.0559904834055483;0.0059976347026069;0.0029831868664663;0.0;32.6667;2022-03-24T04:00:00Z
0.0577445508036665;0.0061845533318211;0.0030957607002101;0.0;35.35;2022-03-24T05:00:00Z
0.0583205687988925;0.0064109084155046;0.0030807034441482;0.0;28.966833333333334;2022-03-24T06:00:00Z
0.05773553920489;0.0062156593197887;0.0030571250330115;0.1199999999999999;18.167116666666665;2022-03-24T07:00:00Z
0.0559983200420273;0.0061556591434618;0.002988605233085;25.118;29.334316666666663;2022-03-24T08:00:00Z
0.0532228248586445;0.0054600763790346;0.002815389902236;0.1199999999999999;70.0;2022-03-24T09:00:00Z
0.0495702384286661;0.0048676438502704;0.0025958681767736;0.0;70.0;2022-03-24T10:00:00Z
0.0453639512615918;0.0044769780726615;0.0023362604762166;0.0;70.0;2022-03-24T11:00:00Z
0.040831645413938;0.0037093862288563;0.0020445331475764;0.0;66.66798333333334;2022-03-24T12:00:00Z
0.036324145028712;0.0031851308380249;0.001727156156527;0.0;531.3342166666665;2022-03-24T13:00:00Z
0.0320967726041355;0.002515294711805;0.0014906472325877;0.0;17.001883333333335;2022-03-24T14:00:00Z
0.0284495982398103;0.0018225556886301;0.0012743949479742;0.0;70.001;2022-03-24T15:00:00Z
0.0256769467766569;0.0016900555188233;0.0010954306393872;0.0;66.668;2022-03-24T16:00:00Z
0.0239336960128782;0.0013305087846423;0.0009868376544716;0.0;398.66803333333326;2022-03-24T17:00:00Z
0.0233314249111855;0.0010679727986557;0.0009467273141751;0.0;84.68385;2022-03-24T18:00:00Z
0.0239327783776669;0.0012827456121615;0.0009544866237389;0.0;82.8168;2022-03-24T19:00:00Z
0.0256731591998372;0.0016635677105294;0.0010683429764434;0.0;86.09999999999998;2022-03-24T20:00:00Z
0.0284660274295201;0.0021480295935132;0.0012513483439449;0.0;88.11693333333332;2022-03-24T21:00:00Z
0.0320807508719899;0.0024097056425311;0.0014724157152442;0.0;185.469;2022-03-24T22:00:00Z
0.0363175101857723;0.003065869584122;0.0017609876541251;0.0;17.61863333333333;2022-03-24T23:00:00Z
0.0408255753976311;0.0039974135482577;0.0020646344891376;0.0;0.0;2022-03-25T00:00:00Z
0.0453532601008054;0.0044029011092451;0.002312030789109;0.0;0.0;2022-03-25T01:00:00Z
0.0495900054422706;0.0050392205217873;0.0025937016487463;0.0;0.0;2022-03-25T02:00:00Z
0.053195128326266;0.0055924126558739;0.0027953296982518;0.0;0.0;2022-03-25T03:00:00Z
0.0560000046468;0.0057720235328611;0.0029983649984785;0.0;0.0;2022-03-25T04:00:00Z
0.0577378173978603;0.0062398688553349;0.0031200175970476;0.0;0.0;2022-03-25T05:00:00Z
0.0583316951587869;0.0062512389843753;0.0031131238772527;0.0;0.0;2022-03-25T06:00:00Z
0.0577447193957962;0.0060649850499668;0.0031096249376807;20.119;0.0;2022-03-25T07:00:00Z
0.0559985660441866;0.0060182033144662;0.0030213320426321;0.1199999999999999;0.0;2022-03-25T08:00:00Z
0.0531951906689332;0.0056273790826442;0.002813907558129;5.118999999999999;0.0;2022-03-25T09:00:00Z
0.0495990342383204;0.0051136659428509;0.0025767811254193;0.0;0.0;2022-03-25T10:00:00Z
0.045363089612482;0.0044246983575576;0.0023036127271303;0.0;0.0;2022-03-25T11:00:00Z
0.0408366644123733;0.0037393127191366;0.0020100327580084;0.0;0.0;2022-03-25T12:00:00Z
0.0363089881601836;0.0031723960498172;0.0017092645131519;0.0;0.0;2022-03-25T13:00:00Z
0.0320781413725429;0.0023512812012194;0.0014642772816581;0.0;0.0;2022-03-25T14:00:00Z
0.0284419370380442;0.002004758197628;0.0012598187389696;0.0;0.0;2022-03-25T15:00:00Z
0.0256841562219998;0.0016123695314994;0.0010971986581538;0.0;0.0;2022-03-25T16:00:00Z
0.0239166679220134;0.0014977799172821;0.0010111526167611;0.0;0.0;2022-03-25T17:00:00Z
0.0233338656386791;0.0013467691182925;0.0009277507507701;0.0;0.0;2022-03-25T18:00:00Z
0.0239306671471064;0.0014146387083126;0.0009899709588304;0.0;0.0;2022-03-25T19:00:00Z
0.0256783633500205;0.001712488103437;0.0010874758626382;0.0;0.0;2022-03-25T20:00:00Z
0.0284586241844095;0.0018752080299908;0.0012728298077271;0.0;0.0;2022-03-25T21:00:00Z
0.0320849991134859;0.0024906114496461;0.0014443670525417;0.0;0.0;2022-03-25T22:00:00Z
0.0362945648936935;0.0031218284149601;0.0017293829997743;0.0;0.0;2022-03-25T23:00:00Z
0.0408277540762326;0.0038918208913021;0.0020481166267442;0.0;14.93405;2022-03-26T00:00:00Z
0.045356750996023;0.0041857713822859;0.0023477677146021;0.0;32.317183333333325;2022-03-26T01:00:00Z
0.049590557170605;0.0051165824378538;0.0025957134495855;0.0;26.83373333333333;2022-03-26T02:00:00Z
0.0532269609928851;0.00557095037934;0.0028226731668259;0.0;29.05025;2022-03-26T03:00:00Z
0.0559932012107693;0.0059330119687856;0.0029980413779399;0.0;29.75023333333333;2022-03-26T04:00:00Z
0.0577257002178027;0.0060799470861898;0.0030921177599044;0.0;35.23363333333333;2022-03-26T05:00:00Z
0.0583326582044813;0.0062472785962525;0.0031132425413393;0.0;25.55115;2022-03-26T06:00:00Z
0.0577412199673297;0.0062228224290862;0.003069174073585;0.1199999999999999;44.78426666666667;2022-03-26T07:00:00Z
0.0559764012591199;0.0059739132341567;0.0029520609622533;5.119;23.00078333333333;2022-03-26T08:00:00Z
0.0531873671944001;0.0056452384248426;0.0028201863186655;20.119;62.50075;2022-03-26T09:00:00Z
0.0495967962458173;0.0049780650897489;0.0025816418826674;0.0;61.50085;2022-03-26T10:00:00Z
0.0453314521901715;0.0044230210862369;0.0023198764936906;0.0;57.3336;2022-03-26T11:00:00Z
0.0408267820164077;0.0036893639589647;0.0020698782478001;0.0;21.168716666666665;2022-03-26T12:00:00Z
0.0363141052603627;0.003293150635139;0.0017653301856519;0.0;316.0017833333334;2022-03-26T13:00:00Z
0.0320915946219768;0.0023225074058375;0.0014691942886839;0.0;173.00158333333331;2022-03-26T14:00:00Z
0.0284576795142331;0.0017045047323275;0.0012600756471295;0.0;54.001266666666666;2022-03-26T15:00:00Z
0.0256781547211127;0.0016596124099711;0.0010896132947369;0.0;70.001;2022-03-26T16:00:00Z
0.02391324577158;0.0011752176123758;0.0009990437932578;0.0;657.4172;2022-03-26T17:00:00Z
0.0233422603610645;0.0012447417047529;0.0009133754109944;0.0;85.16681666666666;2022-03-26T18:00:00Z
0.0239296622524558;0.0012998200932756;0.0009689844100263;0.0;87.61695;2022-03-26T19:00:00Z
0.0256847641409168;0.0015562799878483;0.0010999864965873;0.0;90.53336666666665;2022-03-26T20:00:00Z
0.0284513366468985;0.0020862856379521;0.001258087441139;0.0;85.48399999999998;2022-03-26T21:00:00Z
0.0320782299383086;0.0025413199512674;0.0014491559543526;0.0;80.06879999999998;2022-03-26T22:00:00Z
0.0362974776081342;0.0031733422389526;0.001738644837473;0.0;68.03548333333333;2022-03-26T23:00:00Z
0.0408333738008588;0.0037608636420043;0.0020806772349711;0.0;28.583666666666662;2022-03-27T00:00:00Z
0.0453695014333529;0.0044133409353612;0.0023260194913204;0.0;29.05005;2022-03-27T01:00:00Z
0.0495974932754616;0.0049610206452281;0.0025706613556509;0.0;27.65005;2022-03-27T02:00:00Z
0.0531979666185157;0.0055322801320548;0.0027829909429643;0.0;28.816683333333334;2022-03-27T03:00:00Z
0.0559772557956359;0.0059515820002424;0.0029740260257294;0.0;30.683466666666668;2022-03-27T04:00:00Z
0.0577339506888667;0.0062662449277471;0.003088887279776;0.0;29.866933333333332;2022-03-27T05:00:00Z
0.0583145362765136;0.0063671457901729;0.0031160057782346;0.0;19.251116666666668;2022-03-27T06:00:00Z
0.0577498344677593;0.0060162111787986;0.0031040855091785;20.119;14.050516666666663;2022-03-27T07:00:00Z
0.0559979575725268;0.0059801541303357;0.0029614801796613;0.1199999999999999;66.50018333333334;2022-03-27T08:00:00Z
0.0531850972253663;0.0056172574750121;0.0028137130883436;5.119;60.83425;2022-03-27T09:00:00Z
0.0495890301313981;0.0049912558462595;0.0025913845301424;0.0;68.0002;2022-03-27T10:00:00Z
0.0453492517773746;0.0044307058154618;0.0023195302124382;0.0;70.0;2022-03-27T11:00:00Z
0.0408262605366535;0.0036747708269639;0.0020189164566661;0.0;594.6679666666668;2022-03-27T12:00:00Z
0.0363049638381332;0.0032290874757108;0.0017330949921417;0.0;64.6682;2022-03-27T13:00:00Z
0.0320812445182886;0.0024165734161425;0.0014984172497003;0.0;70.001;2022-03-27T14:00:00Z
0.0284465707249554;0.001891745090347;0.0012250253438221;0.0;66.668;2022-03-27T15:00:00Z
0.0256795809834761;0.0016310231211258;0.0011054448176837;0.0;24.00176666666667;2022-03-27T16:00:00Z
0.0239342220853307;0.0011673390019655;0.0009378257332503;0.0;52.00118333333334;2022-03-27T17:00:00Z
0.0233385963866845;0.00114195565822;0.0009571108177576;0.0;80.03338333333333;2022-03-27T18:00:00Z
0.0239320156344874;0.0013711037614864;0.000977340416667;0.0;37.050916666666666;2022-03-27T19:00:00Z
0.0256818134714912;0.0015192619863531;0.0010800915570984;0.0;43.75141666666667;2022-03-27T20:00:00Z
0.0284398685075203;0.0020018792818571;0.0012863978494112;0.0;62.21755;2022-03-27T21:00:00Z
0.0320783036589912;0.0025140029169064;0.0014920049488466;0.0;80.55199999999998;2022-03-27T22:00:00Z
0.0362943864543436;0.0029908725947186;0.0017304766379119;0.0;451.63455;2022-03-27T23:00:00Z
0.0408449519275757;0.0036007899353957;0.0020198571586933;0.0;26.48355;2022-03-28T00:00:00Z
0.0453670560184832;0.0044915876531629;0.0023053158773468;0.0;37.9168;2022-03-28T01:00:00Z
0.0495955142041669;0.0050517906035132;0.0025810964873973;0.0;34.416716666666666;2022-03-28T02:00:00Z
0.0532109945828817;0.0055313633791942;0.0028172719191097;0.0;36.16668333333333;2022-03-28T03:00:00Z
0.0560002964711378;0.0060526786431867;0.0030149730839778;0.0;28.23333333333333;2022-03-28T04:00:00Z
0.0577272149451412;0.0062644447914196;0.0031022527917412;0.0;52.60041666666666;2022-03-28T05:00:00Z
0.0583417083739267;0.0064090739916139;0.0030996082163337;0.0;55.6176;2022-03-28T06:00:00Z
0.0577347611369596;0.0062270878369744;0.0030621614139915;0.1199999999999999;70.88375;2022-03-28T07:00:00Z
0.0559874661155399;0.0057431221166866;0.0029616495398916;0.1199999999999999;65.6671;2022-03-28T08:00:00Z
0.0532111169433714;0.0055521771798035;0.0028338041351239;25.118;65.6671;2022-03-28T09:00:00Z
0.0495890836555183;0.0048910691279188;0.0025731036553629;0.0;69.3334;2022-03-28T10:00:00Z
0.0453646704431009;0.0043663445007342;0.0022944758944478;0.0;66.66706666666667;2022-03-28T11:00:00Z
0.0408391028820015;0.0035991834643896;0.0019743059102796;0.0;64.83485;2022-03-28T12:00:00Z
0.0363092855338006;0.0031253147531924;0.0017830430902114;0.0;67.6679;2022-03-28T13:00:00Z
0.0320783381376369;0.0022645123718962;0.0014683870760574;0.0;551.8340000000001;2022-03-28T14:00:00Z
0.0284653095353864;0.0019880353355502;0.0012717216164851;0.0;70.001;2022-03-28T15:00:00Z
0.0256590702233856;0.0016272617277979;0.0010883986352178;0.0;54.001266666666666;2022-03-28T16:00:00Z
0.0239174264926654;0.0013595154712102;0.001015626962984;0.0;560.0013333333333;2022-03-28T17:00:00Z
0.0233235101890087;0.0012238817511381;0.0009622931287923;0.0;73.48383333333331;2022-03-28T18:00:00Z
0.0239358480918158;0.0012916163681513;0.0010205072366263;0.0;77.81753333333333;2022-03-28T19:00:00Z
0.0256995454059723;0.0014505062360175;0.0010701500974457;0.0;48.3677;2022-03-28T20:00:00Z
0.0284505378975058;0.0019964276238014;0.0012242914667002;0.0;33.267916666666665;2022-03-28T21:00:00Z
0.0320950328059279;0.0024188451285638;0.0014835514162788;0.0;23.402833333333334;2022-03-28T22:00:00Z
0.0363021637382752;0.0031512529919207;0.0017274544825317;0.0;19.453166666666668;2022-03-28T23:00:00Z
0.0408279917657033;0.0035779792459806;0.0020104313607839;0.0;28.350283333333334;2022-03-29T00:00:00Z
0.0453870973843992;0.0044848574860867;0.0023425224449472;0.0;31.2668;2022-03-29T01:00:00Z
0.0495876352917891;0.0049612587503564;0.002560649852094;0.0;28.46713333333333;2022-03-29T02:00:00Z
0.0532163126612426;0.0055115334555431;0.0027769393933115;0.0;29.283666666666665;2022-03-29T03:00:00Z
0.0559644190216227;0.005897809565442;0.0029757932523467;0.0;40.133333333333326;2022-03-29T04:00:00Z
0.0577520124879153;0.0061908326850566;0.0030725581349132;0.0;33.71725;2022-03-29T05:00:00Z
0.0583382593095913;0.0061580684708282;0.0031385592522434;0.0;23.10143333333333;2022-03-29T06:00:00Z
0.0577310587365845;0.0059776021290877;0.0030973085182258;0.1199999999999999;16.517850000000003;2022-03-29T07:00:00Z
0.0560152195162033;0.0058178925989041;0.0029813790079109;20.119;60.000816666666665;2022-03-29T08:00:00Z
0.0531816210079524;0.0053761931669325;0.0027731294987137;5.118999999999999;60.001;2022-03-29T09:00:00Z
0.049587598477742;0.0047375512734159;0.0025666648252041;0.0;63.6673;2022-03-29T10:00:00Z
0.0453625540802458;0.0042037258605817;0.0023412102900709;0.0;62.0008;2022-03-29T11:00:00Z
0.0408333695910859;0.0036617912105815;0.0020642550064697;0.0;67.83441666666667;2022-03-29T12:00:00Z
0.0362932935948171;0.0030641019067072;0.0017422293283557;0.0;59.0016;2022-03-29T13:00:00Z
0.0320684260489456;0.0024865652032279;0.0015121036372248;0.0;253.00191666666663;2022-03-29T14:00:00Z
0.0284667174712676;0.0020718353796609;0.0012439984235097;0.0;517.0008499999999;2022-03-29T15:00:00Z
0.0256749731483313;0.001534519100604;0.0010688894303157;0.0;70.001;2022-03-29T16:00:00Z
0.0239342802303473;0.0011353232115502;0.000980691668818;0.0;394.25073333333336;2022-03-29T17:00:00Z
0.0233252347123711;0.0013255818674467;0.0009268773381231;0.0;91.00040000000001;2022-03-29T18:00:00Z
0.0239374303167553;0.001394001901434;0.0009954104602845;0.0;91.0;2022-03-29T19:00:00Z
0.025667849411093;0.0015143851648258;0.001113623253451;0.0;59.01728333333333;2022-03-29T20:00:00Z
0.0284578104147996;0.0020991059411427;0.0013037620954461;0.0;29.48443333333333;2022-03-29T21:00:00Z
0.032062708735681;0.0025437240259426;0.0014793477573054;0.0;26.26905;2022-03-29T22:00:00Z
0.036329977626138;0.003153672000471;0.001754370541279;0.0;15.002183333333331;2022-03-29T23:00:00Z
0.040827191781357;0.0033948873358792;0.0020363673538814;0.0;31.73385;2022-03-30T00:00:00Z
0.0453803809653856;0.0044748546396926;0.0023020168570137;0.0;26.60023333333333;2022-03-30T01:00:00Z
0.0495931635956845;0.0049616872655884;0.0026005434482626;0.0;28.0;2022-03-30T02:00:00Z
0.0531952282650671;0.0055020769665214;0.0027790040947589;0.0;28.0;2022-03-30T03:00:00Z
0.055982408523788;0.0058516545571433;0.002976222903808;0.0;26.6002;2022-03-30T04:00:00Z
0.057760886115459;0.0061812734051311;0.0030727728420186;0.0;26.01703333333333;2022-03-30T05:00:00Z
0.0583283456295185;0.0062004620084029;0.0031145868864082;0.0;38.517666666666656;2022-03-30T06:00:00Z
0.0577340828335175;0.006235359357734;0.0030751187317715;5.119;7.234516666666666;2022-03-30T07:00:00Z
0.0559841501590084;0.0058507908850556;0.0029572827440817;20.119;51.16705;2022-03-30T08:00:00Z
0.053227478453774;0.0056750659651029;0.0028121224588382;0.1199999999999999;70.0;2022-03-30T09:00:00Z
0.0495733695786462;0.0050437067637346;0.0025699022329243;0.0;70.0;2022-03-30T10:00:00Z
0.0453598887705867;0.0044430423375183;0.0023194304644164;0.0;39.83435;2022-03-30T11:00:00Z
0.0408351371646412;0.0038538271453568;0.0020382593932374;0.0;23.6681;2022-03-30T12:00:00Z
0.0362988256252786;0.0029446231953922;0.0017628611833127;0.0;201.33501666666663;2022-03-30T13:00:00Z
0.032071114679646;0.0026617906423695;0.0014753383296673;0.0;788.0007833333332;2022-03-30T14:00:00Z
0.0284577017880507;0.0020696427903737;0.0012178473115731;0.0;119.1677;2022-03-30T15:00:00Z
0.0256626929802263;0.0015037981374465;0.0011165614435055;0.0;60.002;2022-03-30T16:00:00Z
0.0239216671400228;0.0013005946921623;0.0009575637512058;0.0;71.56781666666666;2022-03-30T17:00:00Z
0.0233415698465542;0.0011414649920728;0.0009523603465002;0.0;84.234;2022-03-30T18:00:00Z
0.0239316492624958;0.0013347166734514;0.0009421790455583;0.0;86.56701666666666;2022-03-30T19:00:00Z
0.025670176185587;0.0015069249785606;0.0010960677067026;0.0;83.7671;2022-03-30T20:00:00Z
0.0284556377038365;0.0019106514174403;0.001254322248946;0.0;66.0672;2022-03-30T21:00:00Z
0.0321025343780124;0.0024870803993316;0.0014952863237425;0.0;22.23603333333333;2022-03-30T22:00:00Z
0.0363144469965987;0.0031704562937603;0.0017693706639404;0.0;8.284966666666666;2022-03-30T23:00:00Z
0.0408261480283212;0.0038363908138831;0.0020044341454448;0.0;26.7168;2022-03-31T00:00:00Z
0.0453629155216555;0.0044074750179275;0.0023271483451719;0.0;34.88336666666667;2022-03-31T01:00:00Z
0.0496027279695359;0.0049474997063366;0.0025725273104022;0.0;33.71686666666667;2022-03-31T02:00:00Z
0.0531739538409116;0.0053687098267582;0.0028155365338615;0.0;41.41668333333333;2022-03-31T03:00:00Z
0.0559810392959008;0.0057955090337469;0.0029602208611207;0.0;41.066733333333325;2022-03-31T04:00:00Z
0.0577398384022777;0.0062484112470897;0.0031117977541236;0.0;39.9003;2022-03-31T05:00:00Z
0.0583437085405594;0.0062087151387049;0.0031335696554926;0.0;76.51701666666665;2022-03-31T06:00:00Z
0.0577471447521585;0.0061500139727001;0.0030927289018551;0.1199999999999999;63.883533333333325;2022-03-31T07:00:00Z
0.0559897424047406;0.0061196610603387;0.0029632719744031;5.119;56.000316666666656;2022-03-31T08:00:00Z
0.0532171772498704;0.0056960642248938;0.002805452564359;20.119;67.3336;2022-03-31T09:00:00Z
0.0495826049363773;0.0049989348953271;0.0025741320234788;0.0;68.3335;2022-03-31T10:00:00Z
0.045365787412874;0.0042087764966825;0.0023000453286442;0.0;59.33415;2022-03-31T11:00:00Z
0.0408395258962316;0.0037470873819552;0.0020605697217834;0.0;49.00096666666667;2022-03-31T12:00:00Z
0.0363119215120575;0.0031636490513727;0.0017235694936537;0.0;103.66815;2022-03-31T13:00:00Z
0.0320968013254885;0.0025093737570257;0.0014698846030436;0.0;54.168;2022-03-31T14:00:00Z
0.028456466513134;0.0019522861088586;0.0012703964243679;0.0;37.668233333333326;2022-03-31T15:00:00Z
0.0256844065815924;0.0014937731971153;0.0010524957622979;0.0;100.6682;2022-03-31T16:00:00Z
0.0239311163155509;0.0013498376489851;0.0009682804244878;0.0;573.6673333333333;2022-03-31T17:00:00Z
0.0233406596242224;0.0013619787673499;0.0009271646676162;0.0;82.95003333333332;2022-03-31T18:00:00Z
0.0239410161639699;0.0012889611404869;0.0009726978315773;0.0;74.0004;2022-03-31T19:00:00Z
0.0256972293211124;0.0014940560470492;0.0011124134928119;0.0;83.70015;2022-03-31T20:00:00Z
0.0284710895107641;0.0020021436891065;0.0012845331906491;0.0;61.38393333333333;2022-03-31T21:00:00Z
0.0321007036581319;0.0025266369951344;0.0014642994518107;0.0;72.33501666666666;2022-03-31T22:00:00Z
0.0362919322931866;0.0030333525807258;0.0017234761024663;0.0;211.9178833333333;2022-03-31T23:00:00Z
0.0408486332081696;0.0038469727269016;0.002067346045568;0.0;0.0;2022-04-01T00:00:00Z
0.0453591790752083;0.0042780261832739;0.0023325344852949;0.0;0.0;2022-04-01T01:00:00Z
0.0495819116396505;0.0051212697227251;0.0025785188292725;0.0;0.0;2022-04-01T02:00:00Z
0.0532075536344014;0.0054805790992667;0.0027930772012792;0.0;0.0;2022-04-01T03:00:00Z
0.0559966411450335;0.0057553540077388;0.0029727288198482;0.0;0.0;2022-04-01T04:00:00Z
0.0577262196256483;0.0059355644623688;0.0030856409744134;0.0;0.0;2022-04-01T05:00:00Z
0.0583126354700753;0.006496122258144;0.0031095570758888;0.0;0.0;2022-04-01T06:00:00Z
0.0577308995373233;0.0061257065442669;0.0030631016255532;0.1199999999999999;0.0;2022-04-01T07:00:00Z
0.0559772902159739;0.0059328522596804;0.0029680412767778;20.119;0.0;2022-04-01T08:00:00Z
0.0532191325360004;0.0055153419320648;0.0027510123180345;5.119;0.0;2022-04-01T09:00:00Z
0.0495834587388255;0.0050815125123215;0.0025623678364939;0.0;0.0;2022-04-01T10:00:00Z
0.0453570824055028;0.0043045666470152;0.0023163755067594;0.0;0.0;2022-04-01T11:00:00Z
0.0408353813711309;0.0037818689277327;0.0020645212433095;0.0;0.0;2022-04-01T12:00:00Z
0.0363103132186233;0.0031599010344432;0.001702155202045;0.0;0.0;2022-04-01T13:00:00Z
0.0320665216482988;0.0024628944882371;0.0014848713669563;0.0;0.0;2022-04-01T14:00:00Z
0.0284474741567666;0.001918995052453;0.0012574931741613;0.0;0.0;2022-04-01T15:00:00Z
0.0256774066981791;0.0015738796944649;0.0010893052163424;0.0;0.0;2022-04-01T16:00:00Z
0.0239198611964067;0.0013340798997464;0.000987344080217;0.0;0.0;2022-04-01T17:00:00Z
0.023333383413841;0.0012102659915118;0.0009737404781907;0.0;0.0;2022-04-01T18:00:00Z
0.0239380799132391;0.0012517483770611;0.0009506223950727;0.0;0.0;2022-04-01T19:00:00Z
0.0256772461837315;0.0017011332518496;0.0010684273121832;0.0;0.0;2022-04-01T20:00:00Z
0.028454135476615;0.0019034317818972;0.0012616253834915;0.0;0.0;2022-04-01T21:00:00Z
0.0320730390882184;0.0025131405834708;0.0015098151681359;0.0;0.0;2022-04-01T22:00:00Z
0.0363061480512049;0.0030412270660768;0.0017466862172602;0.0;0.0;2022-04-01T23:00:00Z
0.0408325275907189;0.0036945146198377;0.0020186201826367;0.0;21.000216666666663;2022-04-02T00:00:00Z
0.0453563406063619;0.0043240915596836;0.0023362113600988;0.0;30.800033333333328;2022-04-02T01:00:00Z
0.0495691086552626;0.0050964991806217;0.0025624458261486;0.0;24.967116666666666;2022-04-02T02:00:00Z
0.0531968324829201;0.0056614095943124;0.002822587544284;0.0;27.18365;2022-04-02T03:00:00Z
0.0559848616635438;0.0057764205402264;0.0030016714708556;0.0;31.38345;2022-04-02T04:00:00Z
0.0577378751332522;0.0060948600426806;0.0030840077304087;0.0;41.08371666666667;2022-04-02T05:00:00Z
0.0583222656089689;0.006280540863934;0.0031153815564577;0.0;86.51716666666665;2022-04-02T06:00:00Z
0.0577256355466093;0.0061738718823447;0.0030769241734932;0.1199999999999999;56.10043333333333;2022-04-02T07:00:00Z
0.0560114100937868;0.0060425822427607;0.0029816477339119;25.118;65.16715;2022-04-02T08:00:00Z
0.053225943953498;0.0056193472884039;0.0027862967308843;0.1199999999999999;27.00113333333333;2022-04-02T09:00:00Z
0.0495841717469675;0.0050206234877601;0.002606486848824;0.0;58.833533333333335;2022-04-02T10:00:00Z
0.0453466558622464;0.0043916038869279;0.0023156659025067;0.0;54.66728333333334;2022-04-02T11:00:00Z
0.0408349960222328;0.0036538631702228;0.0020294698274939;0.0;340.33506666666665;2022-04-02T12:00:00Z
0.0362975150487488;0.0031439861570883;0.0017469494840704;0.0;98.16845;2022-04-02T13:00:00Z
0.0320848293131947;0.0023926531397115;0.001485098660244;0.0;159.83531666666664;2022-04-02T14:00:00Z
0.0284565296100475;0.0021027829857671;0.0012544137806901;0.0;39.00151666666667;2022-04-02T15:00:00Z
0.0256678368289308;0.0015625194597825;0.0010859421659056;0.0;736.6669999999998;2022-04-02T16:00:00Z
0.023919313353087;0.0013582856609898;0.0009832253051434;0.0;39.401333333333326;2022-04-02T17:00:00Z
0.0233287256880692;0.0010640234709529;0.0009180704341921;0.0;79.7172;2022-04-02T18:00:00Z
0.0239294765125626;0.0014578048151853;0.0009688881098226;0.0;81.08408333333331;2022-04-02T19:00:00Z
0.0256690228742375;0.0016146419613782;0.001101323366635;0.0;82.58401666666667;2022-04-02T20:00:00Z
0.0284558133513389;0.00189985111411;0.0012904562137509;0.0;66.30071666666667;2022-04-02T21:00:00Z
0.0320649727179891;0.0024917940154695;0.0014917679897853;0.0;45.50176666666666;2022-04-02T22:00:00Z
0.0362794043186994;0.0030701190991619;0.0017350950670311;0.0;10.151583333333331;2022-04-02T23:00:00Z
0.0408289416910766;0.0036498251938438;0.0020609132071555;0.0;35.466883333333335;2022-04-03T00:00:00Z
0.0453614118081954;0.0043888439982654;0.0023286333020888;0.0;35.4668;2022-04-03T01:00:00Z
0.0495810928487831;0.0049554697259362;0.0025822290716556;0.0;34.5334;2022-04-03T02:00:00Z
0.0532134838245449;0.0055544557131322;0.0028330610740124;0.0;33.8334;2022-04-03T03:00:00Z
0.0559900158292762;0.0058744784427032;0.0029429102608813;0.0;29.2835;2022-04-03T04:00:00Z
0.0577186965802315;0.0063175308614967;0.003115596840948;0.0;37.566783333333326;2022-04-03T05:00:00Z
0.0583337847366928;0.0061876075319059;0.0031068010355634;0.0;29.8669;2022-04-03T06:00:00Z
0.0577450287567006;0.0060900492450426;0.0030960321097326;20.119;4.43425;2022-04-03T07:00:00Z
0.0559985377694909;0.0058179828343692;0.0029820557445949;0.1199999999999999;6.001366666666667;2022-04-03T08:00:00Z
0.0532287783726783;0.0054506087153662;0.0028055405745802;5.119;67.00005;2022-04-03T09:00:00Z
0.0495723011012926;0.0049259413320469;0.0025796909355089;0.0;68.50015;2022-04-03T10:00:00Z
0.045352571064225;0.0043947768302322;0.0023135528682115;0.0;64.16725;2022-04-03T11:00:00Z
0.0408346896290583;0.0037651420436954;0.0020052011803851;0.0;93.66805;2022-04-03T12:00:00Z
0.0363117011216164;0.0030148955948691;0.0017194163377364;0.0;68.50115;2022-04-03T13:00:00Z
0.0320846826699547;0.0024775939344985;0.0014938964898434;0.0;362.6681;2022-04-03T14:00:00Z
0.0284552236702768;0.0020439368824327;0.0012262569850232;0.0;67.0013;2022-04-03T15:00:00Z
0.0256732620334146;0.0015375796701772;0.0011004850394775;0.0;748.33415;2022-04-03T16:00:00Z
0.023929917991185;0.0012530629770803;0.0009741857963645;0.0;63.0017;2022-04-03T17:00:00Z
0.0233269059807808;0.0012391081782763;0.0009256784780884;0.0;126.6505;2022-04-03T18:00:00Z
0.0239267614161339;0.0014057926990639;0.0009284233819259;0.0;48.101;2022-04-03T19:00:00Z
0.0256950806965253;0.0015081758412768;0.0010967705314348;0.0;30.7677;2022-04-03T20:00:00Z
0.0284610427752158;0.0021050600162704;0.0012373066759044;0.0;59.2678;2022-04-03T21:00:00Z
0.0321025248220422;0.0024042001211892;0.0014504022332684;0.0;74.9179;2022-04-03T22:00:00Z
0.0363149819277793;0.0030997181273375;0.0017402589335826;0.0;115.06855;2022-04-03T23:00:00Z
0.0408306359320167;0.0037283510668609;0.0020310205337628;0.0;38.267083333333325;2022-04-04T00:00:00Z
0.0453651697022372;0.0044712403723994;0.0023302036442488;0.0;41.5334;2022-04-04T01:00:00Z
0.0496114109143501;0.0048911581036378;0.0026104074947652;0.0;41.41675;2022-04-04T02:00:00Z
0.0531934551014468;0.0055945989372384;0.0027801585298393;0.0;42.81675;2022-04-04T03:00:00Z
0.0559913912003922;0.0060249485234159;0.0030105407390246;0.0;45.733383333333336;2022-04-04T04:00:00Z
0.0577399293812805;0.0062803819493347;0.0030802375383705;0.0;33.350783333333325;2022-04-04T05:00:00Z
0.0583416902848784;0.0062323796612401;0.0031316082983286;0.0;34.234449999999995;2022-04-04T06:00:00Z
0.0577391923018513;0.0061830913513975;0.0030787564692871;20.119;15.500416666666666;2022-04-04T07:00:00Z
0.0559942843003077;0.0059772625854352;0.0029900885373849;0.1199999999999999;48.00035;2022-04-04T08:00:00Z
0.0532028539699039;0.0056179876967843;0.0028367062088386;5.119;70.0;2022-04-04T09:00:00Z
0.0496066435058245;0.0047893126998223;0.002575706538549;0.0;67.50025;2022-04-04T10:00:00Z
0.0453881917034444;0.0043135456356285;0.0023032951825772;0.0;67.00058333333334;2022-04-04T11:00:00Z
0.0408343252426562;0.0037684997880364;0.0020506340581844;0.0;47.66815;2022-04-04T12:00:00Z
0.036308122250371;0.0030655194732379;0.0017519312815981;0.0;814.5007833333334;2022-04-04T13:00:00Z
0.0320633461339946;0.0023794350791525;0.0014616952128561;0.0;103.00139999999998;2022-04-04T14:00:00Z
0.0284496969582529;0.0020296632682804;0.0012746547842828;0.0;29.33515;2022-04-04T15:00:00Z
0.0256554589972264;0.0013824149856118;0.0010700962752272;0.0;45.16815;2022-04-04T16:00:00Z
0.0239024254936268;0.0011659247326058;0.000978269748739;0.0;37.90176666666667;2022-04-04T17:00:00Z
0.0233418939458213;0.0014135377005508;0.0009461340339474;0.0;76.35073333333332;2022-04-04T18:00:00Z
0.0239309836847188;0.0013830486432326;0.0009695984680372;0.0;53.9177;2022-04-04T19:00:00Z
0.0256728416172088;0.001529307427778;0.0010640495036685;0.0;62.900633333333325;2022-04-04T20:00:00Z
0.0284614376002867;0.0019869389119977;0.001267990412771;0.0;155.66795;2022-04-04T21:00:00Z
0.032079492627649;0.0023367164472808;0.0014924416735149;0.0;206.28471666666664;2022-04-04T22:00:00Z
0.0363024266377863;0.0030779378126229;0.0017376658765128;0.0;51.63535;2022-04-04T23:00:00Z
0.0408331410565329;0.0036692748745343;0.0020331155852512;0.0;28.1169;2022-04-05T00:00:00Z
0.0453701389811852;0.0044018188217965;0.0023082508158215;0.0;31.616866666666663;2022-04-05T01:00:00Z
0.0495834535192315;0.005014338763309;0.0025845545242243;0.0;27.416916666666665;2022-04-05T02:00:00Z
0.05321817385067;0.0054370145167687;0.0027636666134039;0.0;27.76685;2022-04-05T03:00:00Z
0.0559823276510136;0.0058810645381463;0.0029867238780525;0.0;32.550216666666664;2022-04-05T04:00:00Z
0.0577473070567285;0.0062366431428318;0.0030808826097985;0.0;28.00018333333333;2022-04-05T05:00:00Z
0.0583155042138356;0.006324543275642;0.0031424280561374;0.0;25.31785;2022-04-05T06:00:00Z
0.0577214598698738;0.0061101491462024;0.0030781616716617;5.119;50.15121666666667;2022-04-05T07:00:00Z
0.0560044792728984;0.0059386668677329;0.0029351769828159;0.1199999999999999;50.00116666666666;2022-04-05T08:00:00Z
0.0532092357353373;0.0055338433259259;0.0028048228751556;20.119;56.00073333333333;2022-04-05T09:00:00Z
0.0495949331114195;0.0049142063207988;0.0025481175718965;0.0;44.000433333333326;2022-04-05T10:00:00Z
0.0453718675108272;0.004448272322374;0.002350449755904;0.0;50.16745;2022-04-05T11:00:00Z
0.0408427707417926;0.003695633232869;0.0020501540642325;0.0;61.83465;2022-04-05T12:00:00Z
0.03631082753565;0.0032490351836263;0.0017648202207993;0.0;58.0012;2022-04-05T13:00:00Z
0.032065988749741;0.0025269581449699;0.0014898292620003;0.0;340.0012;2022-04-05T14:00:00Z
0.0284329821626287;0.0021128382941352;0.001251353889776;0.0;379.3344;2022-04-05T15:00:00Z
0.0256809836900565;0.0014496819591648;0.0010765693831483;0.0;232.3345;2022-04-05T16:00:00Z
0.0239257366417085;0.0012391031565379;0.0009716682890822;0.0;34.33501666666667;2022-04-05T17:00:00Z
0.0233282525729401;0.0011077676054351;0.0009540767484106;0.0;62.6843;2022-04-05T18:00:00Z
0.0239263117918615;0.0012967899057628;0.0009617278936237;0.0;82.48346666666667;2022-04-05T19:00:00Z
0.0256823306662013;0.0014788568103577;0.0010709364612291;0.0;80.16675;2022-04-05T20:00:00Z
0.0284613794110337;0.0020617360681436;0.0012408057829572;0.0;86.18341666666667;2022-04-05T21:00:00Z
0.0321099030412042;0.002609197435178;0.0014894030400377;0.0;269.5678;2022-04-05T22:00:00Z
0.0363004074620916;0.0030579954461343;0.0017727949427276;0.0;44.4522;2022-04-05T23:00:00Z
0.0408259050792243;0.0037350972384256;0.0020495060904011;0.0;31.500216666666663;2022-04-06T00:00:00Z
0.0453638375034375;0.0043098074072296;0.0023069124406241;0.0;30.800166666666662;2022-04-06T01:00:00Z
0.0495708891585806;0.0048098860553615;0.0025854149876689;0.0;37.8003;2022-04-06T02:00:00Z
0.0532178100106472;0.0056069426224516;0.0028018423214355;0.0;36.40005;2022-04-06T03:00:00Z
0.0559929869096577;0.0059091128371022;0.0029894867403461;0.0;33.6002;2022-04-06T04:00:00Z
0.0577597662963611;0.005974508145386;0.0030542369113704;0.0;30.21698333333333;2022-04-06T05:00:00Z
0.0583414832268094;0.0062189511057036;0.003101712089723;0.0;20.650183333333327;2022-04-06T06:00:00Z
0.0577332593751729;0.0061309433795169;0.0030913991362457;25.118;6.65005;2022-04-06T07:00:00Z
0.0559944572289889;0.005802477530272;0.0030035704765652;0.1199999999999999;49.83365;2022-04-06T08:00:00Z
0.0531990309774086;0.0057286683776497;0.0028040065513211;0.1199999999999999;66.00015;2022-04-06T09:00:00Z
0.0495838445422527;0.0048743644650582;0.0025601181894372;0.0;57.00021666666667;2022-04-06T10:00:00Z
0.0453642612983911;0.0045475397021694;0.0023123962233826;0.0;22.66765;2022-04-06T11:00:00Z
0.0408346807098501;0.0038009457243744;0.0020464383096981;0.0;146.33516666666668;2022-04-06T12:00:00Z
0.0362850405621621;0.0030892862095583;0.0017770002522044;0.0;44.50155;2022-04-06T13:00:00Z
0.0320980223857045;0.0027311667895059;0.0014957647054646;0.0;65.33493333333334;2022-04-06T14:00:00Z
0.0284453204937711;0.00199349071819;0.0012030636869875;0.0;294.33425;2022-04-06T15:00:00Z
0.0256802115002734;0.0015364803843938;0.0010534519538143;0.0;453.33395;2022-04-06T16:00:00Z
0.0239366034948898;0.0012547073757767;0.0009684955693395;0.0;107.85128333333331;2022-04-06T17:00:00Z
0.0233246728137227;0.0013723367893373;0.0009579538565824;0.0;76.45078333333333;2022-04-06T18:00:00Z
0.023939722452398;0.0012107421635295;0.0009450592526653;0.0;93.58338333333332;2022-04-06T19:00:00Z
0.0256756936112872;0.0016045538138999;0.0011022707346093;0.0;94.50001666666665;2022-04-06T20:00:00Z
0.0284634346744115;0.0020934543441554;0.0012313728887405;0.0;75.25064999999998;2022-04-06T21:00:00Z
0.0320814101871384;0.002504925761421;0.0014799678088816;0.0;208.93448333333328;2022-04-06T22:00:00Z
0.0362984996104165;0.0030027167696768;0.0017390147268019;0.0;38.48513333333333;2022-04-06T23:00:00Z
0.0408342024812638;0.0036992148171104;0.0020259499779216;0.0;22.9836;2022-04-07T00:00:00Z
0.0453732618943913;0.0043704090027093;0.002319928781989;0.0;30.917483333333333;2022-04-07T01:00:00Z
0.0495803513337984;0.0050391421907535;0.0025818879344117;0.0;32.66746666666667;2022-04-07T02:00:00Z
0.0531956280309368;0.0053922270092537;0.002804886755987;0.0;35.583433333333325;2022-04-07T03:00:00Z
0.0559905776939405;0.0058431450224369;0.0029855611754989;0.0;33.833416666666665;2022-04-07T04:00:00Z
0.0577404044160954;0.0061886439566488;0.0030939397520084;0.0;34.3001;2022-04-07T05:00:00Z
0.0583209773219987;0.0061165522394047;0.0031457894279526;0.0;25.7838;2022-04-07T06:00:00Z
0.0577539275362822;0.0060415909217026;0.0030809638744978;0.1199999999999999;47.91771666666667;2022-04-07T07:00:00Z
0.0559844808700338;0.0059301654253658;0.0030045230094392;20.119;66.00006666666667;2022-04-07T08:00:00Z
0.0532162962555331;0.0055060225631292;0.0028053026013413;5.119;45.000416666666666;2022-04-07T09:00:00Z
0.0495831003570544;0.0049791881997495;0.0025788164631473;0.0;67.16678333333334;2022-04-07T10:00:00Z
0.0453600744203416;0.0044029362917162;0.0023430323564729;0.0;67.3336;2022-04-07T11:00:00Z
0.0408428161724229;0.0039046166275151;0.0020308690079891;0.0;68.16741666666667;2022-04-07T12:00:00Z
0.036293277969692;0.003097573919907;0.00177966080693;0.0;53.50173333333333;2022-04-07T13:00:00Z
0.0320885491210214;0.0025909712411033;0.0014836405131962;0.0;69.0011;2022-04-07T14:00:00Z
0.0284645826031556;0.0020285659907653;0.0012550932378532;0.0;249.3342166666667;2022-04-07T15:00:00Z
0.0256827694701156;0.0014937130443669;0.0010795956082862;0.0;43.00145;2022-04-07T16:00:00Z
0.0239307973848541;0.0013448968192289;0.0009657598390434;0.0;160.45091666666667;2022-04-07T17:00:00Z
0.0233302280200277;0.0012201101456346;0.0008959993535164;0.0;86.20003333333332;2022-04-07T18:00:00Z
0.0239307348494734;0.0014233706174406;0.0010076067087649;0.0;80.6843;2022-04-07T19:00:00Z
0.0256872022108451;0.0017093292571429;0.0010978305514486;0.0;84.56706666666668;2022-04-07T20:00:00Z
0.0284572596042311;0.0018862959764779;0.0012602530906416;0.0;83.80071666666667;2022-04-07T21:00:00Z
0.0320592332982819;0.0025236624218083;0.001478100279197;0.0;680.4339833333332;2022-04-07T22:00:00Z
0.0362912053892402;0.002898205863113;0.0017403750466543;0.0;261.501;2022-04-07T23:00:00Z
0.0408320253087218;0.003735474343151;0.0020329558079844;0.0;0.0;2022-04-08T00:00:00Z
0.045364692673578;0.004560089760678;0.0023212059812221;0.0;0.0;2022-04-08T01:00:00Z
0.0495971931209449;0.0049702060185192;0.0025631336986198;0.0;0.0;2022-04-08T02:00:00Z
0.0532126179441965;0.0057936914533569;0.0028259079697026;0.0;0.0;2022-04-08T03:00:00Z
0.055977206980256;0.005826759117529;0.0029626662268753;0.0;0.0;2022-04-08T04:00:00Z
0.0577265106464758;0.0062978604362528;0.0030918821469963;0.0;0.0;2022-04-08T05:00:00Z
0.0583365040779163;0.0063685660149947;0.0031234479751749;0.0;0.0;2022-04-08T06:00:00Z
0.0577289824808639;0.0062003952652732;0.0030859345527083;20.119;0.0;2022-04-08T07:00:00Z
0.0559900513317246;0.0058637341086211;0.0029400340988604;0.1199999999999999;0.0;2022-04-08T08:00:00Z
0.0532158502927696;0.0057506970105281;0.0028115043560958;5.119;0.0;2022-04-08T09:00:00Z
0.0495748800800912;0.0051127658885668;0.0026133046928438;0.0;0.0;2022-04-08T10:00:00Z
0.0453640611502679;0.004429773748063;0.0023368080638424;0.0;0.0;2022-04-08T11:00:00Z
0.0408418574667703;0.0038008337697348;0.0020264190251641;0.0;0.0;2022-04-08T12:00:00Z
0.0363110317864585;0.0031092973647246;0.001740773895522;0.0;0.0;2022-04-08T13:00:00Z
0.0320736999678874;0.0023683067674642;0.0014843397626696;0.0;0.0;2022-04-08T14:00:00Z
0.028459771168551;0.0018645711342818;0.0012654937519389;0.0;0.0;2022-04-08T15:00:00Z
0.0256592743053596;0.0017227193495258;0.0010765900039441;0.0;0.0;2022-04-08T16:00:00Z
0.0239490591275434;0.0013245113196764;0.0009798613638223;0.0;0.0;2022-04-08T17:00:00Z
0.0233221899535207;0.0013226296188844;0.0009824675688535;0.0;0.0;2022-04-08T18:00:00Z
0.0239286426383274;0.0012359466016906;0.000925195270686;0.0;0.0;2022-04-08T19:00:00Z
0.0256787237904698;0.0015966690817315;0.0011127321275458;0.0;0.0;2022-04-08T20:00:00Z
0.0284517814205053;0.0019786905753548;0.0011981002404108;0.0;0.0;2022-04-08T21:00:00Z
0.0320556651603577;0.0024868437691137;0.0014518219629464;0.0;0.0;2022-04-08T22:00:00Z
0.0362971999664666;0.0030446143752715;0.0017294103312662;0.0;0.0;2022-04-08T23:00:00Z
0.0408317480173918;0.0038453473853218;0.0020411747740849;0.0;30.216883333333328;2022-04-09T00:00:00Z
0.0453807144182407;0.0044582139076127;0.0023225381397762;0.0;36.16683333333333;2022-04-09T01:00:00Z
0.049575803037422;0.0050986268692477;0.0025449675748191;0.0;32.43355;2022-04-09T02:00:00Z
0.0531934290401474;0.0056177594046952;0.0028272001537617;0.0;37.566766666666666;2022-04-09T03:00:00Z
0.0559807959615211;0.0059410093440741;0.0029865937148361;0.0;35.000033333333334;2022-04-09T04:00:00Z
0.0577289276750655;0.0063787898051806;0.0030980739436223;0.0;32.434066666666666;2022-04-09T05:00:00Z
0.0583260009715006;0.0060873683468165;0.0031481382291482;0.0;88.63431666666665;2022-04-09T06:00:00Z
0.0577257062703089;0.0062430829170387;0.0030957961161663;20.119;72.0175;2022-04-09T07:00:00Z
0.0559812392874732;0.0058368600523793;0.0029845808167754;0.1199999999999999;24.33473333333333;2022-04-09T08:00:00Z
0.053205315655627;0.0055324014677187;0.0028081847924503;5.119;13.834783333333332;2022-04-09T09:00:00Z
0.0495876895571128;0.0049766903560072;0.0025859137645065;0.0;70.0;2022-04-09T10:00:00Z
0.0453725288385751;0.0042631823779511;0.0023475399614492;0.0;70.00016666666667;2022-04-09T11:00:00Z
0.040835957585537;0.0038365085122098;0.0020202981433615;0.0;883.6668999999998;2022-04-09T12:00:00Z
0.036306491323942;0.0030607649097695;0.0017306597623157;0.0;325.6687;2022-04-09T13:00:00Z
0.0320564473919384;0.0023926895300215;0.0015194554796714;0.0;4.835850000000001;2022-04-09T14:00:00Z
0.0284590955550119;0.0019799785587835;0.0012383827133318;0.0;7.335600000000001;2022-04-09T15:00:00Z
0.0256731803768754;0.0015128706354903;0.0010550250749379;0.0;77.6678;2022-04-09T16:00:00Z
0.0239115194321592;0.001366476821181;0.0009658472557959;0.0;73.28461666666665;2022-04-09T17:00:00Z
0.0233379822100496;0.0010428222671395;0.0009370092394287;0.0;82.05053333333333;2022-04-09T18:00:00Z
0.023939312198457;0.0012628055332657;0.0009934734630684;0.0;81.001;2022-04-09T19:00:00Z
0.0256763976730852;0.001524988837426;0.0010720195145851;0.0;80.1178;2022-04-09T20:00:00Z
0.0284554744516299;0.0018915617171659;0.0012671551942127;0.0;77.88358333333333;2022-04-09T21:00:00Z
0.0320813405186638;0.002660106053297;0.0015002789255656;0.0;39.768716666666656;2022-04-09T22:00:00Z
0.0362904698428543;0.0031884555678302;0.00172630174414;0.0;16.035533333333333;2022-04-09T23:00:00Z
0.0408218898913815;0.0037793288081067;0.002065524819316;0.0;31.85015;2022-04-10T00:00:00Z
0.0453574696068362;0.0042243667404185;0.0023115291097565;0.0;29.983416666666663;2022-04-10T01:00:00Z
0.0495820696099284;0.0050912411892769;0.0025738164141533;0.0;28.93348333333333;2022-04-10T02:00:00Z
0.0532128014181802;0.0055285005906602;0.0028394325557944;0.0;32.90018333333333;2022-04-10T03:00:00Z
0.0559784593317631;0.0059040020974564;0.0029634877759587;0.0;28.116666666666667;2022-04-10T04:00:00Z
0.0577357040911232;0.0061055474503811;0.0030644355777146;0.0;29.866766666666663;2022-04-10T05:00:00Z
0.0583275587447777;0.0061786459127096;0.0031387309994151;0.0;18.167416666666668;2022-04-10T06:00:00Z
0.0577414702950654;0.0062972863807635;0.0031070539937126;0.1199999999999999;10.001;2022-04-10T07:00:00Z
0.0559916738132422;0.00599653885791;0.0029696147474288;20.119;57.00021666666667;2022-04-10T08:00:00Z
0.0532033704802017;0.0055420606220682;0.0028034008534551;5.119;70.0;2022-04-10T09:00:00Z
0.0495840445288628;0.0051019398860471;0.0025636982065912;0.0;36.00056666666667;2022-04-10T10:00:00Z
0.0453405171631918;0.0044018255040911;0.0023051304519703;0.0;31.00098333333333;2022-04-10T11:00:00Z
0.0408343901084471;0.003816033237792;0.0020135190997775;0.0;895.3344166666666;2022-04-10T12:00:00Z
0.0363190192996723;0.0031393727793729;0.0017441535651233;0.0;114.00105;2022-04-10T13:00:00Z
0.0320673638902801;0.0025647890172532;0.0014613773361036;0.0;186.66755;2022-04-10T14:00:00Z
0.028454966039916;0.001871180749818;0.0012753587214219;0.0;70.001;2022-04-10T15:00:00Z
0.0256809654377196;0.0015037135624717;0.0011022429133352;0.0;62.3351;2022-04-10T16:00:00Z
0.0239357398450442;0.0014690518930929;0.0009744542122277;0.0;68.45155;2022-04-10T17:00:00Z
0.0233398217284538;0.0012244994987598;0.0009465534875897;0.0;53.1181;2022-04-10T18:00:00Z
0.0239264847332497;0.001252619619527;0.0009778722035698;0.0;70.15133333333334;2022-04-10T19:00:00Z
0.0256854444504667;0.0015672748128865;0.0010816939026878;0.0;86.28421666666665;2022-04-10T20:00:00Z
0.0284591885585;0.0022249176933796;0.0012685592481415;0.0;89.21755;2022-04-10T21:00:00Z
0.0320737367100043;0.0025539980688296;0.001496751542129;0.0;83.11825;2022-04-10T22:00:00Z
0.0363040747179467;0.0032046749214282;0.0017106428927552;0.0;10.718799999999998;2022-04-10T23:00:00Z
0.040837357820128;0.00369335745457;0.0020038994876985;0.0;38.96711666666666;2022-04-11T00:00:00Z
0.0453738596180166;0.0043930060287287;0.002325391170979;0.0;33.8334;2022-04-11T01:00:00Z
0.0495867414178408;0.0050613475508645;0.0025502705813924;0.0;33.71685;2022-04-11T02:00:00Z
0.0531988611197714;0.005430070725887;0.0028185779186532;0.0;33.4835;2022-04-11T03:00:00Z
0.0559911848413804;0.0060494928291674;0.0029692533540101;0.0;37.68348333333333;2022-04-11T04:00:00Z
0.057734702674355;0.0060239150845016;0.0030971388608782;0.0;40.4834;2022-04-11T05:00:00Z
0.0583257087922719;0.0063290210964343;0.0030962144478916;0.0;30.333916666666667;2022-04-11T06:00:00Z
0.0577319213116977;0.0061188749007685;0.0030777900767173;20.119;25.10075;2022-04-11T07:00:00Z
0.0560024386926266;0.0059672120340259;0.0029849954195154;0.1199999999999999;49.16688333333333;2022-04-11T08:00:00Z
0.0532092503900502;0.0056672321304955;0.0028017366584221;5.119;47.50066666666665;2022-04-11T09:00:00Z
0.0495812126445368;0.0049913030848357;0.0026107299925575;0.0;68.6668;2022-04-11T10:00:00Z
0.0453713684251843;0.0043603768294082;0.002301041213037;0.0;56.00023333333333;2022-04-11T11:00:00Z
0.0408420388124043;0.0037292554309351;0.0020352158348422;0.0;127.50124999999998;2022-04-11T12:00:00Z
0.0362973052115999;0.003100096588947;0.0017345487203042;0.0;736.6669999999998;2022-04-11T13:00:00Z
0.0320771066675572;0.0025480084337349;0.0014784710725971;0.0;294.33425;2022-04-11T14:00:00Z
0.0284545031553299;0.001954870008488;0.0012292202670219;0.0;65.33463333333333;2022-04-11T15:00:00Z
0.0256965554230674;0.0015407868295356;0.0010785532366054;0.0;59.6682;2022-04-11T16:00:00Z
0.0239240307118454;0.0013480273663583;0.00096208382021;0.0;87.36813333333333;2022-04-11T17:00:00Z
0.0233303746368702;0.0014077510007448;0.0009354546214372;0.0;72.91711666666666;2022-04-11T18:00:00Z
0.0239423491415157;0.0012267848018827;0.0009955058566324;0.0;52.80098333333333;2022-04-11T19:00:00Z
0.0256770196026318;0.0015758071643591;0.0010917322533074;0.0;76.50056666666667;2022-04-11T20:00:00Z
0.028455261393581;0.0019780641840463;0.0012780588699806;0.0;73.9505;2022-04-11T21:00:00Z
0.0320754088571835;0.0026419181573822;0.0015009604545616;0.0;81.45163333333333;2022-04-11T22:00:00Z
0.0362997554513909;0.0030173608844479;0.0017224374624588;0.0;60.16853333333332;2022-04-11T23:00:00Z
0.0408334912455273;0.0038456693264152;0.0020195921175285;0.0;19.250166666666665;2022-04-12T00:00:00Z
0.0453735178623669;0.0043317541997059;0.0023025959901392;0.0;44.566733333333325;2022-04-12T01:00:00Z
0.0496099387536781;0.0049853616751245;0.002584235367758;0.0;36.16686666666666;2022-04-12T02:00:00Z
0.0531974246024662;0.0055900948872715;0.0028370310764824;0.0;32.433416666666666;2022-04-12T03:00:00Z
0.056016569287661;0.0059862699582766;0.0029658217299949;0.0;33.36695;2022-04-12T04:00:00Z
0.0577321526203852;0.0060588144424429;0.0030845915235104;0.0;36.983383333333336;2022-04-12T05:00:00Z
0.0583488970845338;0.0063198791200221;0.003119853649878;0.0;27.367083333333333;2022-04-12T06:00:00Z
0.0577207057604592;0.0061999068792322;0.0030864283680126;20.119;7.950733333333335;2022-04-12T07:00:00Z
0.0559893054167879;0.0060811910757261;0.0029410278209285;5.119;23.001616666666667;2022-04-12T08:00:00Z
0.0532054868241997;0.0054794256190138;0.0027739941571717;0.1199999999999999;64.50038333333333;2022-04-12T09:00:00Z
0.0495808152778118;0.0049545560986307;0.0025582373262825;0.0;35.00058333333334;2022-04-12T10:00:00Z
0.0453610968386347;0.0045249549921425;0.0022964170710232;0.0;61.333533333333335;2022-04-12T11:00:00Z
0.040833735672693;0.0036767838760449;0.0020352805524726;0.0;32.501233333333325;2022-04-12T12:00:00Z
0.0362965373512465;0.0030818437148125;0.0017651719445064;0.0;152.00186666666667;2022-04-12T13:00:00Z
0.0320884249983333;0.0025138109394996;0.0014744335716395;0.0;560.1675666666665;2022-04-12T14:00:00Z
0.0284710532670487;0.0019445327282421;0.0012656533708222;0.0;466.3343;2022-04-12T15:00:00Z
0.0256842916988503;0.0016448049739413;0.0010674993675784;0.0;70.001;2022-04-12T16:00:00Z
0.0239413399588401;0.0013421399188595;0.0009784108551332;0.0;71.28435;2022-04-12T17:00:00Z
0.0233168191547241;0.0013374141796213;0.000931213280924;0.0;86.68398333333333;2022-04-12T18:00:00Z
0.0239500356502641;0.0012987991607566;0.0009976549420777;0.0;89.36668333333331;2022-04-12T19:00:00Z
0.0256704406598631;0.0016921414697724;0.0010599301232783;0.0;69.8837;2022-04-12T20:00:00Z
0.0284585976207045;0.0018975135285152;0.0012438434945111;0.0;74.05041666666665;2022-04-12T21:00:00Z
0.0320978435231708;0.0023511772854224;0.0014929148925519;0.0;62.002316666666665;2022-04-12T22:00:00Z
0.0363221603381409;0.0030945203379397;0.0016980965401375;0.0;27.051316666666665;2022-04-12T23:00:00Z
0.0408487117104344;0.003865970193938;0.0020304803173017;0.0;25.666933333333336;2022-04-13T00:00:00Z
0.045365878588671;0.0043557041544522;0.00232730181044;0.0;46.200166666666654;2022-04-13T01:00:00Z
0.0495934705371346;0.0049212261724371;0.0026013133686479;0.0;47.366816666666665;2022-04-13T02:00:00Z
0.053197094321277;0.0055921757372181;0.0028122058471721;0.0;48.18345;2022-04-13T03:00:00Z
0.0559849375403698;0.0059930647610874;0.0029834548038438;0.0;44.45016666666666;2022-04-13T04:00:00Z
0.057742607928782;0.0060998763375543;0.0030983747687691;0.0;37.683416666666666;2022-04-13T05:00:00Z
0.0583335959875746;0.0063543731207814;0.0031262531699655;0.0;20.416716666666662;2022-04-13T06:00:00Z
0.0577399803860215;0.0062156660806249;0.0031060134588395;0.1199999999999999;8.850566666666666;2022-04-13T07:00:00Z
0.0559864987414563;0.005905074165683;0.0029856277484712;5.119;44.6671;2022-04-13T08:00:00Z
0.0532050130462856;0.005507235967058;0.0028404040527829;20.119;49.66703333333333;2022-04-13T09:00:00Z
0.049598019241586;0.0049824921889661;0.0025893738357049;0.0;56.66708333333333;2022-04-13T10:00:00Z
0.0453735099028132;0.0042513421949671;0.0023167671870121;0.0;67.83355;2022-04-13T11:00:00Z
0.0408390306421051;0.0039323923353708;0.0020275809444843;0.0;49.66781666666667;2022-04-13T12:00:00Z
0.036289777188822;0.003033824695785;0.0017592018788187;0.0;135.66770000000002;2022-04-13T13:00:00Z
0.0320752626645439;0.0024167776666983;0.0015160719055874;0.0;33.50181666666667;2022-04-13T14:00:00Z
0.0284525042168223;0.0019209931955077;0.0012533765532549;0.0;44.00143333333333;2022-04-13T15:00:00Z
0.0256732352981497;0.0016817337321119;0.0010921244176083;0.0;35.335049999999995;2022-04-13T16:00:00Z
0.0239230732754584;0.0014880148190236;0.0009748406957043;0.0;70.001;2022-04-13T17:00:00Z
0.023312655443372;0.0013773219889301;0.0009625615180706;0.0;84.00005;2022-04-13T18:00:00Z
0.0239303073259695;0.0013329518707426;0.0009752646131979;0.0;91.01671666666665;2022-04-13T19:00:00Z
0.0256792166494735;0.001545064708766;0.0010834294586618;0.0;89.4668;2022-04-13T20:00:00Z
0.0284389145605962;0.0017424821389505;0.0012391774085583;0.0;87.31688333333332;2022-04-13T21:00:00Z
0.0320834873361759;0.0024667712392876;0.0014677860292088;0.0;836.7675166666666;2022-04-13T22:00:00Z
0.0362989954513286;0.0032523682610643;0.0017619105462029;0.0;98.91756666666669;2022-04-13T23:00:00Z
0.0408491700823349;0.0036618532986421;0.0020547210408936;0.0;18.31705;2022-04-14T00:00:00Z
0.0453585411806115;0.0044257693273276;0.0022848896475787;0.0;26.950166666666664;2022-04-14T01:00:00Z
0.0495690238562628;0.0050002455215539;0.002580323973281;0.0;28.700333333333333;2022-04-14T02:00:00Z
0.0532121880580891;0.0053640281674044;0.0028042036238005;0.0;28.116983333333334;2022-04-14T03:00:00Z
0.0559852943021345;0.0058029846170503;0.0029994304084014;0.0;26.95058333333333;2022-04-14T04:00:00Z
0.0577353464557227;0.0060885349271118;0.0030841288836404;0.0;30.683433333333333;2022-04-14T05:00:00Z
0.0583289320588102;0.0063517372145254;0.0030973584783303;0.0;18.31783333333333;2022-04-14T06:00:00Z
0.0577341596899405;0.0060686504457484;0.0030921151254379;0.1199999999999999;32.50035;2022-04-14T07:00:00Z
0.0559806561640297;0.0060806215724071;0.0029581467128434;25.118;52.0003;2022-04-14T08:00:00Z
0.0532129721614365;0.0053785681554985;0.002799720564815;0.1199999999999999;70.0;2022-04-14T09:00:00Z
0.0496035786906232;0.0050877967706353;0.0025724689135043;0.0;54.00026666666666;2022-04-14T10:00:00Z
0.0453686356465892;0.0044208265660963;0.0023488802015698;0.0;43.001;2022-04-14T11:00:00Z
0.0408139739491922;0.0036398314853057;0.0020160818797006;0.0;45.00141666666666;2022-04-14T12:00:00Z
0.0363116457484373;0.0030363226764675;0.0017723666680051;0.0;703.3336999999999;2022-04-14T13:00:00Z
0.0320859067090648;0.002456883327762;0.0015268382894185;0.0;66.16805;2022-04-14T14:00:00Z
0.0284588224881575;0.0018497490447847;0.0012588598936418;0.0;253.33415;2022-04-14T15:00:00Z
0.0256764491017581;0.0015977294483529;0.001114792867593;0.0;88.83516666666665;2022-04-14T16:00:00Z
0.0239430237031356;0.0013371763354592;0.000987821800465;0.0;60.1187;2022-04-14T17:00:00Z
0.0233386524480679;0.0011417735888434;0.0009305255547757;0.0;74.46861666666668;2022-04-14T18:00:00Z
0.0239242203166922;0.0013526915270547;0.0009582269922451;0.0;74.20125;2022-04-14T19:00:00Z
0.0256772015575045;0.0015130591428811;0.0011156537894606;0.0;86.98373333333333;2022-04-14T20:00:00Z
0.0284459050135352;0.0019830373729218;0.0012064400618142;0.0;61.03483333333333;2022-04-14T21:00:00Z
0.0320770851792228;0.0025701796460736;0.0014431990065146;0.0;78.1016;2022-04-14T22:00:00Z
0.0363233675740681;0.0029987833730848;0.0017700712243143;0.0;63.451833333333326;2022-04-14T23:00:00Z
0.040827502244606;0.0037479852997164;0.0020295570117673;0.0;0.0;2022-04-15T00:00:00Z
0.0453717996927608;0.0043068514945282;0.002331441863281;0.0;0.0;2022-04-15T01:00:00Z
0.0495805835515616;0.0052541074572261;0.0025677183921637;0.0;0.0;2022-04-15T02:00:00Z
0.0532198998757171;0.0053765649441265;0.0027995260789861;0.0;0.0;2022-04-15T03:00:00Z
0.05598211458058;0.0058004188553285;0.0030144263708582;0.0;0.0;2022-04-15T04:00:00Z
0.0577452396621959;0.0060978253007263;0.0031017390178626;0.0;0.0;2022-04-15T05:00:00Z
0.0583365744046776;0.0061674343526242;0.0031362673919511;0.0;0.0;2022-04-15T06:00:00Z
0.0577454524670236;0.0061773025047232;0.0031308648329439;20.119;0.0;2022-04-15T07:00:00Z
0.05598337220299;0.0058734410092031;0.0029364904488566;5.118999999999999;0.0;2022-04-15T08:00:00Z
0.0532217178156934;0.0055794856912309;0.0028124155196469;0.1199999999999999;0.0;2022-04-15T09:00:00Z
0.0495798651605398;0.0050382579278276;0.0025440601904783;0.0;0.0;2022-04-15T10:00:00Z
0.0453709624573012;0.0043706825208814;0.0023354726047509;0.0;0.0;2022-04-15T11:00:00Z
0.0408243186530212;0.0037783501226618;0.0020386107416847;0.0;0.0;2022-04-15T12:00:00Z
0.0363088366782267;0.0031059442993923;0.0017404639167647;0.0;0.0;2022-04-15T13:00:00Z
0.0320874635865958;0.0025034122867293;0.0014692772013942;0.0;0.0;2022-04-15T14:00:00Z
0.0284500506120815;0.0022065283762986;0.0012583525774095;0.0;0.0;2022-04-15T15:00:00Z
0.0256668523648373;0.0014202885583112;0.0010832539443917;0.0;0.0;2022-04-15T16:00:00Z
0.0239433373636145;0.0014512924338691;0.0009903841849906;0.0;0.0;2022-04-15T17:00:00Z
0.0233168770416438;0.0013806522420178;0.000935784276242;0.0;0.0;2022-04-15T18:00:00Z
0.023945230952168;0.0013585462243925;0.0009871038327965;0.0;0.0;2022-04-15T19:00:00Z
0.0256757225949346;0.0016897472178939;0.0010910255240262;0.0;0.0;2022-04-15T20:00:00Z
0.0284684022758321;0.0019476560698598;0.0012306471076664;0.0;0.0;2022-04-15T21:00:00Z
0.0320898138178477;0.0026344120597611;0.001463158272307;0.0;0.0;2022-04-15T22:00:00Z
0.0362997633920507;0.0031588521561069;0.0017387600509273;0.0;0.0;2022-04-15T23:00:00Z
0.0408469545134127;0.0038036357421161;0.0020368893478177;0.0;26.83373333333333;2022-04-16T00:00:00Z
0.0453417842530054;0.0042438950275807;0.0023471971428618;0.0;27.76693333333333;2022-04-16T01:00:00Z
0.0496043701169248;0.0049872096166069;0.0025934597428075;0.0;28.116916666666665;2022-04-16T02:00:00Z
0.0531878476217631;0.0055016102415435;0.0027910147954235;0.0;37.6835;2022-04-16T03:00:00Z
0.0559865851007222;0.0059092091319154;0.0029653998403294;0.0;33.60028333333333;2022-04-16T04:00:00Z
0.0577158474212084;0.0063085377851036;0.0030911330346302;0.0;25.667066666666663;2022-04-16T05:00:00Z
0.0583285419707677;0.0064302737162601;0.0030951862146795;0.0;18.934;2022-04-16T06:00:00Z
0.0577452782880973;0.0060811533839154;0.0030806071712017;0.1199999999999999;34.667783333333325;2022-04-16T07:00:00Z
0.0559976145523849;0.0059830177691075;0.0029861917238241;25.118;63.33366666666666;2022-04-16T08:00:00Z
0.0532150657351415;0.0053920819134184;0.0028014419046413;0.1199999999999999;12.501583333333333;2022-04-16T09:00:00Z
0.0495724669567611;0.005102151260526;0.0025979300958503;0.0;64.6672;2022-04-16T10:00:00Z
0.0453614215725045;0.0043540233406344;0.0023315744442073;0.0;68.00056666666667;2022-04-16T11:00:00Z
0.0408242657766213;0.0038828733662216;0.0020189623432531;0.0;64.6682;2022-04-16T12:00:00Z
0.0363172750656151;0.0032218007048118;0.0017646831117464;0.0;153.33425;2022-04-16T13:00:00Z
0.0320813646279597;0.0026319591761792;0.0014865976331475;0.0;253.33415;2022-04-16T14:00:00Z
0.0284628832821066;0.0021410430522715;0.0012595866892109;0.0;150.16863333333333;2022-04-16T15:00:00Z
0.0256654429089319;0.0015716470137435;0.0010933392218701;0.0;7.6689;2022-04-16T16:00:00Z
0.0239381039260289;0.0012047128932311;0.0009714373742699;0.0;30.01826666666667;2022-04-16T17:00:00Z
0.0233497777799013;0.0013216490956381;0.0009304355434921;0.0;67.20054999999999;2022-04-16T18:00:00Z
0.0239340811289647;0.0014729314195085;0.0009461853575362;0.0;90.5334;2022-04-16T19:00:00Z
0.0256756154061037;0.0016509925027785;0.0010991108813559;0.0;86.16715;2022-04-16T20:00:00Z
0.028451787159094;0.0019316884611868;0.0012650842193519;0.0;70.30043333333333;2022-04-16T21:00:00Z
0.0320784318826488;0.0027515600874304;0.0014607827176059;0.0;655.1840666666667;2022-04-16T22:00:00Z
0.0363090819594585;0.0029309602840124;0.0017291205668406;0.0;41.068583333333336;2022-04-16T23:00:00Z
0.0408466910265513;0.0037390099447909;0.0020274710153299;0.0;26.016966666666665;2022-04-17T00:00:00Z
0.0453571182781417;0.0043596229368619;0.0022681645700461;0.0;31.61693333333333;2022-04-17T01:00:00Z
0.0495829283558964;0.0050102092815868;0.0025863684525147;0.0;34.7667;2022-04-17T02:00:00Z
0.0532108504095549;0.0056137496205521;0.0027924862582587;0.0;35.0;2022-04-17T03:00:00Z
0.0560020614541658;0.0058011467376481;0.0029685183841589;0.0;33.48355;2022-04-17T04:00:00Z
0.05772970893567;0.0061758270103217;0.0030708475126678;0.0;35.00078333333333;2022-04-17T05:00:00Z
0.0583335039258812;0.0061700148449885;0.0031306114287323;0.0;35.351150000000004;2022-04-17T06:00:00Z
0.0577528236471621;0.0061089743726247;0.003074028938251;20.119;10.368183333333334;2022-04-17T07:00:00Z
0.0559760897476411;0.0059161886530624;0.0029763838345431;5.119;61.00015;2022-04-17T08:00:00Z
0.0532025226067972;0.0056084190944885;0.0027830597025162;0.1199999999999999;65.6671;2022-04-17T09:00:00Z
0.049579323353593;0.0049390681542998;0.0025887745898028;0.0;67.0003;2022-04-17T10:00:00Z
0.0453805082698082;0.0043338698756613;0.0023103489507645;0.0;70.0;2022-04-17T11:00:00Z
0.0408262148782906;0.0037926501295121;0.002045518131592;0.0;44.33486666666667;2022-04-17T12:00:00Z
0.0363045806263271;0.0030322102167055;0.0017697149108873;0.0;10.001999999999997;2022-04-17T13:00:00Z
0.0320747962049285;0.0024522313301737;0.0014589624414425;0.0;341.0019;2022-04-17T14:00:00Z
0.0284325826844444;0.0019950818439464;0.0012513729456674;0.0;186.5025;2022-04-17T15:00:00Z
0.0256904643987231;0.0015495009042689;0.0010760786716118;0.0;30.00166666666667;2022-04-17T16:00:00Z
0.0239215320544121;0.0013942877254227;0.0010058519920824;0.0;268.1511333333333;2022-04-17T17:00:00Z
0.0233332132871203;0.0013063778242409;0.0009276880798795;0.0;247.26701666666668;2022-04-17T18:00:00Z
0.0239152973131137;0.0013530562176541;0.0009766800754794;0.0;90.15005;2022-04-17T19:00:00Z
0.0256959957938349;0.001448774474551;0.0010999594321698;0.0;86.56666666666666;2022-04-17T20:00:00Z
0.0284466162034508;0.0020213120563385;0.0012506253766583;0.0;79.33406666666667;2022-04-17T21:00:00Z
0.032091242501034;0.002394479038519;0.0015018112752158;0.0;131.6012;2022-04-17T22:00:00Z
0.0362975478387066;0.0028253637319998;0.0017423191461346;0.0;41.05193333333333;2022-04-17T23:00:00Z
0.0408347388732875;0.0038275324764783;0.0020493734865461;0.0;33.717749999999995;2022-04-18T00:00:00Z
0.0453733317465417;0.0043659741051658;0.0023463707757451;0.0;37.68395;2022-04-18T01:00:00Z
0.0495766947950932;0.0049688389405741;0.0025400401855249;0.0;43.4003;2022-04-18T02:00:00Z
0.0532174358240968;0.0053408076313701;0.0027990785724284;0.0;48.18345;2022-04-18T03:00:00Z
0.055990522150578;0.0058545559866987;0.0029858513186938;0.0;44.56711666666666;2022-04-18T04:00:00Z
0.0577368221912985;0.0060054785313534;0.0030984758506958;0.0;37.10031666666666;2022-04-18T05:00:00Z
0.0583224530000154;0.0060784756433892;0.0031009575894432;0.0;27.0674;2022-04-18T06:00:00Z
0.0577388247611823;0.0061830056119317;0.003103053118514;25.118;29.2683;2022-04-18T07:00:00Z
0.0559895204752131;0.0060814540162947;0.0029831743189672;0.1199999999999999;40.66751666666666;2022-04-18T08:00:00Z
0.0531977995123041;0.0056100085563044;0.0028199335832732;0.1199999999999999;61.00015;2022-04-18T09:00:00Z
0.0495883524043341;0.0050694389545531;0.002608065423346;0.0;70.0;2022-04-18T10:00:00Z
0.0453562550183399;0.004350232461412;0.0023519648074908;0.0;70.0;2022-04-18T11:00:00Z
0.0408234249935389;0.0037210062692441;0.0020232851447207;0.0;40.001166666666656;2022-04-18T12:00:00Z
0.0363102017790074;0.0030349320363309;0.0017295130063387;0.0;49.00135;2022-04-18T13:00:00Z
0.0320823733704546;0.0025469682758102;0.0014834932363934;0.0;776.0009833333331;2022-04-18T14:00:00Z
0.0284583420486661;0.0020085549594842;0.0013016931521447;0.0;210.00101666666663;2022-04-18T15:00:00Z
0.0256940124884588;0.0015439671716495;0.0010932518966417;0.0;26.00173333333333;2022-04-18T16:00:00Z
0.0239236571526896;0.0013973707127696;0.0010120442795316;0.0;63.7179;2022-04-18T17:00:00Z
0.0233373264211917;0.0013269211384686;0.0009649746843345;0.0;45.78515;2022-04-18T18:00:00Z
0.0239373544515991;0.0013483307732087;0.0009639442199881;0.0;53.217416666666665;2022-04-18T19:00:00Z
0.0256842463009713;0.0016181585882999;0.001078777659343;0.0;56.7174;2022-04-18T20:00:00Z
0.0284743540339348;0.0020512940611621;0.0012400457558155;0.0;71.33456666666666;2022-04-18T21:00:00Z
0.0320895148100899;0.0025429855387751;0.0014737516696418;0.0;191.0018;2022-04-18T22:00:00Z
0.0363023681018817;0.0031581519532249;0.0017186688075445;0.0;52.76845;2022-04-18T23:00:00Z
0.0408256497386268;0.0037190929516533;0.0020266679835078;0.0;25.20061666666667;2022-04-19T00:00:00Z
0.0453491403875037;0.0043102130950706;0.0022894971325072;0.0;26.01698333333333;2022-04-19T01:00:00Z
0.0495968933954851;0.0051371526282914;0.0026009470696638;0.0;38.15025;2022-04-19T02:00:00Z
0.0532156369342937;0.0055153240903684;0.0028154389660698;0.0;42.2336;2022-04-19T03:00:00Z
0.0559767068564641;0.0058035752397115;0.0030017030142956;0.0;29.9835;2022-04-19T04:00:00Z
0.0577351146430633;0.0061598845239412;0.0030825551562288;0.0;30.800233333333328;2022-04-19T05:00:00Z
0.0583204456398697;0.0062861520987793;0.003092705376517;0.0;42.000933333333336;2022-04-19T06:00:00Z
0.0577460985348606;0.0059617213446569;0.0031032824329343;0.1199999999999999;42.00058333333333;2022-04-19T07:00:00Z
0.0560052413788315;0.0058661259264894;0.0029428228881696;0.1199999999999999;5.501316666666666;2022-04-19T08:00:00Z
0.053203189384157;0.0056009464222954;0.0028266417553661;25.118;27.66748333333333;2022-04-19T09:00:00Z
0.0495745239580023;0.0049904605689439;0.0025827437542288;0.0;69.3334;2022-04-19T10:00:00Z
0.0453510772293144;0.0045155057457938;0.0023018983838276;0.0;68.8338;2022-04-19T11:00:00Z
0.040830446814014;0.0036686751530362;0.0020185738021325;0.0;69.16775;2022-04-19T12:00:00Z
0.0362945175922431;0.0029547875649361;0.0017691190097952;0.0;66.50135;2022-04-19T13:00:00Z
0.032082972713475;0.0024992611067478;0.0014863302322731;0.0;70.001;2022-04-19T14:00:00Z
0.0284641653198371;0.0021503257475193;0.0012952251306426;0.0;753.33365;2022-04-19T15:00:00Z
0.0256711550655299;0.0014968873293978;0.0010968069972026;0.0;436.6673;2022-04-19T16:00:00Z
0.0239159283259982;0.0013705134952841;0.0009901683159266;0.0;70.1177;2022-04-19T17:00:00Z
0.0233254268853774;0.0014557225287283;0.0009733075231693;0.0;78.71729999999998;2022-04-19T18:00:00Z
0.0239242848227778;0.0014004102557059;0.0009487163403805;0.0;91.9671;2022-04-19T19:00:00Z
0.0256912979142532;0.0013803227286478;0.0010972649870278;0.0;77.65055000000001;2022-04-19T20:00:00Z
0.0284644079304023;0.0020577984108546;0.0012603683531121;0.0;34.4015;2022-04-19T21:00:00Z
0.0320867220049651;0.0024627524293732;0.0014942088464266;0.0;36.83545;2022-04-19T22:00:00Z
0.0362900829488416;0.0029924640088348;0.0017448533190188;0.0;23.385416666666668;2022-04-19T23:00:00Z
0.040846667855889;0.0036694309896293;0.0020499946372199;0.0;24.500166666666665;2022-04-20T00:00:00Z
0.0453529553473057;0.0044708112817091;0.0023000183559236;0.0;37.3334;2022-04-20T01:00:00Z
0.0495513650149559;0.0049971766947086;0.0025640796868012;0.0;38.03345;2022-04-20T02:00:00Z
0.0532146651969029;0.0055783359399756;0.0027968304439749;0.0;34.88336666666667;2022-04-20T03:00:00Z
0.0559948052779649;0.0059225139206663;0.0029996880571997;0.0;38.0334;2022-04-20T04:00:00Z
0.0577354878339623;0.0061524328884039;0.0030549727377569;0.0;35.70066666666666;2022-04-20T05:00:00Z
0.0583280221297444;0.0060121528579309;0.0031278006369181;0.0;30.551;2022-04-20T06:00:00Z
0.057735850910431;0.0060313933508425;0.0031029053916617;5.119;5.100716666666667;2022-04-20T07:00:00Z
0.0559713550925888;0.0060679996909398;0.0029987870342118;0.1199999999999999;43.00068333333333;2022-04-20T08:00:00Z
0.0532128846204288;0.0055247724734119;0.0028251401830272;20.119;56.16721666666668;2022-04-20T09:00:00Z
0.049573146543552;0.004909733969229;0.0025538125976855;0.0;68.00003333333333;2022-04-20T10:00:00Z
0.0453558169302751;0.0042966955197136;0.0022901141600403;0.0;64.00063333333333;2022-04-20T11:00:00Z
0.0408422419793617;0.0036751960788055;0.002065518062784;0.0;62.00113333333333;2022-04-20T12:00:00Z
0.0363129048633195;0.0030828296975091;0.0017523095865;0.0;67.00105;2022-04-20T13:00:00Z
0.0320889265836562;0.0024531310914477;0.001504567969647;0.0;601.6673;2022-04-20T14:00:00Z
0.0284729447250716;0.0019559851146281;0.0012356500646994;0.0;32.001883333333325;2022-04-20T15:00:00Z
0.0256780087057188;0.0017853637037294;0.0010872668371216;0.0;54.00143333333333;2022-04-20T16:00:00Z
0.0239354279250258;0.00135250363611;0.0010019360206653;0.0;123.00178333333332;2022-04-20T17:00:00Z
0.0233422562413742;0.0011197626242654;0.0009281431459649;0.0;493.7673;2022-04-20T18:00:00Z
0.0239396880690895;0.0013774859352819;0.0009539405769202;0.0;65.00031666666666;2022-04-20T19:00:00Z
0.0256767622427923;0.0016122391378548;0.0011192428614831;0.0;73.33406666666666;2022-04-20T20:00:00Z
0.0284565445904274;0.0020340958431907;0.0012242357532408;0.0;75.71748333333333;2022-04-20T21:00:00Z
0.0321059936413029;0.0023539503642067;0.0014976998755263;0.0;80.31826666666667;2022-04-20T22:00:00Z
0.0362895753789257;0.0030373790935118;0.0017410167680594;0.0;38.018383333333325;2022-04-20T23:00:00Z
0.0408467486664362;0.0037270507823751;0.0020258735244307;0.0;30.100333333333328;2022-04-21T00:00:00Z
0.0453669552633037;0.0043377470964787;0.0023026585503629;0.0;39.4335;2022-04-21T01:00:00Z
0.0495858100789389;0.0048805744113866;0.0025837267323374;0.0;41.18333333333334;2022-04-21T02:00:00Z
0.0532159632646301;0.0056907386908478;0.0027865954861918;0.0;40.716716666666656;2022-04-21T03:00:00Z
0.0559991591421557;0.0059290730878484;0.0029462309997908;0.0;32.2003;2022-04-21T04:00:00Z
0.057734403420123;0.0061117819278978;0.0030883079897487;0.0;29.63358333333333;2022-04-21T05:00:00Z
0.0583297498254795;0.0062452496079563;0.0031197066612996;0.0;22.167066666666663;2022-04-21T06:00:00Z
0.057732129882645;0.0060296079546467;0.0030815988771645;20.119;18.8173;2022-04-21T07:00:00Z
0.0559788993441985;0.0058363211803532;0.0029517958598739;5.118999999999999;55.66726666666667;2022-04-21T08:00:00Z
0.0532026160320492;0.0055494379418752;0.0028147454364576;0.1199999999999999;70.0;2022-04-21T09:00:00Z
0.0495781651957945;0.0048623126743153;0.0025860817644285;0.0;53.667133333333325;2022-04-21T10:00:00Z
0.0453527768955971;0.0043791954775287;0.0023394857390079;0.0;39.000833333333325;2022-04-21T11:00:00Z
0.0408412183337475;0.0036326472377767;0.0020373200872948;0.0;49.00135;2022-04-21T12:00:00Z
0.036300290704234;0.0031010610543499;0.0017152922380765;0.0;273.66766666666666;2022-04-21T13:00:00Z
0.0320898131083422;0.0025790109221908;0.0014641884215283;0.0;67.00105;2022-04-21T14:00:00Z
0.0284715838437342;0.0019155402512287;0.0012360414302221;0.0;100.33435;2022-04-21T15:00:00Z
0.0256778682130268;0.0015066845012863;0.0010717395301366;0.0;166.00096666666667;2022-04-21T16:00:00Z
0.023920479235899;0.0013278682359953;0.0009746021588345;0.0;285.76798333333335;2022-04-21T17:00:00Z
0.0233339516964797;0.0012636281446641;0.0009630004350941;0.0;53.634583333333325;2022-04-21T18:00:00Z
0.0239352615354116;0.0013504141341057;0.0009599760520768;0.0;80.65033333333331;2022-04-21T19:00:00Z
0.025685549501126;0.0015292422837144;0.0010929641580627;0.0;51.93481666666666;2022-04-21T20:00:00Z
0.0284488729812767;0.0019213223653042;0.0012628450432233;0.0;46.7184;2022-04-21T21:00:00Z
0.0320664295646257;0.0025951146319257;0.0014944114217817;0.0;292.88575000000003;2022-04-21T22:00:00Z
0.0363136000724555;0.0031000514500557;0.0017519648875815;0.0;177.26916666666665;2022-04-21T23:00:00Z
0.0408530921915878;0.0037673912573963;0.0020184020891651;0.0;0.0;2022-04-22T00:00:00Z
0.0453435590318566;0.0041871020543254;0.0023098189584063;0.0;0.0;2022-04-22T01:00:00Z
0.049575841781933;0.0048911129343519;0.0026093262491757;0.0;0.0;2022-04-22T02:00:00Z
0.0532216566229888;0.0054330802576308;0.0027930406295234;0.0;0.0;2022-04-22T03:00:00Z
0.0559813725024482;0.005980459664766;0.0029791134612114;0.0;0.0;2022-04-22T04:00:00Z
0.0577358679180548;0.0061285451620059;0.0030842771149797;0.0;0.0;2022-04-22T05:00:00Z
0.0583271962162219;0.0060758277463456;0.0031608401890185;0.0;0.0;2022-04-22T06:00:00Z
0.0577433099301187;0.006079117766387;0.0030875235789721;5.118999999999999;0.0;2022-04-22T07:00:00Z
0.056000790072527;0.0059113327324994;0.0029878711737035;0.1199999999999999;0.0;2022-04-22T08:00:00Z
0.0532076064852552;0.0055615229070031;0.0027989493576746;20.119;0.0;2022-04-22T09:00:00Z
0.0495898653217881;0.0050819416838768;0.0025936575675387;0.0;0.0;2022-04-22T10:00:00Z
0.0453449753284909;0.0045064962098338;0.0022923558683761;0.0;0.0;2022-04-22T11:00:00Z
0.0408306099058655;0.0034918592920689;0.0020433382741074;0.0;0.0;2022-04-22T12:00:00Z
0.0363055973234964;0.0032840751714016;0.0017430283588548;0.0;0.0;2022-04-22T13:00:00Z
0.0320807150860589;0.0025546916064096;0.0015088220923302;0.0;0.0;2022-04-22T14:00:00Z
0.028449183723496;0.0023341529098311;0.0012296638619828;0.0;0.0;2022-04-22T15:00:00Z
0.0256865781415355;0.0016059563015437;0.001066824478657;0.0;0.0;2022-04-22T16:00:00Z
0.0239382497326385;0.0013532483544873;0.0009989247447654;0.0;0.0;2022-04-22T17:00:00Z
0.023342122026619;0.0015003048026425;0.0009390301171153;0.0;0.0;2022-04-22T18:00:00Z
0.0239298865421993;0.0014170650612857;0.0009615361624318;0.0;0.0;2022-04-22T19:00:00Z
0.0256887005085906;0.001510780443189;0.0010834975057345;0.0;0.0;2022-04-22T20:00:00Z
0.028458700539714;0.0019101158273211;0.0012384066605995;0.0;0.0;2022-04-22T21:00:00Z
0.0320735941932944;0.0024365715928185;0.0014595657736051;0.0;0.0;2022-04-22T22:00:00Z
0.0363185666251835;0.0028874886912125;0.0017528665316921;0.0;0.0;2022-04-22T23:00:00Z
0.0408250935384973;0.0039972578820234;0.0020578564560513;0.0;17.150983333333333;2022-04-23T00:00:00Z
0.0453669492624842;0.0042402986118001;0.0023050920231441;0.0;37.333533333333335;2022-04-23T01:00:00Z
0.0495897906462245;0.0049273423837622;0.0025524137523723;0.0;28.933333333333334;2022-04-23T02:00:00Z
0.0532110688895822;0.005511891126063;0.0027952309378745;0.0;31.38333333333333;2022-04-23T03:00:00Z
0.0559880719739082;0.0059982599832847;0.0029747890252269;0.0;26.250366666666665;2022-04-23T04:00:00Z
0.0577397914837603;0.0062841255074538;0.0030848328788358;0.0;24.617316666666667;2022-04-23T05:00:00Z
0.0583283648859298;0.0064480038024335;0.0031039078240939;0.0;27.417366666666663;2022-04-23T06:00:00Z
0.0577475400808972;0.0062195094020531;0.0030873357456327;5.119;13.416766666666664;2022-04-23T07:00:00Z
0.0560039285310538;0.0058826940510554;0.002961497681696;0.1199999999999999;1.3344833333333335;2022-04-23T08:00:00Z
0.0532140200939724;0.0055188613554999;0.0028029417229952;20.119;57.00105;2022-04-23T09:00:00Z
0.0495987135331024;0.0051011439173651;0.0025911830351397;0.0;65.6671;2022-04-23T10:00:00Z
0.0453617541221368;0.0043253195293339;0.0023054951215901;0.0;70.0;2022-04-23T11:00:00Z
0.040835109140775;0.0038351296103695;0.0020414532274713;0.0;67.33451666666667;2022-04-23T12:00:00Z
0.0363107987993142;0.0032266003413647;0.0017888739940379;0.0;369.6676333333333;2022-04-23T13:00:00Z
0.0320729077037415;0.002606027920147;0.0014780763318084;0.0;505.0008;2022-04-23T14:00:00Z
0.0284466656439405;0.002048146041389;0.0012232228038645;0.0;130.6682;2022-04-23T15:00:00Z
0.0256758833653248;0.0014617431062132;0.0010895499318265;0.0;69.83435;2022-04-23T16:00:00Z
0.0239362523940848;0.0014078023931019;0.0009836711958141;0.0;50.91755;2022-04-23T17:00:00Z
0.02332715116908;0.0013363030890967;0.0009548485576562;0.0;78.25058333333334;2022-04-23T18:00:00Z
0.0239199021876628;0.0015375152150166;0.0009566557493014;0.0;85.40038333333332;2022-04-23T19:00:00Z
0.0256978503664242;0.0016362390359193;0.0011095920127494;0.0;83.18344999999998;2022-04-23T20:00:00Z
0.0284473785205284;0.0021142217997588;0.001261595499597;0.0;85.98371666666665;2022-04-23T21:00:00Z
0.0320716248070377;0.0026412882958444;0.001493621424631;0.0;29.83515;2022-04-23T22:00:00Z
0.0363015223811317;0.0030526828669439;0.0017397911129277;0.0;17.718716666666666;2022-04-23T23:00:00Z
0.0408342826176507;0.0038027831632034;0.0019906759963769;0.0;12.484333333333332;2022-04-24T00:00:00Z
0.0453670875078279;0.0043583811472684;0.0023024429288999;0.0;31.5004;2022-04-24T01:00:00Z
0.0495819884785912;0.0048779462240289;0.0025468530982641;0.0;32.31705;2022-04-24T02:00:00Z
0.0532080602112122;0.0054313631257205;0.0027779728919244;0.0;34.5334;2022-04-24T03:00:00Z
0.0559954351254911;0.006018608273101;0.0029873246948709;0.0;31.150216666666665;2022-04-24T04:00:00Z
0.0577513970912215;0.0060636525281926;0.0031027609468313;0.0;31.150633333333328;2022-04-24T05:00:00Z
0.0583303837081411;0.0063367712242856;0.0031488737937505;0.0;20.184916666666663;2022-04-24T06:00:00Z
0.0577450265146926;0.0062074631089805;0.0030532021279201;20.119;2.584366666666667;2022-04-24T07:00:00Z
0.0559994021018601;0.0059330423880588;0.0030034540704509;5.119;6.334666666666665;2022-04-24T08:00:00Z
0.053192099466543;0.0055664443722507;0.0027992282009579;0.1199999999999999;27.00113333333333;2022-04-24T09:00:00Z
0.0495811774808046;0.0050043595071223;0.0025865731954199;0.0;67.6669;2022-04-24T10:00:00Z
0.0453730887662308;0.0044086251226159;0.0023079302983609;0.0;70.0;2022-04-24T11:00:00Z
0.0408574362780991;0.0036645106147984;0.0020848161711696;0.0;41.00101666666666;2022-04-24T12:00:00Z
0.0363262757697083;0.0031007852913896;0.0017180361682342;0.0;65.00108333333334;2022-04-24T13:00:00Z
0.0320831145261108;0.0025893145375861;0.0014888308280484;0.0;327.66755;2022-04-24T14:00:00Z
0.0284287861229809;0.0020822876177436;0.0012886323590843;0.0;203.3342;2022-04-24T15:00:00Z
0.0256766879538737;0.001606887129612;0.0011027185391221;0.0;703.3336999999999;2022-04-24T16:00:00Z
0.0239247784930758;0.0013681601002635;0.0009683104815371;0.0;61.06781666666667;2022-04-24T17:00:00Z
0.0233350941451448;0.0011706019554405;0.0009398785412149;0.0;76.03386666666665;2022-04-24T18:00:00Z
0.0239302929046095;0.0012237814262414;0.0009855654236877;0.0;67.86696666666667;2022-04-24T19:00:00Z
0.0256863123911336;0.0014553662872922;0.0010813460119757;0.0;72.86725;2022-04-24T20:00:00Z
0.0284553641602067;0.0021173529218032;0.0012520191222753;0.0;26.10163333333333;2022-04-24T21:00:00Z
0.0320816874905989;0.002507695246866;0.0014931560857987;0.0;54.48593333333333;2022-04-24T22:00:00Z
0.0363130348423705;0.0028799656390904;0.0017261862627599;0.0;43.93608333333333;2022-04-24T23:00:00Z
0.040849484727067;0.0038409901047711;0.002056486024059;0.0;36.05021666666666;2022-04-25T00:00:00Z
0.0453633746593137;0.0043268681246063;0.0022934808558399;0.0;45.85018333333333;2022-04-25T01:00:00Z
0.0495934242805398;0.0049701031080363;0.0025545369494705;0.0;48.88335;2022-04-25T02:00:00Z
0.0532030534228373;0.0053940162163292;0.002782280005094;0.0;48.41675;2022-04-25T03:00:00Z
0.0559971850500096;0.0057246742569161;0.0029870491099905;0.0;46.90006666666667;2022-04-25T04:00:00Z
0.0577443297259346;0.0061854423399894;0.0031183184833857;0.0;33.83356666666666;2022-04-25T05:00:00Z
0.0583313736358419;0.0059700983601074;0.003082120207872;0.0;28.000366666666665;2022-04-25T06:00:00Z
0.0577246747797357;0.0061880599033163;0.0030611106817682;0.1199999999999999;10.00005;2022-04-25T07:00:00Z
0.055986394970823;0.0059023013079539;0.0029682535859784;20.119;61.83356666666666;2022-04-25T08:00:00Z
0.0532098353659171;0.0055267617359108;0.0028149181234916;5.118999999999999;57.50075;2022-04-25T09:00:00Z
0.0495820440172647;0.005001910409332;0.0025816409213396;0.0;62.83363333333334;2022-04-25T10:00:00Z
0.0453544291423636;0.0045072569336228;0.0023248618067364;0.0;40.33455000000001;2022-04-25T11:00:00Z
0.040831576606566;0.0036776751415078;0.0020078119236306;0.0;659.1672666666667;2022-04-25T12:00:00Z
0.0362878288268732;0.0032443473080276;0.0017136088700903;0.0;241.33476666666667;2022-04-25T13:00:00Z
0.0320775999820244;0.0023046686982955;0.0015199905253386;0.0;67.50125;2022-04-25T14:00:00Z
0.0284565996296608;0.0019902579639618;0.0012605984867589;0.0;286.66745000000003;2022-04-25T15:00:00Z
0.0256893855166184;0.0018453758596261;0.0010878163113156;0.0;69.50105;2022-04-25T16:00:00Z
0.0239233331174587;0.00124733540578;0.0009770158536034;0.0;66.0014;2022-04-25T17:00:00Z
0.0233379141384541;0.0011940063830327;0.000930598298398;0.0;73.90086666666666;2022-04-25T18:00:00Z
0.0239483910971496;0.0013289995945545;0.0009789217431313;0.0;86.45036666666665;2022-04-25T19:00:00Z
0.0256764313482175;0.0015015569201902;0.0010936652886709;0.0;87.00006666666665;2022-04-25T20:00:00Z
0.0284624970664328;0.001932294423952;0.0012686871117935;0.0;72.0005;2022-04-25T21:00:00Z
0.0320855643671108;0.0027030734493782;0.0014788460133405;0.0;83.00113333333331;2022-04-25T22:00:00Z
0.0363120741438808;0.0031702933476808;0.0017500361033211;0.0;65.15143333333334;2022-04-25T23:00:00Z
0.0408357695307166;0.0037616344428516;0.0020355373019819;0.0;32.43365;2022-04-26T00:00:00Z
0.0453787144588748;0.0041210472304557;0.002311016290086;0.0;30.917066666666663;2022-04-26T01:00:00Z
0.0496029330604772;0.0050838011136898;0.002629450474657;0.0;25.783666666666665;2022-04-26T02:00:00Z
0.0532139222831492;0.0057144014444181;0.0027771081863077;0.0;32.31691666666667;2022-04-26T03:00:00Z
0.0559973635515692;0.0060819145451229;0.0029638211296339;0.0;35.58336666666666;2022-04-26T04:00:00Z
0.0577397526452329;0.0061985032727173;0.003069748203764;0.0;33.60053333333333;2022-04-26T05:00:00Z
0.0583332695870175;0.0060892336308375;0.003166966045183;0.0;63.951716666666655;2022-04-26T06:00:00Z
0.0577302739452048;0.0062104952415871;0.0031059537286572;20.119;64.91688333333333;2022-04-26T07:00:00Z
0.0559768563793788;0.0057565869978597;0.0029604055924336;0.1199999999999999;10.001;2022-04-26T08:00:00Z
0.053199721860179;0.0055498674688064;0.0027985059437274;5.119;10.001;2022-04-26T09:00:00Z
0.049579778201233;0.0049564795071292;0.002591338291698;0.0;10.001;2022-04-26T10:00:00Z
0.0453737573000128;0.0043433971399907;0.0022937247927111;0.0;10.001016666666667;2022-04-26T11:00:00Z
0.0408410394000531;0.0037421968378821;0.0020207181092098;0.0;52.0013;2022-04-26T12:00:00Z
0.0362989015217388;0.0031197260497613;0.0017324685259679;0.0;170.0009;2022-04-26T13:00:00Z
0.0320731809835308;0.0024061993218446;0.0014606586222907;0.0;598.83425;2022-04-26T14:00:00Z
0.0284475898411957;0.0020387582318502;0.0012602315174158;0.0;136.6676;2022-04-26T15:00:00Z
0.0256699005767507;0.0015827197637523;0.0010854218544718;0.0;136.6676;2022-04-26T16:00:00Z
0.0239282538407384;0.0013552888223928;0.0009524467928668;0.0;87.50109999999998;2022-04-26T17:00:00Z
0.0233493830079299;0.0014662592777791;0.0009221358743113;0.0;87.86701666666667;2022-04-26T18:00:00Z
0.023950253223957;0.0016066098722804;0.0009391953311462;0.0;83.00021666666667;2022-04-26T19:00:00Z
0.0256735237456582;0.0016694852633208;0.0011266063159641;0.0;82.93415;2022-04-26T20:00:00Z
0.0284545477869963;0.0021448883775654;0.0012731036606025;0.0;86.41724999999998;2022-04-26T21:00:00Z
0.0320699227061043;0.0023913220911505;0.0014734096873253;0.0;61.05213333333333;2022-04-26T22:00:00Z
0.0363080326109822;0.0030686819230823;0.0017648061617251;0.0;199.26903333333328;2022-04-26T23:00:00Z
0.0408283020173076;0.0039206712090906;0.0020325073191796;0.0;31.266833333333327;2022-04-27T00:00:00Z
0.0453715232764468;0.0044995158121519;0.002301996728888;0.0;28.466733333333327;2022-04-27T01:00:00Z
0.0495769714464495;0.0050860264954549;0.0025679698668524;0.0;35.466833333333334;2022-04-27T02:00:00Z
0.053204500889252;0.0054910179484781;0.00278806606013;0.0;30.10003333333333;2022-04-27T03:00:00Z
0.0559919821129789;0.0060298378159872;0.0029915634082594;0.0;27.18345;2022-04-27T04:00:00Z
0.0577420027303056;0.0060289372644047;0.0031123829800399;0.0;28.350066666666663;2022-04-27T05:00:00Z
0.0583244528633299;0.0062785816661211;0.0031356422477821;0.0;35.20098333333333;2022-04-27T06:00:00Z
0.0577334222844949;0.0060657105179908;0.00308172528728;20.119;28.117516666666663;2022-04-27T07:00:00Z
0.0559899013244812;0.0058904133604801;0.0029664891557643;5.118999999999999;32.00063333333333;2022-04-27T08:00:00Z
0.0532110138862995;0.0057342175400139;0.0028178786933905;0.1199999999999999;69.00001666666667;2022-04-27T09:00:00Z
0.0495830370575886;0.0050112878439047;0.0025840702871578;0.0;70.0;2022-04-27T10:00:00Z
0.0453725598437805;0.0043685007942379;0.0023075990715766;0.0;86.66671666666667;2022-04-27T11:00:00Z
0.0408274481584355;0.0039147035344438;0.0020160070638452;0.0;920.00015;2022-04-27T12:00:00Z
0.0363088525793036;0.0031302322045626;0.001733716643288;0.0;97.83485;2022-04-27T13:00:00Z
0.0320867951092711;0.0025682378084854;0.0015027349849043;0.0;60.002;2022-04-27T14:00:00Z
0.0284595464132312;0.0020064676112286;0.001267710056816;0.0;60.002;2022-04-27T15:00:00Z
0.0256734382276496;0.0015098561275855;0.0010930560756029;0.0;57.50133333333333;2022-04-27T16:00:00Z
0.0239065978667466;0.001535303379972;0.000994427773384;0.0;64.50135;2022-04-27T17:00:00Z
0.0233394730068806;0.0011758395279763;0.0009257743025728;0.0;77.60051666666665;2022-04-27T18:00:00Z
0.0239295762337578;0.001405173384382;0.0009578272982485;0.0;81.0002;2022-04-27T19:00:00Z
0.0256721672207314;0.0017916105894914;0.0011020903099947;0.0;36.584616666666655;2022-04-27T20:00:00Z
0.0284613865880871;0.0021459284023482;0.0012730415306259;0.0;77.61709999999998;2022-04-27T21:00:00Z
0.0320756371129368;0.0024155122161021;0.0015092765339747;0.0;83.96798333333331;2022-04-27T22:00:00Z
0.0363096360845682;0.0029725284698619;0.00177582228262;0.0;47.31876666666666;2022-04-27T23:00:00Z
0.0408472485612016;0.0037683895467629;0.002012208380918;0.0;25.90025;2022-04-28T00:00:00Z
0.0453744654678317;0.0043677780181236;0.0023259068883845;0.0;27.88355;2022-04-28T01:00:00Z
0.0495886107085479;0.0048801732438091;0.0025835612293408;0.0;26.3669;2022-04-28T02:00:00Z
0.0532075298351898;0.0052967120302195;0.002814940402893;0.0;31.3836;2022-04-28T03:00:00Z
0.0559841437041738;0.0059837622211907;0.0029790578394279;0.0;28.23358333333333;2022-04-28T04:00:00Z
0.0577112552378021;0.0063005850775336;0.0030594878616787;0.0;27.06685;2022-04-28T05:00:00Z
0.0583273043708702;0.0063049099726693;0.0030919335072161;0.0;69.60125;2022-04-28T06:00:00Z
0.0577400346597669;0.0061142169116749;0.00307972254963;5.119;3.735416666666667;2022-04-28T07:00:00Z
0.055970813841671;0.005794949963848;0.0029432939211456;0.1199999999999999;9.0011;2022-04-28T08:00:00Z
0.0532182025636364;0.0055305706243902;0.002814594004125;20.119;20.00083333333333;2022-04-28T09:00:00Z
0.0495900718755036;0.0049680171726394;0.0025698952753872;0.0;68.50015;2022-04-28T10:00:00Z
0.0453708532621108;0.0042867031389433;0.0023205232971235;0.0;49.00035;2022-04-28T11:00:00Z
0.0408259184717815;0.0037186603987625;0.0020459422229527;0.0;500.3345166666666;2022-04-28T12:00:00Z
0.036312236210116;0.0032935476619937;0.0017244884601905;0.0;67.50125;2022-04-28T13:00:00Z
0.032091977433216;0.0026031502845153;0.0015060630399655;0.0;60.002;2022-04-28T14:00:00Z
0.0284663445945198;0.0021076114984358;0.0012769058978186;0.0;282.00221666666664;2022-04-28T15:00:00Z
0.0256730056300391;0.0017670701371692;0.0010735712449869;0.0;404.3356;2022-04-28T16:00:00Z
0.0239183132790015;0.0010913361482274;0.0009551405820834;0.0;185.36765;2022-04-28T17:00:00Z
0.0233289829498427;0.0014353274233817;0.0009538789021218;0.0;83.06681666666665;2022-04-28T18:00:00Z
0.0239201549398374;0.0014338929294802;0.0009560516723002;0.0;87.96678333333331;2022-04-28T19:00:00Z
0.0256654957214111;0.0015837654944597;0.0011067291431571;0.0;90.7667;2022-04-28T20:00:00Z
0.0284739128325966;0.0020477890750315;0.0012787880234656;0.0;89.1002;2022-04-28T21:00:00Z
0.0320557137624072;0.0025346125655459;0.0015195035973258;0.0;86.21763333333334;2022-04-28T22:00:00Z
0.0363019832164913;0.0030944452096632;0.0017296218667497;0.0;33.751999999999995;2022-04-28T23:00:00Z
0.0408321377436808;0.0036108379249241;0.0020054966964137;0.0;0.0;2022-04-29T00:00:00Z
0.0453524881807885;0.0043499286858792;0.0022915752067558;0.0;0.0;2022-04-29T01:00:00Z
0.0496050910256866;0.0051125864211079;0.0025577510256628;0.0;0.0;2022-04-29T02:00:00Z
0.0531974743996977;0.0054877589271564;0.0028120519569217;0.0;0.0;2022-04-29T03:00:00Z
0.0559933780213551;0.005813490832366;0.0029845635690012;0.0;0.0;2022-04-29T04:00:00Z
0.0577471972959636;0.006180340221681;0.0031065858395594;0.0;0.0;2022-04-29T05:00:00Z
0.0583221113984642;0.0062767124211541;0.0031336503144072;0.0;0.0;2022-04-29T06:00:00Z
0.0577339806342392;0.0062407639765761;0.0031173032292412;20.119;0.0;2022-04-29T07:00:00Z
0.0559968416825711;0.0059296416648622;0.0029740817822504;5.119;0.0;2022-04-29T08:00:00Z
0.0531969679389177;0.005598494731786;0.0028219825826515;0.1199999999999999;0.0;2022-04-29T09:00:00Z
0.0495699403426305;0.004863756402649;0.0025884744150208;0.0;0.0;2022-04-29T10:00:00Z
0.0453631355869556;0.0045034531957905;0.0023485085802715;0.0;0.0;2022-04-29T11:00:00Z
0.0408258429931533;0.0039079445753594;0.0019910728431769;0.0;0.0;2022-04-29T12:00:00Z
0.0363127939334143;0.0030232049015009;0.0017602183694322;0.0;0.0;2022-04-29T13:00:00Z
0.0321082665117344;0.0024326124691212;0.0014895703733208;0.0;0.0;2022-04-29T14:00:00Z
0.0284707617639228;0.0020450247310567;0.001243974853535;0.0;0.0;2022-04-29T15:00:00Z
0.0256751242087819;0.0017232145310844;0.0010491448977646;0.0;0.0;2022-04-29T16:00:00Z
0.0239387224486282;0.0014499262835776;0.0009705796936539;0.0;0.0;2022-04-29T17:00:00Z
0.023337163587564;0.0014154742407167;0.0009470453289385;0.0;0.0;2022-04-29T18:00:00Z
0.0239079174007948;0.0014654853951409;0.0009793893676456;0.0;0.0;2022-04-29T19:00:00Z
0.0256830252584183;0.0016012064654652;0.0010983533948469;0.0;0.0;2022-04-29T20:00:00Z
0.02845487715307;0.0021024946746078;0.0012324851180849;0.0;0.0;2022-04-29T21:00:00Z
0.0320765522815764;0.0025065884866139;0.001508717301287;0.0;0.0;2022-04-29T22:00:00Z
0.0363163644601733;0.0031309867052771;0.0017732999836901;0.0;0.0;2022-04-29T23:00:00Z
0.0408278172989609;0.0037118169881767;0.0020240013340086;0.0;32.550349999999995;2022-04-30T00:00:00Z
0.0453511410513941;0.0043726343660195;0.0023221316327125;0.0;37.10008333333333;2022-04-30T01:00:00Z
0.0495804316432668;0.0050214275687865;0.002598410065732;0.0;35.0;2022-04-30T02:00:00Z
0.0532032565343394;0.0054964153644274;0.0027804833672478;0.0;33.71685;2022-04-30T03:00:00Z
0.0559807015023904;0.0059456507557309;0.0029911336284828;0.0;33.71685;2022-04-30T04:00:00Z
0.0577355152044913;0.0062072711938645;0.0030923555700153;0.0;35.70028333333333;2022-04-30T05:00:00Z
0.0583218784768406;0.0062505506919948;0.0031309081951195;0.0;28.00023333333333;2022-04-30T06:00:00Z
0.0577451220894684;0.0062850032384103;0.00311355461287;5.119;29.700683333333327;2022-04-30T07:00:00Z
0.0559861540918637;0.0059952183443961;0.002943340925025;20.119;68.16685;2022-04-30T08:00:00Z
0.0531994587509266;0.0056027029651979;0.0028204156607415;0.1199999999999999;28.834116666666663;2022-04-30T09:00:00Z
0.0495892432556538;0.0050469242421677;0.002593960832793;0.0;34.50063333333333;2022-04-30T10:00:00Z
0.0453742462471205;0.0042725161268891;0.0023463113212263;0.0;65.16691666666667;2022-04-30T11:00:00Z
0.040852794018807;0.0037916046192839;0.0020442619554328;0.0;45.66826666666666;2022-04-30T12:00:00Z
0.0363096481320871;0.0031512863664852;0.0017623936632213;0.0;70.001;2022-04-30T13:00:00Z
0.0320861973940695;0.0023163072516129;0.0014994756860489;0.0;11.168716666666667;2022-04-30T14:00:00Z
0.0284620986463563;0.0018623748785135;0.0012597827892292;0.0;54.8346;2022-04-30T15:00:00Z
0.0256724501318757;0.0016938026058148;0.0011104154762917;0.0;820.0002499999998;2022-04-30T16:00:00Z
0.0239307766495768;0.0011407491713876;0.0009891269325068;0.0;103.00071666666666;2022-04-30T17:00:00Z
0.023348299786004;0.0012336045887926;0.0009242744486223;0.0;84.78356666666667;2022-04-30T18:00:00Z
0.0239443015019739;0.0012989203148952;0.000971557693963;0.0;92.65015;2022-04-30T19:00:00Z
0.0256650911002807;0.0015214479592137;0.0010641899856146;0.0;80.15014999999998;2022-04-30T20:00:00Z
0.0284629010296462;0.0018827049566217;0.0012303678709006;0.0;20.13475;2022-04-30T21:00:00Z
0.0320650465722187;0.0026288258670409;0.00153113452279;0.0;36.452533333333335;2022-04-30T22:00:00Z
0.0362937579408158;0.0031580232539606;0.0017118665338778;0.0;283.0353666666667;2022-04-30T23:00:00Z
0.0408373041584522;0.0036624963613624;0.0020224554670814;0.0;30.2171;2022-05-01T00:00:00Z
0.0453568852475672;0.0043707991143122;0.0022930152665631;0.0;33.36675;2022-05-01T01:00:00Z
0.0496053873432681;0.0050271912395018;0.0025792810338958;0.0;32.43346666666667;2022-05-01T02:00:00Z
0.0531994282885428;0.0052785936008927;0.0028289272104025;0.0;34.3;2022-05-01T03:00:00Z
0.0559734485876304;0.0059456647316828;0.0029666799068748;0.0;40.950183333333335;2022-05-01T04:00:00Z
0.0577326548564896;0.0062536855302332;0.0030966715961252;0.0;40.8335;2022-05-01T05:00:00Z
0.058340229191525;0.0062898673260855;0.0030979589628111;0.0;57.71721666666667;2022-05-01T06:00:00Z
0.0577441095397009;0.0062964125268829;0.0031202621660113;20.119;48.500283333333336;2022-05-01T07:00:00Z
0.0559932681787635;0.0059980835299966;0.0030003020903017;5.118999999999999;52.50045000000001;2022-05-01T08:00:00Z
0.0532107254414003;0.0054396155059042;0.002810547546627;0.1199999999999999;60.001;2022-05-01T09:00:00Z
0.0495766277896005;0.0049106513245218;0.002591098630935;0.0;60.3343;2022-05-01T10:00:00Z
0.0453458800049231;0.0040858566006247;0.0023193042030632;0.0;70.00023333333333;2022-05-01T11:00:00Z
0.0408321162304036;0.0038066139891226;0.0020055043702181;0.0;470.0006;2022-05-01T12:00:00Z
0.0363050450371802;0.0030228877650808;0.0017512920920634;0.0;70.001;2022-05-01T13:00:00Z
0.0320853543379416;0.0025336572339189;0.0014615239960539;0.0;582.33415;2022-05-01T14:00:00Z
0.0284610082949284;0.0019484743087261;0.0012478878691262;0.0;51.00131666666666;2022-05-01T15:00:00Z
0.0256946553840921;0.0015639446109969;0.0011079320226082;0.0;70.001;2022-05-01T16:00:00Z
0.0239174542339009;0.0015041534585441;0.0009861395787741;0.0;111.9014;2022-05-01T17:00:00Z
0.0233345076307517;0.0015054206167019;0.0009549338228124;0.0;173.101;2022-05-01T18:00:00Z
0.0239362820175587;0.0011537628033413;0.0009738369992654;0.0;72.98366666666665;2022-05-01T19:00:00Z
0.0256751931619978;0.0016174983609306;0.0010511276317781;0.0;54.48403333333333;2022-05-01T20:00:00Z
0.0284707241560931;0.0018843084635651;0.0012813402130319;0.0;93.80001666666665;2022-05-01T21:00:00Z
0.0320808567186157;0.0024889577672466;0.0015140184518352;0.0;35.1679;2022-05-01T22:00:00Z
0.0362936790959936;0.0030902400884525;0.0017580197117565;0.0;18.4513;2022-05-01T23:00:00Z
0.0408398187229653;0.0037264295750816;0.0020491187638216;0.0;27.18388333333333;2022-05-02T00:00:00Z
0.0453730515775606;0.0043802303395821;0.0023014456659164;0.0;33.60021666666667;2022-05-02T01:00:00Z
0.0495751741919304;0.0048801755877055;0.0025788907450002;0.0;33.60021666666667;2022-05-02T02:00:00Z
0.0532099547963091;0.0054020212105457;0.0028009471427937;0.0;36.28385;2022-05-02T03:00:00Z
0.0559862380892267;0.0057817525404871;0.0030050844350728;0.0;40.716816666666666;2022-05-02T04:00:00Z
0.0577386350717337;0.0061570949488245;0.0030880692796596;0.0;36.28385;2022-05-02T05:00:00Z
0.0583288208462191;0.0061311012445315;0.003145137404331;0.0;28.233733333333333;2022-05-02T06:00:00Z
0.0577405316338651;0.0060912430477652;0.0030744122906547;0.1199999999999999;11.267299999999999;2022-05-02T07:00:00Z
0.0559989728919119;0.0058718446755953;0.0029382830772616;5.119;65.3338;2022-05-02T08:00:00Z
0.0531924911744218;0.0054773502361816;0.0028155191890154;20.119;38.00053333333334;2022-05-02T09:00:00Z
0.0495837825052971;0.0049634679950867;0.0025376690937434;0.0;29.000683333333328;2022-05-02T10:00:00Z
0.0453603348216673;0.0042823493270295;0.0023321543182857;0.0;34.000733333333336;2022-05-02T11:00:00Z
0.0408301017854711;0.003888572007824;0.0020096205639893;0.0;27.001716666666663;2022-05-02T12:00:00Z
0.0362898321324639;0.0029582625168303;0.0017436900161794;0.0;201.83466666666664;2022-05-02T13:00:00Z
0.0320964128377025;0.0024274626421335;0.0014659519263876;0.0;632.0009666666667;2022-05-02T14:00:00Z
0.0284475734657839;0.0018569736103581;0.0012523855003433;0.0;69.6677;2022-05-02T15:00:00Z
0.0256866608206696;0.0016508992820761;0.0010638421046852;0.0;70.001;2022-05-02T16:00:00Z
0.0239357239708168;0.0014168680819349;0.0009514484860984;0.0;74.48431666666666;2022-05-02T17:00:00Z
0.0233145684828254;0.0012667058768727;0.0009312574654588;0.0;90.43345;2022-05-02T18:00:00Z
0.0239402164718969;0.0012090179472773;0.0009615090550102;0.0;82.23385;2022-05-02T19:00:00Z
0.0256616123150983;0.0015855652699877;0.0010456102672942;0.0;97.50005;2022-05-02T20:00:00Z
0.0284616743413024;0.0019853534842208;0.0012610238113876;0.0;95.0834;2022-05-02T21:00:00Z
0.0320662797058643;0.0025882678689835;0.0014843131046071;0.0;254.25113333333329;2022-05-02T22:00:00Z
0.0363131733951119;0.0030926542938069;0.0017331216578153;0.0;133.55213333333333;2022-05-02T23:00:00Z
0.0408351951856664;0.0037941682124279;0.0020237221706084;0.0;26.13375;2022-05-03T00:00:00Z
0.0453676356922517;0.004401379775467;0.0023323356237617;0.0;35.00006666666667;2022-05-03T01:00:00Z
0.0495859983386131;0.0049131631233059;0.0025573689490922;0.0;32.200083333333325;2022-05-03T02:00:00Z
0.0532080822251922;0.0055120812378291;0.0027849226883324;0.0;27.3001;2022-05-03T03:00:00Z
0.0559834633590053;0.0058726609571705;0.0029776128844047;0.0;27.30013333333333;2022-05-03T04:00:00Z
0.0577395036250553;0.0058199671353041;0.003101038591102;0.0;34.884366666666665;2022-05-03T05:00:00Z
0.058325862714901;0.0061742554533274;0.0031128102014126;0.0;79.76796666666665;2022-05-03T06:00:00Z
0.0577397286971385;0.0060683449288629;0.0030918744683053;0.1199999999999999;75.95015;2022-05-03T07:00:00Z
0.0559708889913756;0.0059488557301487;0.0029707286891491;5.119;67.3336;2022-05-03T08:00:00Z
0.0532105386462957;0.0057257199145313;0.0027727220322659;20.119;70.0;2022-05-03T09:00:00Z
0.0495739622825434;0.005006579628185;0.0025558157920786;0.0;43.00045;2022-05-03T10:00:00Z
0.0453716942630698;0.0045434028672269;0.0022843076203263;0.0;232.0007666666667;2022-05-03T11:00:00Z
0.0408388850184394;0.0036952037546192;0.0020425369100407;0.0;242.00126666666668;2022-05-03T12:00:00Z
0.0362897929247326;0.0031787479074021;0.0017614795953677;0.0;57.00121666666666;2022-05-03T13:00:00Z
0.0320802787329458;0.002442047470876;0.0014829068105786;0.0;70.001;2022-05-03T14:00:00Z
0.0284527275245658;0.0020582814609027;0.0012563881416459;0.0;253.33415;2022-05-03T15:00:00Z
0.0256758830961887;0.0018712433128967;0.0010652886480762;0.0;120.00094999999997;2022-05-03T16:00:00Z
0.0239476792129684;0.0012965083870426;0.0009958317236627;0.0;72.91711666666667;2022-05-03T17:00:00Z
0.0233431274686321;0.0014164112449919;0.0009671643480556;0.0;79.90048333333334;2022-05-03T18:00:00Z
0.023937306681328;0.0011110289243518;0.0009783129712023;0.0;86.68376666666667;2022-05-03T19:00:00Z
0.0256717706259593;0.001652341123944;0.0010900329453722;0.0;28.985016666666663;2022-05-03T20:00:00Z
0.0284429179316101;0.0019821765659854;0.0012527649951704;0.0;24.818;2022-05-03T21:00:00Z
0.0320899150844551;0.0025217296420164;0.0014729184481629;0.0;24.36913333333333;2022-05-03T22:00:00Z
0.0363126389228557;0.0030453513159103;0.001755978010055;0.0;308.9846666666667;2022-05-03T23:00:00Z
0.0408286461010771;0.0038563254691992;0.0020316381332563;0.0;38.150433333333325;2022-05-04T00:00:00Z
0.0453411875445851;0.0045579802315947;0.0022704478958467;0.0;46.43344999999999;2022-05-04T01:00:00Z
0.0495926693725254;0.0051288032711567;0.0026007310160799;0.0;39.31688333333334;2022-05-04T02:00:00Z
0.0531901654769541;0.0054787454800974;0.0027807212518765;0.0;31.383616666666665;2022-05-04T03:00:00Z
0.0560047484777094;0.0060244068861421;0.002965859898106;0.0;34.76671666666667;2022-05-04T04:00:00Z
0.0577428265851237;0.0062071263066705;0.0030991891742006;0.0;35.8167;2022-05-04T05:00:00Z
0.0583338454876657;0.0063476329718811;0.0031118786893747;0.0;40.450116666666666;2022-05-04T06:00:00Z
0.0577279592728317;0.0061614400634898;0.003080760369744;0.1199999999999999;31.86745;2022-05-04T07:00:00Z
0.0559860448777535;0.0058160286365948;0.0029853606482315;25.118;38.00066666666667;2022-05-04T08:00:00Z
0.0531994559615671;0.0056770894362871;0.0028055919347157;0.1199999999999999;70.0;2022-05-04T09:00:00Z
0.049575438831078;0.0050447145153982;0.0025768324230607;0.0;69.83335;2022-05-04T10:00:00Z
0.0453438587984701;0.0041906709350711;0.0022864513587111;0.0;151.66696666666667;2022-05-04T11:00:00Z
0.040850119990471;0.0037667350234425;0.0019957852357288;0.0;198.50118333333327;2022-05-04T12:00:00Z
0.0363267977348872;0.0031059976046604;0.0017225686195002;0.0;56.3347;2022-05-04T13:00:00Z
0.0320789701284079;0.002369137532556;0.0014510622956219;0.0;6.002400000000001;2022-05-04T14:00:00Z
0.0284538492825302;0.0021442787824775;0.0012381401592622;0.0;113.66798333333332;2022-05-04T15:00:00Z
0.0256881490006929;0.0015656662200048;0.0010964217693104;0.0;544.66785;2022-05-04T16:00:00Z
0.0239339705882257;0.0012546463946097;0.0009539130404293;0.0;29.168366666666667;2022-05-04T17:00:00Z
0.0233426848939808;0.0010648043293671;0.0009652227088099;0.0;160.28393333333332;2022-05-04T18:00:00Z
0.0239126650002967;0.0012718398857491;0.0009834974119531;0.0;90.76668333333332;2022-05-04T19:00:00Z
0.0256821706398434;0.0018846654091645;0.0010688633000421;0.0;83.33351666666665;2022-05-04T20:00:00Z
0.0284644305256589;0.0021058149448009;0.0012979718951938;0.0;88.50033333333333;2022-05-04T21:00:00Z
0.0320916346832253;0.0026374663087968;0.0014782382632121;0.0;44.501583333333336;2022-05-04T22:00:00Z
0.036293081195299;0.0031006558006174;0.0017379210636309;0.0;17.38458333333333;2022-05-04T23:00:00Z
0.0408446427363765;0.0037923412437348;0.002027877149083;0.0;23.10058333333333;2022-05-05T00:00:00Z
0.045374707219217;0.0044262165921646;0.0023291468820078;0.0;33.25026666666667;2022-05-05T01:00:00Z
0.0495809205170104;0.0049823128076151;0.002555542332161;0.0;42.350199999999994;2022-05-05T02:00:00Z
0.0532059322370003;0.0054769205622393;0.0028144340508684;0.0;33.60028333333334;2022-05-05T03:00:00Z
0.0559853378932456;0.0059683767734712;0.0030077246595559;0.0;38.15031666666666;2022-05-05T04:00:00Z
0.057749364484809;0.00610039235996;0.0031038942321684;0.0;25.43391666666667;2022-05-05T05:00:00Z
0.0583513248840217;0.0061166752504992;0.0031226480248276;0.0;29.417483333333333;2022-05-05T06:00:00Z
0.0577138297063469;0.0062525891372856;0.003074507408526;0.1199999999999999;9.33393333333333;2022-05-05T07:00:00Z
0.0559946629284335;0.0060670744098974;0.002989167199012;5.119;35.667316666666665;2022-05-05T08:00:00Z
0.0531924812085219;0.0055471859271211;0.0027860230255822;20.119;67.3336;2022-05-05T09:00:00Z
0.0495808110672916;0.0048304972719413;0.0025395806138233;0.0;19.501216666666668;2022-05-05T10:00:00Z
0.0453492234858682;0.0044377274805429;0.0022921484575691;0.0;65.83375;2022-05-05T11:00:00Z
0.0408235212123958;0.0038760973023366;0.0019968648472789;0.0;70.00053333333334;2022-05-05T12:00:00Z
0.0363090207045315;0.0032054096701882;0.0017224623810829;0.0;70.001;2022-05-05T13:00:00Z
0.0320874183284764;0.0025106991096725;0.0014727515562399;0.0;67.00105;2022-05-05T14:00:00Z
0.0284717240541759;0.0019858795067926;0.0012312567267784;0.0;553.33385;2022-05-05T15:00:00Z
0.025679644901114;0.0015082298509015;0.0011215548539119;0.0;70.001;2022-05-05T16:00:00Z
0.0239039268314278;0.0011849111057589;0.0009516305093043;0.0;70.0006;2022-05-05T17:00:00Z
0.0233279552003919;0.0011846880466631;0.0009596547910245;0.0;44.667333333333325;2022-05-05T18:00:00Z
0.0239302439984063;0.0014351672274426;0.0009879650016909;0.0;42.88456666666666;2022-05-05T19:00:00Z
0.0256738659731338;0.0014194394737083;0.0011047101929421;0.0;81.68393333333331;2022-05-05T20:00:00Z
0.0284707845063204;0.0021303058967078;0.0012515844674976;0.0;78.48356666666666;2022-05-05T21:00:00Z
0.0320883888163427;0.0024782162138604;0.0015123708604292;0.0;71.21851666666667;2022-05-05T22:00:00Z
0.0363240698143013;0.0031710718985102;0.0017076619513624;0.0;472.63453333333325;2022-05-05T23:00:00Z
0.040822593772521;0.0037819565684404;0.0020360547353758;0.0;0.0;2022-05-06T00:00:00Z
0.0453816165844355;0.0043377792008693;0.0023267723034674;0.0;0.0;2022-05-06T01:00:00Z
0.0495934795533752;0.0051512674848331;0.002561905996718;0.0;0.0;2022-05-06T02:00:00Z
0.0532179992254999;0.0055678771213761;0.0028616612684693;0.0;0.0;2022-05-06T03:00:00Z
0.0559952200918849;0.0060986864037503;0.0029712356418498;0.0;0.0;2022-05-06T04:00:00Z
0.0577338536748343;0.0062182902327038;0.0031112948470897;0.0;0.0;2022-05-06T05:00:00Z
0.0583317409747105;0.0062574228983995;0.003107234429267;0.0;0.0;2022-05-06T06:00:00Z
0.0577317215568623;0.0062054575134024;0.0031053875716431;0.1199999999999999;0.0;2022-05-06T07:00:00Z
0.0559812564809731;0.0059356782441761;0.0029500210414866;5.119;0.0;2022-05-06T08:00:00Z
0.0532141282786841;0.0055603367543007;0.0028205987496797;20.119;0.0;2022-05-06T09:00:00Z
0.0495863616088646;0.0051332359492641;0.0025469856045829;0.0;0.0;2022-05-06T10:00:00Z
0.0453701994223971;0.0044050768858954;0.0023169215833006;0.0;0.0;2022-05-06T11:00:00Z
0.040839528229926;0.0036664205169065;0.0020182490684758;0.0;0.0;2022-05-06T12:00:00Z
0.0362936360935843;0.0030843081941116;0.0017609351218427;0.0;0.0;2022-05-06T13:00:00Z
0.0320820221419703;0.0025538397249005;0.0014636160449099;0.0;0.0;2022-05-06T14:00:00Z
0.0284642612367214;0.0020180046776083;0.001268962681595;0.0;0.0;2022-05-06T15:00:00Z
0.0256710941702099;0.0015579871000914;0.0010822230755562;0.0;0.0;2022-05-06T16:00:00Z
0.0239378132543196;0.0012749483119212;0.0009916990388448;0.0;0.0;2022-05-06T17:00:00Z
0.0233529671752829;0.0012838846072454;0.0009617079547905;0.0;0.0;2022-05-06T18:00:00Z
0.0239181013818061;0.0012641270812704;0.0009760879038877;0.0;0.0;2022-05-06T19:00:00Z
0.025690782976782;0.001621922968442;0.0010892463803556;0.0;0.0;2022-05-06T20:00:00Z
0.0284657988018214;0.0020057520647114;0.0012630618964051;0.0;0.0;2022-05-06T21:00:00Z
0.0320869949675093;0.0026037087425759;0.0014838122794611;0.0;0.0;2022-05-06T22:00:00Z
0.0363065420723113;0.0030693741921715;0.0017481247532176;0.0;0.0;2022-05-06T23:00:00Z
0.0408253610247678;0.0036281157234643;0.0020328167194717;0.0;37.566766666666666;2022-05-07T00:00:00Z
0.0453603673451418;0.0044580179255228;0.0022998714159837;0.0;34.41675;2022-05-07T01:00:00Z
0.0495906755645455;0.0049415924347205;0.0025968761393527;0.0;34.41668333333333;2022-05-07T02:00:00Z
0.0532036645507879;0.005351943271269;0.0027755200905495;0.0;27.76678333333333;2022-05-07T03:00:00Z
0.0559770800396198;0.0059230956522371;0.0029158867055893;0.0;26.483683333333328;2022-05-07T04:00:00Z
0.0577504671560117;0.0060206751318456;0.0031007135566531;0.0;30.100566666666666;2022-05-07T05:00:00Z
0.0583395471446323;0.0060944953398813;0.0031502673527231;0.0;32.10053333333333;2022-05-07T06:00:00Z
0.0577442501201418;0.0061968556382355;0.0031120107272217;0.1199999999999999;2.2686;2022-05-07T07:00:00Z
0.0559906448524421;0.0059565433899268;0.0030033133462624;5.118999999999999;32.33443333333334;2022-05-07T08:00:00Z
0.0532004800515277;0.0055491065598592;0.0027826772700257;20.119;66.00006666666667;2022-05-07T09:00:00Z
0.0495859030578977;0.0051046819181224;0.0025982961716643;0.0;41.000483333333335;2022-05-07T10:00:00Z
0.045380429417037;0.0043941587687478;0.0023286958502942;0.0;39.00051666666666;2022-05-07T11:00:00Z
0.0408339914675129;0.0037779446596827;0.0020651727021725;0.0;43.83478333333333;2022-05-07T12:00:00Z
0.0363100172427578;0.0029700139497247;0.0017225390944379;0.0;714.6682;2022-05-07T13:00:00Z
0.0320745352548957;0.0023542361161969;0.0014919087334884;0.0;60.002;2022-05-07T14:00:00Z
0.0284642151849851;0.0020706557041705;0.001290172176408;0.0;60.002;2022-05-07T15:00:00Z
0.0256700622614999;0.0014327277671997;0.0010301595264269;0.0;68.50115;2022-05-07T16:00:00Z
0.023937341758598;0.0014154612338714;0.0009876384123505;0.0;70.00091666666667;2022-05-07T17:00:00Z
0.0233345855758464;0.0011382046455261;0.0009545142710413;0.0;82.25001666666665;2022-05-07T18:00:00Z
0.0239244599952634;0.0014055676239712;0.0009387567238129;0.0;92.16666666666664;2022-05-07T19:00:00Z
0.0256844599144831;0.0016734676909662;0.0011123828685761;0.0;77.00023333333334;2022-05-07T20:00:00Z
0.0284821066141607;0.0019703546619059;0.0012467932202816;0.0;83.83379999999998;2022-05-07T21:00:00Z
0.0320877853180716;0.0024854946905572;0.0015003556236824;0.0;61.03536666666666;2022-05-07T22:00:00Z
0.0363016548936906;0.002978248289101;0.0017190450174804;0.0;373.93518333333327;2022-05-07T23:00:00Z
0.0408192420182487;0.0038914060015272;0.0020235600404674;0.0;26.833683333333333;2022-05-08T00:00:00Z
0.0453585663752765;0.0042888201561818;0.0022895350562532;0.0;29.867166666666662;2022-05-08T01:00:00Z
0.0495781959340791;0.0049643005889247;0.0025645897354874;0.0;30.450416666666666;2022-05-08T02:00:00Z
0.0532163034367165;0.0054601549231545;0.0027798981291365;0.0;28.46668333333333;2022-05-08T03:00:00Z
0.0559986551062193;0.0060115662659067;0.0030344989964192;0.0;27.883416666666665;2022-05-08T04:00:00Z
0.0577435768020047;0.0062140423154348;0.003057339383243;0.0;27.41675;2022-05-08T05:00:00Z
0.0583192983777881;0.0061932496920802;0.0031127228911437;0.0;21.98485;2022-05-08T06:00:00Z
0.0577268950560823;0.0061741181422045;0.0030650948624328;0.1199999999999999;60.00066666666667;2022-05-08T07:00:00Z
0.0559847227833468;0.0060111152625738;0.0030083357834272;20.119;62.66683333333334;2022-05-08T08:00:00Z
0.053212682086867;0.0054598117697501;0.0028200292041384;5.119;70.0;2022-05-08T09:00:00Z
0.0495768105608885;0.0049614771202119;0.0025704798619375;0.0;70.0;2022-05-08T10:00:00Z
0.0453561058572998;0.0044382034623413;0.0023190771131752;0.0;63.33411666666667;2022-05-08T11:00:00Z
0.0408303364724601;0.0037334488520926;0.0020337827724053;0.0;14.002766666666668;2022-05-08T12:00:00Z
0.0363073250088785;0.0031713034618151;0.0017297603236495;0.0;12.168783333333332;2022-05-08T13:00:00Z
0.0320902721283738;0.0025049158172537;0.0014561697282583;0.0;70.001;2022-05-08T14:00:00Z
0.0284637774359821;0.0018204933293617;0.0012411562264177;0.0;70.001;2022-05-08T15:00:00Z
0.0256784953645925;0.0014943164716382;0.0011136767104055;0.0;420.00065;2022-05-08T16:00:00Z
0.0239225235309959;0.0013836976714111;0.0009481532727485;0.0;223.50105;2022-05-08T17:00:00Z
0.0233338116810894;0.0013070435828329;0.0009382555177787;0.0;34.26801666666667;2022-05-08T18:00:00Z
0.0239089254748858;0.0014881511612816;0.00095251835543;0.0;38.001;2022-05-08T19:00:00Z
0.0256677083784259;0.0015736015691669;0.0011076006667074;0.0;28.20146666666667;2022-05-08T20:00:00Z
0.0284609310950871;0.0017952358294044;0.0012612170202278;0.0;39.151316666666666;2022-05-08T21:00:00Z
0.0320824558879673;0.0024773441706068;0.0014786298695721;0.0;317.5355666666667;2022-05-08T22:00:00Z
0.0363069798772496;0.0030521258232017;0.0017387579636687;0.0;280.38536666666664;2022-05-08T23:00:00Z
0.040838223406846;0.0037829772921848;0.0020169445937878;0.0;19.950366666666667;2022-05-09T00:00:00Z
0.0453686638350234;0.0042978248976614;0.0023019950704671;0.0;36.516850000000005;2022-05-09T01:00:00Z
0.0495727700987235;0.0050080964671288;0.0025653308725356;0.0;34.533433333333335;2022-05-09T02:00:00Z
0.0532137124502295;0.0054449773299345;0.0027908117501781;0.0;29.86688333333333;2022-05-09T03:00:00Z
0.0560113694006204;0.0058235217207915;0.0029910949991464;0.0;37.80015;2022-05-09T04:00:00Z
0.0577315704341495;0.0062449585906186;0.0031121225443141;0.0;33.75075;2022-05-09T05:00:00Z
0.058335689821775;0.0063263189138066;0.0031327970940603;0.0;23.601316666666666;2022-05-09T06:00:00Z
0.0577362508661032;0.0061530040830828;0.0030605761891852;0.1199999999999999;0.001;2022-05-09T07:00:00Z
0.0559925116237479;0.0060695130954938;0.0030009478417666;0.1199999999999999;3.83465;2022-05-09T08:00:00Z
0.0531953823498402;0.0054817116544328;0.0027999968012065;25.118;8.501149999999999;2022-05-09T09:00:00Z
0.0495763238305401;0.0051319621754387;0.002582902483558;0.0;37.00055;2022-05-09T10:00:00Z
0.0453557824386;0.0043670675934173;0.0023086384231049;0.0;70.0;2022-05-09T11:00:00Z
0.0408349039718284;0.0038152961802669;0.0020068785307528;0.0;70.0006;2022-05-09T12:00:00Z
0.036315097969484;0.0031718540041594;0.0017898311779491;0.0;345.00166666666667;2022-05-09T13:00:00Z
0.0321014080920392;0.0025430321936703;0.0014956732211901;0.0;58.66895;2022-05-09T14:00:00Z
0.0284766225236592;0.0020758772151577;0.0012607215799637;0.0;115.1681;2022-05-09T15:00:00Z
0.0256741211050274;0.0016392573438968;0.0011014927905753;0.0;203.3342;2022-05-09T16:00:00Z
0.0239242092683046;0.0014045220168915;0.0009377494721539;0.0;314.05175;2022-05-09T17:00:00Z
0.02331840770687;0.0013613767490241;0.000933412762186;0.0;72.30123333333331;2022-05-09T18:00:00Z
0.0239154200942383;0.0013370960650553;0.0009697109057483;0.0;55.250816666666665;2022-05-09T19:00:00Z
0.0256804336691673;0.0017150095816964;0.0010751846524042;0.0;33.63466666666667;2022-05-09T20:00:00Z
0.0284632188782463;0.0020977849035306;0.001278642009714;0.0;91.9336;2022-05-09T21:00:00Z
0.0320775272737474;0.0025548316285696;0.0014803085185106;0.0;254.11875;2022-05-09T22:00:00Z
0.0363002943878366;0.0033492104694847;0.0017416419850569;0.0;23.96903333333333;2022-05-09T23:00:00Z
0.0408277697604996;0.0037089196541239;0.002028924954424;0.0;35.816766666666666;2022-05-10T00:00:00Z
0.0453688901377372;0.0045816341927563;0.0023095874194163;0.0;34.06701666666667;2022-05-10T01:00:00Z
0.0495684572066035;0.0050933428287143;0.002569558262952;0.0;40.60008333333333;2022-05-10T02:00:00Z
0.0532023418812403;0.0054402390955764;0.0028046828559675;0.0;40.6001;2022-05-10T03:00:00Z
0.0559775976365876;0.005947422564009;0.002982622090962;0.0;38.85011666666666;2022-05-10T04:00:00Z
0.0577420882895242;0.0061064841459599;0.0030997636909335;0.0;32.266866666666665;2022-05-10T05:00:00Z
0.0583364851320921;0.0062949469713332;0.0031372822994025;0.0;75.85041666666667;2022-05-10T06:00:00Z
0.0577345244011975;0.0063192518332309;0.0031174491100817;5.119;69.21731666666668;2022-05-10T07:00:00Z
0.0559877795129547;0.005969398759211;0.0029824250762389;20.119;70.0;2022-05-10T08:00:00Z
0.0532098135957538;0.005419115575044;0.0027852744214294;0.1199999999999999;68.50015;2022-05-10T09:00:00Z
0.0496071451263133;0.0049164084318419;0.0025908249672388;0.0;68.3335;2022-05-10T10:00:00Z
0.0453670783991146;0.0045056121803599;0.0023312388599203;0.0;70.0;2022-05-10T11:00:00Z
0.0408263344409991;0.0037759300503117;0.0020107724315145;0.0;267.16723333333334;2022-05-10T12:00:00Z
0.0363111116326942;0.0030335865945369;0.0017511785857186;0.0;478.6680500000001;2022-05-10T13:00:00Z
0.0320811420865546;0.0025858471671328;0.0014712424214642;0.0;66.16805;2022-05-10T14:00:00Z
0.0284568041765223;0.002095241250313;0.0012393499313119;0.0;28.0017;2022-05-10T15:00:00Z
0.0256837559039495;0.00146151373201;0.0010861728589663;0.0;10.001999999999997;2022-05-10T16:00:00Z
0.0239143174379501;0.0012191049317625;0.0009870436375178;0.0;98.1186;2022-05-10T17:00:00Z
0.0233273897254784;0.0012637437801925;0.00089546199741;0.0;365.03448333333336;2022-05-10T18:00:00Z
0.0239274478689355;0.0013208338035399;0.0009715538457609;0.0;49.85083333333333;2022-05-10T19:00:00Z
0.0256754627291608;0.0015889661890258;0.0010944531124324;0.0;86.13365;2022-05-10T20:00:00Z
0.0284468806629263;0.0018944926722668;0.0012318256245277;0.0;85.50074999999998;2022-05-10T21:00:00Z
0.0320863966496445;0.0026701344666245;0.0014695585418807;0.0;75.43471666666667;2022-05-10T22:00:00Z
0.036310854334085;0.0031290043283419;0.0017706716696032;0.0;34.21881666666667;2022-05-10T23:00:00Z
0.0408324949732715;0.003868595306035;0.0020525288879957;0.0;24.61683333333333;2022-05-11T00:00:00Z
0.0453679653056148;0.0041946464778207;0.0023325058281904;0.0;32.783433333333335;2022-05-11T01:00:00Z
0.0496001383805067;0.0050298163700192;0.0025634970530042;0.0;31.850183333333334;2022-05-11T02:00:00Z
0.0532365144467875;0.0054357455803545;0.0027837016679043;0.0;29.98355;2022-05-11T03:00:00Z
0.0560119443553261;0.0059321150056703;0.0030026387239912;0.0;40.71683333333333;2022-05-11T04:00:00Z
0.0577453990250458;0.0060375592612442;0.0030981912038721;0.0;37.566833333333335;2022-05-11T05:00:00Z
0.0583267990878812;0.0061346783759071;0.0031159149948439;0.0;21.23418333333333;2022-05-11T06:00:00Z
0.0577250737673268;0.0061877053302255;0.003078157133021;5.119;24.484766666666665;2022-05-11T07:00:00Z
0.0559834845792134;0.0058581888081808;0.0030029072710627;20.119;37.50091666666666;2022-05-11T08:00:00Z
0.0532230888383804;0.005384776286652;0.0028246649734349;0.1199999999999999;55.33396666666666;2022-05-11T09:00:00Z
0.0495878852363868;0.0049703657385308;0.00256939963352;0.0;70.0;2022-05-11T10:00:00Z
0.0453523225861822;0.0044551717532066;0.0023114491508412;0.0;17.334683333333334;2022-05-11T11:00:00Z
0.0408304383071549;0.0037422019052746;0.0020366892392985;0.0;28.502;2022-05-11T12:00:00Z
0.0363049910771419;0.003230642106284;0.001739356645916;0.0;44.66836666666666;2022-05-11T13:00:00Z
0.0320784716278438;0.0024850790434361;0.0014818926686881;0.0;342.002;2022-05-11T14:00:00Z
0.028445889147098;0.0018280527647665;0.0012463873611015;0.0;31.001816666666663;2022-05-11T15:00:00Z
0.0256743696766449;0.0015206278848249;0.0011062141582266;0.0;70.001;2022-05-11T16:00:00Z
0.0239557676168518;0.0013570266044484;0.0009495979180748;0.0;71.93440000000001;2022-05-11T17:00:00Z
0.0233440607730195;0.0012897956569949;0.0009113213581499;0.0;87.03433333333331;2022-05-11T18:00:00Z
0.0239351504344616;0.0013588533590252;0.0009701745829345;0.0;95.78333333333332;2022-05-11T19:00:00Z
0.0256815981425557;0.0015541583631366;0.0011245789282031;0.0;95.43335;2022-05-11T20:00:00Z
0.0284361622593257;0.0022893507821912;0.0012552030132026;0.0;49.000816666666665;2022-05-11T21:00:00Z
0.0320937360273839;0.0024577182781737;0.0014962975180362;0.0;163.10118333333335;2022-05-11T22:00:00Z
0.0362951362958202;0.0030893317729979;0.0017603093733673;0.0;618.7012666666666;2022-05-11T23:00:00Z
0.0408319685380889;0.0038423258900343;0.0020198891516892;0.0;25.20063333333333;2022-05-12T00:00:00Z
0.0453605483783893;0.0045694111651212;0.0022707010242618;0.0;33.950399999999995;2022-05-12T01:00:00Z
0.0495757975664432;0.0050517846149896;0.0025419284760818;0.0;34.65036666666666;2022-05-12T02:00:00Z
0.0532188641048576;0.0057901391148129;0.0028132768179054;0.0;35.23396666666667;2022-05-12T03:00:00Z
0.0559889974501422;0.0057699146554437;0.0029950143108828;0.0;47.83348333333333;2022-05-12T04:00:00Z
0.0577363195575391;0.0061950610046157;0.0030719021225559;0.0;54.70046666666666;2022-05-12T05:00:00Z
0.0583433300811509;0.0063651049535141;0.0031128379757636;0.0;58.067816666666666;2022-05-12T06:00:00Z
0.0577337909570694;0.006232625735996;0.0030912849499123;25.118;44.00046666666666;2022-05-12T07:00:00Z
0.0559881292462377;0.0057939980308275;0.0029711528909702;0.1199999999999999;18.66805;2022-05-12T08:00:00Z
0.053173751016146;0.0055007600118542;0.0028047335952266;0.1199999999999999;32.00063333333333;2022-05-12T09:00:00Z
0.0495930068319859;0.0050590587559253;0.0025563503775572;0.0;70.0;2022-05-12T10:00:00Z
0.0453606503401521;0.0044533446402669;0.0023045051487254;0.0;66.3337;2022-05-12T11:00:00Z
0.040821348170039;0.0038781254131014;0.0019635461354993;0.0;243.33495;2022-05-12T12:00:00Z
0.0363075203955377;0.00310020982824;0.0017242700220734;0.0;65.83475;2022-05-12T13:00:00Z
0.0320735421791503;0.0025913476797395;0.001491801361016;0.0;70.001;2022-05-12T14:00:00Z
0.0284503933613588;0.0019010613414025;0.0013016448343882;0.0;33.00161666666666;2022-05-12T15:00:00Z
0.0256883107334589;0.0016465719416418;0.0010834880272924;0.0;47.00138333333334;2022-05-12T16:00:00Z
0.0239410571152865;0.0015025078419273;0.0009378612418809;0.0;54.48578333333333;2022-05-12T17:00:00Z
0.0233263195827246;0.0014343121924176;0.0009758978470624;0.0;45.60203333333333;2022-05-12T18:00:00Z
0.0239119485196639;0.001295458545482;0.000963110273146;0.0;98.0;2022-05-12T19:00:00Z
0.0256818124970637;0.0015795324499911;0.001100794726566;0.0;97.3001;2022-05-12T20:00:00Z
0.0284593637633072;0.0018636469708365;0.0012829564157301;0.0;92.63371666666669;2022-05-12T21:00:00Z
0.0320844259544676;0.0025070090786939;0.0014946384217533;0.0;205.10111666666663;2022-05-12T22:00:00Z
0.0362821867480502;0.0032522187316392;0.0017538347158825;0.0;736.2684499999998;2022-05-12T23:00:00Z
0.0408359243469755;0.0037121632244806;0.0020391849645425;0.0;0.0;2022-05-13T00:00:00Z
0.0453536584548266;0.0042651301463525;0.0023031815457951;0.0;0.0;2022-05-13T01:00:00Z
0.0495677026080094;0.0049778688280758;0.0025716329549121;0.0;0.0;2022-05-13T02:00:00Z
0.0532170525800143;0.0054121278752182;0.0027968046138674;0.0;0.0;2022-05-13T03:00:00Z
0.0559820136171269;0.0057247417916004;0.0030000936073728;0.0;0.0;2022-05-13T04:00:00Z
0.0577423042628804;0.0061766000887947;0.0030982699266843;0.0;0.0;2022-05-13T05:00:00Z
0.0583282190341628;0.0062406635377733;0.0031291852458546;0.0;0.0;2022-05-13T06:00:00Z
0.0577581822864768;0.0060582345146511;0.0030704452824239;0.1199999999999999;0.0;2022-05-13T07:00:00Z
0.0559863796941252;0.005772809240188;0.0030018606914362;0.1199999999999999;0.0;2022-05-13T08:00:00Z
0.0532111086394727;0.0054717496925597;0.0027852522450479;25.118;0.0;2022-05-13T09:00:00Z
0.0495865373285626;0.0050521645171253;0.0025962593751086;0.0;0.0;2022-05-13T10:00:00Z
0.0453391582490957;0.0044142603074303;0.0023132987824662;0.0;0.0;2022-05-13T11:00:00Z
0.0408241758605647;0.0036465756974038;0.0020392604014483;0.0;0.0;2022-05-13T12:00:00Z
0.0362957871253193;0.0029940961832386;0.0017495499976878;0.0;0.0;2022-05-13T13:00:00Z
0.0320840859610564;0.002422541170685;0.0015469156981943;0.0;0.0;2022-05-13T14:00:00Z
0.0284706964395316;0.001764032322496;0.0012742444593043;0.0;0.0;2022-05-13T15:00:00Z
0.0256862384492622;0.0017081339709302;0.0010838104670003;0.0;0.0;2022-05-13T16:00:00Z
0.0239378828284214;0.0013027277717214;0.0009765304706269;0.0;0.0;2022-05-13T17:00:00Z
0.0233408950206288;0.0011778829720307;0.000962269865723;0.0;0.0;2022-05-13T18:00:00Z
0.023925073418122;0.0011737953720575;0.0009871052595005;0.0;0.0;2022-05-13T19:00:00Z
0.0256697193856872;0.0016518043426412;0.0010724786847785;0.0;0.0;2022-05-13T20:00:00Z
0.0284551300560465;0.0018568826259775;0.0012636356887531;0.0;0.0;2022-05-13T21:00:00Z
0.0320815506022226;0.0026084362041213;0.0014712741246216;0.0;0.0;2022-05-13T22:00:00Z
0.0362912245074632;0.0028918236968981;0.0017598955362484;0.0;0.0;2022-05-13T23:00:00Z
0.0408337521181297;0.0037282399950421;0.0020175498748099;0.0;23.566816666666664;2022-05-14T00:00:00Z
0.0453629703018298;0.0044414943683451;0.0022958196149916;0.0;38.1501;2022-05-14T01:00:00Z
0.049586457016933;0.0048605197898233;0.0025889525980221;0.0;29.51673333333333;2022-05-14T02:00:00Z
0.0532071605210386;0.0055133585521979;0.0028057371709623;0.0;29.63343333333333;2022-05-14T03:00:00Z
0.0559806039875706;0.0058298702198635;0.0029702061887968;0.0;30.683433333333333;2022-05-14T04:00:00Z
0.0577280982472053;0.0062795604116047;0.0030868172102443;0.0;33.36675;2022-05-14T05:00:00Z
0.0583529300242397;0.0062312668988077;0.0031284453408357;0.0;19.2501;2022-05-14T06:00:00Z
0.0577267341205878;0.0059014587461458;0.0030928118774299;20.119;6.183383333333333;2022-05-14T07:00:00Z
0.0559874250555867;0.0060007874043184;0.0029840971029028;5.119;27.83365;2022-05-14T08:00:00Z
0.0532062941928269;0.0054757318183446;0.0028361912042649;0.1199999999999999;53.00028333333333;2022-05-14T09:00:00Z
0.0495766685809786;0.0051376830779648;0.0026110038712233;0.0;59.66686666666667;2022-05-14T10:00:00Z
0.0453690768345163;0.0043423023857398;0.0023069476748298;0.0;68.3335;2022-05-14T11:00:00Z
0.040834616704829;0.0036041080391901;0.0020367540622307;0.0;68.16741666666667;2022-05-14T12:00:00Z
0.0363060499924025;0.0029304171127802;0.0017517207529125;0.0;42.001466666666666;2022-05-14T13:00:00Z
0.0320736062156818;0.0023187899259398;0.0014628357432295;0.0;69.0011;2022-05-14T14:00:00Z
0.028464602835797;0.0020234728343367;0.0012595264891255;0.0;119.1677;2022-05-14T15:00:00Z
0.0256893573981309;0.0017468950743591;0.0010852184224209;0.0;921.00045;2022-05-14T16:00:00Z
0.0239326979600278;0.0013085754727735;0.0009501059690548;0.0;55.517933333333325;2022-05-14T17:00:00Z
0.0233319313791153;0.0012664052167792;0.0009228356251817;0.0;54.80088333333333;2022-05-14T18:00:00Z
0.0239442465829338;0.0012548567709795;0.0010095586513565;0.0;65.56718333333333;2022-05-14T19:00:00Z
0.025694074523407;0.0015671723029418;0.0011066596431051;0.0;84.56685;2022-05-14T20:00:00Z
0.0284572983888886;0.0019564383015627;0.0012211445950101;0.0;66.00030000000001;2022-05-14T21:00:00Z
0.0320700182562532;0.0025532564388259;0.0015235441679785;0.0;58.38476666666666;2022-05-14T22:00:00Z
0.0363007158605059;0.0032899739710349;0.0017287069391777;0.0;82.03481666666667;2022-05-14T23:00:00Z
0.0408264758808508;0.0036340003008438;0.0020123108014956;0.0;26.717166666666667;2022-05-15T00:00:00Z
0.0453485718018732;0.004391307971597;0.0023490254187474;0.0;28.350383333333333;2022-05-15T01:00:00Z
0.0495714345561969;0.0050765011872126;0.0025211090668054;0.0;32.90003333333333;2022-05-15T02:00:00Z
0.0532098215856143;0.0056813559148187;0.002808192859425;0.0;33.017083333333325;2022-05-15T03:00:00Z
0.0559777157758632;0.0060285782569226;0.0029418967666695;0.0;36.750316666666656;2022-05-15T04:00:00Z
0.0577398810433119;0.0061336314639603;0.0030735623262293;0.0;34.9004;2022-05-15T05:00:00Z
0.0583474115563267;0.0062558341001294;0.0031431454062305;0.0;76.03406666666666;2022-05-15T06:00:00Z
0.0577277045733729;0.0062084927961784;0.0030804779531934;5.119;30.434;2022-05-15T07:00:00Z
0.0559704543292799;0.0058830977237193;0.0029889796589424;0.1199999999999999;46.50051666666666;2022-05-15T08:00:00Z
0.0532084496065574;0.0053730323899527;0.0027818290035955;20.119;65.3338;2022-05-15T09:00:00Z
0.0495724156345926;0.0049462338178388;0.0025915078282845;0.0;56.00023333333333;2022-05-15T10:00:00Z
0.0453490785336732;0.0044970853056633;0.0023632108913921;0.0;180.667;2022-05-15T11:00:00Z
0.040838795307971;0.0038797765361999;0.0020317956002207;0.0;320.00075000000004;2022-05-15T12:00:00Z
0.036305206545985;0.003110939695924;0.0017738320173414;0.0;153.33425;2022-05-15T13:00:00Z
0.0320745633651377;0.0025398701741056;0.0014595315369632;0.0;70.001;2022-05-15T14:00:00Z
0.0284571527443157;0.0020508068064574;0.0012668037925192;0.0;70.001;2022-05-15T15:00:00Z
0.0256662909084192;0.0015721779719981;0.0011105747203552;0.0;70.001;2022-05-15T16:00:00Z
0.023924259998876;0.0013706449062279;0.0009503420323253;0.0;70.001;2022-05-15T17:00:00Z
0.0233173628317118;0.0013153868029242;0.0009197945894571;0.0;60.61756666666666;2022-05-15T18:00:00Z
0.0239364594352525;0.001547539135008;0.0009860358152084;0.0;58.25053333333333;2022-05-15T19:00:00Z
0.0256731381340199;0.0015304195757205;0.0010502722214733;0.0;28.618083333333328;2022-05-15T20:00:00Z
0.0284675980482445;0.0019885319600101;0.0012585865097449;0.0;57.53465;2022-05-15T21:00:00Z
0.0320630451293462;0.0024286402510416;0.001481118119345;0.0;635.1682666666667;2022-05-15T22:00:00Z
0.0362971012765944;0.0031629620136912;0.0017033500010279;0.0;20.402;2022-05-15T23:00:00Z
0.0408325879018955;0.0038203218378234;0.002049762646617;0.0;18.5509;2022-05-16T00:00:00Z
0.0453680856948989;0.0043051915931406;0.0023196806014848;0.0;33.60005;2022-05-16T01:00:00Z
0.0495766437166309;0.0051094051372067;0.002581715874765;0.0;31.38338333333333;2022-05-16T02:00:00Z
0.053217346532507;0.0054736278176589;0.0028234828771888;0.0;35.46668333333333;2022-05-16T03:00:00Z
0.0559976294856518;0.0059570287250771;0.0029960694404562;0.0;29.983516666666663;2022-05-16T04:00:00Z
0.0577425390054438;0.0061774321016791;0.0030704778260891;0.0;29.750533333333333;2022-05-16T05:00:00Z
0.0583386388345801;0.0063042852301734;0.0031311258241047;0.0;20.11853333333333;2022-05-16T06:00:00Z
0.0577297012434584;0.006161382315827;0.0030967834013221;0.1199999999999999;64.66766666666666;2022-05-16T07:00:00Z
0.0559826549627438;0.0057401046093266;0.0029782719056082;25.118;20.668183333333328;2022-05-16T08:00:00Z
0.0532213443877289;0.0056051673358338;0.0028070563713759;0.1199999999999999;10.001;2022-05-16T09:00:00Z
0.049583177675049;0.0050343551138043;0.0026028684587452;0.0;36.00056666666667;2022-05-16T10:00:00Z
0.0453590919120236;0.0044203597882777;0.0023336809491753;0.0;65.00008333333334;2022-05-16T11:00:00Z
0.0408059135879064;0.0038470878310858;0.0020414681751786;0.0;70.00086666666667;2022-05-16T12:00:00Z
0.0363033484908799;0.0031833037596942;0.0017499568202984;0.0;70.001;2022-05-16T13:00:00Z
0.0320960039599662;0.0025908687220133;0.0014928827557028;0.0;86.66764999999998;2022-05-16T14:00:00Z
0.0284513718502617;0.0020212169987522;0.0012456568121796;0.0;603.3338;2022-05-16T15:00:00Z
0.0256714914034399;0.0014208438611327;0.0010835898006442;0.0;439.66803333333337;2022-05-16T16:00:00Z
0.0239188449604747;0.0014132443055071;0.0009926483421804;0.0;38.001283333333326;2022-05-16T17:00:00Z
0.0233575494037447;0.0012400849727521;0.000955462797362;0.0;25.067933333333336;2022-05-16T18:00:00Z
0.0239365059320715;0.0012365110852905;0.0009868891047144;0.0;44.38456666666666;2022-05-16T19:00:00Z
0.0256788163343191;0.0014899079324861;0.0010917746605607;0.0;76.7513;2022-05-16T20:00:00Z
0.0284665595239002;0.0021591563843048;0.0012601233436472;0.0;47.86848333333333;2022-05-16T21:00:00Z
0.0320909663295769;0.002481139313003;0.0014755603409983;0.0;54.7688;2022-05-16T22:00:00Z
0.0363200575512855;0.0029857093424892;0.0017370384437266;0.0;51.05246666666667;2022-05-16T23:00:00Z
0.0408398173694912;0.0037704470474915;0.0020160817370237;0.0;21.58373333333333;2022-05-17T00:00:00Z
0.0453548047151461;0.0043728066104129;0.0023113564253525;0.0;27.417566666666666;2022-05-17T01:00:00Z
0.0495860534528249;0.0051110984966437;0.0025858830935575;0.0;37.3336;2022-05-17T02:00:00Z
0.0532304578748057;0.0056814040080367;0.0027958967064525;0.0;33.13368333333333;2022-05-17T03:00:00Z
0.0560026242747202;0.0059967629866435;0.0029538280270206;0.0;26.600516666666664;2022-05-17T04:00:00Z
0.0577504409729312;0.0061494930422898;0.0030726416076981;0.0;30.25045;2022-05-17T05:00:00Z
0.0583523114835841;0.0062263696313053;0.0031450905356057;0.0;29.634;2022-05-17T06:00:00Z
0.0577262344217679;0.0060563922218019;0.0030983346062196;20.119;53.800816666666655;2022-05-17T07:00:00Z
0.0559855225240234;0.0059195274272999;0.002979188810248;5.119;59.1675;2022-05-17T08:00:00Z
0.0532040737244759;0.0055327924428386;0.0028163529780363;0.1199999999999999;66.3337;2022-05-17T09:00:00Z
0.0495758103230556;0.005098902594981;0.0025753636867778;0.0;70.0;2022-05-17T10:00:00Z
0.0453513977522747;0.0043842555601701;0.0023192356823687;0.0;65.50093333333334;2022-05-17T11:00:00Z
0.0408216526824424;0.003766790845352;0.00199323589652;0.0;370.0007;2022-05-17T12:00:00Z
0.0362913535476977;0.0031032692453441;0.0017600946796541;0.0;22.335433333333327;2022-05-17T13:00:00Z
0.0320711079936677;0.0025599626946771;0.0014725749843517;0.0;393.66763333333336;2022-05-17T14:00:00Z
0.0284552720891305;0.0020290775905192;0.0012563202903949;0.0;470.0006;2022-05-17T15:00:00Z
0.0256722707456204;0.0015961391257832;0.0010809521561797;0.0;60.00116666666666;2022-05-17T16:00:00Z
0.0239174743926826;0.0013105433252251;0.0009557690611573;0.0;23.1679;2022-05-17T17:00:00Z
0.0233464319161403;0.0012823729304246;0.0009468362768619;0.0;82.13353333333333;2022-05-17T18:00:00Z
0.0239192298312342;0.0013604821534072;0.000981429022556;0.0;77.83358333333332;2022-05-17T19:00:00Z
0.0256801824740893;0.0015667297251573;0.0010657304545223;0.0;26.801366666666663;2022-05-17T20:00:00Z
0.0284701468988533;0.0020574075854078;0.0012202971363604;0.0;27.635066666666663;2022-05-17T21:00:00Z
0.0320890020653784;0.0025204435588496;0.0014603954273389;0.0;44.20231666666666;2022-05-17T22:00:00Z
0.0362811138818939;0.0031190173150076;0.0017247908238011;0.0;70.76831666666665;2022-05-17T23:00:00Z
0.0408406410134746;0.0037152484600835;0.0020070759029579;0.0;30.100166666666663;2022-05-18T00:00:00Z
0.0453806960337481;0.004459073702301;0.0023456667945013;0.0;32.31668333333333;2022-05-18T01:00:00Z
0.0495641221917153;0.0049560616737594;0.0025744464942028;0.0;27.300166666666662;2022-05-18T02:00:00Z
0.0532054282690538;0.0056241439991124;0.0028137678987626;0.0;29.51685;2022-05-18T03:00:00Z
0.0559975104951624;0.0059906880142693;0.0029726058407568;0.0;33.600116666666665;2022-05-18T04:00:00Z
0.0577496178665182;0.0062919127439708;0.0030460454803118;0.0;35.000816666666665;2022-05-18T05:00:00Z
0.0583119396015411;0.0062343079557993;0.0031111520348153;0.0;73.43461666666667;2022-05-18T06:00:00Z
0.0577224673995975;0.0062962416133238;0.003084805070556;5.118999999999999;73.00056666666667;2022-05-18T07:00:00Z
0.0559907085517857;0.005826662065108;0.0029707194802565;20.119;67.50025;2022-05-18T08:00:00Z
0.0532234862170848;0.0054655915839551;0.0027928611314645;0.1199999999999999;61.83415;2022-05-18T09:00:00Z
0.0495776409751579;0.0049418701293503;0.002572398400422;0.0;63.83395;2022-05-18T10:00:00Z
0.0453785800738458;0.0044975275626895;0.0022955053536544;0.0;65.66718333333333;2022-05-18T11:00:00Z
0.0408447711186526;0.00385574288829;0.0020449371071613;0.0;67.6679;2022-05-18T12:00:00Z
0.0362975761646196;0.0029483482442062;0.0017561458528949;0.0;61.001650000000005;2022-05-18T13:00:00Z
0.0320760292061528;0.0024196842937803;0.0014589991647229;0.0;4.3359000000000005;2022-05-18T14:00:00Z
0.0284488078085008;0.0017930621746222;0.0012826550332401;0.0;17.33535;2022-05-18T15:00:00Z
0.0256744206487021;0.0016624577230679;0.0010924304503161;0.0;332.0012;2022-05-18T16:00:00Z
0.0239376153835781;0.0014140792757485;0.0009669210653169;0.0;586.66715;2022-05-18T17:00:00Z
0.0233322926393032;0.0012285740788099;0.0009714978447257;0.0;210.9839333333333;2022-05-18T18:00:00Z
0.0239230292031438;0.0013565783298634;0.0009973505547684;0.0;88.00021666666667;2022-05-18T19:00:00Z
0.0256821308478988;0.0015488339992772;0.0010975730749974;0.0;30.65105;2022-05-18T20:00:00Z
0.0284490894609813;0.0020651608818916;0.0012514273166748;0.0;30.884533333333334;2022-05-18T21:00:00Z
0.032098198357413;0.0027031582235485;0.0014595236007032;0.0;129.8851;2022-05-18T22:00:00Z
0.036302195671299;0.0030321953949992;0.0017561577613307;0.0;25.6683;2022-05-18T23:00:00Z
0.0408300475719957;0.0037121933641327;0.0020560423232866;0.0;17.61765;2022-05-19T00:00:00Z
0.0453641979365046;0.0044777175104937;0.0022911048191045;0.0;23.567666666666668;2022-05-19T01:00:00Z
0.0495715150067086;0.0050167001038915;0.0026032921542174;0.0;32.08358333333333;2022-05-19T02:00:00Z
0.0532017254459145;0.0055069039879924;0.0028471325573879;0.0;39.783366666666666;2022-05-19T03:00:00Z
0.055990438037995;0.0057887782403379;0.0030115769101357;0.0;36.983716666666666;2022-05-19T04:00:00Z
0.0577398445853831;0.006371075483943;0.0030970970116661;0.0;35.000416666666666;2022-05-19T05:00:00Z
0.058331476027863;0.0064058628282215;0.0031167905634932;0.0;19.534566666666663;2022-05-19T06:00:00Z
0.0577205868241368;0.0062616405931336;0.0030750967213683;5.119;12.05035;2022-05-19T07:00:00Z
0.0559984446714602;0.0058927028282414;0.0029822329945506;0.1199999999999999;64.33348333333333;2022-05-19T08:00:00Z
0.0531962699351016;0.0055632470196904;0.0028288925591355;20.119;70.0;2022-05-19T09:00:00Z
0.0495662719166834;0.00513001833514;0.0025963534645969;0.0;70.0;2022-05-19T10:00:00Z
0.0453638937192645;0.0044608036135668;0.0023164890093194;0.0;34.000600000000006;2022-05-19T11:00:00Z
0.0408363988336944;0.0039558168972399;0.0020391731126515;0.0;57.16816666666666;2022-05-19T12:00:00Z
0.0363121849805786;0.0029246750948928;0.0017580082131562;0.0;70.001;2022-05-19T13:00:00Z
0.0320720059884717;0.0025615107952242;0.0014616829776785;0.0;220.00085;2022-05-19T14:00:00Z
0.0284435895939519;0.0021009556581805;0.0012755090941449;0.0;331.83470000000005;2022-05-19T15:00:00Z
0.0256843185100849;0.0017442604142337;0.0010857572653486;0.0;400.50095;2022-05-19T16:00:00Z
0.0239325263364934;0.0013791793850139;0.0009901697865283;0.0;63.23531666666666;2022-05-19T17:00:00Z
0.0233337732614016;0.0013802043116992;0.000933050790367;0.0;82.00109999999998;2022-05-19T18:00:00Z
0.0239255856394107;0.0013668713234091;0.0009867876641965;0.0;73.80078333333331;2022-05-19T19:00:00Z
0.0256841706261789;0.0014406098906111;0.0010857722984002;0.0;67.88401666666667;2022-05-19T20:00:00Z
0.0284659938342397;0.0019315410881175;0.0012736162565964;0.0;67.56798333333333;2022-05-19T21:00:00Z
0.0320848978577734;0.0026031649170466;0.0014930752004958;0.0;33.88571666666667;2022-05-19T22:00:00Z
0.0363096406903524;0.0030453889349353;0.0017586457558968;0.0;223.10208333333327;2022-05-19T23:00:00Z
0.0408438176714537;0.0041269614510204;0.0020514546872504;0.0;0.0;2022-05-20T00:00:00Z
0.0453708608487796;0.0044112630629764;0.0023110054570313;0.0;0.0;2022-05-20T01:00:00Z
0.0495920460574933;0.0050012812217256;0.0025950544926966;0.0;0.0;2022-05-20T02:00:00Z
0.0532065085036833;0.0055509623406976;0.0027976678327126;0.0;0.0;2022-05-20T03:00:00Z
0.0559653667446462;0.0057616072927823;0.0029616247897982;0.0;0.0;2022-05-20T04:00:00Z
0.0577309438805177;0.0062232340429457;0.0030729015625014;0.0;0.0;2022-05-20T05:00:00Z
0.0583230165677005;0.006249092088173;0.0030999840521234;0.0;0.0;2022-05-20T06:00:00Z
0.057738088337428;0.0062024363849523;0.0031046352087772;0.1199999999999999;0.0;2022-05-20T07:00:00Z
0.0559964012110804;0.0060313376007979;0.0029712375527488;25.118;0.0;2022-05-20T08:00:00Z
0.0531934974711362;0.0056481368139387;0.0027704863149855;0.1199999999999999;0.0;2022-05-20T09:00:00Z
0.0495643047206795;0.0050649063895335;0.0025834434473474;0.0;0.0;2022-05-20T10:00:00Z
0.0453665987187969;0.0043959347347017;0.0023209502890155;0.0;0.0;2022-05-20T11:00:00Z
0.0408433953006135;0.0037648216182702;0.0020483805009711;0.0;0.0;2022-05-20T12:00:00Z
0.0362926205974649;0.003131239225982;0.001753785729887;0.0;0.0;2022-05-20T13:00:00Z
0.0320857498126157;0.0024277537942136;0.0014965288765691;0.0;0.0;2022-05-20T14:00:00Z
0.0284881576222321;0.0019182660183596;0.0012819256457452;0.0;0.0;2022-05-20T15:00:00Z
0.0256914171123597;0.0015815898540561;0.0010826584600164;0.0;0.0;2022-05-20T16:00:00Z
0.023920866967431;0.0013117635041285;0.0010003282818202;0.0;0.0;2022-05-20T17:00:00Z
0.0233256955517864;0.0011518992681653;0.0009331235503219;0.0;0.0;2022-05-20T18:00:00Z
0.023931478828945;0.0014984962525272;0.0009988380515084;0.0;0.0;2022-05-20T19:00:00Z
0.0256729891966721;0.0014793211493077;0.0010636598696564;0.0;0.0;2022-05-20T20:00:00Z
0.0284546024164331;0.0020374527736705;0.001229725341002;0.0;0.0;2022-05-20T21:00:00Z
0.0320833826267047;0.0025980333339177;0.0015027187259095;0.0;0.0;2022-05-20T22:00:00Z
0.0362891926594871;0.0031397615542275;0.0017945072144592;0.0;0.0;2022-05-20T23:00:00Z
0.0408465513552339;0.0037684786820826;0.0020511278379397;0.0;24.617016666666668;2022-05-21T00:00:00Z
0.0453562628097701;0.0044180232905555;0.0023410558491956;0.0;29.16713333333333;2022-05-21T01:00:00Z
0.0495686317902148;0.0049159098475162;0.0025691509166064;0.0;31.850333333333328;2022-05-21T02:00:00Z
0.0532028148623457;0.0055259500931821;0.0028384079127519;0.0;32.3172;2022-05-21T03:00:00Z
0.0559785144736677;0.0056121322715628;0.0029549251639589;0.0;33.0167;2022-05-21T04:00:00Z
0.0577511987552363;0.0061477745206298;0.0031333082374135;0.0;36.166816666666655;2022-05-21T05:00:00Z
0.0583377014947525;0.0062387116113137;0.0030941443465155;0.0;33.01701666666666;2022-05-21T06:00:00Z
0.0577334535936715;0.0063349180762944;0.0030983320497963;20.119;14.234116666666665;2022-05-21T07:00:00Z
0.0559873307383636;0.0060259207651299;0.0029763154448216;5.119;9.666999999999998;2022-05-21T08:00:00Z
0.0532136133838809;0.0054660316475225;0.0027873810504939;0.1199999999999999;28.0007;2022-05-21T09:00:00Z
0.0495946548608321;0.0049267596572348;0.0025574817234342;0.0;55.00025;2022-05-21T10:00:00Z
0.0453856735093802;0.0042986999108701;0.0022968565748637;0.0;52.00033333333334;2022-05-21T11:00:00Z
0.040814085959029;0.0037657545115755;0.0020360928783167;0.0;290.50121666666666;2022-05-21T12:00:00Z
0.0363021889757514;0.0030666457403444;0.0017701001948206;0.0;365.83445;2022-05-21T13:00:00Z
0.0320851207146612;0.0025526611234238;0.0015034568356353;0.0;318.66755;2022-05-21T14:00:00Z
0.0284610030230178;0.0020252374968044;0.0012531554730435;0.0;212.0014;2022-05-21T15:00:00Z
0.0256779658298309;0.0015561848123487;0.0010631356164779;0.0;44.66828333333334;2022-05-21T16:00:00Z
0.0239317955738243;0.0013726711897837;0.0009678426112449;0.0;70.001;2022-05-21T17:00:00Z
0.0233472839601185;0.0012309796551026;0.0009409679979657;0.0;61.6011;2022-05-21T18:00:00Z
0.023929787252379;0.0012411260526175;0.0010087096984104;0.0;60.36798333333333;2022-05-21T19:00:00Z
0.0256754225390343;0.0014638183461818;0.0010655177284974;0.0;88.26715;2022-05-21T20:00:00Z
0.0284701092335607;0.002094284391517;0.001249170262151;0.0;79.31776666666666;2022-05-21T21:00:00Z
0.0320776351812938;0.0025422072115175;0.0014862262830993;0.0;80.55135;2022-05-21T22:00:00Z
0.0362893985445144;0.0030285622602383;0.001775805624183;0.0;59.60181666666667;2022-05-21T23:00:00Z
0.0408227610751787;0.0037548440481661;0.0020332421185826;0.0;33.600583333333326;2022-05-22T00:00:00Z
0.0453699681699504;0.0045870464293845;0.0023599893390117;0.0;34.8837;2022-05-22T01:00:00Z
0.0495839749422976;0.0048237223689398;0.0025882252102425;0.0;38.26671666666667;2022-05-22T02:00:00Z
0.0532116340777233;0.0056812741041594;0.0027655364759803;0.0;42.35025;2022-05-22T03:00:00Z
0.0559768317846261;0.0059466814363917;0.0030220906554828;0.0;39.667066666666656;2022-05-22T04:00:00Z
0.0577101227052761;0.0061591418869227;0.0031102425046988;0.0;37.33375;2022-05-22T05:00:00Z
0.0583285956477901;0.0061952827809961;0.0031477522061459;0.0;32.80051666666667;2022-05-22T06:00:00Z
0.0577502714481814;0.0061400357956985;0.0030616221865127;20.119;35.700083333333325;2022-05-22T07:00:00Z
0.0559810147016704;0.0059310491470342;0.002981967245008;0.1199999999999999;70.0;2022-05-22T08:00:00Z
0.0531948944818138;0.0055273121999125;0.0027992482857861;5.119;58.0002;2022-05-22T09:00:00Z
0.0495688840459203;0.004956488768591;0.0025995052491807;0.0;64.6672;2022-05-22T10:00:00Z
0.0453698608436762;0.0044080091825705;0.0023039782890216;0.0;63.16735;2022-05-22T11:00:00Z
0.0408408609631696;0.0038444271772556;0.002043945795256;0.0;70.0005;2022-05-22T12:00:00Z
0.0362837893790435;0.0029667440514108;0.0017645342633283;0.0;603.3338;2022-05-22T13:00:00Z
0.0320835286089636;0.0025422764099515;0.0014739394762092;0.0;63.00111666666666;2022-05-22T14:00:00Z
0.0284635028549168;0.0017740376366632;0.0012364548856528;0.0;62.335;2022-05-22T15:00:00Z
0.0256803221758443;0.0014695938806016;0.0010590919320955;0.0;300.0027;2022-05-22T16:00:00Z
0.0239190792608542;0.0013943243130576;0.000969168500945;0.0;251.10123333333337;2022-05-22T17:00:00Z
0.0233407542536437;0.0013787100635369;0.0009341958217495;0.0;80.68381666666666;2022-05-22T18:00:00Z
0.0239347013397614;0.0013654000062284;0.000970061058217;0.0;69.90081666666666;2022-05-22T19:00:00Z
0.0256550649959175;0.0015069164336889;0.0010731354619233;0.0;85.10051666666665;2022-05-22T20:00:00Z
0.0284624413312251;0.001959756332664;0.0012440210530843;0.0;64.35106666666667;2022-05-22T21:00:00Z
0.0320721337262518;0.0024796778329343;0.0014832244743252;0.0;59.73566666666667;2022-05-22T22:00:00Z
0.0362923993914083;0.0031000298472617;0.0017417915871494;0.0;18.668333333333333;2022-05-22T23:00:00Z
0.0408360947002102;0.0038385940979346;0.002059345924742;0.0;35.467150000000004;2022-05-23T00:00:00Z
0.0453529805832039;0.0042809608295412;0.0023182855531823;0.0;40.1336;2022-05-23T01:00:00Z
0.0495704791417615;0.0048902745997375;0.0025755000365654;0.0;40.6002;2022-05-23T02:00:00Z
0.053220270757938;0.0053885488640508;0.0027966696293113;0.0;38.50056666666666;2022-05-23T03:00:00Z
0.0559893333021903;0.0058696282479693;0.0029620498080678;0.0;41.65005;2022-05-23T04:00:00Z
0.0577209088856189;0.006113841666696;0.0031027792150842;0.0;41.766683333333326;2022-05-23T05:00:00Z
0.0583329571763154;0.00612119976135;0.0031317580988014;0.0;17.500566666666668;2022-05-23T06:00:00Z
0.0577148810052411;0.0060379986046069;0.003089844198679;5.119;5.167066666666666;2022-05-23T07:00:00Z
0.0559713955253426;0.0059700499280966;0.0029649173360027;20.119;16.667583333333333;2022-05-23T08:00:00Z
0.0532069427841895;0.0055555216353549;0.0028040648069824;0.1199999999999999;37.00055;2022-05-23T09:00:00Z
0.0495915363137405;0.0050619635210853;0.0025904576899517;0.0;69.00001666666667;2022-05-23T10:00:00Z
0.0453743842398986;0.0044666708500146;0.002353099591892;0.0;56.50051666666666;2022-05-23T11:00:00Z
0.0408455112609667;0.0037895015671666;0.002006650478621;0.0;34.334733333333325;2022-05-23T12:00:00Z
0.0363049248247737;0.0030821521164387;0.0017413192192757;0.0;696.3345333333333;2022-05-23T13:00:00Z
0.0320843473495509;0.0026806533611137;0.0014736709251675;0.0;60.00116666666666;2022-05-23T14:00:00Z
0.028438889380617;0.0020787812824874;0.0012509570651678;0.0;65.00108333333334;2022-05-23T15:00:00Z
0.0256795354646205;0.0016467825024644;0.0011078782724913;0.0;47.00138333333334;2022-05-23T16:00:00Z
0.0239234928927259;0.0012788725362149;0.0009676186604498;0.0;71.63433333333333;2022-05-23T17:00:00Z
0.0233237634816722;0.0012537500888091;0.0009203058146704;0.0;85.40071666666665;2022-05-23T18:00:00Z
0.023941715927312;0.0013229772867843;0.0009904433131208;0.0;91.00001666666665;2022-05-23T19:00:00Z
0.0256790481956822;0.0015475688334614;0.0010872956807958;0.0;91.0;2022-05-23T20:00:00Z
0.0284536300896243;0.0020971870717922;0.0012226330696568;0.0;85.31726666666665;2022-05-23T21:00:00Z
0.0320761491689427;0.0026290053729088;0.0014893384828876;0.0;223.0845;2022-05-23T22:00:00Z
0.0362966512941039;0.0030246700051541;0.0017156784017206;0.0;149.0851166666667;2022-05-23T23:00:00Z
0.0408402827096182;0.0037739474296548;0.0020787189820637;0.0;21.700133333333333;2022-05-24T00:00:00Z
0.0453706383622991;0.0042202862227383;0.0023110540280836;0.0;36.51671666666667;2022-05-24T01:00:00Z
0.0495849498775669;0.0049333754136185;0.0025548532981529;0.0;40.95003333333334;2022-05-24T02:00:00Z
0.0532129168236108;0.0056047298721969;0.0028356497495822;0.0;34.41675;2022-05-24T03:00:00Z
0.0559796260735931;0.0058790218312496;0.0029767175327189;0.0;33.36666666666667;2022-05-24T04:00:00Z
0.0577309733319166;0.0062993296679555;0.0030996623094453;0.0;30.216733333333327;2022-05-24T05:00:00Z
0.0583314994721453;0.0063073270398475;0.0031239030476968;0.0;23.450066666666668;2022-05-24T06:00:00Z
0.0577467335511579;0.006081446778173;0.0030832972806248;5.118999999999999;2.8006166666666665;2022-05-24T07:00:00Z
0.0559890369535692;0.0059977394002001;0.0029817114386149;20.119;0.00155;2022-05-24T08:00:00Z
0.0532247882814184;0.0054677141602382;0.002830388653306;0.1199999999999999;47.000633333333326;2022-05-24T09:00:00Z
0.0495906849601398;0.0050176561200232;0.0025842331323356;0.0;70.0;2022-05-24T10:00:00Z
0.0453413123419658;0.0044346322279167;0.0023111524839999;0.0;69.3334;2022-05-24T11:00:00Z
0.0408366085593532;0.003748100105175;0.0020341814220888;0.0;130.50105;2022-05-24T12:00:00Z
0.0362959638874134;0.0030329299337018;0.0017673656201414;0.0;546.33475;2022-05-24T13:00:00Z
0.0320851738312223;0.0025689603393551;0.0014708618459791;0.0;10.001999999999997;2022-05-24T14:00:00Z
0.0284662836867415;0.0020620051315367;0.0012856042677535;0.0;221.33468333333337;2022-05-24T15:00:00Z
0.0256815499533173;0.0015058491932872;0.0010894152027934;0.0;136.3343;2022-05-24T16:00:00Z
0.0239246284833192;0.0012785467407206;0.0009868472489;0.0;298.5007166666667;2022-05-24T17:00:00Z
0.0233347805442086;0.0015028013812261;0.0009508025884112;0.0;74.93394999999998;2022-05-24T18:00:00Z
0.0239365992784604;0.0013487157252587;0.0009686662076241;0.0;82.36716666666666;2022-05-24T19:00:00Z
0.0256834859471723;0.0015211042337413;0.0010708289534308;0.0;91.81688333333331;2022-05-24T20:00:00Z
0.0284470329967616;0.001938728991927;0.001261554771967;0.0;97.5334;2022-05-24T21:00:00Z
0.032083756096434;0.0023553332548146;0.0014598640004695;0.0;89.40131666666667;2022-05-24T22:00:00Z
0.0363042338338066;0.0028914181287071;0.0017627964255689;0.0;63.78533333333333;2022-05-24T23:00:00Z
0.0408429953935636;0.0037851161123068;0.0020505252260393;0.0;29.983683333333328;2022-05-25T00:00:00Z
0.0453656076012961;0.0043502264744513;0.0022882560703095;0.0;28.233733333333333;2022-05-25T01:00:00Z
0.0495881924826717;0.0050197026979668;0.0026121372202303;0.0;27.7669;2022-05-25T02:00:00Z
0.0532092512868619;0.0054052076287773;0.0028489713340249;0.0;33.600049999999996;2022-05-25T03:00:00Z
0.0559811025318757;0.0061147808710085;0.0029911917607458;0.0;33.25028333333333;2022-05-25T04:00:00Z
0.0577357422934738;0.0062083664867596;0.003111254396855;0.0;35.11718333333334;2022-05-25T05:00:00Z
0.0583285807151496;0.0062368948742709;0.0031195740599444;0.0;23.80198333333333;2022-05-25T06:00:00Z
0.0577535483253622;0.0061960990403019;0.0030716586330915;20.119;67.35118333333334;2022-05-25T07:00:00Z
0.0559865057386671;0.0059182893139882;0.0029590132428832;5.118999999999999;60.001;2022-05-25T08:00:00Z
0.0532106256460718;0.0053819701386487;0.0027984161777318;0.1199999999999999;65.50045;2022-05-25T09:00:00Z
0.0495974516670721;0.0049567563842787;0.002581991299252;0.0;70.0;2022-05-25T10:00:00Z
0.0453623508477051;0.0042228093077933;0.0023289288110364;0.0;62.0008;2022-05-25T11:00:00Z
0.0408445759369603;0.0037946937228271;0.0020218710556209;0.0;69.33401666666667;2022-05-25T12:00:00Z
0.0363222612759232;0.0031100062878331;0.001752526402143;0.0;276.33455000000004;2022-05-25T13:00:00Z
0.0320845230370825;0.0024740200016688;0.0014891310115226;0.0;7.335600000000001;2022-05-25T14:00:00Z
0.0284483689677707;0.002031926926435;0.0012591837032557;0.0;471.50205;2022-05-25T15:00:00Z
0.025682077873454;0.0016981304956995;0.0010956269455178;0.0;9.502216666666664;2022-05-25T16:00:00Z
0.0239501549709236;0.0012676864983704;0.0009967690347526;0.0;103.3343;2022-05-25T17:00:00Z
0.0233352881391076;0.0013128253212086;0.0009377485999575;0.0;77.60141666666665;2022-05-25T18:00:00Z
0.0239249111559484;0.0013435994346999;0.0009628003171923;0.0;91.88366666666664;2022-05-25T19:00:00Z
0.0256778329548585;0.0014693531879004;0.0011028778178925;0.0;80.00006666666665;2022-05-25T20:00:00Z
0.0284730457203002;0.0019036247983826;0.0012411748680812;0.0;74.00016666666667;2022-05-25T21:00:00Z
0.0320800309382661;0.0024896633266901;0.0014844651765616;0.0;51.28478333333334;2022-05-25T22:00:00Z
0.0363019704778601;0.0033575221376253;0.0017372832205131;0.0;22.419;2022-05-25T23:00:00Z
0.0408353155356743;0.0035064510184311;0.0020173398308829;0.0;23.68385;2022-05-26T00:00:00Z
0.0453637993415859;0.0045029134576192;0.002345062421104;0.0;34.06666666666666;2022-05-26T01:00:00Z
0.0495762392424256;0.0050340819347312;0.0025804053681425;0.0;28.583366666666663;2022-05-26T02:00:00Z
0.0532046765430038;0.0053198954596645;0.00279272320444;0.0;28.23336666666667;2022-05-26T03:00:00Z
0.0559866705849802;0.0058200571257781;0.0029660787063361;0.0;33.0168;2022-05-26T04:00:00Z
0.0577500471794588;0.0061549886743383;0.0030693860845104;0.0;31.2673;2022-05-26T05:00:00Z
0.0583288715674644;0.006114934200576;0.0031520324854345;0.0;20.30068333333333;2022-05-26T06:00:00Z
0.057725831905597;0.0061502501371704;0.0031088395995223;20.119;18.16753333333333;2022-05-26T07:00:00Z
0.0559790533967375;0.0060197182656656;0.0029673233892934;0.1199999999999999;59.8336;2022-05-26T08:00:00Z
0.053208855797564;0.0054463108070844;0.0027874976285881;5.119;36.00056666666667;2022-05-26T09:00:00Z
0.0495783302044068;0.0050469600291596;0.0025865731706218;0.0;70.0;2022-05-26T10:00:00Z
0.0453413177545678;0.0042671743509826;0.0023024985550895;0.0;11.168383333333333;2022-05-26T11:00:00Z
0.0408404788175791;0.0036147675232303;0.0020403034243139;0.0;60.001133333333335;2022-05-26T12:00:00Z
0.0362972236435285;0.0029340092743436;0.0017227295456854;0.0;42.001466666666666;2022-05-26T13:00:00Z
0.0320789674744041;0.0024236082290756;0.001491271565287;0.0;36.00156666666667;2022-05-26T14:00:00Z
0.028454012195976;0.0020162196547425;0.0012706849275306;0.0;69.00101666666667;2022-05-26T15:00:00Z
0.0256860916725977;0.0015072040851001;0.0010861830849027;0.0;36.00156666666667;2022-05-26T16:00:00Z
0.0239341336858755;0.0012543067860487;0.0009842118518898;0.0;71.98416666666667;2022-05-26T17:00:00Z
0.0233441843064249;0.0013538757293465;0.0009166269113987;0.0;57.90041666666666;2022-05-26T18:00:00Z
0.0239308435477368;0.0014496095505192;0.0009664896059812;0.0;68.16733333333333;2022-05-26T19:00:00Z
0.0256807370804417;0.0017908087828137;0.0010794220780907;0.0;59.16731666666666;2022-05-26T20:00:00Z
0.0284382001374854;0.0019139660932184;0.0012998636052433;0.0;78.20059999999998;2022-05-26T21:00:00Z
0.0320734760582898;0.0023831839358658;0.0014929902683526;0.0;541.38485;2022-05-26T22:00:00Z
0.0362955676243781;0.0031816560906649;0.0017679214283852;0.0;466.2351166666667;2022-05-26T23:00:00Z
0.0408199257279784;0.0037115396811818;0.0020327158313685;0.0;0.0;2022-05-27T00:00:00Z
0.0453487116791693;0.0045522525000061;0.0023417120529014;0.0;0.0;2022-05-27T01:00:00Z
0.0495842422068299;0.005028228707382;0.0025781393430283;0.0;0.0;2022-05-27T02:00:00Z
0.0532192571284567;0.0053120993949037;0.0028255473861951;0.0;0.0;2022-05-27T03:00:00Z
0.0559832819231442;0.0058821022447869;0.0030085865565732;0.0;0.0;2022-05-27T04:00:00Z
0.0577211905723017;0.0060530854142202;0.0030968910231237;0.0;0.0;2022-05-27T05:00:00Z
0.0583479739393651;0.0062127968308331;0.003137750884291;0.0;0.0;2022-05-27T06:00:00Z
0.0577277267134959;0.0061163932426295;0.0030621657050059;5.118999999999999;0.0;2022-05-27T07:00:00Z
0.0559994214151822;0.0059628981038898;0.0030065346627019;0.1199999999999999;0.0;2022-05-27T08:00:00Z
0.0532117498146249;0.0055464637591101;0.0028087032815147;20.119;0.0;2022-05-27T09:00:00Z
0.0495864314301386;0.0050439964346874;0.0025842647585524;0.0;0.0;2022-05-27T10:00:00Z
0.045345061449741;0.0044652754059705;0.0023540225948265;0.0;0.0;2022-05-27T11:00:00Z
0.0408314528668646;0.0036047541532326;0.0020740581802693;0.0;0.0;2022-05-27T12:00:00Z
0.036299161321912;0.0030536211853178;0.0017124394842568;0.0;0.0;2022-05-27T13:00:00Z
0.0320823057392415;0.0025637934582182;0.0014697586962588;0.0;0.0;2022-05-27T14:00:00Z
0.0284568747284392;0.0019381541213981;0.0012648428075971;0.0;0.0;2022-05-27T15:00:00Z
0.0256832994860752;0.0015448492110929;0.0011048395034434;0.0;0.0;2022-05-27T16:00:00Z
0.0239389660918211;0.0014226995948533;0.0009902007692509;0.0;0.0;2022-05-27T17:00:00Z
0.0233281412651037;0.001210362440281;0.0009439693168773;0.0;0.0;2022-05-27T18:00:00Z
0.023935788728927;0.0012411675618534;0.0009974725685098;0.0;0.0;2022-05-27T19:00:00Z
0.0256798379761066;0.0016493686655197;0.0010822484414008;0.0;0.0;2022-05-27T20:00:00Z
0.0284550653858803;0.0020143657322196;0.0012498332662226;0.0;0.0;2022-05-27T21:00:00Z
0.0320887469084638;0.0025294892947629;0.001487314750008;0.0;0.0;2022-05-27T22:00:00Z
0.0362889315146;0.0030826652496961;0.0017556839681701;0.0;0.0;2022-05-27T23:00:00Z
0.0408303428164941;0.0036156417164618;0.0020612923562743;0.0;22.05015;2022-05-28T00:00:00Z
0.0453713424141911;0.0044711470859614;0.0023053977025356;0.0;34.65015;2022-05-28T01:00:00Z
0.0495905993732444;0.0050423543974243;0.0025431794331363;0.0;39.90016666666666;2022-05-28T02:00:00Z
0.0532201590416845;0.0053236516769282;0.0028129244681234;0.0;38.616766666666656;2022-05-28T03:00:00Z
0.0559889470691607;0.0058564813020751;0.0029475810923645;0.0;35.11666666666667;2022-05-28T04:00:00Z
0.0577346199596285;0.0060888949847535;0.0030815293915821;0.0;33.83336666666667;2022-05-28T05:00:00Z
0.0583284254591325;0.0062076877903226;0.0031341628434888;0.0;36.35055;2022-05-28T06:00:00Z
0.0577343065634193;0.0061577568324171;0.0030827518607721;20.119;17.301099999999998;2022-05-28T07:00:00Z
0.0559998301297757;0.005818035899495;0.0029931480784966;5.119;27.334766666666663;2022-05-28T08:00:00Z
0.0531973255086616;0.0057108190803171;0.0028205028004461;0.1199999999999999;41.33436666666666;2022-05-28T09:00:00Z
0.0495667150757602;0.0051011880069066;0.0025491479799958;0.0;69.3334;2022-05-28T10:00:00Z
0.0453769709444094;0.0044012175582119;0.0022825871125664;0.0;70.0;2022-05-28T11:00:00Z
0.0408421895714993;0.0038273562046624;0.0020400691704884;0.0;164.66723333333334;2022-05-28T12:00:00Z
0.0362936241037167;0.0030894486209227;0.001744062511228;0.0;809.50125;2022-05-28T13:00:00Z
0.0320903960692726;0.0024905162283319;0.0015025451519748;0.0;25.00175;2022-05-28T14:00:00Z
0.0284593893244531;0.0020977553153837;0.0012937726288365;0.0;70.001;2022-05-28T15:00:00Z
0.0256747310666009;0.0015096375748902;0.0010983899175502;0.0;70.001;2022-05-28T16:00:00Z
0.0239190528466715;0.001302496213086;0.0009914660239255;0.0;67.00106666666666;2022-05-28T17:00:00Z
0.023350644795583;0.0012534482995109;0.0009021679487535;0.0;73.7677;2022-05-28T18:00:00Z
0.0239279175265891;0.0013894194399658;0.0010237909761884;0.0;83.01731666666667;2022-05-28T19:00:00Z
0.0256774776624082;0.001628823271765;0.0010918182374602;0.0;67.31718333333333;2022-05-28T20:00:00Z
0.028461030169517;0.0021235496608497;0.0012631606445672;0.0;29.90188333333333;2022-05-28T21:00:00Z
0.0320786767953718;0.0025095111219358;0.0014832025471129;0.0;44.385666666666665;2022-05-28T22:00:00Z
0.0362991457867537;0.0029636872320953;0.0017439624287166;0.0;49.53601666666666;2022-05-28T23:00:00Z
0.0408381380701009;0.0039183418795975;0.0020623230442756;0.0;30.33395;2022-05-29T00:00:00Z
0.0453760905264565;0.0044274711536262;0.0023063922007849;0.0;39.90005;2022-05-29T01:00:00Z
0.0495891797181825;0.0050201458703951;0.002619783299902;0.0;36.8668;2022-05-29T02:00:00Z
0.0532057856815877;0.0053390842918985;0.0027916919723463;0.0;31.96723333333333;2022-05-29T03:00:00Z
0.0559921029779784;0.0062251615904;0.0029783507676285;0.0;33.717083333333335;2022-05-29T04:00:00Z
0.0577503316975992;0.0061425694001205;0.0030790379512679;0.0;37.3338;2022-05-29T05:00:00Z
0.0583354561389453;0.0061938425726945;0.0031290712029353;0.0;27.151416666666663;2022-05-29T06:00:00Z
0.0577141134717475;0.0063214923633846;0.0030416118374031;0.1199999999999999;9.0173;2022-05-29T07:00:00Z
0.0559822928595302;0.0058879092166499;0.0029721926740817;20.119;9.667583333333333;2022-05-29T08:00:00Z
0.0531968380912805;0.0055164882089924;0.0028012747621144;5.119;69.00001666666667;2022-05-29T09:00:00Z
0.0495744769754487;0.0049655006087079;0.0025872749947641;0.0;55.00025;2022-05-29T10:00:00Z
0.0453692985856432;0.0044403333259781;0.0022887371967054;0.0;35.00096666666667;2022-05-29T11:00:00Z
0.0408383965467564;0.0037543759176174;0.002001411045741;0.0;573.6673666666667;2022-05-29T12:00:00Z
0.0362971675119954;0.0029392691361565;0.0017265664650133;0.0;68.00103333333334;2022-05-29T13:00:00Z
0.032074673924899;0.0023219985835833;0.0014913288657183;0.0;5.33605;2022-05-29T14:00:00Z
0.0284521595981648;0.0020636900372474;0.0012562809321861;0.0;54.001266666666666;2022-05-29T15:00:00Z
0.0256926678872537;0.0016485494704256;0.0010765498369813;0.0;520.6674666666667;2022-05-29T16:00:00Z
0.0239421630159996;0.0014129207048655;0.0009746705751573;0.0;47.502;2022-05-29T17:00:00Z
0.0233194505923408;0.0014054947751741;0.0009672739050299;0.0;35.968283333333325;2022-05-29T18:00:00Z
0.0239356269744323;0.0012219636335726;0.0009761380855232;0.0;68.16696666666667;2022-05-29T19:00:00Z
0.0256758184746895;0.0015600737610729;0.0010842122015711;0.0;56.63451666666666;2022-05-29T20:00:00Z
0.0284463668015235;0.0021423079550103;0.0012391347659796;0.0;83.18438333333334;2022-05-29T21:00:00Z
0.0320828071939352;0.0026553701212195;0.0015014952251446;0.0;63.30165;2022-05-29T22:00:00Z
0.0362968799926426;0.003154179499651;0.0017237512686505;0.0;78.36773333333333;2022-05-29T23:00:00Z
0.0408337984091861;0.0037231220979768;0.0020363663123585;0.0;31.033716666666663;2022-05-30T00:00:00Z
0.0453461504648932;0.0043347110821651;0.0023288762476842;0.0;30.450316666666662;2022-05-30T01:00:00Z
0.0495904105108191;0.0050664033741432;0.0025595502379332;0.0;32.43351666666666;2022-05-30T02:00:00Z
0.0532061815400703;0.005436489238843;0.0028359649715304;0.0;35.58368333333333;2022-05-30T03:00:00Z
0.055999570107993;0.005938991646066;0.0029703072364096;0.0;40.71683333333333;2022-05-30T04:00:00Z
0.057728251474864;0.0061343338598149;0.0031152503519368;0.0;37.216816666666666;2022-05-30T05:00:00Z
0.0583265444557304;0.0063342086689364;0.0031611421090946;0.0;26.600966666666668;2022-05-30T06:00:00Z
0.057732767158746;0.0061071735406894;0.0030805178783192;25.118;3.5011166666666664;2022-05-30T07:00:00Z
0.0559941087988681;0.0058637992888367;0.0030146378526059;0.1199999999999999;38.50098333333334;2022-05-30T08:00:00Z
0.0532327029491043;0.0055436120210429;0.0028115613255678;0.1199999999999999;43.16751666666666;2022-05-30T09:00:00Z
0.0495803522293207;0.0049198085927655;0.0025320404390467;0.0;66.16688333333333;2022-05-30T10:00:00Z
0.0453769778917821;0.0044495842213241;0.0022866759539997;0.0;47.16743333333333;2022-05-30T11:00:00Z
0.0408338290269902;0.0039773038161494;0.0020292831265055;0.0;69.83435;2022-05-30T12:00:00Z
0.0362877407687536;0.0031425023487006;0.0017534453984142;0.0;70.001;2022-05-30T13:00:00Z
0.0320990264302792;0.0024872893964874;0.0014564504176053;0.0;236.6675;2022-05-30T14:00:00Z
0.0284727693959519;0.0018274744364015;0.00126388315012;0.0;67.50125;2022-05-30T15:00:00Z
0.0256902866771626;0.0012786567728703;0.0010954343004501;0.0;67.83455;2022-05-30T16:00:00Z
0.0239285806199406;0.0013491760022188;0.0009767685117228;0.0;554.0339666666665;2022-05-30T17:00:00Z
0.0233231039789083;0.0012162782988317;0.000905562234428;0.0;357.1002;2022-05-30T18:00:00Z
0.0239317753149787;0.0014655346514815;0.0009567835692192;0.0;66.70134999999999;2022-05-30T19:00:00Z
0.0256751406864431;0.001563909321855;0.0010853252230877;0.0;96.16685;2022-05-30T20:00:00Z
0.0284496183404537;0.0018593445876965;0.0012447401940844;0.0;90.617;2022-05-30T21:00:00Z
0.0321035824284889;0.0024324028014351;0.001485128324833;0.0;67.10151666666665;2022-05-30T22:00:00Z
0.0362992228354273;0.0031200991742407;0.0017439357103232;0.0;28.38525;2022-05-30T23:00:00Z
0.0408281246295634;0.0038224319399364;0.0020090006780846;0.0;24.500216666666663;2022-05-31T00:00:00Z
0.0453614951007965;0.0043589965899723;0.002303890293745;0.0;33.6002;2022-05-31T01:00:00Z
0.0495721875189946;0.0050949203497072;0.0025775995244291;0.0;38.96698333333333;2022-05-31T02:00:00Z
0.0532029729083145;0.0055000505497422;0.0028143407229962;0.0;41.41676666666665;2022-05-31T03:00:00Z
0.0559839117918461;0.0059569358681374;0.0029795392506693;0.0;41.650116666666655;2022-05-31T04:00:00Z
0.0577617248075994;0.0060531567360598;0.0031066466920898;0.0;38.38421666666667;2022-05-31T05:00:00Z
0.0583301340940271;0.0061532985282044;0.0031360047222231;0.0;49.3844;2022-05-31T06:00:00Z
0.057723298251749;0.0060318819384791;0.0030684006736684;20.119;10.918;2022-05-31T07:00:00Z
0.0559841862463687;0.0060383984367189;0.0029828625147203;5.119;4.501550000000001;2022-05-31T08:00:00Z
0.0532110941410922;0.005367559770148;0.0028163306698246;0.1199999999999999;31.50068333333333;2022-05-31T09:00:00Z
0.0496065076723409;0.0049505422671491;0.0025722562713651;0.0;70.0;2022-05-31T10:00:00Z
0.0453481941540641;0.0044099654513236;0.0023050249410838;0.0;34.000600000000006;2022-05-31T11:00:00Z
0.0408307087078451;0.0036550906389247;0.0020552699729576;0.0;8.335166666666668;2022-05-31T12:00:00Z
0.036291340942187;0.0030781642388626;0.0017260262004983;0.0;398.50115;2022-05-31T13:00:00Z
0.0320741821503688;0.0024059524367006;0.0014932518508899;0.0;186.66755;2022-05-31T14:00:00Z
0.0284545163552612;0.0018488398299002;0.0012774298642991;0.0;320.00075000000004;2022-05-31T15:00:00Z
0.0256762602044778;0.0015635999447914;0.0010983586282607;0.0;268.66775;2022-05-31T16:00:00Z
0.0239381300656616;0.0013860732699059;0.0009712678544925;0.0;60.38453333333334;2022-05-31T17:00:00Z
0.0233465314572344;0.001364792111136;0.0009647005846924;0.0;38.6184;2022-05-31T18:00:00Z
0.0239329685236493;0.0014136847533612;0.0009560450097162;0.0;89.26746666666665;2022-05-31T19:00:00Z
0.0256849704338043;0.0016191359721995;0.0010953503705267;0.0;58.0846;2022-05-31T20:00:00Z
0.0284689606724292;0.001914008932922;0.0012795676375028;0.0;90.8674;2022-05-31T21:00:00Z
0.0320833502622239;0.0024866925136317;0.0014716484548996;0.0;80.56818333333332;2022-05-31T22:00:00Z
0.036300348635879;0.0031646796240917;0.0017920369618521;0.0;23.152616666666663;2022-05-31T23:00:00Z
0.0408358097343086;0.0035740705181795;0.0020523144671246;0.0;22.2837;2022-06-01T00:00:00Z
0.0453501344476338;0.0044299477373088;0.0022923045224746;0.0;34.18375;2022-06-01T01:00:00Z
0.0495711303124651;0.0048697398687901;0.0026018809932415;0.0;27.3002;2022-06-01T02:00:00Z
0.0532424487801476;0.0055557527757485;0.0027830396158427;0.0;30.10035;2022-06-01T03:00:00Z
0.0559833769788519;0.0059946343148034;0.0030099483796089;0.0;26.483816666666662;2022-06-01T04:00:00Z
0.0577197727182484;0.006102727252074;0.0030848612575005;0.0;34.05038333333333;2022-06-01T05:00:00Z
0.0583384338224496;0.0062375367184157;0.0031084930062714;0.0;43.35048333333333;2022-06-01T06:00:00Z
0.0577550833424305;0.0060288207567936;0.0031192718479475;0.1199999999999999;22.85033333333333;2022-06-01T07:00:00Z
0.0559813933180652;0.0060129619677403;0.0029522599941107;25.118;10.0005;2022-06-01T08:00:00Z
0.0532181313550519;0.0057023136201309;0.0027993621756108;0.1199999999999999;37.000716666666655;2022-06-01T09:00:00Z
0.0495673966565993;0.0050157478744262;0.0025803391561029;0.0;62.66681666666666;2022-06-01T10:00:00Z
0.0453617262179334;0.0044744586327357;0.0023296615467589;0.0;70.00015;2022-06-01T11:00:00Z
0.0408410851484509;0.0038406295950303;0.0020577520971088;0.0;70.001;2022-06-01T12:00:00Z
0.0363071165318379;0.0030427366089203;0.0017487282383639;0.0;136.6676;2022-06-01T13:00:00Z
0.0320704969582914;0.0026247510633177;0.0014553443780733;0.0;67.83455;2022-06-01T14:00:00Z
0.0284699819346432;0.0019223429362364;0.0012393426218515;0.0;46.16838333333333;2022-06-01T15:00:00Z
0.0256950272715474;0.0015405490880511;0.0010842497199973;0.0;294.6681166666667;2022-06-01T16:00:00Z
0.0239450429867321;0.0014775161314666;0.0009739197170031;0.0;189.23471666666663;2022-06-01T17:00:00Z
0.023333732054218;0.00113934474295;0.0008941864751792;0.0;56.45141666666667;2022-06-01T18:00:00Z
0.0239313183807176;0.0011995277084093;0.0009571371814351;0.0;77.35078333333331;2022-06-01T19:00:00Z
0.0256775473273539;0.0016233341710579;0.001073423811159;0.0;79.71791666666665;2022-06-01T20:00:00Z
0.0284610315957537;0.0019712432573439;0.0012754164231878;0.0;78.50048333333332;2022-06-01T21:00:00Z
0.0320910627848453;0.0024710687401686;0.0014997888273217;0.0;550.1351500000001;2022-06-01T22:00:00Z
0.0363159064163495;0.0031795750905347;0.0017564231459276;0.0;46.13575;2022-06-01T23:00:00Z
0.0408169076967127;0.003798296354512;0.0020458645410058;0.0;21.93363333333333;2022-06-02T00:00:00Z
0.0453616408267016;0.0044380870365746;0.0023294663628594;0.0;33.60015;2022-06-02T01:00:00Z
0.0495749247513956;0.004942964823989;0.0026231279387792;0.0;28.000066666666665;2022-06-02T02:00:00Z
0.0531970860722565;0.0053579332532503;0.0028217394213846;0.0;28.23335;2022-06-02T03:00:00Z
0.0559982293447417;0.0058861718232711;0.0029998437409397;0.0;28.58343333333333;2022-06-02T04:00:00Z
0.0577520386829379;0.0060779103790179;0.0031142235275839;0.0;32.334066666666665;2022-06-02T05:00:00Z
0.0583260886312141;0.006214921748843;0.0031089121142416;0.0;59.70076666666667;2022-06-02T06:00:00Z
0.0577324122800486;0.0061353577509455;0.0030589340704373;5.119;55.00025;2022-06-02T07:00:00Z
0.0559797263773929;0.0058546809476417;0.0029648736351636;20.119;44.000433333333326;2022-06-02T08:00:00Z
0.0531934581690977;0.0055812890765328;0.0027748397872108;0.1199999999999999;49.00035;2022-06-02T09:00:00Z
0.0495872302149672;0.0050037884190661;0.0025972876026934;0.0;58.33358333333334;2022-06-02T10:00:00Z
0.0453658074035424;0.0042843515662951;0.0023662563847704;0.0;17.001966666666664;2022-06-02T11:00:00Z
0.0408307360244702;0.0037506697082909;0.0020510892895407;0.0;47.00221666666666;2022-06-02T12:00:00Z
0.0362923840723361;0.0031076119656535;0.0017657571401818;0.0;62.3351;2022-06-02T13:00:00Z
0.0321188138486041;0.0026144650951163;0.0015155233797904;0.0;570.0005;2022-06-02T14:00:00Z
0.0284418449155697;0.0019177653746391;0.0012709057630804;0.0;70.001;2022-06-02T15:00:00Z
0.0256725636436101;0.0016568006997634;0.0011040341652166;0.0;70.001;2022-06-02T16:00:00Z
0.0239432152103299;0.0013533830765224;0.000963155654024;0.0;636.6671;2022-06-02T17:00:00Z
0.0233171701093373;0.001171037599386;0.0009083696832631;0.0;80.15048333333331;2022-06-02T18:00:00Z
0.0239437060593752;0.0011596700606545;0.000975568110928;0.0;66.38401666666667;2022-06-02T19:00:00Z
0.0256779342840393;0.0015223210085825;0.0010947283644297;0.0;20.63525;2022-06-02T20:00:00Z
0.0284693545589987;0.0019225100299216;0.0012563852481848;0.0;76.33451666666667;2022-06-02T21:00:00Z
0.0320714370461944;0.002581590549953;0.0014726831124186;0.0;36.00228333333333;2022-06-02T22:00:00Z
0.0362824045542009;0.0032906942893157;0.0017506001010167;0.0;16.251716666666667;2022-06-02T23:00:00Z
0.0408299448833088;0.0038767127928345;0.0020277942250247;0.0;0.0;2022-06-03T00:00:00Z
0.0453503189257942;0.0043464338218643;0.0023213046008191;0.0;0.0;2022-06-03T01:00:00Z
0.0495957873331476;0.0049425496977265;0.0025572951011253;0.0;0.0;2022-06-03T02:00:00Z
0.0532134074246728;0.0055281608807925;0.0028114896069083;0.0;0.0;2022-06-03T03:00:00Z
0.0559987985268607;0.0058598135205835;0.0029345235935989;0.0;0.0;2022-06-03T04:00:00Z
0.057733798823189;0.0060928790688095;0.003060411072224;0.0;0.0;2022-06-03T05:00:00Z
0.0583327883512591;0.0062137893223205;0.0030362847168699;0.0;0.0;2022-06-03T06:00:00Z
0.05773577924466;0.0063320327197737;0.0031067928867045;0.1199999999999999;0.0;2022-06-03T07:00:00Z
0.0559912970833556;0.0059540203676475;0.0030054819597766;25.118;0.0;2022-06-03T08:00:00Z
0.0532116873607964;0.0055143266886368;0.0027791315983781;0.1199999999999999;0.0;2022-06-03T09:00:00Z
0.0495791366388077;0.0049349291090374;0.0025882050322305;0.0;0.0;2022-06-03T10:00:00Z
0.0453537095729626;0.0044642040409988;0.0023147191963691;0.0;0.0;2022-06-03T11:00:00Z
0.0408432929920921;0.0038311247111381;0.0020183264600159;0.0;0.0;2022-06-03T12:00:00Z
0.0363090988513431;0.0030834898748727;0.0017656923244915;0.0;0.0;2022-06-03T13:00:00Z
0.0320770416531915;0.0025111031060819;0.0014875756246385;0.0;0.0;2022-06-03T14:00:00Z
0.0284513052731266;0.0019087654370451;0.001228567690055;0.0;0.0;2022-06-03T15:00:00Z
0.0256664452249888;0.0015818701267575;0.0010768852822667;0.0;0.0;2022-06-03T16:00:00Z
0.0239156912693685;0.0013751010652866;0.0010016248104789;0.0;0.0;2022-06-03T17:00:00Z
0.0233355417842324;0.0011716266795434;0.0009453358142255;0.0;0.0;2022-06-03T18:00:00Z
0.0239250871969979;0.0013310174888072;0.0010070859393114;0.0;0.0;2022-06-03T19:00:00Z
0.02566433123238;0.0014660931237637;0.0011030213278449;0.0;0.0;2022-06-03T20:00:00Z
0.028485056419827;0.0019489939233091;0.0012756128149237;0.0;0.0;2022-06-03T21:00:00Z
0.0320829658321644;0.0025625401624605;0.0014420600008944;0.0;0.0;2022-06-03T22:00:00Z
0.0363089286000654;0.0031357466549286;0.0017687100701237;0.0;0.0;2022-06-03T23:00:00Z
0.0408356871234734;0.0037280393375052;0.0020313772821099;0.0;37.800583333333336;2022-06-04T00:00:00Z
0.0453593507358746;0.0044168213815426;0.0023145397849743;0.0;38.38385;2022-06-04T01:00:00Z
0.0495807029894091;0.0048190067873415;0.0025909208913953;0.0;38.50051666666666;2022-06-04T02:00:00Z
0.0532014653640914;0.0055536613265112;0.0027798929642482;0.0;39.20018333333333;2022-06-04T03:00:00Z
0.0559801630900382;0.0057335925350127;0.0030202602299437;0.0;41.7667;2022-06-04T04:00:00Z
0.0577370928081278;0.0060869268682483;0.0030659170240464;0.0;40.25023333333333;2022-06-04T05:00:00Z
0.0583205462434101;0.0062690437173632;0.003096978431178;0.0;19.967216666666666;2022-06-04T06:00:00Z
0.057751166098599;0.0060815146960902;0.0030963108788507;20.119;11.833649999999999;2022-06-04T07:00:00Z
0.0559972227828728;0.0059442257206533;0.0029850621618424;0.1199999999999999;0.0015166666666666;2022-06-04T08:00:00Z
0.0532172068159014;0.0057092843098094;0.0028052973281333;5.119;56.0004;2022-06-04T09:00:00Z
0.0495963998318209;0.0050410159307599;0.0025533934731036;0.0;37.00055;2022-06-04T10:00:00Z
0.0453788445943446;0.0041804894500666;0.002312893353303;0.0;45.000416666666666;2022-06-04T11:00:00Z
0.0408242194121728;0.0037687885719288;0.0020520465964243;0.0;10.0015;2022-06-04T12:00:00Z
0.0363095373345693;0.0031068819617109;0.0017569743152338;0.0;27.002216666666666;2022-06-04T13:00:00Z
0.032080710024545;0.0026091719255149;0.0014688643410549;0.0;0.003;2022-06-04T14:00:00Z
0.0284537975035373;0.0020804247935309;0.0012830818169135;0.0;417.1683833333333;2022-06-04T15:00:00Z
0.0256767115010644;0.0014647238802186;0.0010735688150242;0.0;436.6673;2022-06-04T16:00:00Z
0.0239352443380542;0.0013272088911696;0.0009728618411064;0.0;70.00056666666667;2022-06-04T17:00:00Z
0.0233244294238335;0.0012964338153749;0.0009187404079228;0.0;72.6679;2022-06-04T18:00:00Z
0.023917151841502;0.0014688185539765;0.0009807399225611;0.0;86.03428333333333;2022-06-04T19:00:00Z
0.0256686644620313;0.001573338858401;0.0010751942577305;0.0;84.13405;2022-06-04T20:00:00Z
0.0284683377158594;0.0018928541460209;0.0012840893239268;0.0;86.28399999999998;2022-06-04T21:00:00Z
0.032081535934921;0.0025131540039281;0.001434906917867;0.0;195.0683833333333;2022-06-04T22:00:00Z
0.0363065462645861;0.0031082472693903;0.0017493556686279;0.0;66.80111666666667;2022-06-04T23:00:00Z
0.0408420981414229;0.0038273073478558;0.0019719326135123;0.0;25.55056666666667;2022-06-05T00:00:00Z
0.0453578963843104;0.0043639356129269;0.0022934738251627;0.0;29.400416666666665;2022-06-05T01:00:00Z
0.0495895022762108;0.0049295789163197;0.0025500869313849;0.0;30.566666666666663;2022-06-05T02:00:00Z
0.0531969734785484;0.0054189775592817;0.0028386039268764;0.0;31.73353333333333;2022-06-05T03:00:00Z
0.0559871888258147;0.0059391432487604;0.0029746187043342;0.0;33.71691666666666;2022-06-05T04:00:00Z
0.0577378587463241;0.0061881789162694;0.0030676530761304;0.0;41.300733333333326;2022-06-05T05:00:00Z
0.0583380852689624;0.0062504480080306;0.0031216207446627;0.0;35.60125;2022-06-05T06:00:00Z
0.0577410535308371;0.0061215236210473;0.0030881319048672;20.119;6.40195;2022-06-05T07:00:00Z
0.0559982809500743;0.0059959036325385;0.0029583968714486;5.119;3.335;2022-06-05T08:00:00Z
0.0532229678409038;0.005541121576865;0.0028403841291781;0.1199999999999999;32.501;2022-06-05T09:00:00Z
0.049574355443403;0.0049568375802895;0.0025855526120651;0.0;27.6674;2022-06-05T10:00:00Z
0.0453604540183162;0.0044172303548707;0.0023148330524017;0.0;70.00056666666667;2022-06-05T11:00:00Z
0.0408298341375871;0.003835794542978;0.0020185620113146;0.0;485.834;2022-06-05T12:00:00Z
0.0362915284107398;0.0031561007992288;0.0017599997886504;0.0;69.16775;2022-06-05T13:00:00Z
0.0320923163639032;0.0024987795733509;0.0014997481647161;0.0;67.0013;2022-06-05T14:00:00Z
0.0284751244717321;0.0021747584816734;0.0012643115679814;0.0;661.83455;2022-06-05T15:00:00Z
0.0256612189851607;0.0014398683762788;0.0010762767055521;0.0;68.50115;2022-06-05T16:00:00Z
0.0239166100628242;0.001183087332774;0.0010030519477487;0.0;70.70108333333333;2022-06-05T17:00:00Z
0.0233466239984318;0.0011683942829559;0.0009407396346714;0.0;88.61735;2022-06-05T18:00:00Z
0.0239270776415719;0.0013115362984026;0.000974392944555;0.0;69.2013;2022-06-05T19:00:00Z
0.0256634181402281;0.0014100182723665;0.0011131582547283;0.0;79.25104999999998;2022-06-05T20:00:00Z
0.0284785521345944;0.0020654596002569;0.0012401482169871;0.0;82.40051666666666;2022-06-05T21:00:00Z
0.032092557446926;0.0026093985617559;0.0014923156569093;0.0;40.66865;2022-06-05T22:00:00Z
0.0362937598706728;0.003107681949832;0.0017079085960426;0.0;16.685133333333333;2022-06-05T23:00:00Z
0.0408362730689221;0.0039786576726848;0.0020511457955319;0.0;14.466966666666666;2022-06-06T00:00:00Z
0.0453702658242374;0.0044438448015252;0.0023278004166841;0.0;36.86701666666666;2022-06-06T01:00:00Z
0.0495751449290591;0.0049694403988441;0.0025818121900283;0.0;41.5334;2022-06-06T02:00:00Z
0.0531927661747301;0.0054481309437717;0.0028304586900641;0.0;30.4503;2022-06-06T03:00:00Z
0.055993491705956;0.0060361807127632;0.0030013547813607;0.0;28.7;2022-06-06T04:00:00Z
0.0577399786399435;0.0058663941940567;0.0030705206520184;0.0;31.8671;2022-06-06T05:00:00Z
0.0583317852984728;0.0062799490737946;0.0031410316116153;0.0;44.36758333333333;2022-06-06T06:00:00Z
0.0577418708841667;0.0062548227016661;0.0030906489411132;5.119;22.317416666666663;2022-06-06T07:00:00Z
0.0559893249692783;0.0058626420044858;0.0029836654587183;20.119;63.50035;2022-06-06T08:00:00Z
0.0532063098130873;0.0055352559075467;0.0028107363920422;0.1199999999999999;37.167783333333325;2022-06-06T09:00:00Z
0.0495791676216592;0.00488816190845;0.0025815810705999;0.0;9.0011;2022-06-06T10:00:00Z
0.0453756131656422;0.0044166838475483;0.0022929614232005;0.0;7.6679;2022-06-06T11:00:00Z
0.0408346879778842;0.0037159959894339;0.0020447265842336;0.0;52.0007;2022-06-06T12:00:00Z
0.0363020362199136;0.0030238381297375;0.0017691294401027;0.0;70.001;2022-06-06T13:00:00Z
0.0321037805067515;0.002601910737554;0.0015026758482753;0.0;470.0006;2022-06-06T14:00:00Z
0.0284624000434129;0.0021356636978895;0.0012992420303479;0.0;453.33395;2022-06-06T15:00:00Z
0.0256855665083314;0.0017298063132209;0.0011118823961025;0.0;67.83455;2022-06-06T16:00:00Z
0.0239154002950583;0.0013837698153505;0.0009475809335166;0.0;68.93430000000001;2022-06-06T17:00:00Z
0.0233310151859319;0.0012624797907545;0.0009473967454542;0.0;28.301683333333333;2022-06-06T18:00:00Z
0.0239334225789869;0.0013433545842996;0.0010422111100321;0.0;78.20069999999998;2022-06-06T19:00:00Z
0.02567271634608;0.0014730832858822;0.001058760071851;0.0;88.46694999999998;2022-06-06T20:00:00Z
0.0284434266682237;0.0020432117601597;0.0012663910784717;0.0;71.41765;2022-06-06T21:00:00Z
0.0320853868844655;0.0024646564971059;0.0014764480301426;0.0;87.75216666666665;2022-06-06T22:00:00Z
0.0363123009441048;0.0031312414862973;0.0017546567392781;0.0;158.21783333333335;2022-06-06T23:00:00Z
0.0408245050411092;0.0035557079699307;0.0020373800696145;0.0;27.067116666666664;2022-06-07T00:00:00Z
0.045361647408626;0.0045742457637512;0.0022944669252513;0.0;38.500183333333325;2022-06-07T01:00:00Z
0.0495849901422502;0.005005953504273;0.0025659290995198;0.0;34.76683333333333;2022-06-07T02:00:00Z
0.0532212495423428;0.005490429478454;0.0028121222950983;0.0;28.11675;2022-06-07T03:00:00Z
0.0559753076679429;0.0058097293305788;0.0029459633067161;0.0;30.91675;2022-06-07T04:00:00Z
0.0577275674054898;0.0060531461397111;0.003088675471768;0.0;57.66728333333333;2022-06-07T05:00:00Z
0.0583313211197332;0.0061873190934545;0.003116887040748;0.0;36.41866666666667;2022-06-07T06:00:00Z
0.0577329745372306;0.0061247419889905;0.0030993020678608;5.119;1.8686666666666665;2022-06-07T07:00:00Z
0.05600353599678;0.005913344442769;0.0029653408833842;0.1199999999999999;2.3351;2022-06-07T08:00:00Z
0.0532153144349299;0.0054751041017401;0.0027957957313745;20.119;46.0004;2022-06-07T09:00:00Z
0.0495826855002897;0.0048788504302846;0.0025750377377839;0.0;39.33415;2022-06-07T10:00:00Z
0.0453874637568751;0.0042938093948738;0.0023156219144645;0.0;34.833933333333334;2022-06-07T11:00:00Z
0.0408292694542611;0.0038218508025417;0.0019762538925453;0.0;330.0013666666667;2022-06-07T12:00:00Z
0.0362956030220975;0.0030295123595879;0.001734397047211;0.0;42.50175;2022-06-07T13:00:00Z
0.0320652852343514;0.0026283956240804;0.0014977282627616;0.0;60.002;2022-06-07T14:00:00Z
0.0284532965487672;0.0020365944844398;0.0012516567298716;0.0;63.50165;2022-06-07T15:00:00Z
0.0256785611305516;0.0014988833695651;0.0010899638914297;0.0;60.16865;2022-06-07T16:00:00Z
0.023916420168108;0.0013827229299646;0.0010006967930772;0.0;371.2838833333333;2022-06-07T17:00:00Z
0.0233272949252775;0.0014606302519465;0.0009429737665415;0.0;84.28366666666666;2022-06-07T18:00:00Z
0.0239402883512084;0.0015731217572035;0.0009827670850615;0.0;82.60081666666667;2022-06-07T19:00:00Z
0.0256941684254192;0.0014003829285798;0.0010762702695668;0.0;88.61668333333331;2022-06-07T20:00:00Z
0.0284573959469195;0.0019598044687607;0.0012463044940534;0.0;87.08388333333333;2022-06-07T21:00:00Z
0.0320711519995406;0.0023231561071195;0.001460776969539;0.0;80.68466666666667;2022-06-07T22:00:00Z
0.0363043663429008;0.0030515140625994;0.0017462178870076;0.0;188.21803333333332;2022-06-07T23:00:00Z
0.0408215285777402;0.0037328465312778;0.0019996556499017;0.0;16.5669;2022-06-08T00:00:00Z
0.0453725688032891;0.0043919197368457;0.0022994349630005;0.0;28.93373333333333;2022-06-08T01:00:00Z
0.0495828553262415;0.0050800186593482;0.0025720946412929;0.0;35.11693333333333;2022-06-08T02:00:00Z
0.053194287187855;0.0055303161612656;0.0028060202737192;0.0;30.333616666666664;2022-06-08T03:00:00Z
0.0559898571491488;0.005859215527206;0.0029784190988417;0.0;25.20045;2022-06-08T04:00:00Z
0.0577450964590772;0.0060176513495444;0.0030765202360343;0.0;26.367016666666665;2022-06-08T05:00:00Z
0.0583441665062676;0.0061092646741344;0.0031263758801035;0.0;30.10055;2022-06-08T06:00:00Z
0.0577368948759877;0.0062129307781856;0.0030971368827181;25.118;22.784416666666665;2022-06-08T07:00:00Z
0.0560050488070253;0.005903090816759;0.0029670207701353;0.1199999999999999;70.0;2022-06-08T08:00:00Z
0.0532183322781039;0.0055725450837121;0.0027977050019556;0.1199999999999999;47.00038333333334;2022-06-08T09:00:00Z
0.04957458233459;0.0052393160241522;0.00261827849137;0.0;33.00128333333333;2022-06-08T10:00:00Z
0.0453621497853152;0.0043621630813098;0.002300737710727;0.0;22.50173333333333;2022-06-08T11:00:00Z
0.0408304609892369;0.003794735632034;0.0020353516389698;0.0;16.169216666666667;2022-06-08T12:00:00Z
0.036314279377368;0.0028918037456339;0.0017414518203029;0.0;67.16795;2022-06-08T13:00:00Z
0.0320752309608007;0.0024811001191307;0.0014805269617048;0.0;720.00035;2022-06-08T14:00:00Z
0.0284677556678693;0.0019934254479784;0.0012770242090531;0.0;370.0007;2022-06-08T15:00:00Z
0.0256819323802253;0.001547064364807;0.001077573958776;0.0;70.001;2022-06-08T16:00:00Z
0.0239302608536968;0.0014888082434331;0.0009559586375947;0.0;386.3336;2022-06-08T17:00:00Z
0.0233344095008504;0.0012584831964745;0.0009393236251095;0.0;81.20016666666666;2022-06-08T18:00:00Z
0.0239257513075381;0.0012530008039996;0.0009770808194082;0.0;64.80055;2022-06-08T19:00:00Z
0.0256809525591895;0.0013657073359736;0.0010498147815809;0.0;68.30058333333334;2022-06-08T20:00:00Z
0.0284627005495471;0.0017838719961277;0.0012944871071204;0.0;53.034216666666666;2022-06-08T21:00:00Z
0.0321005300099354;0.0024762867833464;0.001477086395285;0.0;28.8525;2022-06-08T22:00:00Z
0.0363053656444473;0.0030585986239573;0.0017526048128405;0.0;59.35221666666667;2022-06-08T23:00:00Z
0.0408334341794688;0.003844695210423;0.0020471792554944;0.0;16.683633333333333;2022-06-09T00:00:00Z
0.0453572969988984;0.0044871268154626;0.0023125790748372;0.0;44.6837;2022-06-09T01:00:00Z
0.0495852105207892;0.0050797819617528;0.0025835063413145;0.0;35.700833333333335;2022-06-09T02:00:00Z
0.0531950805654797;0.0053912521628939;0.0028412796560118;0.0;34.18353333333333;2022-06-09T03:00:00Z
0.0559950255271157;0.0060836893346807;0.0029909330865696;0.0;31.96673333333333;2022-06-09T04:00:00Z
0.0577396400728748;0.006156880836779;0.0030441138064928;0.0;34.650216666666665;2022-06-09T05:00:00Z
0.0583438365195965;0.0062631156509726;0.0031310474732014;0.0;26.71695;2022-06-09T06:00:00Z
0.0577270608165212;0.0060063346940138;0.0031011447965338;5.119;6.684466666666667;2022-06-09T07:00:00Z
0.0559998151275724;0.0060174459036751;0.0030257253238203;0.1199999999999999;6.334466666666666;2022-06-09T08:00:00Z
0.0532103369995235;0.005310491486915;0.0028113225588768;20.119;9.50105;2022-06-09T09:00:00Z
0.0495779393904314;0.0049489052660945;0.0025819041365317;0.0;40.0005;2022-06-09T10:00:00Z
0.0453542708678713;0.0046401432747093;0.0023196501390923;0.0;42.16765;2022-06-09T11:00:00Z
0.0408477070141218;0.0038687382901838;0.0020996584506079;0.0;38.1686;2022-06-09T12:00:00Z
0.0363233080086359;0.0031771374700097;0.0017604595874888;0.0;840.6674666666668;2022-06-09T13:00:00Z
0.0320868663508131;0.0023741943618818;0.0014882539023449;0.0;68.6678;2022-06-09T14:00:00Z
0.0284644195261015;0.0020163403774852;0.0012581748911632;0.0;70.001;2022-06-09T15:00:00Z
0.025662146275485;0.001775712509088;0.0010830199678092;0.0;120.00094999999997;2022-06-09T16:00:00Z
0.0239212110563465;0.0014764568297934;0.0009748874084078;0.0;186.66755;2022-06-09T17:00:00Z
0.0233266400205453;0.0012869105374573;0.0009249390928624;0.0;83.76716666666665;2022-06-09T18:00:00Z
0.0239161974012194;0.0013827051521816;0.0009760670427287;0.0;82.70076666666665;2022-06-09T19:00:00Z
0.0256755304462534;0.0016094130579965;0.0010484476535751;0.0;85.56713333333333;2022-06-09T20:00:00Z
0.0284575493840808;0.0019283470216988;0.0012593062433036;0.0;91.81701666666666;2022-06-09T21:00:00Z
0.0320820713616899;0.0024886650894844;0.001516057262846;0.0;85.51829999999998;2022-06-09T22:00:00Z
0.0363024580557596;0.003066036519602;0.0017550231829931;0.0;18.151333333333334;2022-06-09T23:00:00Z
0.0408514129941453;0.0036726854571165;0.0020445231462984;0.0;0.0;2022-06-10T00:00:00Z
0.0453593383367422;0.0044232314854117;0.0023343867197932;0.0;0.0;2022-06-10T01:00:00Z
0.0495891512897338;0.0048881976116937;0.0025631730901678;0.0;0.0;2022-06-10T02:00:00Z
0.0532054981200249;0.0056433308456718;0.0027612757032316;0.0;0.0;2022-06-10T03:00:00Z
0.0559795178414777;0.0060182148090487;0.0029879746343581;0.0;0.0;2022-06-10T04:00:00Z
0.0577552050389522;0.0060880792349695;0.0030633765170409;0.0;0.0;2022-06-10T05:00:00Z
0.0583444829484181;0.0061599174063688;0.0031452513641068;0.0;0.0;2022-06-10T06:00:00Z
0.0577401438450033;0.0062226749753191;0.0031148163589828;0.1199999999999999;0.0;2022-06-10T07:00:00Z
0.055994818122138;0.0060813005477424;0.0029800015087643;0.1199999999999999;0.0;2022-06-10T08:00:00Z
0.0532095234249312;0.0055583432629112;0.0028040638192487;25.118;0.0;2022-06-10T09:00:00Z
0.0495802004931235;0.0051498865390193;0.0025930125014315;0.0;0.0;2022-06-10T10:00:00Z
0.0453656020588149;0.0043332173465876;0.0023395808059056;0.0;0.0;2022-06-10T11:00:00Z
0.0408361008141938;0.0036473680750315;0.0020389071511901;0.0;0.0;2022-06-10T12:00:00Z
0.0363034125777456;0.0031164000023362;0.001746080652778;0.0;0.0;2022-06-10T13:00:00Z
0.032074922127732;0.0025463631621103;0.0015024499840295;0.0;0.0;2022-06-10T14:00:00Z
0.028471068807455;0.0018857446202431;0.0012494915208907;0.0;0.0;2022-06-10T15:00:00Z
0.0256557578998494;0.0014932242175076;0.0010820803850303;0.0;0.0;2022-06-10T16:00:00Z
0.0239315421018203;0.0012636248269309;0.0009708500755365;0.0;0.0;2022-06-10T17:00:00Z
0.0233276961307981;0.00128226777299;0.0009506952862939;0.0;0.0;2022-06-10T18:00:00Z
0.0239259469796627;0.0012358347381924;0.0009985939291624;0.0;0.0;2022-06-10T19:00:00Z
0.0256779511134599;0.0016359978762355;0.0010898141636609;0.0;0.0;2022-06-10T20:00:00Z
0.0284659911578284;0.0020440418726072;0.0012558607246748;0.0;0.0;2022-06-10T21:00:00Z
0.0320986735960814;0.002586392991774;0.0014822051581506;0.0;0.0;2022-06-10T22:00:00Z
0.0363196628292436;0.0032062634569702;0.0017410597298115;0.0;0.0;2022-06-10T23:00:00Z
0.0408208910837778;0.0039154748867374;0.0020273059302579;0.0;22.86715;2022-06-11T00:00:00Z
0.0453688049413402;0.0044370250030422;0.0023037012406644;0.0;35.233549999999994;2022-06-11T01:00:00Z
0.0495992187629414;0.0048735064069325;0.002599408709948;0.0;32.20061666666667;2022-06-11T02:00:00Z
0.0532013147927881;0.0055495945241693;0.0028114741811045;0.0;37.80011666666666;2022-06-11T03:00:00Z
0.0559683479307181;0.0058484899407508;0.0029698976945889;0.0;35.583349999999996;2022-06-11T04:00:00Z
0.0577318352291733;0.0061443933978046;0.0031070126387631;0.0;35.11666666666667;2022-06-11T05:00:00Z
0.0583361862029786;0.0063030035370491;0.0031509589607733;0.0;27.883916666666664;2022-06-11T06:00:00Z
0.0577422993369285;0.0062668338597493;0.0030778612341814;5.119;19.85085;2022-06-11T07:00:00Z
0.0559895197143479;0.0058531299920821;0.0029817691101361;0.1199999999999999;60.001;2022-06-11T08:00:00Z
0.0532103675166435;0.0056652980108456;0.0028016223082705;20.119;66.83356666666667;2022-06-11T09:00:00Z
0.0495991518410088;0.0051152468367663;0.0025633910264342;0.0;53.00028333333333;2022-06-11T10:00:00Z
0.0453569934630326;0.0045313651277262;0.0023733882261551;0.0;65.66768333333333;2022-06-11T11:00:00Z
0.0408275922484119;0.0038511480399426;0.0020363541865031;0.0;70.001;2022-06-11T12:00:00Z
0.0363169558966267;0.0031356919022842;0.0017541339709832;0.0;267.00109999999995;2022-06-11T13:00:00Z
0.0320877825665199;0.0024088847019996;0.0014616420450212;0.0;665.8351833333334;2022-06-11T14:00:00Z
0.0284542780682339;0.0021107003007107;0.0012580186760267;0.0;20.00183333333333;2022-06-11T15:00:00Z
0.0256785458720126;0.0014894328521569;0.0010793296640823;0.0;64.0011;2022-06-11T16:00:00Z
0.0239464709222008;0.0011307862312601;0.0009367746087572;0.0;203.3342;2022-06-11T17:00:00Z
0.0233184078405437;0.0010645328698661;0.0009396843724726;0.0;80.96771666666666;2022-06-11T18:00:00Z
0.0239333764085005;0.0013612423954209;0.0009492960817677;0.0;90.06681666666665;2022-06-11T19:00:00Z
0.0256926554558933;0.0015624356851315;0.0010703712475719;0.0;91.0;2022-06-11T20:00:00Z
0.028470690779885;0.0020447421834861;0.0012864548846312;0.0;46.85113333333333;2022-06-11T21:00:00Z
0.0320717719449899;0.0026213605377004;0.0014568644762292;0.0;59.085166666666666;2022-06-11T22:00:00Z
0.0362931151846827;0.0030371737372479;0.0017644891803212;0.0;267.2527;2022-06-11T23:00:00Z
0.0408364135279886;0.003950800081008;0.0020547874914404;0.0;29.5169;2022-06-12T00:00:00Z
0.0453571571141254;0.0044931767098198;0.0023275238008871;0.0;28.700133333333333;2022-06-12T01:00:00Z
0.0495776319052495;0.0047866033290614;0.0025645949235962;0.0;27.88343333333333;2022-06-12T02:00:00Z
0.0532073811227788;0.0055778550486742;0.0028133628069521;0.0;33.71691666666666;2022-06-12T03:00:00Z
0.0560063438574035;0.0059931705062716;0.0029650023333264;0.0;34.0668;2022-06-12T04:00:00Z
0.057718894956829;0.0062201269635936;0.0030614737618817;0.0;29.516816666666667;2022-06-12T05:00:00Z
0.058328089650004;0.0062918841067314;0.003163989558124;0.0;26.9503;2022-06-12T06:00:00Z
0.0577299345326707;0.0063610611822769;0.0030816663945406;5.118999999999999;3.4503333333333326;2022-06-12T07:00:00Z
0.05598855501516;0.0059922905054433;0.0030079437849416;20.119;51.500433333333326;2022-06-12T08:00:00Z
0.0532134694233217;0.0055027521734511;0.0027779156752989;0.1199999999999999;64.16683333333333;2022-06-12T09:00:00Z
0.0495826108357615;0.0050845647651804;0.0025734162722562;0.0;56.83373333333333;2022-06-12T10:00:00Z
0.0453433340619664;0.0043643251113834;0.0023438720859599;0.0;66.00006666666667;2022-06-12T11:00:00Z
0.0408357854523602;0.0037755088384473;0.0019773371902839;0.0;186.66695;2022-06-12T12:00:00Z
0.0363052559292999;0.0030218508784911;0.0017254659200403;0.0;53.50181666666667;2022-06-12T13:00:00Z
0.0320864780865307;0.0025694113815681;0.0014235428517805;0.0;333.3344;2022-06-12T14:00:00Z
0.0284684860076886;0.0021601141729026;0.0012873764560219;0.0;70.001;2022-06-12T15:00:00Z
0.0256779829509834;0.0017546295782938;0.0010619797173637;0.0;91.00143333333331;2022-06-12T16:00:00Z
0.0239343617489609;0.001353053044752;0.0009588350044908;0.0;452.20075;2022-06-12T17:00:00Z
0.0233473404322484;0.0011319937228735;0.0009271707770014;0.0;78.06745;2022-06-12T18:00:00Z
0.0239311747557039;0.0013827312726246;0.000936631025924;0.0;54.85115;2022-06-12T19:00:00Z
0.0256914575491596;0.0014265551239457;0.0011187663357535;0.0;64.46738333333334;2022-06-12T20:00:00Z
0.0284479190102405;0.0019673849355681;0.0012691406915159;0.0;89.60021666666665;2022-06-12T21:00:00Z
0.0320855870965879;0.0024628222467578;0.001457203339271;0.0;85.61815;2022-06-12T22:00:00Z
0.036301149273933;0.0030924316043386;0.0017240927525977;0.0;62.53483333333333;2022-06-12T23:00:00Z
0.0408246767956036;0.0037343825638922;0.0019772276341901;0.0;27.650766666666662;2022-06-13T00:00:00Z
0.0453526624164273;0.0045751625166574;0.0023368924881799;0.0;38.616833333333325;2022-06-13T01:00:00Z
0.0495908407191609;0.0048476637235645;0.0025785909871849;0.0;31.26698333333333;2022-06-13T02:00:00Z
0.0532237232561269;0.0054463646552026;0.0028271940935288;0.0;34.53403333333333;2022-06-13T03:00:00Z
0.0560030770255396;0.0058988681130986;0.0029922484611057;0.0;33.133783333333334;2022-06-13T04:00:00Z
0.0577299051142261;0.0061557380921174;0.0030895481830256;0.0;26.01708333333333;2022-06-13T05:00:00Z
0.0583282803341872;0.0064506191017894;0.0030965345289732;0.0;19.95103333333333;2022-06-13T06:00:00Z
0.0577435209806059;0.0060262709601382;0.0030967134672642;0.1199999999999999;3.0347833333333334;2022-06-13T07:00:00Z
0.0559758194917129;0.006078459454738;0.002933614993001;0.1199999999999999;5.3341;2022-06-13T08:00:00Z
0.0532224705312193;0.0056551769285001;0.0027993330525611;25.118;58.0002;2022-06-13T09:00:00Z
0.0495732515043879;0.0050140396269494;0.0026140599979226;0.0;65.83375;2022-06-13T10:00:00Z
0.0453566885508237;0.0043650513784143;0.0022871892694994;0.0;36.001883333333325;2022-06-13T11:00:00Z
0.0408412016951178;0.0038403840607113;0.0020349573483408;0.0;7.50275;2022-06-13T12:00:00Z
0.0362997521888865;0.0030307862102159;0.0017273472619062;0.0;403.0009333333333;2022-06-13T13:00:00Z
0.0320874584593213;0.0026244255723597;0.001464673563945;0.0;251.33418333333333;2022-06-13T14:00:00Z
0.0284649758131517;0.0018442994805443;0.0012378214469716;0.0;65.50145;2022-06-13T15:00:00Z
0.0256693435216848;0.0015708086361828;0.0010668552232998;0.0;68.83445;2022-06-13T16:00:00Z
0.0239455453580719;0.001437266676391;0.0009688511274617;0.0;420.4674;2022-06-13T17:00:00Z
0.0233340504652125;0.0011681518890684;0.0009212776284072;0.0;78.98411666666665;2022-06-13T18:00:00Z
0.0239432116488243;0.0011414206244642;0.0009895757013464;0.0;82.71684999999998;2022-06-13T19:00:00Z
0.0256601439335631;0.0015834198463682;0.001052475663886;0.0;84.0;2022-06-13T20:00:00Z
0.0284545774581336;0.0018745584741485;0.0012888173696236;0.0;95.9;2022-06-13T21:00:00Z
0.0320677503991451;0.00250736474028;0.0014920260931829;0.0;76.08496666666667;2022-06-13T22:00:00Z
0.0363185909114532;0.0030352910152326;0.0017402048002161;0.0;49.019466666666666;2022-06-13T23:00:00Z
0.0408296348559756;0.0038960477687159;0.0020301593161347;0.0;25.55015;2022-06-14T00:00:00Z
0.0453611822770528;0.004434313523718;0.0023055208139026;0.0;32.43358333333333;2022-06-14T01:00:00Z
0.0495962296289481;0.0049149262502951;0.0025621624124126;0.0;28.8167;2022-06-14T02:00:00Z
0.0532052657374896;0.0057246260506961;0.0027622763024806;0.0;27.88343333333333;2022-06-14T03:00:00Z
0.0560060024542785;0.0057627910207238;0.0029595999299563;0.0;33.36685;2022-06-14T04:00:00Z
0.0577252345903176;0.0063024142168663;0.0030987163008142;0.0;35.3337;2022-06-14T05:00:00Z
0.0583484174998484;0.0059937280636642;0.0030560920604294;0.0;22.05128333333333;2022-06-14T06:00:00Z
0.0577283912528234;0.0062641166361045;0.0031169482697636;25.118;9.600599999999998;2022-06-14T07:00:00Z
0.0559858141689802;0.0060655492404243;0.0029929709084988;0.1199999999999999;36.00098333333333;2022-06-14T08:00:00Z
0.0531965328780845;0.0055262836653518;0.0027687028015774;0.1199999999999999;68.83345;2022-06-14T09:00:00Z
0.0495925195243637;0.0049002474572536;0.0026304093637878;0.0;64.16725;2022-06-14T10:00:00Z
0.0453741686149553;0.0044791606380784;0.0022922628631139;0.0;61.3342;2022-06-14T11:00:00Z
0.040820308452061;0.0037292241165103;0.0020318915803639;0.0;40.16803333333333;2022-06-14T12:00:00Z
0.036310017848602;0.0031607935824232;0.0017053397150505;0.0;140.0014;2022-06-14T13:00:00Z
0.0320868031339389;0.0026851906510699;0.0014883362808684;0.0;653.33375;2022-06-14T14:00:00Z
0.0284665570289122;0.0019671261107464;0.0012651878276801;0.0;70.001;2022-06-14T15:00:00Z
0.0256818486331183;0.0016849674943557;0.001094290072898;0.0;70.001;2022-06-14T16:00:00Z
0.02392839023537;0.0013220725163854;0.000973009976969;0.0;71.28425;2022-06-14T17:00:00Z
0.0233327288411236;0.0013766080277595;0.000960529609714;0.0;43.817800000000005;2022-06-14T18:00:00Z
0.0239358325850747;0.0013352001858536;0.0009700895218157;0.0;31.117833333333326;2022-06-14T19:00:00Z
0.0256636260012488;0.0014775379686951;0.0010912702400766;0.0;84.76678333333332;2022-06-14T20:00:00Z
0.028456190568473;0.0019335229282026;0.0012694359913944;0.0;76.01751666666665;2022-06-14T21:00:00Z
0.0320862436250867;0.0023506564829908;0.0014918239412891;0.0;67.88588333333334;2022-06-14T22:00:00Z
0.0363102305581424;0.0032403077456293;0.0017163809300729;0.0;320.03551666666664;2022-06-14T23:00:00Z
0.0408379560360759;0.0037509321551171;0.002019326138819;0.0;18.433483333333328;2022-06-15T00:00:00Z
0.0453677576126161;0.004273695992587;0.0023214867967872;0.0;24.967116666666666;2022-06-15T01:00:00Z
0.0495946100906269;0.005114340477584;0.0025781173265073;0.0;27.3005;2022-06-15T02:00:00Z
0.0532053050365457;0.0055509937583405;0.0028093797947351;0.0;26.71685;2022-06-15T03:00:00Z
0.0559737916833058;0.006063162978051;0.0029684796557506;0.0;27.30025;2022-06-15T04:00:00Z
0.0577419513024557;0.0063471463532676;0.0030968767931132;0.0;31.400966666666665;2022-06-15T05:00:00Z
0.0583329195905073;0.0062224221496956;0.0031096256829053;0.0;36.71715;2022-06-15T06:00:00Z
0.0577367097019788;0.0060844383188183;0.0030815108464845;0.1199999999999999;8.05113333333333;2022-06-15T07:00:00Z
0.0559999049740553;0.0058025287356423;0.0029721808871585;5.119;2.3351;2022-06-15T08:00:00Z
0.0531983142883577;0.0054130525739114;0.0027910451433462;20.119;27.334433333333333;2022-06-15T09:00:00Z
0.0496015821223826;0.0048373248378723;0.0025798176392546;0.0;60.001;2022-06-15T10:00:00Z
0.0453732311674978;0.004395807682254;0.0023016176626849;0.0;63.50065;2022-06-15T11:00:00Z
0.0408485001319246;0.0037472537854822;0.0020414594628081;0.0;170.0006;2022-06-15T12:00:00Z
0.0363036510588984;0.0029459812509559;0.0017743318804128;0.0;69.0011;2022-06-15T13:00:00Z
0.0320904416304582;0.0025611766258505;0.0015056481713768;0.0;350.66765000000004;2022-06-15T14:00:00Z
0.0284579188339366;0.0017838064005264;0.0012353123803828;0.0;688.5012666666664;2022-06-15T15:00:00Z
0.0256762388518668;0.0015567242928727;0.0010765892910709;0.0;65.3348;2022-06-15T16:00:00Z
0.0239413740357601;0.001494271149031;0.0009590520071149;0.0;70.58435;2022-06-15T17:00:00Z
0.0233388393894712;0.0012809571287914;0.0009323973746185;0.0;86.45043333333332;2022-06-15T18:00:00Z
0.0239308680095113;0.0012559947074353;0.0009854035769116;0.0;88.20018333333334;2022-06-15T19:00:00Z
0.0256856279667411;0.0017320942806128;0.001088054108857;0.0;92.93353333333333;2022-06-15T20:00:00Z
0.0284520631895349;0.0019260063004417;0.0012572841288579;0.0;85.50071666666666;2022-06-15T21:00:00Z
0.0320820783072367;0.0025327162308719;0.001500694643547;0.0;87.21805;2022-06-15T22:00:00Z
0.0363109611491408;0.0030621520094071;0.0017451796618478;0.0;23.06878333333333;2022-06-15T23:00:00Z
0.0408313047956601;0.0036987139902658;0.002054003951547;0.0;29.9835;2022-06-16T00:00:00Z
0.0453501614326741;0.0044794691142202;0.002333233987044;0.0;33.950116666666666;2022-06-16T01:00:00Z
0.0495786812023544;0.0050537207991883;0.0025784990992599;0.0;34.18345;2022-06-16T02:00:00Z
0.0532106912489409;0.0056226444959588;0.0028016089885406;0.0;39.550033333333324;2022-06-16T03:00:00Z
0.0559967318668285;0.0059015643878622;0.0029918787491391;0.0;35.00001666666667;2022-06-16T04:00:00Z
0.0577474573118421;0.0060986606636234;0.0030781500182558;0.0;36.05011666666666;2022-06-16T05:00:00Z
0.0583305974073762;0.0062641055925641;0.0031550913147831;0.0;28.70015;2022-06-16T06:00:00Z
0.0577553574485197;0.0062068249389831;0.0030934860925048;25.118;6.067483333333334;2022-06-16T07:00:00Z
0.0559889386842881;0.0060229605152998;0.0029810244738096;0.1199999999999999;46.50085;2022-06-16T08:00:00Z
0.0532067156067046;0.0055557707859896;0.0028427833824245;0.1199999999999999;15.50145;2022-06-16T09:00:00Z
0.0495893491754123;0.0049227396428395;0.00260880438357;0.0;68.00003333333333;2022-06-16T10:00:00Z
0.0453916961602716;0.0044026720503441;0.0023354231156242;0.0;69.33396666666667;2022-06-16T11:00:00Z
0.0408413392330136;0.0038263212749331;0.0020241193582104;0.0;186.66755;2022-06-16T12:00:00Z
0.0363070678353553;0.0031328783071674;0.0017873509352609;0.0;636.6671;2022-06-16T13:00:00Z
0.0320881989269391;0.0026964883244506;0.0014878099056172;0.0;70.001;2022-06-16T14:00:00Z
0.0284501537477238;0.0021446646884041;0.0012443126421541;0.0;70.001;2022-06-16T15:00:00Z
0.0256643665317771;0.0017288375451887;0.0010877229462266;0.0;403.3347166666666;2022-06-16T16:00:00Z
0.0239439138404652;0.0012192403711074;0.0009680687544491;0.0;22.468466666666668;2022-06-16T17:00:00Z
0.023336762430125;0.0013673393608116;0.0009400974786897;0.0;36.717666666666666;2022-06-16T18:00:00Z
0.0239302456189904;0.0014262866711379;0.0010075267657018;0.0;88.30013333333333;2022-06-16T19:00:00Z
0.0256827646622521;0.0017444755733334;0.001063629636719;0.0;28.71808333333333;2022-06-16T20:00:00Z
0.028462617505781;0.0018802268219106;0.0012701320168468;0.0;43.118333333333325;2022-06-16T21:00:00Z
0.0320941088881749;0.0023613397494783;0.0014833563190935;0.0;30.586216666666665;2022-06-16T22:00:00Z
0.0363254761371691;0.0030656011294284;0.0017826793717764;0.0;23.33468333333333;2022-06-16T23:00:00Z
0.0408451688550612;0.003732193644718;0.0020245965731937;0.0;0.0;2022-06-17T00:00:00Z
0.0453735715114055;0.0042711656927167;0.002297651469511;0.0;0.0;2022-06-17T01:00:00Z
0.0495890543542226;0.0049202542691;0.0025901041122575;0.0;0.0;2022-06-17T02:00:00Z
0.0532077659859515;0.0052905444243434;0.0028213368711616;0.0;0.0;2022-06-17T03:00:00Z
0.0560071479757329;0.0058268520480912;0.002968443531697;0.0;0.0;2022-06-17T04:00:00Z
0.0577390938545694;0.0062266557992073;0.0030904362623388;0.0;0.0;2022-06-17T05:00:00Z
0.0583308537950019;0.0062332267217958;0.0031011081928627;0.0;0.0;2022-06-17T06:00:00Z
0.057709248682381;0.0061678083806678;0.0030822865991077;0.1199999999999999;0.0;2022-06-17T07:00:00Z
0.0559816377247603;0.0058275139939574;0.0029425254629772;5.118999999999999;0.0;2022-06-17T08:00:00Z
0.0532118824906983;0.0053836293181725;0.002807139683895;20.119;0.0;2022-06-17T09:00:00Z
0.0495814595021273;0.0047274737377972;0.0025793340333214;0.0;0.0;2022-06-17T10:00:00Z
0.0453625564529083;0.0044483970401218;0.0023340264678847;0.0;0.0;2022-06-17T11:00:00Z
0.0408268108333585;0.0036370388169897;0.0020201936902247;0.0;0.0;2022-06-17T12:00:00Z
0.0363105244617767;0.0031764280602523;0.0017454780288571;0.0;0.0;2022-06-17T13:00:00Z
0.0320814805509548;0.0023783821228478;0.0015195356455554;0.0;0.0;2022-06-17T14:00:00Z
0.0284562301605846;0.0018169124201543;0.0012373755787203;0.0;0.0;2022-06-17T15:00:00Z
0.0256746646439846;0.0014893511559596;0.001073888943366;0.0;0.0;2022-06-17T16:00:00Z
0.0239338386614679;0.0013183727395314;0.0009755701958077;0.0;0.0;2022-06-17T17:00:00Z
0.0233314269517366;0.0012032689706367;0.0009349794295881;0.0;0.0;2022-06-17T18:00:00Z
0.0239352449788049;0.0012920314051402;0.0009484388249917;0.0;0.0;2022-06-17T19:00:00Z
0.0256742418306979;0.0014631691037035;0.0011050249032328;0.0;0.0;2022-06-17T20:00:00Z
0.0284697778367692;0.002057849651996;0.0012243813837707;0.0;0.0;2022-06-17T21:00:00Z
0.0320932097095386;0.0024623460083489;0.0014955008835558;0.0;0.0;2022-06-17T22:00:00Z
0.0363209677741126;0.0029383160734144;0.0017462132204044;0.0;0.0;2022-06-17T23:00:00Z
0.0408440629629822;0.0038402140127407;0.0020411034016203;0.0;27.06718333333333;2022-06-18T00:00:00Z
0.0453596111766544;0.0044294134837858;0.0022792584461889;0.0;29.7503;2022-06-18T01:00:00Z
0.0495790886762025;0.0051224684078671;0.0026035301891851;0.0;40.950183333333335;2022-06-18T02:00:00Z
0.0531957940487245;0.0054660696079222;0.0028008368300444;0.0;26.95018333333333;2022-06-18T03:00:00Z
0.0559717924003042;0.0061007942760524;0.0029792902227128;0.0;29.5167;2022-06-18T04:00:00Z
0.0577485899176689;0.0062480555182829;0.0030534304773149;0.0;35.366883333333334;2022-06-18T05:00:00Z
0.0583331641337387;0.0060777659163898;0.0031453827487557;0.0;38.58375;2022-06-18T06:00:00Z
0.0577383311336092;0.0062226724207797;0.0030733161488966;20.119;18.86845;2022-06-18T07:00:00Z
0.0559831990546039;0.0059389700024233;0.0029903739693082;0.1199999999999999;6.50135;2022-06-18T08:00:00Z
0.0532047694876778;0.0054879200425729;0.002803478888322;5.119;39.500633333333326;2022-06-18T09:00:00Z
0.0495923770616085;0.0048841833524489;0.0025712378569964;0.0;70.0;2022-06-18T10:00:00Z
0.0453546242680024;0.0042912648638869;0.0023175159259619;0.0;66.50035;2022-06-18T11:00:00Z
0.0408384253559882;0.0038806962191378;0.0020364817107423;0.0;60.002;2022-06-18T12:00:00Z
0.036283771058203;0.0032018020303435;0.001738132375319;0.0;60.002;2022-06-18T13:00:00Z
0.0320784026226036;0.0025560779561176;0.0014918470878039;0.0;61.16855;2022-06-18T14:00:00Z
0.028476384508045;0.0020156861995411;0.0012451913778882;0.0;233.83445;2022-06-18T15:00:00Z
0.0256600868351765;0.0015392215034496;0.0010862504481916;0.0;69.83435;2022-06-18T16:00:00Z
0.0239368926751759;0.0012724978732976;0.0009763433615713;0.0;70.83466666666665;2022-06-18T17:00:00Z
0.0233327055650873;0.0011702706993749;0.000938353078619;0.0;79.60111666666667;2022-06-18T18:00:00Z
0.0239173801382721;0.0015192017222571;0.0009605295214031;0.0;81.05091666666665;2022-06-18T19:00:00Z
0.025673060658736;0.0015747021571611;0.0010888569435173;0.0;27.734483333333333;2022-06-18T20:00:00Z
0.0284560430022532;0.0020576105936849;0.0012683120749833;0.0;23.534716666666665;2022-06-18T21:00:00Z
0.0320721942549976;0.0026671923466064;0.0014757217465527;0.0;578.6683;2022-06-18T22:00:00Z
0.036303164074118;0.0031334259665006;0.0017524514332808;0.0;157.60236666666663;2022-06-18T23:00:00Z
0.0408358303007527;0.0038382459152919;0.0020517629414044;0.0;35.35016666666667;2022-06-19T00:00:00Z
0.0453612794453518;0.0044112406101307;0.0023214033756824;0.0;35.350116666666665;2022-06-19T01:00:00Z
0.0495821089727306;0.0049846324921029;0.0025324972903025;0.0;34.18343333333333;2022-06-19T02:00:00Z
0.0532219177980768;0.0053459159379686;0.0028076207379643;0.0;36.75023333333333;2022-06-19T03:00:00Z
0.0559979438087503;0.0058759749230869;0.0029866066274792;0.0;31.617016666666668;2022-06-19T04:00:00Z
0.057733396703927;0.0060852511127228;0.003075277241057;0.0;37.36686666666667;2022-06-19T05:00:00Z
0.0583467040158359;0.0063063494829515;0.0031199253231335;0.0;30.70125;2022-06-19T06:00:00Z
0.0577367273619789;0.0064026181822038;0.0030986153564909;5.118999999999999;62.667550000000006;2022-06-19T07:00:00Z
0.0559942328853444;0.0058894975136427;0.0029474991698946;20.119;66.33361666666667;2022-06-19T08:00:00Z
0.0532290730131356;0.0055646657937808;0.0028110583797462;0.1199999999999999;19.334566666666667;2022-06-19T09:00:00Z
0.0495901040858532;0.0050144068616561;0.0025622947972241;0.0;63.66705;2022-06-19T10:00:00Z
0.0453601708686255;0.0043722429226708;0.0023233890960675;0.0;39.00136666666666;2022-06-19T11:00:00Z
0.040813212709043;0.0037756406782797;0.0020425382199132;0.0;64.16825;2022-06-19T12:00:00Z
0.036296671036298;0.0031046433350552;0.0017207622863034;0.0;248.5013;2022-06-19T13:00:00Z
0.0320867013332535;0.00257218079379;0.001516744820469;0.0;815.1673999999998;2022-06-19T14:00:00Z
0.0284721294030517;0.0020128945153796;0.0012561626069151;0.0;254.00106666666667;2022-06-19T15:00:00Z
0.0256755744132999;0.0016866796033195;0.0011090739656458;0.0;45.66876666666667;2022-06-19T16:00:00Z
0.0239081700047482;0.0013123131443961;0.0009830804953721;0.0;77.91771666666665;2022-06-19T17:00:00Z
0.0233158182099499;0.0013092708873483;0.0009242567993162;0.0;76.43378333333331;2022-06-19T18:00:00Z
0.0239312349763927;0.0013525179210035;0.0009447607108634;0.0;90.0001;2022-06-19T19:00:00Z
0.025673105411895;0.0016112404621695;0.0010791753352899;0.0;52.41791666666667;2022-06-19T20:00:00Z
0.0284636137914224;0.0017803584039354;0.0012655020416557;0.0;70.73408333333333;2022-06-19T21:00:00Z
0.0321107383269866;0.002428030666449;0.0015073296163836;0.0;76.00125;2022-06-19T22:00:00Z
0.0363077541576734;0.0030267062697051;0.0017793322940747;0.0;45.385450000000006;2022-06-19T23:00:00Z
0.0408336734369525;0.0037146075490347;0.0020450458267268;0.0;20.76693333333333;2022-06-20T00:00:00Z
0.0453676514342033;0.0043670691509534;0.0023368015073596;0.0;31.9668;2022-06-20T01:00:00Z
0.0495867818974702;0.0050120135984041;0.0025952302435079;0.0;36.75001666666667;2022-06-20T02:00:00Z
0.053211112800627;0.0056318734474598;0.0028033866498581;0.0;30.4501;2022-06-20T03:00:00Z
0.0560137625504673;0.0059532909861205;0.00299519144555;0.0;24.9671;2022-06-20T04:00:00Z
0.0577376821441766;0.006165742382138;0.0030867535924848;0.0;35.8167;2022-06-20T05:00:00Z
0.0583358248551297;0.0065122841444142;0.0031494226601106;0.0;30.4502;2022-06-20T06:00:00Z
0.0577439435639457;0.005983522418986;0.0030649897709934;5.119;6.383966666666667;2022-06-20T07:00:00Z
0.0559828703313584;0.0057703146099915;0.0029906391564914;0.1199999999999999;67.66681666666666;2022-06-20T08:00:00Z
0.053231320664748;0.0055749194887125;0.0027683451099669;20.119;70.0;2022-06-20T09:00:00Z
0.0495886760435714;0.0051975515194951;0.002552696274563;0.0;65.00008333333334;2022-06-20T10:00:00Z
0.0453701462051961;0.004315281482897;0.0022987647269019;0.0;64.83343333333333;2022-06-20T11:00:00Z
0.0408518127786892;0.0037763200459102;0.0020197240822827;0.0;70.00046666666667;2022-06-20T12:00:00Z
0.0362920318722968;0.003066926279122;0.0017581840440448;0.0;620.00045;2022-06-20T13:00:00Z
0.0320802859325289;0.0025416794019435;0.001473883779714;0.0;210.3349;2022-06-20T14:00:00Z
0.0284463366747847;0.0019178520642291;0.0012490234887834;0.0;47.33606666666667;2022-06-20T15:00:00Z
0.0256754684672349;0.0016376791970733;0.0010450885166727;0.0;56.001983333333335;2022-06-20T16:00:00Z
0.0239266844416074;0.0012160117131798;0.000958035248531;0.0;270.78381666666667;2022-06-20T17:00:00Z
0.0233414140891846;0.0012641023252732;0.0009126541711863;0.0;70.95021666666668;2022-06-20T18:00:00Z
0.0239164907489149;0.0012961606860939;0.0009473441989839;0.0;76.00013333333332;2022-06-20T19:00:00Z
0.0256793584490521;0.00173243141499;0.001078510533915;0.0;85.31675;2022-06-20T20:00:00Z
0.0284755868984614;0.0019943425422843;0.0012963991170696;0.0;89.2003;2022-06-20T21:00:00Z
0.0320644559531944;0.0024927565904047;0.0015173641067094;0.0;51.66833333333333;2022-06-20T22:00:00Z
0.0362875833890366;0.0031677242823161;0.0017387669541982;0.0;20.8852;2022-06-20T23:00:00Z
0.0408310551225752;0.0037449557885662;0.0020716111504474;0.0;16.683799999999994;2022-06-21T00:00:00Z
0.0453651269484845;0.0045285927300893;0.0023465607420528;0.0;25.0838;2022-06-21T01:00:00Z
0.0495734106905549;0.0049817773035464;0.0026147787878162;0.0;28.0;2022-06-21T02:00:00Z
0.0532088730292555;0.0053728378890734;0.0028257978247182;0.0;28.0;2022-06-21T03:00:00Z
0.0559975131426165;0.0059277990170453;0.0029688797690305;0.0;29.167166666666663;2022-06-21T04:00:00Z
0.0577410478032325;0.0060847457529887;0.0030993191480798;0.0;31.4508;2022-06-21T05:00:00Z
0.058325495598059;0.0062889016521244;0.0030953749971727;0.0;48.26691666666667;2022-06-21T06:00:00Z
0.0577344559969512;0.0060961953600749;0.0030655259622834;5.119;44.96841666666666;2022-06-21T07:00:00Z
0.0559802480705743;0.0057912557912796;0.0029822013975806;20.119;32.001466666666666;2022-06-21T08:00:00Z
0.0532083254336832;0.0054369945101015;0.0028198471740847;0.1199999999999999;45.00075;2022-06-21T09:00:00Z
0.0495806947483227;0.0049192228015612;0.0025897513766394;0.0;65.0005;2022-06-21T10:00:00Z
0.0453744436184033;0.0044050000039481;0.0023165812840139;0.0;56.00071666666666;2022-06-21T11:00:00Z
0.0408287706827372;0.0037589837688313;0.0020512133070686;0.0;557.6676333333334;2022-06-21T12:00:00Z
0.0363180084133937;0.003003821850001;0.0017566631873096;0.0;37.00155;2022-06-21T13:00:00Z
0.0320814650155532;0.002384118663534;0.0014938152923781;0.0;56.001233333333325;2022-06-21T14:00:00Z
0.0284657028845368;0.0019926673616298;0.0012727864848771;0.0;55.00125;2022-06-21T15:00:00Z
0.0256736014627228;0.0016583831896862;0.0010940640298645;0.0;99.33436666666664;2022-06-21T16:00:00Z
0.0239139230456016;0.0012751884917754;0.0009666345911969;0.0;359.40093333333334;2022-06-21T17:00:00Z
0.0233283069694101;0.0012482919476952;0.0009491336151204;0.0;75.53409999999998;2022-06-21T18:00:00Z
0.0239397165479304;0.0013962524453975;0.000943721056798;0.0;51.06733333333334;2022-06-21T19:00:00Z
0.0256829491079347;0.0015977659727218;0.0010744918216986;0.0;79.58345;2022-06-21T20:00:00Z
0.0284547967776291;0.0019894682721025;0.0012814451679464;0.0;76.45086666666667;2022-06-21T21:00:00Z
0.0320940877768537;0.0024760617901921;0.0014649916220451;0.0;67.25243333333333;2022-06-21T22:00:00Z
0.0363219341573543;0.0030703558935842;0.0017524558471153;0.0;51.75240000000001;2022-06-21T23:00:00Z
0.0408243813952666;0.0039170087822232;0.0020210542298059;0.0;25.78375;2022-06-22T00:00:00Z
0.0453640091043518;0.0044774140424801;0.0023071679205674;0.0;34.8835;2022-06-22T01:00:00Z
0.0495835624742;0.0050384071371996;0.0025729562236794;0.0;37.333466666666666;2022-06-22T02:00:00Z
0.0532130677630674;0.0053898265941163;0.0028275384436112;0.0;41.3001;2022-06-22T03:00:00Z
0.0559876481326938;0.0058042744803489;0.0029683591672006;0.0;40.13348333333333;2022-06-22T04:00:00Z
0.0577363172763229;0.0061773374198161;0.0030553153215062;0.0;46.10033333333334;2022-06-22T05:00:00Z
0.0583383004829207;0.006244026240743;0.003119302207267;0.0;39.25075;2022-06-22T06:00:00Z
0.0577280909936206;0.006148245439789;0.0030994472012256;0.1199999999999999;8.834399999999999;2022-06-22T07:00:00Z
0.0559764711557016;0.0059721035572838;0.0029709689474689;25.118;12.50065;2022-06-22T08:00:00Z
0.0532165309863245;0.0054658727950952;0.0028133555825706;0.1199999999999999;70.0;2022-06-22T09:00:00Z
0.0495728281133052;0.0049271160886794;0.0025458713258555;0.0;70.0;2022-06-22T10:00:00Z
0.0453716604618851;0.0043484336420114;0.0022950895405029;0.0;70.0003;2022-06-22T11:00:00Z
0.0408436961583564;0.0036499685231862;0.0020185743063046;0.0;126.66776666666668;2022-06-22T12:00:00Z
0.0363097052448895;0.0031490054749193;0.001759885339946;0.0;253.33415;2022-06-22T13:00:00Z
0.0320728357769674;0.0022918799607853;0.0015006524676092;0.0;64.3349;2022-06-22T14:00:00Z
0.0284527342530957;0.0019105864054991;0.0012724128093213;0.0;64.0016;2022-06-22T15:00:00Z
0.0256718415842896;0.0015288974108658;0.0010767059387323;0.0;249.00125;2022-06-22T16:00:00Z
0.0239486074960327;0.0013510895442509;0.0009803166080248;0.0;638.5337833333333;2022-06-22T17:00:00Z
0.0233383775525658;0.0012770419883892;0.0009368587758362;0.0;65.16791666666667;2022-06-22T18:00:00Z
0.0239364898250133;0.0012083167605919;0.0009890090155665;0.0;37.6682;2022-06-22T19:00:00Z
0.025686535255225;0.0015056308567663;0.0011189474178853;0.0;30.068366666666662;2022-06-22T20:00:00Z
0.028452658788842;0.0021834436514798;0.0012765674710109;0.0;72.4676;2022-06-22T21:00:00Z
0.0320893950723003;0.0023697002179104;0.001479173227519;0.0;49.23526666666666;2022-06-22T22:00:00Z
0.0362870143108907;0.0031580685580572;0.0017638798698729;0.0;16.1678;2022-06-22T23:00:00Z
0.0408407520921794;0.0038011157373353;0.0020025848291056;0.0;27.0668;2022-06-23T00:00:00Z
0.0453570620038515;0.0043503005012662;0.0023125607091586;0.0;35.350133333333325;2022-06-23T01:00:00Z
0.0495769467056775;0.0049152009004575;0.0026052268193439;0.0;35.0;2022-06-23T02:00:00Z
0.053203641896633;0.0052748104136503;0.0027794193305358;0.0;32.083433333333325;2022-06-23T03:00:00Z
0.0559727533953738;0.0060294976997807;0.0029782237771888;0.0;30.566783333333333;2022-06-23T04:00:00Z
0.0577551089109418;0.0058826387590996;0.0030368368809073;0.0;27.5334;2022-06-23T05:00:00Z
0.0583411972567141;0.0063840222334596;0.0031268869269883;0.0;20.8834;2022-06-23T06:00:00Z
0.0577179027114816;0.0061240584998195;0.0030835457337161;5.119;13.4171;2022-06-23T07:00:00Z
0.0559755905999299;0.0059592983061067;0.0029869695038602;20.119;50.00033333333333;2022-06-23T08:00:00Z
0.0532072465369386;0.0055598863004935;0.0028062086432534;0.1199999999999999;23.00078333333333;2022-06-23T09:00:00Z
0.0495918614617758;0.0050679131996193;0.0026144422376801;0.0;23.00078333333333;2022-06-23T10:00:00Z
0.045362716157318;0.0043858534917349;0.0023012652724104;0.0;70.00031666666666;2022-06-23T11:00:00Z
0.040834587279516;0.0037968535240043;0.0019891583637593;0.0;494.0009833333333;2022-06-23T12:00:00Z
0.036304721631269;0.0030356284136488;0.0017887497845792;0.0;65.668;2022-06-23T13:00:00Z
0.0320796761554735;0.0025163113338947;0.0014867476559186;0.0;416.1681;2022-06-23T14:00:00Z
0.028440676149421;0.0019781553611143;0.0012998668498125;0.0;183.33501666666663;2022-06-23T15:00:00Z
0.0256860774970886;0.0015538152586063;0.0010871242479775;0.0;34.83526666666666;2022-06-23T16:00:00Z
0.0239155242527667;0.0013282101256855;0.0009881759120128;0.0;70.00071666666666;2022-06-23T17:00:00Z
0.0233443864729669;0.0012923608415485;0.0009553156600836;0.0;71.7172;2022-06-23T18:00:00Z
0.0239347670319116;0.0013806341403362;0.0009574267569282;0.0;93.8;2022-06-23T19:00:00Z
0.0256848470075867;0.0016393347204331;0.001128756655943;0.0;90.30003333333332;2022-06-23T20:00:00Z
0.0284474211212739;0.0021422316963709;0.0012630998466355;0.0;92.51715;2022-06-23T21:00:00Z
0.0320698911529332;0.0023932354140454;0.0015003072885284;0.0;78.45158333333333;2022-06-23T22:00:00Z
0.0363106759111181;0.003029176065672;0.0017377054613157;0.0;47.317933333333336;2022-06-23T23:00:00Z
0.04083677396329;0.003642956827439;0.0020225853646005;0.0;0.0;2022-06-24T00:00:00Z
0.0453599450374605;0.0042421794559602;0.0023227872216727;0.0;0.0;2022-06-24T01:00:00Z
0.0495893414090846;0.0049449779596877;0.0025605609713172;0.0;0.0;2022-06-24T02:00:00Z
0.0532027291795296;0.0054996427915756;0.0028076275791631;0.0;0.0;2022-06-24T03:00:00Z
0.055988564147078;0.0059617246191767;0.0029632408706885;0.0;0.0;2022-06-24T04:00:00Z
0.0577579229825824;0.006018224339249;0.0030976112631359;0.0;0.0;2022-06-24T05:00:00Z
0.0583322708651394;0.006387903337363;0.0031483408185374;0.0;0.0;2022-06-24T06:00:00Z
0.0577282671651261;0.0061282900671006;0.0030982531103552;0.1199999999999999;0.0;2022-06-24T07:00:00Z
0.055986035804454;0.0058352332538706;0.002989369693731;0.1199999999999999;0.0;2022-06-24T08:00:00Z
0.0532128091092207;0.0052723783363829;0.002815338426628;25.118;0.0;2022-06-24T09:00:00Z
0.0495673845898244;0.004734817324468;0.0025531774817487;0.0;0.0;2022-06-24T10:00:00Z
0.0453725390317527;0.0043349950966652;0.0023020522754139;0.0;0.0;2022-06-24T11:00:00Z
0.040831998829497;0.003773773785719;0.0020120675470112;0.0;0.0;2022-06-24T12:00:00Z
0.0362981102533737;0.0030992255679664;0.0017847062884876;0.0;0.0;2022-06-24T13:00:00Z
0.0320873790614891;0.0025619747431139;0.0014788622157761;0.0;0.0;2022-06-24T14:00:00Z
0.0284483227130339;0.002002378449157;0.0012193813586624;0.0;0.0;2022-06-24T15:00:00Z
0.0256784012118702;0.0014415761437802;0.0011143142026286;0.0;0.0;2022-06-24T16:00:00Z
0.0239203548430598;0.0014035467679437;0.0009799156249555;0.0;0.0;2022-06-24T17:00:00Z
0.0233297661691706;0.0011813530296274;0.0009385573786352;0.0;0.0;2022-06-24T18:00:00Z
0.0239378398204255;0.0015500166823583;0.0009855037080062;0.0;0.0;2022-06-24T19:00:00Z
0.0256884764697011;0.0015914464843045;0.0011058169053351;0.0;0.0;2022-06-24T20:00:00Z
0.0284590272944229;0.0020317346236731;0.0012623586577975;0.0;0.0;2022-06-24T21:00:00Z
0.0320554964749132;0.0026152728748856;0.0014558274881459;0.0;0.0;2022-06-24T22:00:00Z
0.0363215205084395;0.003105174897178;0.0017034219086953;0.0;0.0;2022-06-24T23:00:00Z
0.0408522426475559;0.0036826884786956;0.0019984582499491;0.0;22.9839;2022-06-25T00:00:00Z
0.0453710128569573;0.0043165679332769;0.0022987089756647;0.0;36.86716666666666;2022-06-25T01:00:00Z
0.0495608253368345;0.0049962721918983;0.0025726281241053;0.0;24.7338;2022-06-25T02:00:00Z
0.0532165956446352;0.0054927227824319;0.0028172463067278;0.0;35.583666666666666;2022-06-25T03:00:00Z
0.055982683431305;0.0059867854005631;0.0029932193009847;0.0;35.117;2022-06-25T04:00:00Z
0.0577308604522144;0.0061564512261194;0.0030604513383273;0.0;34.18378333333334;2022-06-25T05:00:00Z
0.0583445156622513;0.0060979754969252;0.0031333464861201;0.0;30.68405;2022-06-25T06:00:00Z
0.0577438453397114;0.0060828304240832;0.0031210351850475;0.1199999999999999;3.267816666666666;2022-06-25T07:00:00Z
0.0559737980067493;0.0061478435468506;0.0029847629657912;5.118999999999999;37.16706666666667;2022-06-25T08:00:00Z
0.0532040288280932;0.0056159167233568;0.002799333939379;20.119;70.0;2022-06-25T09:00:00Z
0.0495797851228503;0.0051006482132127;0.0025704617528849;0.0;69.3334;2022-06-25T10:00:00Z
0.0453579281503915;0.0043341071386319;0.0023071203340968;0.0;66.16705;2022-06-25T11:00:00Z
0.0408142811365779;0.003747484117268;0.0020232410545385;0.0;70.00046666666667;2022-06-25T12:00:00Z
0.036297773341026;0.0032313411540107;0.0017087932391282;0.0;70.001;2022-06-25T13:00:00Z
0.0320925555685792;0.0024740231074351;0.0014819837302807;0.0;536.6672;2022-06-25T14:00:00Z
0.0284553071241372;0.0019894093550155;0.0012885288805204;0.0;70.001;2022-06-25T15:00:00Z
0.0256857120930783;0.0016682490484361;0.0010986146490224;0.0;70.001;2022-06-25T16:00:00Z
0.0239359763659569;0.00132125891541;0.0009363263291445;0.0;67.05165;2022-06-25T17:00:00Z
0.0233287613753645;0.0011642610989743;0.0009532064344714;0.0;71.68501666666667;2022-06-25T18:00:00Z
0.0239306125089125;0.0012345102737404;0.0009729757386089;0.0;79.68383333333334;2022-06-25T19:00:00Z
0.0256898845086491;0.0016684523228069;0.0010837118167869;0.0;32.3348;2022-06-25T20:00:00Z
0.0284626991260822;0.001881265766089;0.0012814197300222;0.0;45.75208333333333;2022-06-25T21:00:00Z
0.0320882862940678;0.0023791214665584;0.0015022661852267;0.0;566.5179833333333;2022-06-25T22:00:00Z
0.0363005171031099;0.0030958636659929;0.0017201223238146;0.0;82.36903333333333;2022-06-25T23:00:00Z
0.040874504802112;0.0037978444732248;0.0020148386097631;0.0;26.250116666666663;2022-06-26T00:00:00Z
0.0453632804284947;0.0043458550605276;0.0023362794260631;0.0;33.3671;2022-06-26T01:00:00Z
0.0495877867420793;0.0050582056142498;0.0025774735632057;0.0;31.50018333333333;2022-06-26T02:00:00Z
0.0532164458028488;0.0058047803075322;0.002793638028521;0.0;32.783483333333336;2022-06-26T03:00:00Z
0.0559965589963841;0.0060030444422259;0.0030054938649857;0.0;31.15021666666667;2022-06-26T04:00:00Z
0.0577279658752531;0.0061188262808837;0.0030611303816967;0.0;40.25015;2022-06-26T05:00:00Z
0.0583272523388059;0.0062276305427917;0.0030819108561843;0.0;29.28343333333333;2022-06-26T06:00:00Z
0.0577437468546;0.0061195041080769;0.0030579228279016;25.118;2.567766666666667;2022-06-26T07:00:00Z
0.055996792552673;0.0059945211741492;0.0029665974324398;0.1199999999999999;3.33435;2022-06-26T08:00:00Z
0.0532125840229104;0.0055382332701576;0.0027998537158457;0.1199999999999999;63.166933333333326;2022-06-26T09:00:00Z
0.0495903787384426;0.0051956624755448;0.0025867168328248;0.0;70.0;2022-06-26T10:00:00Z
0.0453619910968757;0.0044862127869112;0.0022960235997574;0.0;18.000866666666667;2022-06-26T11:00:00Z
0.0408066540547873;0.0039053123208505;0.0020235353202884;0.0;68.50108333333333;2022-06-26T12:00:00Z
0.0363143091695115;0.0031415806235073;0.0017590204606927;0.0;68.50115;2022-06-26T13:00:00Z
0.0320674893546433;0.0024878763217001;0.0014665376554534;0.0;719.1671;2022-06-26T14:00:00Z
0.0284542254014697;0.0018770050999845;0.0012936523189276;0.0;84.66785;2022-06-26T15:00:00Z
0.0256636558951132;0.0017934522885043;0.0010503319442033;0.0;203.3342;2022-06-26T16:00:00Z
0.0239151774502549;0.0014506181342651;0.0009510325160352;0.0;71.86715;2022-06-26T17:00:00Z
0.0233321653483149;0.0013171418579015;0.0009276098568577;0.0;90.18338333333331;2022-06-26T18:00:00Z
0.0239342834035076;0.0011210188318061;0.0009540935819053;0.0;85.98345;2022-06-26T19:00:00Z
0.0256880460701306;0.0015831440432312;0.001093160221871;0.0;90.30008333333332;2022-06-26T20:00:00Z
0.028452135217591;0.0019939391655254;0.0012704071773289;0.0;77.8503;2022-06-26T21:00:00Z
0.032068250305994;0.0024721951680994;0.0014873481554832;0.0;49.60166666666667;2022-06-26T22:00:00Z
0.0362878223350009;0.0029721180467712;0.0017707201541851;0.0;202.00185;2022-06-26T23:00:00Z
0.0408339357775771;0.0040022119811836;0.0020498943291272;0.0;21.23356666666667;2022-06-27T00:00:00Z
0.0453582273540938;0.0044748562722878;0.0022824779917379;0.0;30.80035;2022-06-27T01:00:00Z
0.0495862980228123;0.0048651833429519;0.002586724835469;0.0;27.0668;2022-06-27T02:00:00Z
0.0532100877722149;0.0054713730914392;0.0028041991439379;0.0;28.583416666666665;2022-06-27T03:00:00Z
0.0559996441612316;0.0060444581285849;0.0029713042671439;0.0;38.38341666666666;2022-06-27T04:00:00Z
0.0577452592361238;0.0062192094844943;0.0030805599659462;0.0;38.0335;2022-06-27T05:00:00Z
0.058328734964077;0.0062984187454657;0.0030976939869821;0.0;28.350166666666663;2022-06-27T06:00:00Z
0.0577268108452407;0.0063740928333275;0.0030425265406771;5.118999999999999;1.2833833333333335;2022-06-27T07:00:00Z
0.0559942511094696;0.0059583972887871;0.0029995705257354;0.1199999999999999;14.667216666666667;2022-06-27T08:00:00Z
0.0532101579220558;0.0056694290111361;0.0028152894865571;20.119;67.50025;2022-06-27T09:00:00Z
0.0495757813974694;0.0050072796048144;0.0025920543964378;0.0;69.83335;2022-06-27T10:00:00Z
0.0453519075225782;0.0043387096667448;0.0023286371383552;0.0;52.50056666666667;2022-06-27T11:00:00Z
0.0408391329551359;0.00381901241522;0.002004904441193;0.0;47.00163333333333;2022-06-27T12:00:00Z
0.0362859380080982;0.0031647225359135;0.0017622762587927;0.0;183.33455;2022-06-27T13:00:00Z
0.0320831022878495;0.0025908779822471;0.0015159408917133;0.0;202.83425;2022-06-27T14:00:00Z
0.0284449051845306;0.0020363081346561;0.0012414302566329;0.0;448.66775;2022-06-27T15:00:00Z
0.0256748140438605;0.0016574275327179;0.0010888811699192;0.0;302.0009;2022-06-27T16:00:00Z
0.0239361968789596;0.0014479706169151;0.0009406260532061;0.0;125.06778333333332;2022-06-27T17:00:00Z
0.0233212754718828;0.0011012857941353;0.0009578069533272;0.0;150.1841333333333;2022-06-27T18:00:00Z
0.0239239304976681;0.0011818142311574;0.0009783274845009;0.0;88.98351666666667;2022-06-27T19:00:00Z
0.0256924305721688;0.0017140771111342;0.0010797726691589;0.0;57.25075;2022-06-27T20:00:00Z
0.0284640770224787;0.0018349857102194;0.0012878145779127;0.0;72.41736666666665;2022-06-27T21:00:00Z
0.0320740140659934;0.0023645643937757;0.0015009355890688;0.0;69.83491666666667;2022-06-27T22:00:00Z
0.0363075364322721;0.0029568404444509;0.0017562789381895;0.0;30.585316666666664;2022-06-27T23:00:00Z
0.0408512723553697;0.0037396436187728;0.0020452836669771;0.0;32.43345;2022-06-28T00:00:00Z
0.045362941181233;0.0044201308340891;0.0023463169574852;0.0;34.18351666666666;2022-06-28T01:00:00Z
0.0495823652235027;0.0051478650951113;0.0025782228475248;0.0;45.38336666666667;2022-06-28T02:00:00Z
0.0532107523932745;0.005489668430656;0.0028168534334528;0.0;41.3003;2022-06-28T03:00:00Z
0.0559994691333734;0.005949069738542;0.0029503285762555;0.0;35.93343333333333;2022-06-28T04:00:00Z
0.0577292444001552;0.0060057355609583;0.003086536683815;0.0;38.966849999999994;2022-06-28T05:00:00Z
0.0583349504924907;0.0060971893759553;0.0031396652214152;0.0;29.9843;2022-06-28T06:00:00Z
0.0577415401148594;0.005965354975261;0.0030903839756163;0.1199999999999999;6.18435;2022-06-28T07:00:00Z
0.0559828568336808;0.0058522708650941;0.0029690606629449;25.118;23.167666666666666;2022-06-28T08:00:00Z
0.0532022114555816;0.0053125223835809;0.0027933063146213;0.1199999999999999;50.50045;2022-06-28T09:00:00Z
0.0495639874884785;0.0049653626603697;0.0025947963414565;0.0;7.16795;2022-06-28T10:00:00Z
0.0453659759888893;0.0043397560103329;0.002341787412658;0.0;56.667;2022-06-28T11:00:00Z
0.0408299227842354;0.0038159532283499;0.0020201070778839;0.0;68.00093333333334;2022-06-28T12:00:00Z
0.0363155712295061;0.0030922048466321;0.0017482030449092;0.0;70.001;2022-06-28T13:00:00Z
0.0320741864923241;0.0025135025179249;0.0014826001587156;0.0;120.00094999999997;2022-06-28T14:00:00Z
0.028454416241144;0.0021139128457704;0.001277050010686;0.0;453.33395;2022-06-28T15:00:00Z
0.0256868009052439;0.0016841657893012;0.0011315017592847;0.0;486.66725;2022-06-28T16:00:00Z
0.0239497803726696;0.0014290201983483;0.0009855099985798;0.0;142.43448333333333;2022-06-28T17:00:00Z
0.0233345747015693;0.0013387749552821;0.000964997019799;0.0;36.13426666666666;2022-06-28T18:00:00Z
0.0239357741499003;0.0014138064259499;0.0009526737099058;0.0;87.30018333333332;2022-06-28T19:00:00Z
0.0256746072379167;0.0015039064545154;0.0010909862739748;0.0;75.28425;2022-06-28T20:00:00Z
0.0284712502760291;0.0018476524289157;0.001232007640393;0.0;90.65003333333334;2022-06-28T21:00:00Z
0.032085914217141;0.0025226793592143;0.0015149682548409;0.0;33.86865;2022-06-28T22:00:00Z
0.0362974142917868;0.0030702333749905;0.0017704629757399;0.0;34.535349999999994;2022-06-28T23:00:00Z
0.0408435063401562;0.0038203286519817;0.0020226910325893;0.0;22.867;2022-06-29T00:00:00Z
0.0453799515155546;0.0043942632085137;0.0023058761950576;0.0;34.3001;2022-06-29T01:00:00Z
0.0495761578077224;0.0051004758561151;0.0025680558833771;0.0;34.65005;2022-06-29T02:00:00Z
0.0532030576681611;0.0054344160662788;0.0027931996854652;0.0;33.95015;2022-06-29T03:00:00Z
0.0559898343943799;0.0057900797320593;0.0029711354657999;0.0;34.65005;2022-06-29T04:00:00Z
0.0577488846141011;0.0061853544582073;0.0030905397427471;0.0;33.60046666666666;2022-06-29T05:00:00Z
0.0583353488674243;0.0062681644610072;0.0031011659768673;0.0;19.95128333333333;2022-06-29T06:00:00Z
0.0577391230535411;0.0060506330277068;0.0031059692036024;0.1199999999999999;3.0673833333333334;2022-06-29T07:00:00Z
0.0559996298276643;0.0059119936045279;0.0029663939703757;25.118;17.500799999999998;2022-06-29T08:00:00Z
0.0532150779303891;0.0056034301897972;0.0028282928405574;0.1199999999999999;66.00006666666667;2022-06-29T09:00:00Z
0.0495764075684463;0.0048542773826722;0.0025941736950309;0.0;52.500416666666666;2022-06-29T10:00:00Z
0.0453647632051284;0.0042699440558888;0.0022863064671382;0.0;70.0;2022-06-29T11:00:00Z
0.0408417192886565;0.0039838951983906;0.0020144722115737;0.0;50.000916666666654;2022-06-29T12:00:00Z
0.0362936450552876;0.0031964252214927;0.001798988055539;0.0;70.001;2022-06-29T13:00:00Z
0.0320711147633313;0.0025524140707116;0.0014466330911913;0.0;374.66755;2022-06-29T14:00:00Z
0.0284652387356854;0.0019078335154627;0.0012631736565254;0.0;58.0012;2022-06-29T15:00:00Z
0.0256798490370001;0.0015768538429975;0.0010832917975778;0.0;336.6674;2022-06-29T16:00:00Z
0.0239199831754214;0.001404834389254;0.0009856753345948;0.0;520.0004333333334;2022-06-29T17:00:00Z
0.0233547545039604;0.001270602085963;0.0009413720887898;0.0;47.05061666666667;2022-06-29T18:00:00Z
0.0239314943995671;0.0014938255320453;0.000963164381298;0.0;51.350750000000005;2022-06-29T19:00:00Z
0.0256726676200252;0.0015191905521384;0.0010504242142094;0.0;55.50085;2022-06-29T20:00:00Z
0.0284607730506732;0.0017492318455248;0.0012512888722913;0.0;70.41810000000001;2022-06-29T21:00:00Z
0.0320669362380093;0.0024911939708525;0.0014849743113096;0.0;54.95236666666666;2022-06-29T22:00:00Z
0.0363163234215145;0.0031573458643144;0.0017262764023003;0.0;15.868799999999998;2022-06-29T23:00:00Z
0.0408401455643245;0.0038536928603432;0.0020247338234654;0.0;26.0169;2022-06-30T00:00:00Z
0.0453477165123724;0.0044976071178463;0.002338843441935;0.0;30.683383333333328;2022-06-30T01:00:00Z
0.0496121503937602;0.0050526068388674;0.0025517440995039;0.0;29.8669;2022-06-30T02:00:00Z
0.0532080848839503;0.0057091549108383;0.0028182050246675;0.0;32.08336666666666;2022-06-30T03:00:00Z
0.0559949644706509;0.0060907580867905;0.0030123839959555;0.0;33.6002;2022-06-30T04:00:00Z
0.0577428883588968;0.0059903894154555;0.003068895728804;0.0;33.25025;2022-06-30T05:00:00Z
0.0583406054542682;0.0062311676334119;0.0031451217599189;0.0;26.117416666666664;2022-06-30T06:00:00Z
0.0577308231945296;0.0062153179448899;0.0030957899722001;5.119;15.250166666666667;2022-06-30T07:00:00Z
0.0559816977620917;0.0058679329811051;0.0029763065997576;0.1199999999999999;28.500950000000003;2022-06-30T08:00:00Z
0.0532011817256157;0.0054596215639608;0.0028359523853374;20.119;68.0002;2022-06-30T09:00:00Z
0.0495745921190182;0.0049423347122723;0.0025786527640434;0.0;54.66695;2022-06-30T10:00:00Z
0.0453645534912759;0.0043558323596795;0.0023136731091357;0.0;70.0;2022-06-30T11:00:00Z
0.040829007581045;0.0037332014033677;0.002002844729675;0.0;70.0005;2022-06-30T12:00:00Z
0.0363093894738635;0.0031491212313158;0.0017529174840584;0.0;291.3343;2022-06-30T13:00:00Z
0.0320955957647112;0.0024260660668495;0.0014909402214733;0.0;794.6677833333333;2022-06-30T14:00:00Z
0.0284711726072611;0.0018838695943303;0.0012832869299853;0.0;38.00203333333334;2022-06-30T15:00:00Z
0.0256775903448215;0.0014607055286112;0.0010834702087468;0.0;37.83555;2022-06-30T16:00:00Z
0.0239322818026861;0.0012289181799432;0.0009736357727122;0.0;69.95091666666667;2022-06-30T17:00:00Z
0.0233168437189729;0.0012353856991625;0.0009356981955273;0.0;59.38388333333334;2022-06-30T18:00:00Z
0.0239349445528178;0.0014911428684434;0.0009768434921205;0.0;79.66701666666665;2022-06-30T19:00:00Z
0.0256616077362741;0.0014801553157004;0.0010800229241132;0.0;89.00043333333333;2022-06-30T20:00:00Z
0.0284529019991832;0.002008601722711;0.0011939173630554;0.0;35.251333333333335;2022-06-30T21:00:00Z
0.0320864580578921;0.0024172504106711;0.0015070804542276;0.0;55.7689;2022-06-30T22:00:00Z
0.0363105902735511;0.0030647892187929;0.0017668835148852;0.0;60.235433333333326;2022-06-30T23:00:00Z
0.0408249354524908;0.0038236038324163;0.0020273570482139;0.0;0.0;2022-07-01T00:00:00Z
0.0453605051150911;0.0042652792884399;0.0023077506569058;0.0;0.0;2022-07-01T01:00:00Z
0.0495914613532716;0.0051366428493492;0.0026053230706886;0.0;0.0;2022-07-01T02:00:00Z
0.0532167094131522;0.0055279956138366;0.0027931094184498;0.0;0.0;2022-07-01T03:00:00Z
0.0559969784721246;0.0059629723432286;0.0029888783787427;0.0;0.0;2022-07-01T04:00:00Z
0.0577409992534933;0.0061943399672791;0.0030786827184861;0.0;0.0;2022-07-01T05:00:00Z
0.0583329762109257;0.0063381971090277;0.0031585775746506;0.0;0.0;2022-07-01T06:00:00Z
0.0577357122909222;0.0062488730443871;0.0030569788780346;0.1199999999999999;0.0;2022-07-01T07:00:00Z
0.0559834891077049;0.0058015522068814;0.0029926845385233;0.1199999999999999;0.0;2022-07-01T08:00:00Z
0.0531964474842864;0.0052936290291877;0.002826102698405;25.118;0.0;2022-07-01T09:00:00Z
0.0495806910322322;0.0050215223332877;0.0025681449098509;0.0;0.0;2022-07-01T10:00:00Z
0.045364598122263;0.0043553391290114;0.0023228133597049;0.0;0.0;2022-07-01T11:00:00Z
0.0408417038411587;0.0036569268777944;0.0020057719594476;0.0;0.0;2022-07-01T12:00:00Z
0.0362931415911835;0.003108274374342;0.0017591147079927;0.0;0.0;2022-07-01T13:00:00Z
0.032096057025263;0.0025564738253453;0.0014810204854267;0.0;0.0;2022-07-01T14:00:00Z
0.0284647818785459;0.0018834247638245;0.0012542163772047;0.0;0.0;2022-07-01T15:00:00Z
0.0256787217597349;0.0014894094743833;0.0011124376929396;0.0;0.0;2022-07-01T16:00:00Z
0.0239205703040909;0.0014416563777066;0.0009666730617538;0.0;0.0;2022-07-01T17:00:00Z
0.0233172780624927;0.0010683685411123;0.0009197211261931;0.0;0.0;2022-07-01T18:00:00Z
0.0239352179192799;0.0012788813700033;0.000983241618936;0.0;0.0;2022-07-01T19:00:00Z
0.0256678763099762;0.0015451067372384;0.0011114190924756;0.0;0.0;2022-07-01T20:00:00Z
0.0284408381829917;0.0020837730487968;0.001278241536266;0.0;0.0;2022-07-01T21:00:00Z
0.0320879160046913;0.0025034401554245;0.0014776472364326;0.0;0.0;2022-07-01T22:00:00Z
0.0363137813269524;0.0030253600476031;0.0017558042112455;0.0;0.0;2022-07-01T23:00:00Z
0.0408270061155955;0.0038154342273706;0.0020404442065998;0.0;33.016933333333334;2022-07-02T00:00:00Z
0.0453620726208361;0.0044725246240226;0.002327312605635;0.0;35.00013333333333;2022-07-02T01:00:00Z
0.0495844745407562;0.0051734624002777;0.0025579943660795;0.0;34.766683333333326;2022-07-02T02:00:00Z
0.0532263047626364;0.0054893877671365;0.0028181713115992;0.0;34.53335;2022-07-02T03:00:00Z
0.0559871449495403;0.0059328364769932;0.0029682490534738;0.0;26.95015;2022-07-02T04:00:00Z
0.0577434268852188;0.0059166122072675;0.0030797156299896;0.0;29.40011666666667;2022-07-02T05:00:00Z
0.0583166987387738;0.0062638865118093;0.0031276829588363;0.0;19.01695;2022-07-02T06:00:00Z
0.0577310221124458;0.0063001429089913;0.0031092834894829;0.1199999999999999;36.21733333333333;2022-07-02T07:00:00Z
0.055992281887841;0.0058189991328259;0.0029875425688878;0.1199999999999999;39.00085;2022-07-02T08:00:00Z
0.0532111177461064;0.005489322982007;0.0028215627606391;25.118;36.00115;2022-07-02T09:00:00Z
0.049592766583512;0.0050741665426291;0.0025723489835766;0.0;64.66686666666665;2022-07-02T10:00:00Z
0.0453533686155356;0.0043153861345969;0.0023549699507478;0.0;60.001;2022-07-02T11:00:00Z
0.0408357107910544;0.0037290757769122;0.0020731604368842;0.0;69.334;2022-07-02T12:00:00Z
0.0363148529953698;0.0031696536058823;0.0017685245050649;0.0;469.83395;2022-07-02T13:00:00Z
0.032073702862425;0.0026070364643039;0.0015020051258897;0.0;67.16795;2022-07-02T14:00:00Z
0.0284607997813439;0.0020497453550082;0.0012870614804724;0.0;70.001;2022-07-02T15:00:00Z
0.0256779183616138;0.001605006232074;0.0010556825049828;0.0;70.001;2022-07-02T16:00:00Z
0.0239442644103245;0.0011055521076721;0.0009815490663899;0.0;70.40103333333333;2022-07-02T17:00:00Z
0.0233287254995835;0.0013327262556951;0.0009379791464651;0.0;50.4843;2022-07-02T18:00:00Z
0.0239374175952318;0.0014199868184302;0.0009628841288944;0.0;82.25033333333333;2022-07-02T19:00:00Z
0.0256586428152785;0.0015727032601908;0.0010769664542302;0.0;77.83368333333331;2022-07-02T20:00:00Z
0.0284474442791017;0.00188520968609;0.0012337259818732;0.0;73.00135;2022-07-02T21:00:00Z
0.0320657932106704;0.0025026924748705;0.0014878097906257;0.0;633.9181833333333;2022-07-02T22:00:00Z
0.0362897281150204;0.0030561728167329;0.0017371832280155;0.0;45.06883333333333;2022-07-02T23:00:00Z
0.040835209558448;0.0037727561126211;0.0020103396705974;0.0;25.317266666666665;2022-07-03T00:00:00Z
0.0453592217896617;0.0044103221741222;0.0022999935263588;0.0;34.416933333333326;2022-07-03T01:00:00Z
0.0495818583738051;0.0050890706858093;0.0025784784100377;0.0;33.833533333333335;2022-07-03T02:00:00Z
0.0532129658216402;0.0056653608914545;0.0028158256812551;0.0;34.88335;2022-07-03T03:00:00Z
0.0559822695468148;0.0058968733754609;0.0029822450912949;0.0;35.58345;2022-07-03T04:00:00Z
0.0577275510303267;0.0060835829793379;0.0030629615878827;0.0;37.68356666666666;2022-07-03T05:00:00Z
0.0583469231744437;0.0061585809463397;0.0031235333557331;0.0;29.28448333333333;2022-07-03T06:00:00Z
0.0577247847448585;0.0062994909873974;0.0030449515760726;5.119;3.618016666666666;2022-07-03T07:00:00Z
0.0559846484323032;0.0060172149695402;0.0029821753003191;20.119;61.333783333333336;2022-07-03T08:00:00Z
0.0532098736032296;0.0055467268683614;0.0028035182018229;0.1199999999999999;67.50025;2022-07-03T09:00:00Z
0.0495874093427706;0.0049611972735907;0.0025434184144987;0.0;52.667233333333336;2022-07-03T10:00:00Z
0.0453655010177156;0.0045168794565348;0.0023164150876945;0.0;64.33436666666667;2022-07-03T11:00:00Z
0.0408330071468602;0.0036543125239255;0.0020372654908584;0.0;55.50136666666666;2022-07-03T12:00:00Z
0.0363143184658492;0.0030105769367044;0.001752023044641;0.0;382.33475;2022-07-03T13:00:00Z
0.0321047276868334;0.0024127711632694;0.001464212461186;0.0;64.83485;2022-07-03T14:00:00Z
0.0284591759599032;0.0019295655329094;0.0012583291569122;0.0;23.0022;2022-07-03T15:00:00Z
0.0256826981004128;0.0014560012153099;0.0011059143620424;0.0;334.50175;2022-07-03T16:00:00Z
0.0239308460118462;0.0013405668468266;0.0009804651078798;0.0;68.86736666666667;2022-07-03T17:00:00Z
0.0233292543000938;0.0010817469987977;0.0009855276758407;0.0;82.25024999999998;2022-07-03T18:00:00Z
0.0239378006440048;0.0013158202828242;0.0009770267275673;0.0;83.7667;2022-07-03T19:00:00Z
0.0256957584048496;0.0015130207480421;0.0010804341823361;0.0;83.41675;2022-07-03T20:00:00Z
0.0284610155354929;0.0019039396357043;0.001221013608019;0.0;82.95021666666666;2022-07-03T21:00:00Z
0.0321095148079103;0.0023837536989354;0.0014866330501671;0.0;365.43463333333335;2022-07-03T22:00:00Z
0.036297846378494;0.0030659220764212;0.0017460359771573;0.0;21.302233333333334;2022-07-03T23:00:00Z
0.0408326401458409;0.0037046694022056;0.0020613977976044;0.0;31.033683333333332;2022-07-04T00:00:00Z
0.0453480760996246;0.004421015832103;0.0023049842884925;0.0;37.5668;2022-07-04T01:00:00Z
0.0495830489550248;0.0051042499193717;0.0025955876068823;0.0;43.86668333333333;2022-07-04T02:00:00Z
0.0532039585935352;0.0056698600819125;0.002808883233791;0.0;41.53335;2022-07-04T03:00:00Z
0.055969609159599;0.0057992334422674;0.0030070332444572;0.0;31.150016666666662;2022-07-04T04:00:00Z
0.0577316247447724;0.0062410322817253;0.0031022828020933;0.0;29.166766666666668;2022-07-04T05:00:00Z
0.058325237782107;0.0063737965062314;0.0031040592883088;0.0;16.91725;2022-07-04T06:00:00Z
0.0577394479477693;0.0060689520228775;0.0030697726398241;5.119;14.834333333333332;2022-07-04T07:00:00Z
0.0560009766805842;0.0059538062365138;0.0029580792010064;0.1199999999999999;65.6671;2022-07-04T08:00:00Z
0.0532140031646988;0.0054505058665178;0.0027868230052762;20.119;67.3336;2022-07-04T09:00:00Z
0.0495705699778472;0.005024702910465;0.0025415838129532;0.0;64.83385;2022-07-04T10:00:00Z
0.045353958388372;0.0044490792856575;0.0023106121484879;0.0;31.167800000000003;2022-07-04T11:00:00Z
0.0408445085870757;0.0036950888012982;0.0020472360435145;0.0;30.00166666666667;2022-07-04T12:00:00Z
0.0363017396323421;0.0031297030905945;0.0017468287176012;0.0;10.001999999999997;2022-07-04T13:00:00Z
0.0320817303591657;0.0023757211925324;0.0014470255501839;0.0;310.0017;2022-07-04T14:00:00Z
0.028472667857306;0.0020614035729085;0.0012304457098744;0.0;47.00138333333334;2022-07-04T15:00:00Z
0.025677231663329;0.0014925532772838;0.0010492549649893;0.0;48.66813333333333;2022-07-04T16:00:00Z
0.0239326404181611;0.0012997458079833;0.0009697609747106;0.0;63.15205;2022-07-04T17:00:00Z
0.0233407716557793;0.0013799218081228;0.0009233929501692;0.0;84.70016666666666;2022-07-04T18:00:00Z
0.0239326674795156;0.0013917115592814;0.0009598632755985;0.0;88.43343333333334;2022-07-04T19:00:00Z
0.0256922216827496;0.0016593843224667;0.0010754099031104;0.0;89.60015;2022-07-04T20:00:00Z
0.0284273363846806;0.0021347650479853;0.0012924186074865;0.0;90.05026666666667;2022-07-04T21:00:00Z
0.0320593607771071;0.0027179090310754;0.0014499711554633;0.0;362.33551666666654;2022-07-04T22:00:00Z
0.0362966722295543;0.0030952619255904;0.0017201596703852;0.0;575.6013166666667;2022-07-04T23:00:00Z
0.0408405315257889;0.0037734986479013;0.0020581536043528;0.0;34.183683333333335;2022-07-05T00:00:00Z
0.0453604759856651;0.0045458329585523;0.0023062024553996;0.0;39.7834;2022-07-05T01:00:00Z
0.0495960881539059;0.005147215375789;0.0026062957362711;0.0;38.9668;2022-07-05T02:00:00Z
0.0531920129444917;0.0054878828717325;0.0028121799872371;0.0;28.234183333333327;2022-07-05T03:00:00Z
0.0559875145428621;0.0058305605137355;0.0030039707781347;0.0;42.23333333333333;2022-07-05T04:00:00Z
0.0577365850282787;0.0060119385985524;0.0031045553731235;0.0;36.167033333333336;2022-07-05T05:00:00Z
0.058314225554717;0.0063519572204311;0.0031160748649794;0.0;23.1014;2022-07-05T06:00:00Z
0.0577419971102542;0.0062347982587106;0.0030646355737505;5.119;5.717716666666667;2022-07-05T07:00:00Z
0.0559619632403454;0.00570395231563;0.0029673926457559;20.119;0.0014;2022-07-05T08:00:00Z
0.0531874336380712;0.0056224556784807;0.0028245175523291;0.1199999999999999;15.00175;2022-07-05T09:00:00Z
0.0495736420014934;0.0048133166536242;0.0025616661473675;0.0;63.50065;2022-07-05T10:00:00Z
0.0453688653234039;0.0042031403873862;0.0023173354424841;0.0;65.83426666666665;2022-07-05T11:00:00Z
0.0408263416777256;0.003739395480271;0.0020532786393107;0.0;118.83439999999997;2022-07-05T12:00:00Z
0.0362802755509782;0.003362644055469;0.001780846591481;0.0;333.16775;2022-07-05T13:00:00Z
0.0320782198493521;0.0025392482546144;0.0014640381204059;0.0;67.83455;2022-07-05T14:00:00Z
0.0284568648678042;0.0017507955701792;0.0012846366333669;0.0;68.3345;2022-07-05T15:00:00Z
0.0256686527163752;0.0014782546810147;0.0010652512678025;0.0;553.33385;2022-07-05T16:00:00Z
0.0239380728949736;0.0013113127314484;0.0009651700079375;0.0;198.30075;2022-07-05T17:00:00Z
0.0233354960483628;0.0012216564912924;0.0009369783953963;0.0;49.484133333333325;2022-07-05T18:00:00Z
0.0239366297909866;0.001316991053058;0.0009865005771559;0.0;71.65025;2022-07-05T19:00:00Z
0.0256674963654478;0.0016648196876969;0.0010906203699927;0.0;34.534216666666666;2022-07-05T20:00:00Z
0.0284536271844183;0.0018995950490749;0.0012339226784701;0.0;24.401116666666663;2022-07-05T21:00:00Z
0.0320841294141888;0.0027305746886513;0.0014923727370642;0.0;51.101716666666654;2022-07-05T22:00:00Z
0.0363144445531607;0.0031566505428902;0.0017347424998549;0.0;13.068066666666667;2022-07-05T23:00:00Z
0.0408146413199856;0.0036325284211384;0.0020205252259772;0.0;21.116966666666663;2022-07-06T00:00:00Z
0.0453668936298959;0.0043968569588168;0.0023072956800787;0.0;35.700183333333335;2022-07-06T01:00:00Z
0.0495663181394984;0.0050699105182906;0.0025738808838072;0.0;34.76675;2022-07-06T02:00:00Z
0.0532077982965404;0.0054903535443345;0.0027925599473499;0.0;34.18345;2022-07-06T03:00:00Z
0.055998116181916;0.0059563249975644;0.0029653115878906;0.0;33.01695;2022-07-06T04:00:00Z
0.057731835501005;0.0062403866858931;0.0030445309545194;0.0;26.71743333333333;2022-07-06T05:00:00Z
0.0583274693739179;0.0061320589027246;0.0031199539911724;0.0;22.284716666666668;2022-07-06T06:00:00Z
0.0577399024988709;0.0061635045285973;0.0030776386970899;25.118;39.75186666666667;2022-07-06T07:00:00Z
0.0559844731537449;0.0058710742015263;0.0029994184666483;0.1199999999999999;67.3336;2022-07-06T08:00:00Z
0.0532091922405289;0.0053817302894127;0.0027826467403104;0.1199999999999999;21.334616666666665;2022-07-06T09:00:00Z
0.0495917349790522;0.0049910198683065;0.0025652022228709;0.0;68.83345;2022-07-06T10:00:00Z
0.0453561361740401;0.0044392041637542;0.0023245501742179;0.0;69.16675000000001;2022-07-06T11:00:00Z
0.0408409870208771;0.0037045721722332;0.0020321404581718;0.0;236.66743333333332;2022-07-06T12:00:00Z
0.0363113925724157;0.0031653091571859;0.0017725343222174;0.0;67.83455;2022-07-06T13:00:00Z
0.0320898013323616;0.0024926619354121;0.0015186260558638;0.0;64.3349;2022-07-06T14:00:00Z
0.0284527680224881;0.0019403875447791;0.001275932530023;0.0;118.8344;2022-07-06T15:00:00Z
0.0256770955350691;0.0014469110619627;0.0011122463707059;0.0;586.66715;2022-07-06T16:00:00Z
0.0239131217210165;0.0012705706345691;0.0009576820070525;0.0;162.00096666666667;2022-07-06T17:00:00Z
0.023351572737717;0.0013655813953799;0.0009088232389424;0.0;17.234766666666665;2022-07-06T18:00:00Z
0.0239237092070508;0.0013525094439811;0.0009453316249441;0.0;33.6681;2022-07-06T19:00:00Z
0.025687001088762;0.0016076530670468;0.0010755316067319;0.0;82.50088333333333;2022-07-06T20:00:00Z
0.0284738254432895;0.0019287098772376;0.0012503442910692;0.0;89.83414999999998;2022-07-06T21:00:00Z
0.0320928790079593;0.0024389186992829;0.0014776243645931;0.0;43.551983333333325;2022-07-06T22:00:00Z
0.0363180326324672;0.0030503066342025;0.0017337012201631;0.0;30.402516666666667;2022-07-06T23:00:00Z
0.040823160107781;0.0037833165512436;0.0020761041490142;0.0;28.2337;2022-07-07T00:00:00Z
0.0453637917128191;0.0043056263943121;0.0023326833559521;0.0;38.03361666666667;2022-07-07T01:00:00Z
0.0495913993610701;0.0051259826881179;0.0025702066455386;0.0;38.26675;2022-07-07T02:00:00Z
0.053211257687603;0.0055193556442281;0.002845824024398;0.0;39.90015;2022-07-07T03:00:00Z
0.0559802820021929;0.0058446359512883;0.0029312333142854;0.0;41.41695;2022-07-07T04:00:00Z
0.0577342250653092;0.0059566263501061;0.0030771607353364;0.0;39.31681666666666;2022-07-07T05:00:00Z
0.0583380859566868;0.0061913462896496;0.0030917796990302;0.0;34.10025;2022-07-07T06:00:00Z
0.0577506522576924;0.0062063506247111;0.0030888535670338;5.119;10.8167;2022-07-07T07:00:00Z
0.0559807951261585;0.0058842310216509;0.002994158840624;0.1199999999999999;14.000483333333332;2022-07-07T08:00:00Z
0.053215328219695;0.0055446347581486;0.0027878504308792;20.119;47.00038333333334;2022-07-07T09:00:00Z
0.0495985537723297;0.0049489660397048;0.0025605662894243;0.0;36.00056666666667;2022-07-07T10:00:00Z
0.0453625490504714;0.004417902122351;0.0023126192852925;0.0;66.50035;2022-07-07T11:00:00Z
0.0408229629428416;0.0036597985384683;0.001984624753976;0.0;61.50173333333333;2022-07-07T12:00:00Z
0.0363103303953967;0.0030979145896978;0.0017240524822526;0.0;60.6686;2022-07-07T13:00:00Z
0.0320862117035362;0.0026803772992785;0.0015056080204008;0.0;63.83495;2022-07-07T14:00:00Z
0.0284652480914365;0.001919199348702;0.0012369003152005;0.0;716.00075;2022-07-07T15:00:00Z
0.0256926834884836;0.0015022215387053;0.0011038095395142;0.0;131.00155;2022-07-07T16:00:00Z
0.0239286739133218;0.0014879831127645;0.0009970738855889;0.0;37.151633333333336;2022-07-07T17:00:00Z
0.0233359108166134;0.0012570386358445;0.0009437884950886;0.0;48.901733333333326;2022-07-07T18:00:00Z
0.0238988553680947;0.0014406011339635;0.000974285291786;0.0;80.30106666666667;2022-07-07T19:00:00Z
0.0256726998528682;0.0015347470359001;0.0010794701369715;0.0;48.51791666666666;2022-07-07T20:00:00Z
0.0284452739074476;0.0020636467418398;0.0012345328215;0.0;62.65091666666667;2022-07-07T21:00:00Z
0.0320927274432122;0.002502147162537;0.0014786758115727;0.0;307.2347666666667;2022-07-07T22:00:00Z
0.0363083301287155;0.0031939783172433;0.0017554774191392;0.0;23.318516666666667;2022-07-07T23:00:00Z
0.0408267151440761;0.0038329097224975;0.002040590995162;0.0;0.0;2022-07-08T00:00:00Z
0.0453743554023461;0.0044410228188835;0.0023119482636155;0.0;0.0;2022-07-08T01:00:00Z
0.0495737360745587;0.0049487559500979;0.0025737840673766;0.0;0.0;2022-07-08T02:00:00Z
0.0531898898501546;0.005479788386007;0.002845904593625;0.0;0.0;2022-07-08T03:00:00Z
0.0559816570739439;0.0057403696469035;0.0029643633287659;0.0;0.0;2022-07-08T04:00:00Z
0.057735812643912;0.0062733448510727;0.003117645252601;0.0;0.0;2022-07-08T05:00:00Z
0.058319091409131;0.006288715518674;0.0031365547032672;0.0;0.0;2022-07-08T06:00:00Z
0.0577274717904315;0.0061558784708428;0.0030808967677804;20.119;0.0;2022-07-08T07:00:00Z
0.0559887671652012;0.0059137432235892;0.0029843872488199;5.118999999999999;0.0;2022-07-08T08:00:00Z
0.0532197920435475;0.005588662388382;0.0028043520233833;0.1199999999999999;0.0;2022-07-08T09:00:00Z
0.0495963507789218;0.0048579011030168;0.0025955688151434;0.0;0.0;2022-07-08T10:00:00Z
0.0453635856849554;0.0042042692289105;0.0023423476131313;0.0;0.0;2022-07-08T11:00:00Z
0.0408230067964985;0.0038786509952588;0.0020209325023104;0.0;0.0;2022-07-08T12:00:00Z
0.0363019161388675;0.0031404836971661;0.0017561033623222;0.0;0.0;2022-07-08T13:00:00Z
0.0320889624272132;0.0025833308232406;0.0014605675291157;0.0;0.0;2022-07-08T14:00:00Z
0.0284608112477536;0.0019808953536414;0.0012560704943651;0.0;0.0;2022-07-08T15:00:00Z
0.0256904736661179;0.0015699732876646;0.0010858649311462;0.0;0.0;2022-07-08T16:00:00Z
0.0239193697329375;0.0013758258176713;0.000988242278488;0.0;0.0;2022-07-08T17:00:00Z
0.023348666097767;0.0010653557300208;0.0009154006441221;0.0;0.0;2022-07-08T18:00:00Z
0.0239361202360682;0.0011470814010406;0.000981146081597;0.0;0.0;2022-07-08T19:00:00Z
0.0256749857341168;0.0015895089876686;0.0011218861854959;0.0;0.0;2022-07-08T20:00:00Z
0.0284612150500038;0.0018422632683275;0.0012904199355141;0.0;0.0;2022-07-08T21:00:00Z
0.0320923086571308;0.0027369050329935;0.0014458951031854;0.0;0.0;2022-07-08T22:00:00Z
0.0363090715590402;0.0030291295618301;0.0017532299914452;0.0;0.0;2022-07-08T23:00:00Z
0.0408310504502659;0.0038554652586473;0.0019966884268337;0.0;30.216866666666668;2022-07-09T00:00:00Z
0.0453460032877604;0.0042914626629098;0.0023038721770958;0.0;35.23373333333333;2022-07-09T01:00:00Z
0.049598599902504;0.0049606204374756;0.0026033165539405;0.0;31.26696666666667;2022-07-09T02:00:00Z
0.0532317318167365;0.0056366899965484;0.002866873014652;0.0;39.43335;2022-07-09T03:00:00Z
0.0559912354520278;0.0058242445608543;0.002941874098598;0.0;37.1;2022-07-09T04:00:00Z
0.0577371519909381;0.0061815255620044;0.0030623937290939;0.0;41.71738333333333;2022-07-09T05:00:00Z
0.0583337065594983;0.0062268061649507;0.0031022164428692;0.0;92.55006666666665;2022-07-09T06:00:00Z
0.0577398842567101;0.006179413018148;0.0031062937767096;20.119;46.5506;2022-07-09T07:00:00Z
0.0559828646988314;0.0060993311139999;0.0029588891301722;5.119;13.50115;2022-07-09T08:00:00Z
0.0532075992549185;0.0055398686903451;0.0028097798770787;0.1199999999999999;62.6674;2022-07-09T09:00:00Z
0.0495915951759241;0.0050526378475056;0.0025566245574396;0.0;70.0;2022-07-09T10:00:00Z
0.0453656475865805;0.0043584191322288;0.0023162044914991;0.0;42.00046666666666;2022-07-09T11:00:00Z
0.0408423596854685;0.0039637538515506;0.0020076018716641;0.0;38.001133333333335;2022-07-09T12:00:00Z
0.0362897832826109;0.0030912742631263;0.0017893958479072;0.0;303.33410000000003;2022-07-09T13:00:00Z
0.0320700219111797;0.0024692776034611;0.0014715680817459;0.0;713.0004666666667;2022-07-09T14:00:00Z
0.0284618099712294;0.002046545982518;0.0012822640747722;0.0;205.66801666666663;2022-07-09T15:00:00Z
0.025689785031656;0.0014349640680397;0.001057156993418;0.0;10.001999999999997;2022-07-09T16:00:00Z
0.0239217159691356;0.0015658036130918;0.0010016882935314;0.0;41.98485;2022-07-09T17:00:00Z
0.0233238148516809;0.0014231185038946;0.0009345566137427;0.0;83.50013333333332;2022-07-09T18:00:00Z
0.0239591818723021;0.0013016626494343;0.0009661930296423;0.0;52.70105;2022-07-09T19:00:00Z
0.025681638936258;0.001861115087334;0.0010659661291751;0.0;80.81696666666667;2022-07-09T20:00:00Z
0.0284531965625758;0.0020183924163017;0.0012736481693446;0.0;49.66766666666666;2022-07-09T21:00:00Z
0.0320722009130164;0.002509370878683;0.0015085792378105;0.0;87.30126666666665;2022-07-09T22:00:00Z
0.0363040366266401;0.0030510957445517;0.0017626537615637;0.0;59.55131666666666;2022-07-09T23:00:00Z
0.0408311548255698;0.0037211843773604;0.0020426429260779;0.0;24.267266666666664;2022-07-10T00:00:00Z
0.0453685712380524;0.0043372791833759;0.0023174211011528;0.0;28.466833333333334;2022-07-10T01:00:00Z
0.0495841351375485;0.0049159880882804;0.0025766808691765;0.0;35.46666666666667;2022-07-10T02:00:00Z
0.0532056957739756;0.0055394680116011;0.0028419995028317;0.0;34.300216666666664;2022-07-10T03:00:00Z
0.0559737817671632;0.0060804997202764;0.0029719691260297;0.0;29.750216666666663;2022-07-10T04:00:00Z
0.0577374557097185;0.0062160634503096;0.0030602472403374;0.0;29.617733333333334;2022-07-10T05:00:00Z
0.0583433889887809;0.0063643562637028;0.003092684961776;0.0;34.968149999999994;2022-07-10T06:00:00Z
0.057733780369086;0.0062637334202117;0.0030813020500566;25.118;15.484366666666666;2022-07-10T07:00:00Z
0.0559861249374014;0.0058961931624995;0.0029870435576817;0.1199999999999999;17.000883333333334;2022-07-10T08:00:00Z
0.0532258791281688;0.005528674663846;0.0027781347569523;0.1199999999999999;20.00083333333333;2022-07-10T09:00:00Z
0.049611509248196;0.0049266778185243;0.0025628897901742;0.0;70.0;2022-07-10T10:00:00Z
0.0453718156453139;0.0043884941680678;0.0023318732943782;0.0;70.00048333333334;2022-07-10T11:00:00Z
0.0408187643958904;0.0035678961766147;0.0020340016937314;0.0;152.66811666666666;2022-07-10T12:00:00Z
0.0363125688454368;0.0031220843416652;0.0017103358746992;0.0;80.00161666666665;2022-07-10T13:00:00Z
0.0320584154410082;0.0025374282369943;0.0014801583965636;0.0;620.00045;2022-07-10T14:00:00Z
0.0284571472505613;0.0018290664888357;0.0012657821459993;0.0;66.50135;2022-07-10T15:00:00Z
0.0256865954096919;0.0016480969520828;0.0010921229569732;0.0;60.002;2022-07-10T16:00:00Z
0.0239252187348334;0.0013315568728761;0.000980586111607;0.0;67.45141666666667;2022-07-10T17:00:00Z
0.023327951117674;0.001370279888008;0.0009559711836064;0.0;86.25105;2022-07-10T18:00:00Z
0.0239430116992483;0.0013277468643708;0.0009662602979153;0.0;90.60075;2022-07-10T19:00:00Z
0.0256867381159844;0.0015401478032944;0.001105301489423;0.0;92.40001666666666;2022-07-10T20:00:00Z
0.0284412040083555;0.001890848692106;0.0012415822673317;0.0;79.81776666666667;2022-07-10T21:00:00Z
0.0320974184302255;0.0024144523913591;0.001429205768495;0.0;146.81858333333332;2022-07-10T22:00:00Z
0.0362845853967812;0.0032397618407486;0.0017392670741253;0.0;154.68491666666665;2022-07-10T23:00:00Z
0.0408439403133493;0.0037521667750612;0.0020465756988612;0.0;23.217166666666667;2022-07-11T00:00:00Z
0.0453679061877511;0.0044101175686165;0.0022977983298203;0.0;27.416866666666667;2022-07-11T01:00:00Z
0.04957348794097;0.0050465022409606;0.0025602221432872;0.0;30.3335;2022-07-11T02:00:00Z
0.0531987758889289;0.0054492115322217;0.0028245482281808;0.0;25.78375;2022-07-11T03:00:00Z
0.0559824261755634;0.005693461750247;0.0029823766640858;0.0;30.800366666666665;2022-07-11T04:00:00Z
0.0577416333246159;0.0062902914617411;0.0031147866522494;0.0;28.116966666666663;2022-07-11T05:00:00Z
0.058327707639141;0.0062403068090718;0.003122187912154;0.0;27.53493333333333;2022-07-11T06:00:00Z
0.0577396954118515;0.0063654684658169;0.0030849813187845;20.119;42.43443333333333;2022-07-11T07:00:00Z
0.0559908419607232;0.0058639992932709;0.0030085465213477;5.118999999999999;60.001;2022-07-11T08:00:00Z
0.0532156669780394;0.0056609541596025;0.0027944500740882;0.1199999999999999;67.6669;2022-07-11T09:00:00Z
0.0495863271981344;0.0049701584191072;0.0026093875804867;0.0;70.0;2022-07-11T10:00:00Z
0.0453707620181331;0.0043886129273219;0.0023071846709575;0.0;70.0001;2022-07-11T11:00:00Z
0.0408116666440122;0.0038801024417192;0.0020229619286036;0.0;70.001;2022-07-11T12:00:00Z
0.0362952566235007;0.0030687669171935;0.0017303880935793;0.0;49.00135;2022-07-11T13:00:00Z
0.0320734466584811;0.0023867608917825;0.0015098977782403;0.0;366.00155;2022-07-11T14:00:00Z
0.0284534062180089;0.0018988078810495;0.0012818105130022;0.0;640.0009;2022-07-11T15:00:00Z
0.0256787398111356;0.0016530925845702;0.0010655322166313;0.0;183.33453333333327;2022-07-11T16:00:00Z
0.0239277035604141;0.0014026008075835;0.0009825289520892;0.0;73.68416666666667;2022-07-11T17:00:00Z
0.0233406181973419;0.0013084446743293;0.0008908140352488;0.0;76.73426666666667;2022-07-11T18:00:00Z
0.0239231335770235;0.0013655242291992;0.0009554236139907;0.0;89.367;2022-07-11T19:00:00Z
0.0256691573858589;0.0015332487334604;0.0010657555655298;0.0;78.83376666666666;2022-07-11T20:00:00Z
0.0284572830929017;0.0019175931498227;0.0012664805713592;0.0;62.333866666666665;2022-07-11T21:00:00Z
0.0320939150692607;0.0023104416311676;0.0014742773398847;0.0;29.018666666666668;2022-07-11T22:00:00Z
0.0363155523907842;0.0032171636529888;0.0017601457540323;0.0;22.55143333333333;2022-07-11T23:00:00Z
0.0408305981726953;0.0038712890424118;0.0019923747625538;0.0;21.35015;2022-07-12T00:00:00Z
0.0453669046253125;0.0042743106592967;0.0022991287468588;0.0;37.1002;2022-07-12T01:00:00Z
0.0495738368438316;0.0050812182390866;0.0025917253414337;0.0;37.80015;2022-07-12T02:00:00Z
0.0531896870028894;0.0054582301621125;0.0027919600198104;0.0;36.63336666666667;2022-07-12T03:00:00Z
0.0559997197720833;0.0059144011697602;0.0029863173002095;0.0;41.06668333333333;2022-07-12T04:00:00Z
0.0577365575363756;0.0060182184660684;0.0031026090865129;0.0;38.850133333333325;2022-07-12T05:00:00Z
0.0583405719646639;0.0060969705949525;0.0031348321063099;0.0;24.38438333333333;2022-07-12T06:00:00Z
0.0577270386187346;0.0061548947122183;0.0030759360913718;20.119;3.734483333333333;2022-07-12T07:00:00Z
0.0560017265741851;0.0058428750602591;0.0029662331426467;0.1199999999999999;5.667733333333334;2022-07-12T08:00:00Z
0.0532012604191543;0.0056037044187644;0.0028217629848025;5.119;45.000416666666666;2022-07-12T09:00:00Z
0.0495778712143143;0.0051109313685508;0.002607120113493;0.0;10.001;2022-07-12T10:00:00Z
0.045361323436299;0.0044217579755602;0.0022961786870385;0.0;41.000483333333335;2022-07-12T11:00:00Z
0.0408252406550531;0.0036361948580754;0.0020693568687541;0.0;70.00075;2022-07-12T12:00:00Z
0.0363098341579227;0.0032594975899541;0.0017156684468499;0.0;320.00075000000004;2022-07-12T13:00:00Z
0.0320835012098943;0.0024746651862755;0.0014911537346995;0.0;70.001;2022-07-12T14:00:00Z
0.0284533820750121;0.0020097148658103;0.00128737384805;0.0;70.001;2022-07-12T15:00:00Z
0.0257030903329579;0.0016985910999144;0.0010478165197427;0.0;70.001;2022-07-12T16:00:00Z
0.0239341491328641;0.0012462176443583;0.0009731793876054;0.0;826.30025;2022-07-12T17:00:00Z
0.0233230418913622;0.0012333171699393;0.0009334436429292;0.0;200.7838;2022-07-12T18:00:00Z
0.0239421344765755;0.0015585438164656;0.000953154605886;0.0;64.86715000000001;2022-07-12T19:00:00Z
0.0256735462197115;0.001610538195624;0.00111748181897;0.0;19.66843333333333;2022-07-12T20:00:00Z
0.0284640707328271;0.0020351612162929;0.0012576492569075;0.0;19.48555;2022-07-12T21:00:00Z
0.0320659216898386;0.0024281906119293;0.0014670235787281;0.0;31.20265;2022-07-12T22:00:00Z
0.036309759145175;0.0030910650058841;0.0017305206070873;0.0;20.5197;2022-07-12T23:00:00Z
0.0408293003044003;0.0035418694670379;0.0020221208252909;0.0;24.38348333333333;2022-07-13T00:00:00Z
0.0453660113310318;0.0044369498342769;0.0023125475060151;0.0;29.40023333333333;2022-07-13T01:00:00Z
0.0495852812199142;0.0048365577277499;0.0025649595903208;0.0;30.6834;2022-07-13T02:00:00Z
0.0531930596933289;0.0055994078677202;0.0027985861814771;0.0;39.55011666666666;2022-07-13T03:00:00Z
0.055995603312971;0.0058063739169452;0.0029998597547037;0.0;31.266866666666665;2022-07-13T04:00:00Z
0.0577340362257203;0.006228576794189;0.0031100681108054;0.0;34.8836;2022-07-13T05:00:00Z
0.0583274213083324;0.0062185746732635;0.0031055145747291;0.0;22.984766666666665;2022-07-13T06:00:00Z
0.0577526122865245;0.0061487935792075;0.0030783088743621;5.119;0.50095;2022-07-13T07:00:00Z
0.0559970818695538;0.005906090795346;0.002997068035669;20.119;50.00025;2022-07-13T08:00:00Z
0.0532061580347984;0.0057153382496993;0.0028121949831528;0.1199999999999999;70.0;2022-07-13T09:00:00Z
0.0496071310512232;0.0050302848568363;0.0025795194795187;0.0;62.16728333333334;2022-07-13T10:00:00Z
0.0453574114402596;0.0045354451925432;0.0023130013342729;0.0;60.00135;2022-07-13T11:00:00Z
0.0408412779874308;0.0037810388651686;0.0020059773563727;0.0;47.00221666666666;2022-07-13T12:00:00Z
0.0363107593142076;0.0031956086246741;0.0017309904336683;0.0;297.8346333333334;2022-07-13T13:00:00Z
0.0320892292271816;0.0024313806282088;0.0015005381582057;0.0;70.001;2022-07-13T14:00:00Z
0.0284639231413105;0.0018654033934146;0.0012868532981919;0.0;203.3342;2022-07-13T15:00:00Z
0.0256659671972622;0.0015359483051975;0.0010754330282327;0.0;503.3339;2022-07-13T16:00:00Z
0.023931025382475;0.001330027416569;0.0009641882607207;0.0;255.90088333333333;2022-07-13T17:00:00Z
0.023325910821196;0.0012394085583718;0.000923984473495;0.0;90.53338333333332;2022-07-13T18:00:00Z
0.0239248073792419;0.0014178695272211;0.0009528646773388;0.0;86.09999999999998;2022-07-13T19:00:00Z
0.0256798056952467;0.0015958713379407;0.0011266164311274;0.0;84.35011666666665;2022-07-13T20:00:00Z
0.0284555573451327;0.0020924556383238;0.0012549100837511;0.0;87.25063333333334;2022-07-13T21:00:00Z
0.0321053389630975;0.0025523970819341;0.0014929312346401;0.0;72.81869999999998;2022-07-13T22:00:00Z
0.0362963421326545;0.0032091429404179;0.0017623834923106;0.0;21.7848;2022-07-13T23:00:00Z
0.0408390721051804;0.003647594926929;0.0020351118187918;0.0;29.050233333333328;2022-07-14T00:00:00Z
0.0453684769394404;0.0044374649859331;0.002297811167932;0.0;42.46675;2022-07-14T01:00:00Z
0.0495798492169781;0.0049114879163667;0.0025790276974107;0.0;40.71693333333333;2022-07-14T02:00:00Z
0.0532289211163195;0.0054786382016713;0.0028058669638446;0.0;35.350133333333325;2022-07-14T03:00:00Z
0.0559929991286778;0.005803360785326;0.0029706240116142;0.0;27.53355;2022-07-14T04:00:00Z
0.0577448060439412;0.0062022011018809;0.0030889965816502;0.0;32.550066666666666;2022-07-14T05:00:00Z
0.058320681044826;0.0061637193111088;0.0031003274194218;0.0;29.051166666666667;2022-07-14T06:00:00Z
0.0577335478409332;0.0062041403990787;0.0030941571033911;0.1199999999999999;43.3847;2022-07-14T07:00:00Z
0.055974307959513;0.0057811080923423;0.0029698014090946;0.1199999999999999;60.001;2022-07-14T08:00:00Z
0.0532034194529716;0.0056436152353536;0.0027743754288666;25.118;24.16808333333333;2022-07-14T09:00:00Z
0.0495903110156923;0.0049962142000959;0.0025546759181154;0.0;27.000716666666666;2022-07-14T10:00:00Z
0.0453430575136878;0.0045242940903435;0.002321148947765;0.0;70.0;2022-07-14T11:00:00Z
0.0408496916633212;0.0036382861694647;0.0020183969945245;0.0;387.334;2022-07-14T12:00:00Z
0.0363074274190624;0.00321074655322;0.001757370402127;0.0;52.0013;2022-07-14T13:00:00Z
0.032092514148073;0.0025503814502098;0.001503076986462;0.0;136.6676;2022-07-14T14:00:00Z
0.0284728159285208;0.0020865094171047;0.0012562322372389;0.0;66.83465;2022-07-14T15:00:00Z
0.0256912845173432;0.0016712221536397;0.0010612378105799;0.0;60.002;2022-07-14T16:00:00Z
0.023922889175458;0.0014300565590336;0.0009510643864808;0.0;68.0012;2022-07-14T17:00:00Z
0.0233119404034045;0.0012914902939207;0.0009186701584653;0.0;80.73391666666667;2022-07-14T18:00:00Z
0.0239158863261264;0.0014559713269398;0.0009995444260966;0.0;88.55008333333333;2022-07-14T19:00:00Z
0.0256844227357994;0.0015308425940242;0.0010852804733199;0.0;60.00051666666666;2022-07-14T20:00:00Z
0.0284599233827215;0.0018398981275448;0.0012567117791017;0.0;29.834466666666664;2022-07-14T21:00:00Z
0.0320532267297868;0.0025029663835706;0.0014685064436022;0.0;406.06903333333327;2022-07-14T22:00:00Z
0.0363022018199745;0.0031886482372558;0.0017540087882384;0.0;166.26863333333333;2022-07-14T23:00:00Z
0.0408404628625498;0.0038010526722342;0.002043581966267;0.0;0.0;2022-07-15T00:00:00Z
0.0453778671361055;0.004613545100379;0.0023330605775359;0.0;0.0;2022-07-15T01:00:00Z
0.0495674724105174;0.0050189667296021;0.0025845844463806;0.0;0.0;2022-07-15T02:00:00Z
0.0531921459395186;0.005326769175829;0.0028118722680893;0.0;0.0;2022-07-15T03:00:00Z
0.0559906688112997;0.0059401440659716;0.0029682703675062;0.0;0.0;2022-07-15T04:00:00Z
0.0577340528484945;0.0060287238390306;0.0030765594956256;0.0;0.0;2022-07-15T05:00:00Z
0.0583338897338685;0.0061589100358899;0.003138297575817;0.0;0.0;2022-07-15T06:00:00Z
0.0577309964937546;0.0061808634634526;0.0030955801625151;0.1199999999999999;0.0;2022-07-15T07:00:00Z
0.0560012216747788;0.0059877131721174;0.0029891564344318;25.118;0.0;2022-07-15T08:00:00Z
0.0531927048354116;0.0056618715391547;0.0027940672248674;0.1199999999999999;0.0;2022-07-15T09:00:00Z
0.0495783073675464;0.0049863397987741;0.0025705402555749;0.0;0.0;2022-07-15T10:00:00Z
0.045351374883049;0.0045097331920372;0.0023479249077506;0.0;0.0;2022-07-15T11:00:00Z
0.0408463262656482;0.0037425491601443;0.0020612254784434;0.0;0.0;2022-07-15T12:00:00Z
0.0363039945664091;0.0030808117592153;0.0017416109585488;0.0;0.0;2022-07-15T13:00:00Z
0.0320926348322535;0.0025286602635674;0.0015061478373571;0.0;0.0;2022-07-15T14:00:00Z
0.02844754390265;0.0018835997313301;0.0012708187252619;0.0;0.0;2022-07-15T15:00:00Z
0.0256626742690416;0.0013478111025223;0.0011011393097093;0.0;0.0;2022-07-15T16:00:00Z
0.0239289796614953;0.0012224085973659;0.0009770156689213;0.0;0.0;2022-07-15T17:00:00Z
0.0233330884545833;0.0010972104843594;0.0009682292932845;0.0;0.0;2022-07-15T18:00:00Z
0.0239169563372032;0.0012053262508716;0.0009763840692789;0.0;0.0;2022-07-15T19:00:00Z
0.0256838035255997;0.0013842242897179;0.0011082245899563;0.0;0.0;2022-07-15T20:00:00Z
0.0284785926831099;0.00197665414681;0.0012583353076771;0.0;0.0;2022-07-15T21:00:00Z
0.0320837105118592;0.0026529607891494;0.0015099473138967;0.0;0.0;2022-07-15T22:00:00Z
0.0363091228561548;0.0031596818521683;0.0017491562770048;0.0;0.0;2022-07-15T23:00:00Z
0.0408270871788098;0.0038475502811607;0.0020027146947412;0.0;36.86705;2022-07-16T00:00:00Z
0.0453666255499421;0.0042383731178003;0.0023214612657876;0.0;43.167016666666655;2022-07-16T01:00:00Z
0.0495761052380162;0.005013236801135;0.0026255403485005;0.0;31.85035;2022-07-16T02:00:00Z
0.0532271383531526;0.0053685021588136;0.0027839953132987;0.0;31.50025;2022-07-16T03:00:00Z
0.0559855414196074;0.0059820742234832;0.0029452031017751;0.0;33.95015;2022-07-16T04:00:00Z
0.0577488499680004;0.0060594188336146;0.0030864555749813;0.0;31.5002;2022-07-16T05:00:00Z
0.0583252980459487;0.0061390838067439;0.0031069936114904;0.0;29.75075;2022-07-16T06:00:00Z
0.0577425899804055;0.0062845452591558;0.0030835272052795;5.118999999999999;19.95125;2022-07-16T07:00:00Z
0.0559831422895728;0.0059743448241312;0.0030175017392597;20.119;28.00126666666667;2022-07-16T08:00:00Z
0.0532128747120514;0.0056410845719775;0.002783606475263;0.1199999999999999;64.83385;2022-07-16T09:00:00Z
0.0495632125186996;0.0050087446665095;0.0026001484867058;0.0;59.000183333333325;2022-07-16T10:00:00Z
0.0453573417153058;0.0044653909427446;0.0023415438623523;0.0;47.00038333333334;2022-07-16T11:00:00Z
0.0408415618938679;0.003752183034913;0.0020217865441174;0.0;49.00128333333335;2022-07-16T12:00:00Z
0.0363107500926622;0.0032539989807171;0.0017431093461192;0.0;65.00108333333334;2022-07-16T13:00:00Z
0.0320757958273635;0.0025230988490542;0.0014787425482103;0.0;37.00155;2022-07-16T14:00:00Z
0.0284636478715893;0.0020945360460768;0.0012387006457387;0.0;509.0007333333333;2022-07-16T15:00:00Z
0.0256792155280003;0.0015168133434888;0.0010928286246056;0.0;417.1676;2022-07-16T16:00:00Z
0.0239208448091311;0.0013530468589;0.0009547214980102;0.0;66.46823333333333;2022-07-16T17:00:00Z
0.0233405496893103;0.0010636531775412;0.0009191729851198;0.0;86.45028333333333;2022-07-16T18:00:00Z
0.0239398453348678;0.0013661781736007;0.0009879957647925;0.0;84.58368333333334;2022-07-16T19:00:00Z
0.0256736162325657;0.0016644044837695;0.0011015141835725;0.0;89.6002;2022-07-16T20:00:00Z
0.0284560501835491;0.0020262308046419;0.0012821144702929;0.0;70.05041666666665;2022-07-16T21:00:00Z
0.0320709936184982;0.0025205002266747;0.0015088283728214;0.0;59.63493333333333;2022-07-16T22:00:00Z
0.0363098384724199;0.0032497426269889;0.0017230100821759;0.0;49.867916666666666;2022-07-16T23:00:00Z
0.0408341260065534;0.0036250163131733;0.002039769551105;0.0;23.800166666666662;2022-07-17T00:00:00Z
0.0453729140153389;0.0044473082437477;0.0023337160209031;0.0;31.500133333333327;2022-07-17T01:00:00Z
0.0495943460940993;0.0049087290532712;0.0025941421476956;0.0;31.73333333333333;2022-07-17T02:00:00Z
0.0532295012880868;0.0056655112369165;0.0027956607012812;0.0;33.366683333333334;2022-07-17T03:00:00Z
0.0559712490353117;0.0058884216997195;0.0029650464264758;0.0;32.200066666666665;2022-07-17T04:00:00Z
0.0577378088672267;0.0062053946424471;0.003104417815143;0.0;37.100583333333326;2022-07-17T05:00:00Z
0.0583229758559694;0.0062419572812184;0.0031482462468662;0.0;24.15135;2022-07-17T06:00:00Z
0.0577538326514755;0.0062034885961642;0.0030669005858773;25.117999999999995;4.667666666666667;2022-07-17T07:00:00Z
0.0559873777985072;0.0060579354130103;0.0029472403612738;0.1199999999999999;39.33445;2022-07-17T08:00:00Z
0.0532146647707113;0.0054128703397621;0.0028141743991499;0.1199999999999999;67.0003;2022-07-17T09:00:00Z
0.0495866826083026;0.0049868080819058;0.0025698566521927;0.0;70.0;2022-07-17T10:00:00Z
0.0453561955435848;0.0043151426479497;0.0023164749555712;0.0;70.0;2022-07-17T11:00:00Z
0.0408392703616986;0.0035391687536321;0.0020141215899102;0.0;70.00053333333334;2022-07-17T12:00:00Z
0.0363096499105846;0.0031517382425581;0.0017726944759211;0.0;162.0017;2022-07-17T13:00:00Z
0.0320743248920584;0.0024153794930901;0.0015098676780277;0.0;152.501;2022-07-17T14:00:00Z
0.0284560758865059;0.0020189743191557;0.0012246580551026;0.0;533.0014666666666;2022-07-17T15:00:00Z
0.0256899415431608;0.0015929222175674;0.0011032836422022;0.0;21.00265;2022-07-17T16:00:00Z
0.0239330554370626;0.0013149328324201;0.0009902812366824;0.0;69.71733333333333;2022-07-17T17:00:00Z
0.023332397388498;0.0012270454507238;0.0009267530800427;0.0;88.9334;2022-07-17T18:00:00Z
0.0239316036202387;0.0014088307309482;0.001001193982307;0.0;19.351766666666663;2022-07-17T19:00:00Z
0.0256702030770245;0.0014506228857873;0.0010847952506663;0.0;24.618116666666666;2022-07-17T20:00:00Z
0.0284706260154497;0.0019506189355587;0.0012381847500378;0.0;30.267716666666665;2022-07-17T21:00:00Z
0.0320921410584154;0.0024966238025148;0.0014526670320272;0.0;190.86876666666663;2022-07-17T22:00:00Z
0.0363162581068372;0.0032018556712584;0.0017216003881873;0.0;16.935166666666667;2022-07-17T23:00:00Z
0.0408077190754789;0.0037542077536906;0.002023153267895;0.0;20.650483333333334;2022-07-18T00:00:00Z
0.0453683669480639;0.0043392974859299;0.0023098685741623;0.0;29.750016666666667;2022-07-18T01:00:00Z
0.0495824657777312;0.005170339989317;0.0026063921856219;0.0;29.2835;2022-07-18T02:00:00Z
0.0532044526360521;0.0054986613895338;0.0028108415023291;0.0;33.83373333333333;2022-07-18T03:00:00Z
0.0559983246647992;0.0060218255027884;0.0029661644626971;0.0;36.86675;2022-07-18T04:00:00Z
0.0577272017638363;0.0060539993214972;0.0030990880218944;0.0;51.20091666666667;2022-07-18T05:00:00Z
0.0583203486792715;0.0059991425650581;0.0031203720763042;0.0;35.56824999999999;2022-07-18T06:00:00Z
0.0577348210464467;0.0062082388102242;0.0031034521068406;0.1199999999999999;0.3345833333333333;2022-07-18T07:00:00Z
0.0560010080781336;0.0060333185914205;0.0029851366849225;0.1199999999999999;41.8339;2022-07-18T08:00:00Z
0.0532149311428353;0.0054046856811201;0.002755663369141;25.118;68.0002;2022-07-18T09:00:00Z
0.0495833184086018;0.0049818715605333;0.0025967903321773;0.0;70.0;2022-07-18T10:00:00Z
0.0453538564786798;0.0043946077240191;0.0023253671602618;0.0;70.0;2022-07-18T11:00:00Z
0.040805717375108;0.0038386517804837;0.0020491649493071;0.0;153.16751666666667;2022-07-18T12:00:00Z
0.0363112475152076;0.0032209392086568;0.0017228795794075;0.0;433.6676;2022-07-18T13:00:00Z
0.0320901793663663;0.0025398982515441;0.0014986087244994;0.0;584.3340499999999;2022-07-18T14:00:00Z
0.0284476869050158;0.0018251285396062;0.0012477515743984;0.0;70.001;2022-07-18T15:00:00Z
0.0256608276096938;0.0016749760663925;0.0011124513504378;0.0;70.001;2022-07-18T16:00:00Z
0.023926138064467;0.0013060243202801;0.0010064681757541;0.0;102.33421666666666;2022-07-18T17:00:00Z
0.0233449646588805;0.0012921625799221;0.0009556301747686;0.0;52.45076666666667;2022-07-18T18:00:00Z
0.0239458347804218;0.001211855131303;0.0009391617082587;0.0;60.2672;2022-07-18T19:00:00Z
0.0256631030763367;0.0015119926116196;0.0011036254111275;0.0;24.467666666666663;2022-07-18T20:00:00Z
0.0284596028167064;0.0020606220201108;0.0012775461567908;0.0;19.3348;2022-07-18T21:00:00Z
0.0320856065725814;0.0024890131689832;0.0014817580308847;0.0;19.83481666666667;2022-07-18T22:00:00Z
0.0362961522506891;0.0029660318151623;0.0017276374951889;0.0;12.251399999999999;2022-07-18T23:00:00Z
0.0408292519177299;0.0037331874412425;0.0020353256047056;0.0;35.3502;2022-07-19T00:00:00Z
0.0453712845191282;0.004281944612579;0.0023091575875903;0.0;40.48345;2022-07-19T01:00:00Z
0.0495962427862467;0.0050309753269205;0.0025795160959361;0.0;42.816666666666656;2022-07-19T02:00:00Z
0.053222547218314;0.0055586919304648;0.0027960602207998;0.0;41.30001666666666;2022-07-19T03:00:00Z
0.0559791668490877;0.0059847591015293;0.0030074246160161;0.0;35.0;2022-07-19T04:00:00Z
0.0577433453480132;0.0060666257935184;0.0030619095293132;0.0;35.0;2022-07-19T05:00:00Z
0.0583366358460008;0.0063369295757808;0.0031214722265203;0.0;32.316716666666665;2022-07-19T06:00:00Z
0.0577339759205392;0.0061638851436369;0.003100067935426;25.118;5.71745;2022-07-19T07:00:00Z
0.0559988819869138;0.0060601190516538;0.0029661685573388;0.1199999999999999;15.6678;2022-07-19T08:00:00Z
0.0531895154554676;0.0055260312346374;0.0028105672895316;0.1199999999999999;67.50025;2022-07-19T09:00:00Z
0.0495909959046065;0.0049398396772593;0.0025794143224547;0.0;66.3337;2022-07-19T10:00:00Z
0.0453564942046208;0.0044876103680684;0.0023429132035126;0.0;46.83406666666666;2022-07-19T11:00:00Z
0.0408332312749494;0.0037390838737281;0.0020623135461556;0.0;54.001;2022-07-19T12:00:00Z
0.036296023090202;0.0031844464588102;0.0017407173086855;0.0;21.168633333333332;2022-07-19T13:00:00Z
0.032080611166056;0.0024308644725323;0.0014859725003725;0.0;257.00101666666666;2022-07-19T14:00:00Z
0.0284477914642221;0.0021238665213153;0.0012621483873879;0.0;702.1671499999999;2022-07-19T15:00:00Z
0.0256877877540762;0.0014834183553274;0.0010825060807209;0.0;85.8344;2022-07-19T16:00:00Z
0.0239232410062443;0.0013652932102462;0.0009753003322401;0.0;70.001;2022-07-19T17:00:00Z
0.0233278634816061;0.0012456255602709;0.0008814222224939;0.0;66.05083333333333;2022-07-19T18:00:00Z
0.0239261446633093;0.0012186710592729;0.0009810433138838;0.0;84.80011666666665;2022-07-19T19:00:00Z
0.0256803371830128;0.0014540196688817;0.0010882752249501;0.0;91.5834833333333;2022-07-19T20:00:00Z
0.0284602267970632;0.0020968149486866;0.0012701141333298;0.0;94.83365;2022-07-19T21:00:00Z
0.032061379098185;0.0024165515002867;0.0015009680460921;0.0;68.86816666666667;2022-07-19T22:00:00Z
0.0363060594282098;0.0031198199977672;0.0017316232166875;0.0;294.9012333333334;2022-07-19T23:00:00Z
0.0408260230217979;0.0038804043835098;0.0020552460004563;0.0;21.700116666666663;2022-07-20T00:00:00Z
0.0453485313631608;0.0043637687362511;0.0022981675953671;0.0;27.30015;2022-07-20T01:00:00Z
0.049567152778824;0.0049171923547646;0.0025962287756514;0.0;26.8335;2022-07-20T02:00:00Z
0.0532080595591718;0.0053851881516553;0.0028048933814546;0.0;33.0168;2022-07-20T03:00:00Z
0.0559917688510529;0.0059187580970993;0.002975430086391;0.0;38.03341666666667;2022-07-20T04:00:00Z
0.0577439752448006;0.0059590543113917;0.0031045288512741;0.0;34.30018333333334;2022-07-20T05:00:00Z
0.0583398633563203;0.0062891423602168;0.0031333617002179;0.0;39.15093333333333;2022-07-20T06:00:00Z
0.0577561803545001;0.0062175541519036;0.0030785109876439;0.1199999999999999;13.717466666666667;2022-07-20T07:00:00Z
0.0559893715556972;0.0058342640851578;0.002979008962949;5.118999999999999;29.667533333333328;2022-07-20T08:00:00Z
0.0532161347717591;0.0053337128692728;0.0028023839149039;20.119;12.168283333333331;2022-07-20T09:00:00Z
0.0495965765605904;0.0050231907624299;0.0025941094458672;0.0;48.50115;2022-07-20T10:00:00Z
0.0453652117552211;0.0044028831205046;0.0023244582827704;0.0;31.001233333333328;2022-07-20T11:00:00Z
0.040844439307925;0.0038006644837118;0.0020519288916459;0.0;24.00258333333333;2022-07-20T12:00:00Z
0.0363182040186207;0.0029695766593004;0.0017644606900653;0.0;673.3342833333332;2022-07-20T13:00:00Z
0.0320973837849026;0.0024540936542795;0.0014830485401077;0.0;152.33426666666668;2022-07-20T14:00:00Z
0.0284634214353133;0.0018841617159946;0.0012569407668065;0.0;35.001583333333336;2022-07-20T15:00:00Z
0.0256570694780665;0.0016005605176734;0.0010764198199332;0.0;67.00105;2022-07-20T16:00:00Z
0.0239516622219838;0.0012717601605904;0.0010087210837828;0.0;46.00098333333333;2022-07-20T17:00:00Z
0.0233483785497149;0.0013937713263598;0.0009290163258592;0.0;82.83334999999998;2022-07-20T18:00:00Z
0.0239243417270391;0.0013283904010462;0.0009823385535707;0.0;84.51668333333333;2022-07-20T19:00:00Z
0.0256843292178829;0.001528344762622;0.0011032882135259;0.0;54.767183333333335;2022-07-20T20:00:00Z
0.0284588414242369;0.0019626030385187;0.0012964227633092;0.0;131.48386666666667;2022-07-20T21:00:00Z
0.0320838987777773;0.002497491960337;0.0014811962165758;0.0;316.7842833333333;2022-07-20T22:00:00Z
0.0362935303661028;0.0032309348834843;0.001729145808749;0.0;63.38555;2022-07-20T23:00:00Z
0.040828117460133;0.0039045607560558;0.0019869155546604;0.0;19.95048333333333;2022-07-21T00:00:00Z
0.0453609667453296;0.0044356593963513;0.0023129090362255;0.0;39.55025;2022-07-21T01:00:00Z
0.0495600830004028;0.0050408601918296;0.0025617387074294;0.0;36.86686666666667;2022-07-21T02:00:00Z
0.0532065584053308;0.0055181319869599;0.002793259995935;0.0;39.43348333333333;2022-07-21T03:00:00Z
0.0559898095631289;0.0059293114021018;0.0030013822668297;0.0;39.9003;2022-07-21T04:00:00Z
0.057742635549073;0.0062455009776669;0.0030885698940454;0.0;40.13356666666665;2022-07-21T05:00:00Z
0.0583388789481041;0.0064016339145586;0.0031302894718329;0.0;21.117616666666663;2022-07-21T06:00:00Z
0.0577302034936885;0.0061543022891356;0.0030510491192866;20.119;2.7335666666666665;2022-07-21T07:00:00Z
0.0559930094339326;0.005768970250963;0.0029944211553668;5.119;7.500683333333333;2022-07-21T08:00:00Z
0.0532076425046639;0.0054537061663425;0.0027832974413527;0.1199999999999999;16.334450000000004;2022-07-21T09:00:00Z
0.0495793820675754;0.0048574677693375;0.0025881460559012;0.0;18.1681;2022-07-21T10:00:00Z
0.0453633291854916;0.0043603398428219;0.0023098103316899;0.0;67.16695;2022-07-21T11:00:00Z
0.0408394146062139;0.0036376936515105;0.002041288490742;0.0;36.50155;2022-07-21T12:00:00Z
0.0363057768128434;0.0029861745194075;0.0017433286283589;0.0;36.83498333333333;2022-07-21T13:00:00Z
0.0320748992602891;0.0025266052433775;0.0015000654699621;0.0;117.1679;2022-07-21T14:00:00Z
0.0284511407445365;0.0018719291403032;0.00125021840087;0.0;686.3342333333333;2022-07-21T15:00:00Z
0.0256702219384405;0.0015847474832983;0.0010441897950416;0.0;68.0012;2022-07-21T16:00:00Z
0.0239352763027662;0.0013474641996785;0.0009848452180697;0.0;68.21768333333333;2022-07-21T17:00:00Z
0.0233362565400656;0.0012175148396722;0.0008769426212095;0.0;57.000816666666665;2022-07-21T18:00:00Z
0.0239214297617378;0.0012158747720809;0.0009379565484622;0.0;90.5334;2022-07-21T19:00:00Z
0.0256754655811821;0.0013311031362528;0.0010589510458592;0.0;89.50015;2022-07-21T20:00:00Z
0.0284675801604987;0.0019704901526923;0.0012408970306775;0.0;90.83346666666665;2022-07-21T21:00:00Z
0.0320777231663827;0.0024854683744518;0.0014735180533488;0.0;85.00118333333333;2022-07-21T22:00:00Z
0.0363015750173605;0.0031272101379309;0.0017799597562022;0.0;421.1344666666666;2022-07-21T23:00:00Z
0.0408458990567332;0.003692420360411;0.0020684756140467;0.0;0.0;2022-07-22T00:00:00Z
0.0453604764436005;0.0045600879638327;0.0023392160239077;0.0;0.0;2022-07-22T01:00:00Z
0.0495725695249864;0.0049455617200032;0.0025731361511473;0.0;0.0;2022-07-22T02:00:00Z
0.0532259781236498;0.0055862970724733;0.002823563680963;0.0;0.0;2022-07-22T03:00:00Z
0.055997312464942;0.0060328039104332;0.0029885612962185;0.0;0.0;2022-07-22T04:00:00Z
0.0577173896205165;0.0061613260273505;0.0031127032315829;0.0;0.0;2022-07-22T05:00:00Z
0.0583442727052725;0.0061512945576079;0.0031098477288597;0.0;0.0;2022-07-22T06:00:00Z
0.0577550897895202;0.0060126968575285;0.0030863871908104;0.1199999999999999;0.0;2022-07-22T07:00:00Z
0.0559880433911704;0.0059792403693756;0.0030008830772723;25.118;0.0;2022-07-22T08:00:00Z
0.053217074465133;0.0056520032219892;0.0028198061613711;0.1199999999999999;0.0;2022-07-22T09:00:00Z
0.0495775144225694;0.0049703580755035;0.0026042028605844;0.0;0.0;2022-07-22T10:00:00Z
0.0453580657622117;0.004477009403536;0.0022983153545741;0.0;0.0;2022-07-22T11:00:00Z
0.0408274951827194;0.0038826713803723;0.0020218517397987;0.0;0.0;2022-07-22T12:00:00Z
0.0363089935556403;0.0032589735111965;0.0017603291965687;0.0;0.0;2022-07-22T13:00:00Z
0.0320816600197813;0.002594554855297;0.0015035277603768;0.0;0.0;2022-07-22T14:00:00Z
0.0284675715887935;0.0018910145516325;0.0012626117586427;0.0;0.0;2022-07-22T15:00:00Z
0.0256621107859543;0.0015889321731771;0.0010807969562603;0.0;0.0;2022-07-22T16:00:00Z
0.0239348477082797;0.0013685852222745;0.000969117373009;0.0;0.0;2022-07-22T17:00:00Z
0.0233332693117048;0.0010751705842452;0.000924699249466;0.0;0.0;2022-07-22T18:00:00Z
0.023938243181636;0.0012257832759474;0.0009910136175651;0.0;0.0;2022-07-22T19:00:00Z
0.0256985517641242;0.0016050415719619;0.001085230263995;0.0;0.0;2022-07-22T20:00:00Z
0.0284580182718732;0.0019460209061465;0.001260206308134;0.0;0.0;2022-07-22T21:00:00Z
0.0320820291661357;0.0024201656815297;0.0014571785527521;0.0;0.0;2022-07-22T22:00:00Z
0.0363041157852597;0.0030332797512602;0.001766776879651;0.0;0.0;2022-07-22T23:00:00Z
0.0408211648295186;0.0038181575812785;0.0020595430842923;0.0;18.550333333333327;2022-07-23T00:00:00Z
0.045357433855719;0.0044640102213126;0.0023460170563296;0.0;27.0672;2022-07-23T01:00:00Z
0.0495978471113889;0.0050246982171346;0.0025800344567701;0.0;30.333683333333333;2022-07-23T02:00:00Z
0.0532238539905968;0.0054545220199982;0.0028141185914553;0.0;29.86673333333333;2022-07-23T03:00:00Z
0.0559890426419553;0.005965768263796;0.0029688227772221;0.0;31.38343333333333;2022-07-23T04:00:00Z
0.0577457621264964;0.0062450459371976;0.0030416913542539;0.0;39.13413333333334;2022-07-23T05:00:00Z
0.0583428976783439;0.0061270755873251;0.0031655732882834;0.0;85.03386666666665;2022-07-23T06:00:00Z
0.0577425717025981;0.0061614270639483;0.0030821363310573;0.1199999999999999;51.800716666666666;2022-07-23T07:00:00Z
0.0559933165774662;0.0058476177392583;0.002993405258627;5.119;33.83445;2022-07-23T08:00:00Z
0.053206930272296;0.0054282477432957;0.0027653309443964;20.119;41.000483333333335;2022-07-23T09:00:00Z
0.0495965434204524;0.0048838888995728;0.0025952594021411;0.0;58.00045;2022-07-23T10:00:00Z
0.0453784977946309;0.0044077383989755;0.0023627300947202;0.0;60.83425;2022-07-23T11:00:00Z
0.040842194154426;0.0039759295874387;0.0020308150235676;0.0;295.16805;2022-07-23T12:00:00Z
0.0362952497783755;0.0032853675996083;0.0017655160407861;0.0;526.3343;2022-07-23T13:00:00Z
0.0320823208133993;0.0025096201726911;0.0014927168749972;0.0;30.00166666666667;2022-07-23T14:00:00Z
0.0284450892655109;0.0018660060914536;0.0012585496050944;0.0;160.00106666666667;2022-07-23T15:00:00Z
0.0256833412876514;0.0015642891208823;0.001105615869033;0.0;207.3347;2022-07-23T16:00:00Z
0.023939054491706;0.0011373088014378;0.0009773548968979;0.0;86.78386666666665;2022-07-23T17:00:00Z
0.0233299947284309;0.0011438515634762;0.0009681758577354;0.0;81.20028333333333;2022-07-23T18:00:00Z
0.0239125844496322;0.0013157517557291;0.0009466520012214;0.0;98.0;2022-07-23T19:00:00Z
0.0256737159759318;0.0017076880009978;0.0010524568777724;0.0;33.16785;2022-07-23T20:00:00Z
0.0284605267674878;0.0020494894312755;0.0012693230760467;0.0;77.56775;2022-07-23T21:00:00Z
0.0320640168941264;0.0026966691278889;0.0014987823513786;0.0;51.93585;2022-07-23T22:00:00Z
0.0363140912774779;0.0030524102211607;0.0017455581660605;0.0;17.50135;2022-07-23T23:00:00Z
0.0408329477654221;0.0034964901244315;0.0020174814246483;0.0;31.03413333333333;2022-07-24T00:00:00Z
0.0453636417572649;0.0043314695710026;0.0023603284466302;0.0;41.1835;2022-07-24T01:00:00Z
0.0495965422284046;0.0048564131705623;0.0026106330721258;0.0;29.866766666666663;2022-07-24T02:00:00Z
0.053241767234277;0.0053990792970279;0.002800360983545;0.0;30.800033333333328;2022-07-24T03:00:00Z
0.0559850163291297;0.0057654164226683;0.0029930360885051;0.0;27.06705;2022-07-24T04:00:00Z
0.0577455836031233;0.0062078265385766;0.0030639785296676;0.0;26.6002;2022-07-24T05:00:00Z
0.0583446020419015;0.0061642890381392;0.0030858578741583;0.0;23.450333333333333;2022-07-24T06:00:00Z
0.0577273480403763;0.0062093206730716;0.0030913057976089;0.1199999999999999;31.96695;2022-07-24T07:00:00Z
0.0559953408816647;0.0058720931705771;0.0029856201293039;5.119;62.334016666666656;2022-07-24T08:00:00Z
0.053208063916726;0.0054845078761209;0.0028300463325991;20.119;63.66721666666666;2022-07-24T09:00:00Z
0.0495875664899568;0.0049775669255725;0.0025904671768904;0.0;56.16705;2022-07-24T10:00:00Z
0.0453733405498216;0.0044538199469034;0.0023279532199872;0.0;370.00023333333326;2022-07-24T11:00:00Z
0.040825581333231;0.0038169680454406;0.0020015692906305;0.0;70.001;2022-07-24T12:00:00Z
0.0362771449235709;0.0031888962881837;0.0017495085708811;0.0;186.66755;2022-07-24T13:00:00Z
0.0320829991801072;0.0025097493167321;0.0015099788391842;0.0;468.0006333333334;2022-07-24T14:00:00Z
0.0284649612647784;0.0018747644640624;0.0012582116491439;0.0;68.00103333333334;2022-07-24T15:00:00Z
0.0256851424258311;0.0014757277467737;0.0010632861528688;0.0;220.00085;2022-07-24T16:00:00Z
0.0239278482136943;0.0013592437944278;0.001015830912501;0.0;69.10058333333333;2022-07-24T17:00:00Z
0.0233151180778315;0.0013359743652465;0.0009500581767099;0.0;79.76736666666666;2022-07-24T18:00:00Z
0.0239249558670905;0.0015019138541845;0.0009786631561189;0.0;69.66803333333334;2022-07-24T19:00:00Z
0.0256683182282121;0.0016845665873591;0.0010709891333316;0.0;81.63396666666665;2022-07-24T20:00:00Z
0.0284569646561658;0.0019621679398682;0.0012458789521826;0.0;88.43368333333333;2022-07-24T21:00:00Z
0.0321054938211946;0.0024265745693783;0.0014785254784251;0.0;82.36804999999998;2022-07-24T22:00:00Z
0.0363138351230956;0.0030909343222761;0.0017283608192744;0.0;42.38473333333334;2022-07-24T23:00:00Z
0.0408430039111019;0.003794701093951;0.0020262737658099;0.0;16.450666666666667;2022-07-25T00:00:00Z
0.0453583035597226;0.0043643210257175;0.0022972863853271;0.0;34.067033333333335;2022-07-25T01:00:00Z
0.0495812962792414;0.0049582844833138;0.002587018663436;0.0;32.4337;2022-07-25T02:00:00Z
0.0531928892414547;0.0056478020026241;0.0028395199526723;0.0;32.55035;2022-07-25T03:00:00Z
0.0559976696056132;0.0059228433617929;0.0029710379876274;0.0;32.90046666666667;2022-07-25T04:00:00Z
0.057740014963053;0.0060292874414823;0.0030921242179804;0.0;35.23338333333333;2022-07-25T05:00:00Z
0.058333738418622;0.0062981257561702;0.0031081787880585;0.0;28.58375;2022-07-25T06:00:00Z
0.0577435889507067;0.0060598665609464;0.0030750754249155;20.119;8.750816666666667;2022-07-25T07:00:00Z
0.0559854412035957;0.0059419285022702;0.0029743571215684;0.1199999999999999;34.50076666666667;2022-07-25T08:00:00Z
0.0532019452487037;0.0054761402036899;0.0027828107370159;5.119;63.334;2022-07-25T09:00:00Z
0.0495828065132221;0.0050681701807558;0.0026111816511747;0.0;63.16735;2022-07-25T10:00:00Z
0.0453391120403437;0.0043360179655856;0.0022754555005043;0.0;66.16708333333334;2022-07-25T11:00:00Z
0.0408387085846147;0.0037078229282042;0.0019996884176713;0.0;70.001;2022-07-25T12:00:00Z
0.0363084937464198;0.0030166867181888;0.0017355662984663;0.0;70.001;2022-07-25T13:00:00Z
0.0320787298829732;0.0023947182059991;0.0015042031907056;0.0;70.001;2022-07-25T14:00:00Z
0.0284510782643512;0.0020256303554887;0.0012369937802494;0.0;420.00065;2022-07-25T15:00:00Z
0.0256768816670651;0.0016602983358388;0.0010659308960043;0.0;436.6673;2022-07-25T16:00:00Z
0.0239463732663983;0.0011167428039568;0.0010094766243965;0.0;56.66765;2022-07-25T17:00:00Z
0.0233419163371792;0.0011851650760952;0.0009457816213538;0.0;21.218399999999995;2022-07-25T18:00:00Z
0.023912715737563;0.001406795076085;0.0009726472160691;0.0;30.0678;2022-07-25T19:00:00Z
0.0256782537558686;0.0016598746531007;0.0010947378956922;0.0;39.15196666666667;2022-07-25T20:00:00Z
0.0284652504758597;0.0021277038630672;0.0012771074278608;0.0;34.43493333333333;2022-07-25T21:00:00Z
0.0320760845576535;0.0023776173653006;0.0014688786586468;0.0;51.251983333333335;2022-07-25T22:00:00Z
0.0362912499272847;0.0027903699796185;0.0017467989439512;0.0;321.98575;2022-07-25T23:00:00Z
0.0408426202685581;0.0035769386237694;0.0020142162627142;0.0;16.683566666666668;2022-07-26T00:00:00Z
0.0453552327509555;0.0043976807079661;0.0023249767193894;0.0;32.3168;2022-07-26T01:00:00Z
0.0495858116392743;0.0050714656628355;0.0026014842453304;0.0;29.63335;2022-07-26T02:00:00Z
0.0532182154500022;0.0056428838019755;0.002810341668896;0.0;33.250166666666665;2022-07-26T03:00:00Z
0.0559928397899466;0.006067086876201;0.002983380394355;0.0;30.33353333333333;2022-07-26T04:00:00Z
0.057737078090466;0.0062621106524362;0.0030734627362902;0.0;27.650116666666666;2022-07-26T05:00:00Z
0.0583296345653633;0.0065447200686859;0.0031165402289547;0.0;29.750516666666663;2022-07-26T06:00:00Z
0.0577576405424282;0.0061875754810613;0.0030693015882674;5.119;5.317733333333333;2022-07-26T07:00:00Z
0.0560027857759526;0.0060260023298548;0.0029903326335468;20.119;37.00138333333334;2022-07-26T08:00:00Z
0.0532092041431704;0.0054124973173277;0.0027925055077446;0.1199999999999999;62.33351666666666;2022-07-26T09:00:00Z
0.0496052779854488;0.0049898458187479;0.0025648119453938;0.0;70.0;2022-07-26T10:00:00Z
0.0453626409093525;0.0043875566207891;0.0023297836267526;0.0;186.66681666666665;2022-07-26T11:00:00Z
0.0408370343120473;0.003654214018846;0.0020243662581222;0.0;123.66781666666667;2022-07-26T12:00:00Z
0.036308543159167;0.0031041575116088;0.0017356284481466;0.0;206.00108333333327;2022-07-26T13:00:00Z
0.0320901695854421;0.0025955870668275;0.0014911457791858;0.0;58.0012;2022-07-26T14:00:00Z
0.0284753149650052;0.0019762767869769;0.0012614961038533;0.0;70.001;2022-07-26T15:00:00Z
0.0256827256117136;0.0016703298535148;0.0010769313230163;0.0;336.6674;2022-07-26T16:00:00Z
0.0239305114762488;0.0013462883891153;0.0009957928118958;0.0;63.267833333333336;2022-07-26T17:00:00Z
0.0233415518723022;0.0013842727213165;0.0009596027478264;0.0;277.10110000000003;2022-07-26T18:00:00Z
0.0239134938616415;0.0015528219982664;0.0009467502692363;0.0;74.001;2022-07-26T19:00:00Z
0.0256740931882095;0.0015824764545847;0.001084493199227;0.0;74.16706666666667;2022-07-26T20:00:00Z
0.0284754031097417;0.0019417063957582;0.0012472448778276;0.0;79.66693333333333;2022-07-26T21:00:00Z
0.0320959189826369;0.0023009073212018;0.001483585622072;0.0;46.00241666666666;2022-07-26T22:00:00Z
0.0363191954464899;0.0030216632971676;0.0017269598864031;0.0;11.735399999999998;2022-07-26T23:00:00Z
0.0408369046071438;0.0038443674459581;0.0020407757224818;0.0;25.4334;2022-07-27T00:00:00Z
0.0453579698753394;0.0045692435426838;0.002350129439563;0.0;37.80011666666665;2022-07-27T01:00:00Z
0.049564733126839;0.0049471671188161;0.0025822192356852;0.0;49.0;2022-07-27T02:00:00Z
0.0532006115030689;0.0055054783025651;0.0028044543090699;0.0;37.9168;2022-07-27T03:00:00Z
0.0559969327055993;0.0060134459021736;0.0029833398025863;0.0;35.816733333333325;2022-07-27T04:00:00Z
0.057748388260004;0.0061589949338283;0.0030911268062266;0.0;35.1168;2022-07-27T05:00:00Z
0.0583380131524225;0.0061631161884939;0.0031150339891307;0.0;20.534033333333333;2022-07-27T06:00:00Z
0.0577394718101081;0.0062038091319619;0.0030749311544983;20.119;19.501066666666663;2022-07-27T07:00:00Z
0.0559856236745532;0.0058253774241992;0.0029525710959739;5.119;46.50085;2022-07-27T08:00:00Z
0.0531955360460624;0.0055797639733889;0.0027989629813595;0.1199999999999999;70.0;2022-07-27T09:00:00Z
0.0495829758269967;0.0048859260366244;0.0025396191947794;0.0;53.500483333333335;2022-07-27T10:00:00Z
0.0453506378395862;0.0043841076270256;0.0023314859321591;0.0;59.83398333333333;2022-07-27T11:00:00Z
0.0408268720517988;0.0036450632606717;0.0020147508813994;0.0;70.001;2022-07-27T12:00:00Z
0.0363147004398951;0.0031700270749157;0.0017652335644765;0.0;66.83465;2022-07-27T13:00:00Z
0.0320691918982031;0.002445704183646;0.0014840968713083;0.0;64.83485;2022-07-27T14:00:00Z
0.0284494192265221;0.0017952405138204;0.0012525272689563;0.0;248.33465;2022-07-27T15:00:00Z
0.0256746059491475;0.001698344678905;0.0010745153125879;0.0;702.0004999999999;2022-07-27T16:00:00Z
0.0239227400945128;0.0014335343198966;0.0009378979084269;0.0;74.61803333333333;2022-07-27T17:00:00Z
0.023323847343207;0.0013374940530866;0.0009260824252873;0.0;64.18461666666667;2022-07-27T18:00:00Z
0.0239459686730065;0.0013807776930118;0.0009857965666357;0.0;19.83535;2022-07-27T19:00:00Z
0.0256681605632093;0.0016973055874109;0.0010785364756838;0.0;80.66745;2022-07-27T20:00:00Z
0.0284362387953794;0.0018113208049926;0.0012346194555813;0.0;71.70038333333333;2022-07-27T21:00:00Z
0.0320735899016692;0.0026484679308686;0.0015057316891106;0.0;38.002;2022-07-27T22:00:00Z
0.0363106813436848;0.0030326030368817;0.0017544070479205;0.0;206.28503333333333;2022-07-27T23:00:00Z
0.0408301867881462;0.0037473863700675;0.0020354797423391;0.0;27.88418333333333;2022-07-28T00:00:00Z
0.0453716543248112;0.0044775779809502;0.0022925489591959;0.0;32.20023333333334;2022-07-28T01:00:00Z
0.0495826581725025;0.0052124565633581;0.0025544148179318;0.0;30.45021666666667;2022-07-28T02:00:00Z
0.0532032799747051;0.00549463696955;0.0028082584783635;0.0;27.88343333333333;2022-07-28T03:00:00Z
0.0559923692868863;0.0058596300118449;0.0029610930921816;0.0;24.2673;2022-07-28T04:00:00Z
0.0577299908619775;0.0061861715938916;0.003121061605423;0.0;28.81736666666667;2022-07-28T05:00:00Z
0.0583434373042106;0.0063402722972365;0.0031027583567429;0.0;34.7505;2022-07-28T06:00:00Z
0.0577452751728045;0.0062263561486658;0.0031336819908413;0.1199999999999999;20.650333333333332;2022-07-28T07:00:00Z
0.0560033286181408;0.0059593623467342;0.0030025225170237;20.119;22.50055;2022-07-28T08:00:00Z
0.0532324862592441;0.0054453318949072;0.0027833640453372;5.118999999999999;52.0003;2022-07-28T09:00:00Z
0.0495910841317924;0.0050621716521878;0.0025486876336368;0.0;34.000600000000006;2022-07-28T10:00:00Z
0.0453701037407429;0.0045326895179032;0.0022993513566906;0.0;26.00073333333333;2022-07-28T11:00:00Z
0.0408375833287768;0.0035940427486171;0.0020234375362045;0.0;44.00088333333333;2022-07-28T12:00:00Z
0.0363198711545947;0.0030637953271751;0.0017606433182775;0.0;70.001;2022-07-28T13:00:00Z
0.0320685722165346;0.0024781994232946;0.0014847871931325;0.0;33.6688;2022-07-28T14:00:00Z
0.0284759695894366;0.0020143422200031;0.0012103180286861;0.0;52.335183333333326;2022-07-28T15:00:00Z
0.0256946429231317;0.0017373903844017;0.0011111718905168;0.0;318.50161666666673;2022-07-28T16:00:00Z
0.023935615768684;0.0013355850011162;0.0009513593418554;0.0;481.3348333333333;2022-07-28T17:00:00Z
0.0233390050460147;0.0011255004052486;0.0009326391582322;0.0;67.95138333333334;2022-07-28T18:00:00Z
0.0239211353010763;0.0013087291441657;0.00097010889848;0.0;81.38428333333331;2022-07-28T19:00:00Z
0.0256645003894565;0.0013891631006272;0.0011093105294067;0.0;76.86778333333332;2022-07-28T20:00:00Z
0.0284706441782946;0.0020089505765823;0.0012789113788231;0.0;88.31713333333333;2022-07-28T21:00:00Z
0.0320857768623757;0.0024760826429275;0.0014929542980267;0.0;86.7514;2022-07-28T22:00:00Z
0.0362887488491458;0.0031824409054433;0.0017487145846899;0.0;324.36775;2022-07-28T23:00:00Z
0.0408492106721849;0.0036440235036226;0.0020545528794266;0.0;0.0;2022-07-29T00:00:00Z
0.0453585136214601;0.0044875648836575;0.0023164422723118;0.0;0.0;2022-07-29T01:00:00Z
0.0495854608231749;0.0048760525920727;0.0025687520142917;0.0;0.0;2022-07-29T02:00:00Z
0.0532115182794741;0.0054588323160115;0.0028167535146273;0.0;0.0;2022-07-29T03:00:00Z
0.0559951608451252;0.0060583237893767;0.0029681024153824;0.0;0.0;2022-07-29T04:00:00Z
0.0577446991971982;0.0061296849829543;0.0030778586956265;0.0;0.0;2022-07-29T05:00:00Z
0.0583284364027997;0.0063806150909588;0.00309466487153;0.0;0.0;2022-07-29T06:00:00Z
0.0577586324874293;0.0062513294931273;0.003133710253006;25.118;0.0;2022-07-29T07:00:00Z
0.0559918564871441;0.0060079471544379;0.0029723223742428;0.1199999999999999;0.0;2022-07-29T08:00:00Z
0.0532112401239052;0.0053384817226469;0.00279716773815;0.1199999999999999;0.0;2022-07-29T09:00:00Z
0.0495864723746869;0.0049498838470575;0.0025641950329954;0.0;0.0;2022-07-29T10:00:00Z
0.0453748207794405;0.0044222258096384;0.0022590041978701;0.0;0.0;2022-07-29T11:00:00Z
0.0408229804244242;0.0037413294129199;0.0020455738234684;0.0;0.0;2022-07-29T12:00:00Z
0.0362798955182983;0.002996752715635;0.0017666894960794;0.0;0.0;2022-07-29T13:00:00Z
0.0320761627717672;0.0025493211266793;0.001492315123786;0.0;0.0;2022-07-29T14:00:00Z
0.0284559786887895;0.0020470647390839;0.0012899334090624;0.0;0.0;2022-07-29T15:00:00Z
0.0256765275016398;0.0016106846371545;0.0011046030193537;0.0;0.0;2022-07-29T16:00:00Z
0.0239228671601285;0.0013373904636073;0.00098140177813;0.0;0.0;2022-07-29T17:00:00Z
0.0233217722202526;0.0010320513878508;0.0009223028401718;0.0;0.0;2022-07-29T18:00:00Z
0.0239318758620228;0.0012925865687134;0.000932757111957;0.0;0.0;2022-07-29T19:00:00Z
0.0256873522819172;0.0016041005160145;0.0011090292524628;0.0;0.0;2022-07-29T20:00:00Z
0.0284346406404358;0.0020872310444198;0.0012710939222575;0.0;0.0;2022-07-29T21:00:00Z
0.0320911024538101;0.0023658579157577;0.0014698806159909;0.0;0.0;2022-07-29T22:00:00Z
0.0363028254839566;0.0030293069205971;0.0017583354565089;0.0;0.0;2022-07-29T23:00:00Z
0.0408251614468851;0.0036754061318336;0.0020158095568211;0.0;16.1002;2022-07-30T00:00:00Z
0.0453632781038366;0.0043755059427959;0.0023386609484411;0.0;39.550166666666655;2022-07-30T01:00:00Z
0.0495865406884102;0.0047952226590719;0.0025908061516537;0.0;42.00023333333333;2022-07-30T02:00:00Z
0.0532039907846419;0.0056824554383171;0.002791827621647;0.0;34.06693333333334;2022-07-30T03:00:00Z
0.0560044986840007;0.0060087408789953;0.0029977333583094;0.0;26.950266666666664;2022-07-30T04:00:00Z
0.0577509883235302;0.0061952864618684;0.0030993726624727;0.0;36.75023333333333;2022-07-30T05:00:00Z
0.0583196046841911;0.0062845780910879;0.003145135307172;0.0;47.41686666666666;2022-07-30T06:00:00Z
0.0577271962606948;0.0062190769675949;0.0031111484789066;0.1199999999999999;70.41695;2022-07-30T07:00:00Z
0.0559785841755544;0.0058112927494045;0.0030095409327391;25.118;65.6671;2022-07-30T08:00:00Z
0.0532240010253086;0.0055014915023721;0.0027854174519427;0.1199999999999999;62.16745;2022-07-30T09:00:00Z
0.0495753040930922;0.0049446756041462;0.0025650648271568;0.0;70.0;2022-07-30T10:00:00Z
0.0453623184921591;0.0044905216240505;0.0023280635217225;0.0;70.00025;2022-07-30T11:00:00Z
0.0408387568519608;0.0036694397651016;0.001989374849851;0.0;70.001;2022-07-30T12:00:00Z
0.0363036846730473;0.0030006240628132;0.0017621520295325;0.0;46.0014;2022-07-30T13:00:00Z
0.0320856260346527;0.0025116523468568;0.0015076988866609;0.0;210.0018;2022-07-30T14:00:00Z
0.0284520290657069;0.0020608098320389;0.001244375943088;0.0;10.001999999999997;2022-07-30T15:00:00Z
0.0256789442505151;0.0016509914454537;0.001096563452551;0.0;214.66786666666664;2022-07-30T16:00:00Z
0.023918527559763;0.0015310977544512;0.0009910468864984;0.0;69.66793333333332;2022-07-30T17:00:00Z
0.0233397827055956;0.0013159831087165;0.0009330388204479;0.0;506.15021666666667;2022-07-30T18:00:00Z
0.023926001316517;0.0015257790657493;0.0009800115990371;0.0;94.9667;2022-07-30T19:00:00Z
0.0256895867332078;0.0014922459646752;0.0010652515255655;0.0;95.31685;2022-07-30T20:00:00Z
0.0284612376525924;0.0021019341047641;0.0012379762815891;0.0;85.71696666666665;2022-07-30T21:00:00Z
0.0320811619443982;0.0023244544645601;0.0014636265950899;0.0;35.75246666666667;2022-07-30T22:00:00Z
0.0362928725444174;0.0030627008551162;0.0017553026276716;0.0;62.618883333333336;2022-07-30T23:00:00Z
0.0408230053954903;0.0035707156525052;0.0020453750291171;0.0;25.20038333333333;2022-07-31T00:00:00Z
0.0453731089561345;0.0043259095194046;0.0023165284032686;0.0;34.65005;2022-07-31T01:00:00Z
0.0495767090785006;0.0047974252217372;0.0026075335788889;0.0;32.31678333333333;2022-07-31T02:00:00Z
0.0532067349103663;0.005565192792311;0.0028003991277864;0.0;33.48345;2022-07-31T03:00:00Z
0.0559850199291232;0.0057281071156447;0.0030002315834526;0.0;35.116683333333334;2022-07-31T04:00:00Z
0.057729697909089;0.0061898990218115;0.0030552644415986;0.0;33.250183333333325;2022-07-31T05:00:00Z
0.0583285609768819;0.0063001086183899;0.0031326581476681;0.0;21.933666666666667;2022-07-31T06:00:00Z
0.0577324499244972;0.0062099275659472;0.0030899988334456;25.118;5.433533333333334;2022-07-31T07:00:00Z
0.055965857886291;0.0060715215218671;0.0029580195001907;0.1199999999999999;24.500816666666665;2022-07-31T08:00:00Z
0.05322035087998;0.005562412647679;0.0028191034026452;0.1199999999999999;47.00038333333334;2022-07-31T09:00:00Z
0.0495855776757681;0.0050379930361506;0.0025911743832355;0.0;54.00026666666666;2022-07-31T10:00:00Z
0.0453610657546782;0.004477053871022;0.0023061084552684;0.0;67.50025;2022-07-31T11:00:00Z
0.0408364368957877;0.0035677548494544;0.0020141797663886;0.0;234.16773333333333;2022-07-31T12:00:00Z
0.0363103928369292;0.0030191341846819;0.0017131719268368;0.0;411.66821666666664;2022-07-31T13:00:00Z
0.0320720666951991;0.002494709043928;0.0014895787068793;0.0;79.16804999999998;2022-07-31T14:00:00Z
0.0284619009482896;0.0019576065570202;0.0012711887495207;0.0;330.6675;2022-07-31T15:00:00Z
0.0256909893727888;0.0015433000007871;0.0010989563037736;0.0;54.001266666666666;2022-07-31T16:00:00Z
0.0239275938486025;0.0013545197900961;0.000966922039983;0.0;49.218383333333335;2022-07-31T17:00:00Z
0.02333084897553;0.001389466836114;0.0009642843595798;0.0;63.65113333333334;2022-07-31T18:00:00Z
0.0239329593084538;0.0014428320892942;0.0010046003802723;0.0;84.70061666666666;2022-07-31T19:00:00Z
0.0256709570338979;0.0016791095046764;0.0010970806161672;0.0;86.73368333333333;2022-07-31T20:00:00Z
0.0284700077970449;0.0019899698431953;0.001234231424652;0.0;82.11683333333333;2022-07-31T21:00:00Z
0.0320758640053396;0.0024066196886875;0.0014679795944196;0.0;64.01845;2022-07-31T22:00:00Z
0.0363005790103567;0.0029222668947395;0.0017628200934776;0.0;208.1017833333333;2022-07-31T23:00:00Z
0.0408187704415528;0.0035972400439907;0.0020086151213059;0.0;26.833466666666663;2022-08-01T00:00:00Z
0.0453612636187921;0.0044157119592974;0.0023044781263758;0.0;41.41685;2022-08-01T01:00:00Z
0.0495769439044887;0.0049651181706042;0.0025682829152569;0.0;40.71683333333333;2022-08-01T02:00:00Z
0.053202114927831;0.005547234674421;0.0028215629523476;0.0;41.766683333333326;2022-08-01T03:00:00Z
0.0559929577507743;0.0058490776740163;0.002927622483115;0.0;35.583349999999996;2022-08-01T04:00:00Z
0.057742382390661;0.0061236263715104;0.003101057199647;0.0;36.283383333333326;2022-08-01T05:00:00Z
0.0583222728177115;0.0062788968612716;0.0031147604513207;0.0;28.233416666666663;2022-08-01T06:00:00Z
0.0577385443132142;0.0061257379539566;0.0030834535591478;0.1199999999999999;4.90005;2022-08-01T07:00:00Z
0.0559749553905366;0.0059059420104262;0.0029518671039269;5.118999999999999;54.333533333333335;2022-08-01T08:00:00Z
0.0532034383650741;0.005627909585026;0.0027989419559413;20.119;52.00046666666666;2022-08-01T09:00:00Z
0.0495887085627918;0.005066474039802;0.0025702425625558;0.0;36.50068333333333;2022-08-01T10:00:00Z
0.0453657384684373;0.0046210403372594;0.0023253814895919;0.0;66.16698333333333;2022-08-01T11:00:00Z
0.0408239962268755;0.0037594406705924;0.0020311145675809;0.0;362.00108333333327;2022-08-01T12:00:00Z
0.0362947680670477;0.0030679713609514;0.0017190835153626;0.0;551.1678666666667;2022-08-01T13:00:00Z
0.0320855566089756;0.0025799570194117;0.0014987644220925;0.0;67.83438333333334;2022-08-01T14:00:00Z
0.028453616111782;0.0021437326874287;0.0012251980565295;0.0;37.00163333333333;2022-08-01T15:00:00Z
0.0256901028406536;0.0013787064589956;0.0010877876919143;0.0;91.3345;2022-08-01T16:00:00Z
0.0239254710006224;0.0014556457278225;0.0009599524320282;0.0;41.76791666666666;2022-08-01T17:00:00Z
0.0233495540060161;0.0012663201000373;0.0009297060253673;0.0;66.95041666666665;2022-08-01T18:00:00Z
0.0239071917292412;0.001434230559858;0.0009453952211457;0.0;56.43388333333333;2022-08-01T19:00:00Z
0.0256739676324649;0.0015289424133841;0.0011244190151573;0.0;93.08338333333332;2022-08-01T20:00:00Z
0.0284517683976943;0.0018042179573856;0.001239611464588;0.0;85.51681666666667;2022-08-01T21:00:00Z
0.0320843971008349;0.0023139173100898;0.0015090021193547;0.0;83.20123333333333;2022-08-01T22:00:00Z
0.0362975039696703;0.0030945820614676;0.0017252708609533;0.0;38.75111666666666;2022-08-01T23:00:00Z
0.0408253615357737;0.0037386878562552;0.0020489375280467;0.0;24.150633333333328;2022-08-02T00:00:00Z
0.0453507725195247;0.00448484583465;0.0023326300592052;0.0;34.533633333333334;2022-08-02T01:00:00Z
0.0496076775398724;0.0049421063343665;0.0025730616142429;0.0;34.76685;2022-08-02T02:00:00Z
0.0532173527901835;0.0054562492464786;0.0027977691064993;0.0;27.3001;2022-08-02T03:00:00Z
0.0559817124102803;0.0059231400178407;0.0029820178494011;0.0;29.400216666666665;2022-08-02T04:00:00Z
0.0577451448701918;0.0058858196251365;0.0030839569499408;0.0;32.200433333333336;2022-08-02T05:00:00Z
0.0583309779779112;0.0062435397753498;0.003154186470279;0.0;27.26848333333333;2022-08-02T06:00:00Z
0.0577327274042877;0.0059808430271003;0.0030465822328781;0.1199999999999999;12.6516;2022-08-02T07:00:00Z
0.0559988131004288;0.0059395975435343;0.0030183722524143;25.118;10.001;2022-08-02T08:00:00Z
0.0531901016964399;0.0054503481894052;0.002797215433585;0.1199999999999999;15.000916666666665;2022-08-02T09:00:00Z
0.0495912695032657;0.0049212392151088;0.0025597649225579;0.0;70.0;2022-08-02T10:00:00Z
0.0453639565940679;0.0043474723347506;0.0023468441648838;0.0;336.66700000000003;2022-08-02T11:00:00Z
0.0408264961084717;0.0035755680629934;0.0020494312842413;0.0;70.001;2022-08-02T12:00:00Z
0.0363124729890527;0.0030384077241719;0.00174215567048;0.0;70.001;2022-08-02T13:00:00Z
0.0320897727279763;0.0024299745148797;0.0014821515464985;0.0;70.001;2022-08-02T14:00:00Z
0.0284707360762271;0.0020397512079311;0.001267667377387;0.0;803.3336;2022-08-02T15:00:00Z
0.0256856681197723;0.0016048012519584;0.0010681858573183;0.0;21.001816666666663;2022-08-02T16:00:00Z
0.023941045239715;0.001276078195086;0.0009620550265628;0.0;67.0344;2022-08-02T17:00:00Z
0.0233307396719588;0.0011650306201043;0.000939435166066;0.0;77.31738333333334;2022-08-02T18:00:00Z
0.023922994414505;0.0013837606621079;0.0009548553045305;0.0;71.65108333333333;2022-08-02T19:00:00Z
0.0256670347598613;0.0016830272340492;0.0011129039093438;0.0;47.301583333333326;2022-08-02T20:00:00Z
0.0284663563827731;0.00193754375768;0.0012807900256233;0.0;23.35168333333333;2022-08-02T21:00:00Z
0.0320612375446437;0.0025921760669553;0.0014881786650295;0.0;66.05216666666668;2022-08-02T22:00:00Z
0.0362814082381276;0.0031178044362202;0.001741634375198;0.0;58.25261666666666;2022-08-02T23:00:00Z
0.0408280855045355;0.0038480621694101;0.0020356033748773;0.0;31.383516666666665;2022-08-03T00:00:00Z
0.0453771157266955;0.0043464682704551;0.0023259870595247;0.0;30.3336;2022-08-03T01:00:00Z
0.0495915904078014;0.004843985359708;0.002579310641912;0.0;32.90006666666667;2022-08-03T02:00:00Z
0.0532245050136093;0.0054636676633716;0.0027969250109514;0.0;35.700199999999995;2022-08-03T03:00:00Z
0.0560009571864412;0.0059194117088075;0.0029799982329107;0.0;36.633466666666656;2022-08-03T04:00:00Z
0.0577418749338064;0.0063121571688727;0.0031037453929959;0.0;28.5836;2022-08-03T05:00:00Z
0.0583337344115715;0.0062753072964372;0.0031452115611739;0.0;12.834533333333331;2022-08-03T06:00:00Z
0.0577465915610493;0.0060946106019665;0.0030985646401939;0.1199999999999999;0.001;2022-08-03T07:00:00Z
0.05598741742749;0.0059589185766378;0.003007020181772;5.119;4.6677833333333325;2022-08-03T08:00:00Z
0.0532056471953531;0.0056058078623099;0.0028423270484504;20.119;61.00015;2022-08-03T09:00:00Z
0.0495790698395943;0.0050480119878519;0.002543999710406;0.0;25.834416666666662;2022-08-03T10:00:00Z
0.0453581316422641;0.0044073292225501;0.0022987831993549;0.0;8.834449999999999;2022-08-03T11:00:00Z
0.0408268140045979;0.0037155184393271;0.0020225375727115;0.0;33.834516666666666;2022-08-03T12:00:00Z
0.0362914629199119;0.0031248328767708;0.0017632885383709;0.0;186.00095;2022-08-03T13:00:00Z
0.0320895132048734;0.002472992959286;0.0014694804619633;0.0;134.0012;2022-08-03T14:00:00Z
0.0284545997281538;0.0019188556389994;0.0012833842557478;0.0;603.3338;2022-08-03T15:00:00Z
0.0256939267418108;0.0015538272920822;0.0010502884042259;0.0;320.00075000000004;2022-08-03T16:00:00Z
0.0239346719694518;0.0010530611034748;0.0009857457394851;0.0;72.05105;2022-08-03T17:00:00Z
0.0233331878549865;0.0011845953116832;0.0009162263729626;0.0;81.55076666666668;2022-08-03T18:00:00Z
0.0239242718645573;0.0014179811713733;0.000928499853605;0.0;85.76716666666665;2022-08-03T19:00:00Z
0.0256765478945561;0.0017656196703834;0.0011049341822704;0.0;82.43361666666665;2022-08-03T20:00:00Z
0.0284554358629281;0.0018420624085488;0.0012712432983115;0.0;79.83374999999998;2022-08-03T21:00:00Z
0.0320774042138879;0.0026252390236214;0.0014801650929571;0.0;35.05193333333333;2022-08-03T22:00:00Z
0.0362951760318423;0.0031604271466523;0.0017723517888323;0.0;20.53545;2022-08-03T23:00:00Z
0.0408351398060098;0.0038117688011645;0.0020202394135604;0.0;24.9672;2022-08-04T00:00:00Z
0.0453609455737232;0.0042577488671425;0.0022763724762005;0.0;22.984316666666665;2022-08-04T01:00:00Z
0.0495737588552543;0.0050769936442832;0.0025700727691231;0.0;31.03355;2022-08-04T02:00:00Z
0.0531989996447064;0.0055581749228869;0.0027835162655618;0.0;30.683566666666668;2022-08-04T03:00:00Z
0.0559954086505664;0.0060079634956745;0.0029791368699325;0.0;33.60015;2022-08-04T04:00:00Z
0.0577380296628938;0.0060896684379407;0.0030931533474229;0.0;34.533366666666666;2022-08-04T05:00:00Z
0.058319622692528;0.0061999010389103;0.003120502423079;0.0;33.36705;2022-08-04T06:00:00Z
0.0577269290298817;0.0062218780062699;0.0031340766857806;5.118999999999999;42.26756666666667;2022-08-04T07:00:00Z
0.0559847121134713;0.0058533850865596;0.0029539428107542;0.1199999999999999;57.00021666666667;2022-08-04T08:00:00Z
0.0532023533883226;0.0054181750238445;0.0028260433953853;20.119;64.16725;2022-08-04T09:00:00Z
0.0495843895954377;0.0050701263428319;0.002595167543698;0.0;59.00085;2022-08-04T10:00:00Z
0.0453608484726564;0.0045014952907193;0.0023409850939895;0.0;56.00141666666666;2022-08-04T11:00:00Z
0.0408416151571519;0.0039833460583932;0.0020318426017956;0.0;60.002;2022-08-04T12:00:00Z
0.0363123148355124;0.0031149480681741;0.0017289333350263;0.0;651.3346833333334;2022-08-04T13:00:00Z
0.0320655723964168;0.0026058279584272;0.0015107101830762;0.0;53.001283333333326;2022-08-04T14:00:00Z
0.0284565353853418;0.0019019123791934;0.0012123860436827;0.0;63.00111666666666;2022-08-04T15:00:00Z
0.0256697533738585;0.001561497724943;0.001061671127928;0.0;51.00131666666665;2022-08-04T16:00:00Z
0.0239251735263099;0.0014397938367008;0.0009740746760186;0.0;71.98463333333333;2022-08-04T17:00:00Z
0.0233322450603627;0.0013161516190605;0.0009171478475949;0.0;56.418533333333336;2022-08-04T18:00:00Z
0.023930830280706;0.0013115414851082;0.0010012142105067;0.0;50.93498333333333;2022-08-04T19:00:00Z
0.0256781925511862;0.0015828585021004;0.0010387477428955;0.0;68.83376666666666;2022-08-04T20:00:00Z
0.0284445781753784;0.0020807372622844;0.0012552581952535;0.0;70.28426666666667;2022-08-04T21:00:00Z
0.0320853713199826;0.0024721044247132;0.0014831142960465;0.0;290.43515;2022-08-04T22:00:00Z
0.0362969134145283;0.0030455770140097;0.0017316416697084;0.0;51.03536666666666;2022-08-04T23:00:00Z
0.040840428373486;0.0036347890913975;0.0020499658411825;0.0;0.0;2022-08-05T00:00:00Z
0.0453555383837988;0.0043087507429859;0.0023251653073173;0.0;0.0;2022-08-05T01:00:00Z
0.049585488072614;0.0049442246345756;0.0025912600869553;0.0;0.0;2022-08-05T02:00:00Z
0.0532087451522521;0.0055792854884286;0.0028347461079128;0.0;0.0;2022-08-05T03:00:00Z
0.0560081896647232;0.0058972611339259;0.0029959974704099;0.0;0.0;2022-08-05T04:00:00Z
0.0577355012246887;0.0060824311870155;0.003079605067287;0.0;0.0;2022-08-05T05:00:00Z
0.0583417102810504;0.0061487351300593;0.0031254043820616;0.0;0.0;2022-08-05T06:00:00Z
0.0577225193066051;0.006092436075942;0.003103397193663;20.119;0.0;2022-08-05T07:00:00Z
0.0559863077644938;0.0058617630980277;0.002992777520732;5.119;0.0;2022-08-05T08:00:00Z
0.0532235049108121;0.0054974359177409;0.0028136032100277;0.1199999999999999;0.0;2022-08-05T09:00:00Z
0.0495701523304992;0.0048056441796464;0.0025499976262391;0.0;0.0;2022-08-05T10:00:00Z
0.0453796305847487;0.0045587485695828;0.002330684692195;0.0;0.0;2022-08-05T11:00:00Z
0.0408429786888387;0.0036057869746514;0.0020418171075388;0.0;0.0;2022-08-05T12:00:00Z
0.036295082538465;0.0028708995454603;0.0017393466323422;0.0;0.0;2022-08-05T13:00:00Z
0.0320702462155114;0.0024831161541391;0.0015223504994408;0.0;0.0;2022-08-05T14:00:00Z
0.0284496686937604;0.0019220035554289;0.0012562251738757;0.0;0.0;2022-08-05T15:00:00Z
0.0256682836040973;0.001673703441741;0.0010922309432443;0.0;0.0;2022-08-05T16:00:00Z
0.0239307709970749;0.0013434110408087;0.0009959808545607;0.0;0.0;2022-08-05T17:00:00Z
0.0233432833261964;0.0013995722598427;0.0009193082896983;0.0;0.0;2022-08-05T18:00:00Z
0.0239368399137794;0.0014138452787704;0.0010018248804982;0.0;0.0;2022-08-05T19:00:00Z
0.0256736428113071;0.0015323001673012;0.0010722369419362;0.0;0.0;2022-08-05T20:00:00Z
0.0284564939214341;0.0021491463526027;0.0012839044837101;0.0;0.0;2022-08-05T21:00:00Z
0.0320776934132342;0.0025328972031736;0.0015006176498135;0.0;0.0;2022-08-05T22:00:00Z
0.0363177446333258;0.002971868894091;0.0017509806058742;0.0;0.0;2022-08-05T23:00:00Z
0.0408291337299573;0.0037770961484403;0.0020637418122978;0.0;30.333566666666663;2022-08-06T00:00:00Z
0.0453810772973826;0.0043609258819394;0.0023118462532291;0.0;35.350183333333334;2022-08-06T01:00:00Z
0.0495834611156454;0.0051008664352721;0.0025868759378131;0.0;33.250299999999996;2022-08-06T02:00:00Z
0.053210544424567;0.0053264690206468;0.002795424760907;0.0;34.18345;2022-08-06T03:00:00Z
0.0559762123662035;0.0057858843909661;0.002921032515867;0.0;35.70035;2022-08-06T04:00:00Z
0.0577397174674066;0.0062116079198633;0.0030990445787123;0.0;38.283783333333325;2022-08-06T05:00:00Z
0.0583373140655296;0.0062089087782112;0.0031243388613159;0.0;77.9671;2022-08-06T06:00:00Z
0.0577439668410334;0.0061406401303008;0.0030877455782999;0.1199999999999999;7.2344833333333325;2022-08-06T07:00:00Z
0.0559939264692374;0.0059498808116875;0.0029993937545597;25.118;5.6677833333333325;2022-08-06T08:00:00Z
0.0532228122900001;0.0055385337946961;0.0028141389894783;0.1199999999999999;10.001;2022-08-06T09:00:00Z
0.0495863834931323;0.0049780133055481;0.0025874583997062;0.0;8.167849999999998;2022-08-06T10:00:00Z
0.0453529123525874;0.0045850801385517;0.0022953220315639;0.0;52.168183333333324;2022-08-06T11:00:00Z
0.0408269857944203;0.0036486168423263;0.0020268495444208;0.0;932.0006;2022-08-06T12:00:00Z
0.0362987284827625;0.0029123764356694;0.0017634718093875;0.0;280.66805;2022-08-06T13:00:00Z
0.0320877049436107;0.0024871454505968;0.0014937951592455;0.0;68.50115;2022-08-06T14:00:00Z
0.0284682426855182;0.0017652172948427;0.0012643572495759;0.0;66.50135;2022-08-06T15:00:00Z
0.0256656366584799;0.0016388988578694;0.0010730984575123;0.0;69.16775;2022-08-06T16:00:00Z
0.0239343346533644;0.0013377298213669;0.0009409731310129;0.0;64.48475;2022-08-06T17:00:00Z
0.0233349993236369;0.0013697264758064;0.0009286665366571;0.0;33.751866666666665;2022-08-06T18:00:00Z
0.0239398572417138;0.0015157736691018;0.001007427274799;0.0;86.217;2022-08-06T19:00:00Z
0.0256757190813822;0.0016250357774057;0.0010965418078237;0.0;86.50045;2022-08-06T20:00:00Z
0.0284634012214506;0.0019660921576675;0.0012573727559712;0.0;84.50064999999998;2022-08-06T21:00:00Z
0.0320931233524083;0.0022831346415237;0.001461015802747;0.0;89.96773333333331;2022-08-06T22:00:00Z
0.0363042598046465;0.0030980368427929;0.0017476547385977;0.0;19.169333333333327;2022-08-06T23:00:00Z
0.0408457379505582;0.0037520028951914;0.0020434700898043;0.0;29.9836;2022-08-07T00:00:00Z
0.0453818747313426;0.0042086490813623;0.0023177697060717;0.0;38.3835;2022-08-07T01:00:00Z
0.0495796053399284;0.0050217814422179;0.0025790956963429;0.0;33.95023333333333;2022-08-07T02:00:00Z
0.0532016370876844;0.0054749286646167;0.0028109119762222;0.0;35.35015;2022-08-07T03:00:00Z
0.0559839344051554;0.0058460444033219;0.0029476250101732;0.0;34.41675;2022-08-07T04:00:00Z
0.0577360096107461;0.0062135682362966;0.0030914037479983;0.0;31.616983333333334;2022-08-07T05:00:00Z
0.058335041208568;0.0063814928535421;0.0031410992545877;0.0;29.633383333333327;2022-08-07T06:00:00Z
0.057719081292554;0.0061296926014302;0.0030603043566268;0.1199999999999999;18.300916666666662;2022-08-07T07:00:00Z
0.0559971983576845;0.0058948432837027;0.0029812514336348;0.1199999999999999;0.1686499999999999;2022-08-07T08:00:00Z
0.0532001924697748;0.0055557467322251;0.0028224741648123;25.118;70.0;2022-08-07T09:00:00Z
0.049584614608128;0.0051322455088596;0.0025770567171307;0.0;62.6674;2022-08-07T10:00:00Z
0.0453622592225819;0.0044643567688668;0.0023053648612043;0.0;69.3334;2022-08-07T11:00:00Z
0.0408282880143098;0.0038118570577363;0.0020316430858849;0.0;70.00053333333334;2022-08-07T12:00:00Z
0.0363065562025123;0.0030828433529621;0.0017835663563903;0.0;60.00116666666666;2022-08-07T13:00:00Z
0.0320777726754547;0.002469175520945;0.0014782600813821;0.0;40.66826666666666;2022-08-07T14:00:00Z
0.0284674167872789;0.0021040881666899;0.0013104196300891;0.0;381.33445;2022-08-07T15:00:00Z
0.0256775646436191;0.0015216765620672;0.001074997395554;0.0;175.16795;2022-08-07T16:00:00Z
0.0239211351533769;0.0013898972991218;0.000995887228439;0.0;34.234700000000004;2022-08-07T17:00:00Z
0.023331101681904;0.0011516025310164;0.000949541093475;0.0;85.16683333333333;2022-08-07T18:00:00Z
0.0239156546060504;0.0012215946768442;0.0009936477672728;0.0;79.05056666666665;2022-08-07T19:00:00Z
0.025667179230968;0.0015147128010939;0.0011018870192809;0.0;85.21715;2022-08-07T20:00:00Z
0.0284673388712108;0.0020110682412851;0.001250126623211;0.0;77.55044999999998;2022-08-07T21:00:00Z
0.0320960917948562;0.0024596905708091;0.0014854612491954;0.0;535.5011;2022-08-07T22:00:00Z
0.0363074118575908;0.003077826439743;0.0017994928242491;0.0;188.0016;2022-08-07T23:00:00Z
0.040842808084521;0.0037270972546286;0.0020142885174893;0.0;28.933466666666664;2022-08-08T00:00:00Z
0.045377906581328;0.0045104389988858;0.0023119638284056;0.0;32.66673333333333;2022-08-08T01:00:00Z
0.0495851895170465;0.0049578005093831;0.0025569803718284;0.0;34.65011666666667;2022-08-08T02:00:00Z
0.0532138233066022;0.0054132962307851;0.0027912311514653;0.0;33.60021666666667;2022-08-08T03:00:00Z
0.0559992653777266;0.0060001372519597;0.0029727249394217;0.0;41.5334;2022-08-08T04:00:00Z
0.0577360557910133;0.006176720129202;0.0030884087664305;0.0;46.00021666666667;2022-08-08T05:00:00Z
0.0583529114908718;0.0062715016922295;0.0031295602840342;0.0;48.5;2022-08-08T06:00:00Z
0.0577359211872242;0.0063224730036346;0.003065461119325;0.1199999999999999;18.400616666666668;2022-08-08T07:00:00Z
0.0559973336094437;0.0059203698586052;0.0029765120128232;20.119;64.0001;2022-08-08T08:00:00Z
0.0531964710902349;0.0056076732325537;0.0027854390353406;5.119;70.0;2022-08-08T09:00:00Z
0.0495796838482451;0.0049255171079199;0.0025787039598051;0.0;70.0;2022-08-08T10:00:00Z
0.0453658883837801;0.0045431695413994;0.002308801803847;0.0;60.3343;2022-08-08T11:00:00Z
0.040833932146085;0.0038727197327002;0.0020533749447549;0.0;60.00176666666666;2022-08-08T12:00:00Z
0.0362900674341292;0.0031719641173682;0.0017835912458436;0.0;169.66944999999998;2022-08-08T13:00:00Z
0.0320782212748706;0.0022392296059015;0.0014926221840213;0.0;87.00151666666667;2022-08-08T14:00:00Z
0.0284640753479562;0.0019392223861912;0.0012752075354176;0.0;686.66705;2022-08-08T15:00:00Z
0.0256749946859825;0.0015400569362675;0.0011136883832651;0.0;220.00085;2022-08-08T16:00:00Z
0.0239301208182881;0.00137516741015;0.0009948452751748;0.0;220.00063333333333;2022-08-08T17:00:00Z
0.02334186297133;0.001308629463568;0.0009488590365979;0.0;75.4835;2022-08-08T18:00:00Z
0.0239393496324469;0.0013716715960874;0.0009519192500164;0.0;30.83438333333333;2022-08-08T19:00:00Z
0.0256798478123702;0.0015882587042889;0.0010688055994137;0.0;83.85009999999998;2022-08-08T20:00:00Z
0.0284579046378059;0.0020776465618847;0.0012427668020187;0.0;36.86815;2022-08-08T21:00:00Z
0.0320766801552181;0.0024091960541682;0.0015110848772877;0.0;61.08568333333333;2022-08-08T22:00:00Z
0.0363102544374029;0.0030317036210552;0.0017344655513939;0.0;39.035916666666665;2022-08-08T23:00:00Z
0.0408350177771167;0.0037835995478115;0.0020091506143135;0.0;32.31713333333333;2022-08-09T00:00:00Z
0.045344414236263;0.0041002904721134;0.0023096239295164;0.0;33.133700000000005;2022-08-09T01:00:00Z
0.0495855317892714;0.0049043107313952;0.0026106046254516;0.0;34.0668;2022-08-09T02:00:00Z
0.0531973289911502;0.0057258873183495;0.0028080754709317;0.0;34.5334;2022-08-09T03:00:00Z
0.0559957211124985;0.005832023447242;0.0029861647686557;0.0;32.55041666666666;2022-08-09T04:00:00Z
0.057730644475459;0.0062184218922181;0.003056198072329;0.0;35.58338333333333;2022-08-09T05:00:00Z
0.0583362139665549;0.006403995937783;0.0031444399289937;0.0;22.984166666666663;2022-08-09T06:00:00Z
0.05773590294785;0.006261669433072;0.0030722901338471;0.1199999999999999;33.1338;2022-08-09T07:00:00Z
0.0559926172432095;0.005935238689701;0.0029929756147983;20.119;50.66735;2022-08-09T08:00:00Z
0.053230561515098;0.0055336891481692;0.0028121289121974;5.119;70.0;2022-08-09T09:00:00Z
0.0495838522436493;0.0048817461138618;0.0025725091277062;0.0;8.501316666666668;2022-08-09T10:00:00Z
0.0453623324910176;0.0043752143192387;0.0022987302287326;0.0;402.0012;2022-08-09T11:00:00Z
0.0408217961947685;0.0038718447670913;0.0020178312509579;0.0;569.6682666666667;2022-08-09T12:00:00Z
0.0362924946668889;0.0031995522562849;0.0017425453733167;0.0;61.83515;2022-08-09T13:00:00Z
0.0320718066865871;0.0022929319000884;0.0014849761515882;0.0;70.001;2022-08-09T14:00:00Z
0.0284655036920589;0.0021750847845506;0.0012904373277731;0.0;70.001;2022-08-09T15:00:00Z
0.0256731534240829;0.0015832617633388;0.0011032048785245;0.0;220.00085;2022-08-09T16:00:00Z
0.0239168870077404;0.0013845981924102;0.0009483156497266;0.0;74.31775;2022-08-09T17:00:00Z
0.0233419534550962;0.0013422450691612;0.0009379021671361;0.0;85.40028333333333;2022-08-09T18:00:00Z
0.0239249882364359;0.0014054080774021;0.0009679281835575;0.0;64.36748333333333;2022-08-09T19:00:00Z
0.0256750588282862;0.0015424145910568;0.0011011696853765;0.0;38.001;2022-08-09T20:00:00Z
0.0284715023808061;0.0019719337137306;0.0012689679257293;0.0;59.067483333333335;2022-08-09T21:00:00Z
0.0320800897091271;0.002606582936729;0.0014760406549669;0.0;50.76823333333333;2022-08-09T22:00:00Z
0.0363114397702632;0.0031205370721354;0.0017570685316452;0.0;22.301466666666663;2022-08-09T23:00:00Z
0.0408330569114403;0.003759454543006;0.0020138044461077;0.0;27.416866666666667;2022-08-10T00:00:00Z
0.0453632813833447;0.0043925137551749;0.0023097881657181;0.0;33.60028333333333;2022-08-10T01:00:00Z
0.0495912992365073;0.0049524461508381;0.0025949453281109;0.0;36.05011666666666;2022-08-10T02:00:00Z
0.0532170339801011;0.0051964164736023;0.0028271147704386;0.0;40.1336;2022-08-10T03:00:00Z
0.0559868162885325;0.0059525130113651;0.002978116391047;0.0;41.88335;2022-08-10T04:00:00Z
0.0577433432376313;0.0062402601010756;0.0031070114190074;0.0;41.533583333333326;2022-08-10T05:00:00Z
0.058329474913796;0.006193172845183;0.0030905474938475;0.0;35.00106666666667;2022-08-10T06:00:00Z
0.0577485321074605;0.0060597234560145;0.0030715106923057;20.119;43.483916666666666;2022-08-10T07:00:00Z
0.0559803351406688;0.0058208830104764;0.0029876928648165;0.1199999999999999;29.33406666666667;2022-08-10T08:00:00Z
0.0532093998252278;0.0056832714428503;0.0028125144983096;5.119;64.83385;2022-08-10T09:00:00Z
0.0495854424217896;0.0051497903001459;0.002565627249732;0.0;69.50005;2022-08-10T10:00:00Z
0.0453540911514343;0.0044419126010948;0.0023270485957672;0.0;70.0;2022-08-10T11:00:00Z
0.0408310764581878;0.0037923020212968;0.0020257320680916;0.0;48.00131666666666;2022-08-10T12:00:00Z
0.0363080739724512;0.0029389375724376;0.001750247495879;0.0;39.00151666666667;2022-08-10T13:00:00Z
0.0320922003094079;0.0024953979885531;0.0014439751766757;0.0;22.0018;2022-08-10T14:00:00Z
0.0284400302916082;0.0021111797235177;0.0012837012434452;0.0;429.66741666666667;2022-08-10T15:00:00Z
0.0256946064062027;0.0016335020592876;0.0011093010504839;0.0;53.001283333333326;2022-08-10T16:00:00Z
0.0239197356685468;0.0013429705983526;0.0009974889372335;0.0;70.11723333333333;2022-08-10T17:00:00Z
0.02333242907429;0.0012004204170518;0.0009673448957132;0.0;80.45028333333333;2022-08-10T18:00:00Z
0.0239259009316241;0.0013581937631126;0.0009647560747864;0.0;83.68381666666666;2022-08-10T19:00:00Z
0.0256768840902403;0.0014668262329245;0.0010905124990866;0.0;79.43356666666665;2022-08-10T20:00:00Z
0.0284879233636973;0.0020391766121306;0.0012986578562002;0.0;41.50093333333333;2022-08-10T21:00:00Z
0.0320776153289313;0.002565002976503;0.0014555758377631;0.0;432.1175;2022-08-10T22:00:00Z
0.03630881819707;0.0031238509329523;0.0018006655167873;0.0;350.25126666666665;2022-08-10T23:00:00Z
0.0408250807857755;0.003896232946616;0.0020482337893587;0.0;28.70025;2022-08-11T00:00:00Z
0.0453672856796254;0.0043692589568188;0.0022825994072515;0.0;31.966833333333334;2022-08-11T01:00:00Z
0.0495889556521356;0.005075955987136;0.0025823471623505;0.0;34.416799999999995;2022-08-11T02:00:00Z
0.0532182242756554;0.0053072714383813;0.0027801554417326;0.0;34.41675;2022-08-11T03:00:00Z
0.0559901340911788;0.0058632589579341;0.0030049409371432;0.0;32.316733333333325;2022-08-11T04:00:00Z
0.0577285019335823;0.0062423801240406;0.0030646435881634;0.0;33.133783333333334;2022-08-11T05:00:00Z
0.05832130481891;0.0060863588583582;0.0031208108769387;0.0;61.55125;2022-08-11T06:00:00Z
0.0577232038029321;0.006130358639998;0.0030806505248605;20.119;59.96735;2022-08-11T07:00:00Z
0.0559950243215834;0.0058899014820717;0.0029862092968084;0.1199999999999999;70.0;2022-08-11T08:00:00Z
0.0532059210975023;0.0056745486666184;0.0028112179269846;5.118999999999999;28.0007;2022-08-11T09:00:00Z
0.0495905888085958;0.004973873906556;0.002576960654809;0.0;62.00013333333333;2022-08-11T10:00:00Z
0.0453734230884808;0.0045549928819432;0.0023125353136359;0.0;65.6674;2022-08-11T11:00:00Z
0.0408279561416145;0.0037477961091005;0.0020174125471735;0.0;70.001;2022-08-11T12:00:00Z
0.0362850627011228;0.0031965067367155;0.0017017205409391;0.0;70.001;2022-08-11T13:00:00Z
0.0320853205948352;0.0024831700902473;0.0014742031064121;0.0;61.83515;2022-08-11T14:00:00Z
0.0284711395599571;0.0020914538496999;0.0012484231509074;0.0;51.50185;2022-08-11T15:00:00Z
0.0256853861603319;0.0016702162566319;0.0010904961530885;0.0;67.6679;2022-08-11T16:00:00Z
0.0239279470557556;0.0012952695251923;0.0009809908273699;0.0;364.00233333333335;2022-08-11T17:00:00Z
0.0233168651573126;0.0010622064204705;0.0009424189711044;0.0;53.3673;2022-08-11T18:00:00Z
0.0239354429227465;0.0013460311446635;0.0009799264863594;0.0;90.1501;2022-08-11T19:00:00Z
0.0256665119770827;0.0015216051666839;0.0010361343816432;0.0;86.83374999999998;2022-08-11T20:00:00Z
0.0284535776915218;0.0018441032519872;0.0012166551058098;0.0;74.7671;2022-08-11T21:00:00Z
0.0320823370638441;0.0025013812470588;0.0015006775341228;0.0;62.268516666666656;2022-08-11T22:00:00Z
0.0363081411410739;0.003350459535672;0.0017680773717374;0.0;521.8351499999999;2022-08-11T23:00:00Z
0.0408313752051542;0.0037358150024412;0.0020619245924181;0.0;0.0;2022-08-12T00:00:00Z
0.0453577911864942;0.0043843677831645;0.002315086435191;0.0;0.0;2022-08-12T01:00:00Z
0.0495625213278527;0.0050011693826712;0.00261017057463;0.0;0.0;2022-08-12T02:00:00Z
0.0532026913356515;0.005515541225502;0.0027789513288528;0.0;0.0;2022-08-12T03:00:00Z
0.0559762896420178;0.0059622236712236;0.0030001671742482;0.0;0.0;2022-08-12T04:00:00Z
0.0577423340965817;0.0061018431031819;0.0030857391628546;0.0;0.0;2022-08-12T05:00:00Z
0.0583271644878413;0.0062248089651462;0.003138806662639;0.0;0.0;2022-08-12T06:00:00Z
0.0577408753535042;0.006067320749156;0.0031006492292874;0.1199999999999999;0.0;2022-08-12T07:00:00Z
0.0559803616717579;0.0059334239406466;0.0029636223330342;0.1199999999999999;0.0;2022-08-12T08:00:00Z
0.053203232207322;0.0056405734555821;0.0027926753839926;25.118;0.0;2022-08-12T09:00:00Z
0.0496056553937541;0.0050270703071038;0.0026040808481199;0.0;0.0;2022-08-12T10:00:00Z
0.0453653487163479;0.0045169409991207;0.0022814126785653;0.0;0.0;2022-08-12T11:00:00Z
0.040832948944727;0.0035928879640823;0.0020234790172456;0.0;0.0;2022-08-12T12:00:00Z
0.0362956927939489;0.0030765863565365;0.0017379361842686;0.0;0.0;2022-08-12T13:00:00Z
0.0321119182725761;0.0024178776231462;0.0014990855805146;0.0;0.0;2022-08-12T14:00:00Z
0.028466353041008;0.0018852675352637;0.0012457745425898;0.0;0.0;2022-08-12T15:00:00Z
0.0256969746684761;0.0014657762474601;0.0010895042132703;0.0;0.0;2022-08-12T16:00:00Z
0.0239311851810671;0.0013281818101338;0.0009908086859493;0.0;0.0;2022-08-12T17:00:00Z
0.0233412134060075;0.0012101555001942;0.0009376392977704;0.0;0.0;2022-08-12T18:00:00Z
0.0239240335524077;0.0012049147568308;0.0010222978965629;0.0;0.0;2022-08-12T19:00:00Z
0.0256663873843821;0.0016868985130902;0.0010715225297361;0.0;0.0;2022-08-12T20:00:00Z
0.0284685001105253;0.0020590775908523;0.001245858233167;0.0;0.0;2022-08-12T21:00:00Z
0.0320712690760609;0.0022854265491451;0.0014968078842716;0.0;0.0;2022-08-12T22:00:00Z
0.0362918537113226;0.0029957457955104;0.0017246277244919;0.0;0.0;2022-08-12T23:00:00Z
0.0408314644468449;0.0038429251605058;0.0020663386822315;0.0;21.0004;2022-08-13T00:00:00Z
0.0453629143759165;0.004243159062281;0.0022930160822847;0.0;34.30016666666667;2022-08-13T01:00:00Z
0.0495785083709635;0.0047919817717087;0.0025361222463589;0.0;35.0;2022-08-13T02:00:00Z
0.0532294229980423;0.005700783536507;0.0027739673037341;0.0;37.6835;2022-08-13T03:00:00Z
0.0559775570400315;0.0060144004453673;0.0029916639794645;0.0;37.91686666666666;2022-08-13T04:00:00Z
0.0577571123623784;0.0061636159559155;0.0030912851366851;0.0;42.0;2022-08-13T05:00:00Z
0.0583196862974194;0.006182655685401;0.003142500639674;0.0;46.35146666666667;2022-08-13T06:00:00Z
0.0577364248696708;0.0060307098797225;0.0030739261228216;20.119;12.385133333333332;2022-08-13T07:00:00Z
0.0559968510377505;0.0058751719932477;0.002968474800067;0.1199999999999999;70.0;2022-08-13T08:00:00Z
0.0532124585994612;0.0055199751975859;0.002795791670919;5.118999999999999;63.16735;2022-08-13T09:00:00Z
0.0495614791145239;0.0049254337574054;0.0026109622611451;0.0;60.001;2022-08-13T10:00:00Z
0.0453786489215492;0.0043560256197775;0.0023186063753168;0.0;67.834;2022-08-13T11:00:00Z
0.040839468239266;0.0038639431054224;0.0020666259363824;0.0;68.6678;2022-08-13T12:00:00Z
0.0362920112499697;0.0032395351676806;0.0017394909149081;0.0;378.1682;2022-08-13T13:00:00Z
0.0320718242067551;0.002370589954287;0.0014851148805378;0.0;888.3341666666668;2022-08-13T14:00:00Z
0.0284739892497474;0.0021573558553439;0.0012636320151567;0.0;12.001966666666666;2022-08-13T15:00:00Z
0.0256820907388232;0.0015856680091371;0.0010913476964618;0.0;10.001999999999997;2022-08-13T16:00:00Z
0.0239293440374461;0.001433871786507;0.0009821872278216;0.0;10.001533333333333;2022-08-13T17:00:00Z
0.0233348012700627;0.0013210221974896;0.0009184036351518;0.0;77.8675;2022-08-13T18:00:00Z
0.0239420991505902;0.0013285174124698;0.0009963700570784;0.0;67.96726666666666;2022-08-13T19:00:00Z
0.0256687398154041;0.0015298031282089;0.0010960379172699;0.0;90.76668333333332;2022-08-13T20:00:00Z
0.0284589843690557;0.0019151631227803;0.0012449532630717;0.0;83.76723333333332;2022-08-13T21:00:00Z
0.0320766102936455;0.0026310671088583;0.0014607840569073;0.0;81.00201666666666;2022-08-13T22:00:00Z
0.0363015777135744;0.0028005216481352;0.0017893473171482;0.0;32.852066666666666;2022-08-13T23:00:00Z
0.0408393853001312;0.0037799497645587;0.002018248644065;0.0;17.851166666666668;2022-08-14T00:00:00Z
0.0453792809907432;0.0044212332839644;0.0023185175729139;0.0;36.40035;2022-08-14T01:00:00Z
0.0495887199074436;0.0051350212013774;0.0026071447415844;0.0;34.76703333333333;2022-08-14T02:00:00Z
0.0531977941282042;0.0055495020830725;0.0027861106115977;0.0;33.83351666666667;2022-08-14T03:00:00Z
0.0559853909459424;0.0059166292810537;0.0030031828742288;0.0;30.68368333333333;2022-08-14T04:00:00Z
0.0577426030754014;0.0059680943364185;0.0030662041331108;0.0;27.416883333333327;2022-08-14T05:00:00Z
0.0583201980812346;0.0063135583858599;0.00313765538659;0.0;25.300766666666668;2022-08-14T06:00:00Z
0.057751745470339;0.0061962160663152;0.0031024977055449;25.118;16.300116666666668;2022-08-14T07:00:00Z
0.0559960352704221;0.005918151261926;0.0029586443778782;0.1199999999999999;44.00003333333333;2022-08-14T08:00:00Z
0.0532093457118337;0.0054172261540831;0.002779130256208;0.1199999999999999;55.834;2022-08-14T09:00:00Z
0.0495832059424246;0.005016798936175;0.0026113685831298;0.0;66.33345;2022-08-14T10:00:00Z
0.0453562344186684;0.0045087913361459;0.0023118228091396;0.0;57.50115;2022-08-14T11:00:00Z
0.0408297166524025;0.0037954276944097;0.0020377012918618;0.0;60.33513333333333;2022-08-14T12:00:00Z
0.0363057524517639;0.0030434673498219;0.0017353556587143;0.0;67.00105;2022-08-14T13:00:00Z
0.0320862133015328;0.0023748090153408;0.0014597208231148;0.0;68.00103333333334;2022-08-14T14:00:00Z
0.0284526836133094;0.001797524671825;0.0012333063728303;0.0;112.00116666666666;2022-08-14T15:00:00Z
0.0256582510128527;0.0014861111520371;0.0010810408841747;0.0;285.3352333333333;2022-08-14T16:00:00Z
0.0239087976986461;0.0014792844388503;0.0009763687043233;0.0;50.1687;2022-08-14T17:00:00Z
0.0233556517165893;0.0012676500338399;0.0009282206227864;0.0;77.86709999999998;2022-08-14T18:00:00Z
0.023929248955424;0.0010832870463638;0.0009566552713772;0.0;64.88448333333334;2022-08-14T19:00:00Z
0.0256896516741611;0.0017014833317445;0.0010684926759373;0.0;71.00116666666668;2022-08-14T20:00:00Z
0.0284809115074749;0.0020679744355505;0.0012524958738436;0.0;63.16780000000001;2022-08-14T21:00:00Z
0.0320714363742838;0.0026105659482917;0.0014500703916125;0.0;779.2008166666667;2022-08-14T22:00:00Z
0.0363025229363608;0.0031175861587886;0.0017481671879034;0.0;20.6848;2022-08-14T23:00:00Z
0.0408465923076624;0.0037854805342817;0.002061134791636;0.0;23.21748333333333;2022-08-15T00:00:00Z
0.0453551038238003;0.0043911097443053;0.0023198817543686;0.0;42.0;2022-08-15T01:00:00Z
0.0495850131869589;0.005017324011543;0.0025713015536976;0.0;41.3001;2022-08-15T02:00:00Z
0.0532009497358075;0.0053707320662168;0.0028319685501228;0.0;40.95015;2022-08-15T03:00:00Z
0.0559912484243334;0.0059760406054057;0.0029904500942582;0.0;35.46713333333334;2022-08-15T04:00:00Z
0.0577170874059916;0.0062051119579584;0.0030658500757857;0.0;34.7674;2022-08-15T05:00:00Z
0.0583185468768863;0.0062195692160271;0.0031147814019515;0.0;30.5675;2022-08-15T06:00:00Z
0.0577477724801162;0.0064244976800832;0.0030895410832057;20.119;1.8673333333333328;2022-08-15T07:00:00Z
0.0559871102299529;0.0058477915306515;0.002984692877318;0.1199999999999999;20.00103333333333;2022-08-15T08:00:00Z
0.0532210175997774;0.0053275722535106;0.002797618754312;5.119;61.500433333333326;2022-08-15T09:00:00Z
0.049589259037269;0.0048583526466563;0.0025651625428091;0.0;66.3337;2022-08-15T10:00:00Z
0.0453644762255974;0.0044886677334681;0.0022845581138518;0.0;93.33466666666665;2022-08-15T11:00:00Z
0.0408230848472366;0.003701443677778;0.0020269710625143;0.0;60.1684;2022-08-15T12:00:00Z
0.0363139774102412;0.003123444887632;0.0017797916589296;0.0;390.00198333333327;2022-08-15T13:00:00Z
0.0320729980693625;0.0024550555212609;0.0015201171743194;0.0;127.50185;2022-08-15T14:00:00Z
0.0284410500388455;0.0020277938345406;0.0012474162060744;0.0;386.66735;2022-08-15T15:00:00Z
0.0256750055841099;0.0015021754626295;0.0010708406094336;0.0;153.33425;2022-08-15T16:00:00Z
0.0239354276171851;0.0013024750122799;0.0009682672091588;0.0;49.56816666666667;2022-08-15T17:00:00Z
0.0233495695985855;0.0014496197773036;0.0009386894509262;0.0;82.75025;2022-08-15T18:00:00Z
0.0239221258953731;0.0013740128259081;0.0009857588809711;0.0;49.06741666666667;2022-08-15T19:00:00Z
0.0256800334568175;0.0017067900042725;0.0010906441583101;0.0;61.00038333333334;2022-08-15T20:00:00Z
0.0284608125673144;0.0020543025141353;0.0012498055657962;0.0;65.8338;2022-08-15T21:00:00Z
0.0320633946733079;0.0025313107168394;0.0015142336832338;0.0;76.61798333333331;2022-08-15T22:00:00Z
0.0363106478810643;0.0031615512210299;0.0017585665463454;0.0;187.60188333333332;2022-08-15T23:00:00Z
0.0408172071965745;0.0038031438138916;0.0020418153855754;0.0;29.16705;2022-08-16T00:00:00Z
0.0453676524781428;0.0044353953442747;0.002300204860345;0.0;37.80011666666666;2022-08-16T01:00:00Z
0.0495794643962157;0.0050450865847939;0.0025889069367957;0.0;42.117;2022-08-16T02:00:00Z
0.0532016620640551;0.0056516401820678;0.0028189206812701;0.0;41.88345;2022-08-16T03:00:00Z
0.0560129229320459;0.0059999452957969;0.0029897067535545;0.0;32.4336;2022-08-16T04:00:00Z
0.0577304031477895;0.0060841573844431;0.0030730574880834;0.0;32.900416666666665;2022-08-16T05:00:00Z
0.058335034727838;0.006239564854568;0.0030764100426604;0.0;29.284383333333327;2022-08-16T06:00:00Z
0.0577400253579062;0.0060570927857305;0.0030707801096496;5.119;8.517983333333333;2022-08-16T07:00:00Z
0.0559792329874023;0.0058289155266741;0.0029711054300703;20.119;19.3344;2022-08-16T08:00:00Z
0.053194532620487;0.0057249307225102;0.0028199220387595;0.1199999999999999;66.83365;2022-08-16T09:00:00Z
0.0496066687304621;0.0052188614354785;0.0026136359581929;0.0;63.83395;2022-08-16T10:00:00Z
0.0453483585119816;0.0043525839661882;0.00229803785616;0.0;61.66805;2022-08-16T11:00:00Z
0.0408220817088317;0.0038031595652195;0.0019938054774585;0.0;65.0015;2022-08-16T12:00:00Z
0.0362997534875372;0.0030619770965508;0.0017359985632796;0.0;699.6673999999999;2022-08-16T13:00:00Z
0.0320944748565752;0.0025210501748274;0.0014983895962533;0.0;61.50185;2022-08-16T14:00:00Z
0.0284699526433979;0.0018791785365864;0.001254096123254;0.0;64.6682;2022-08-16T15:00:00Z
0.0256975460047705;0.0016496875492706;0.001039014171859;0.0;70.001;2022-08-16T16:00:00Z
0.0239205847317035;0.0013829666863386;0.0009905305278196;0.0;72.10113333333332;2022-08-16T17:00:00Z
0.0233120942794863;0.0013347448772466;0.0009547056557876;0.0;421.2503833333333;2022-08-16T18:00:00Z
0.0239300242607454;0.0011330600991394;0.0009970134209956;0.0;60.9339;2022-08-16T19:00:00Z
0.0256742005984691;0.0017038933346962;0.0010921727179597;0.0;56.43388333333333;2022-08-16T20:00:00Z
0.0284637225041161;0.0018028656159449;0.001270825506251;0.0;36.95113333333333;2022-08-16T21:00:00Z
0.0320752238168669;0.0024267209343282;0.0014694258580117;0.0;20.669016666666668;2022-08-16T22:00:00Z
0.0363104807078603;0.0030992446585214;0.0017747028348656;0.0;23.45225;2022-08-16T23:00:00Z
0.040834371442054;0.003727523186517;0.0020293524784103;0.0;31.0337;2022-08-17T00:00:00Z
0.0453689291945748;0.0044171248136498;0.0023211834797249;0.0;27.88358333333333;2022-08-17T01:00:00Z
0.0495851498733759;0.0049887058581812;0.0025736613315529;0.0;31.150066666666667;2022-08-17T02:00:00Z
0.0532195893271113;0.0055367857162911;0.0028355519776194;0.0;36.86695;2022-08-17T03:00:00Z
0.0559890250959827;0.0059098292763454;0.0029702306647008;0.0;37.80011666666666;2022-08-17T04:00:00Z
0.0577421884636427;0.0064469165036366;0.0031196133484965;0.0;36.51685;2022-08-17T05:00:00Z
0.058326394621337;0.0061471115888566;0.0031085383402847;0.0;35.333666666666666;2022-08-17T06:00:00Z
0.0577315310159318;0.0063564221328509;0.0030661230870979;5.118999999999999;66.83335;2022-08-17T07:00:00Z
0.0559856908333563;0.0058778148671971;0.0029941757133554;20.119;64.66678333333334;2022-08-17T08:00:00Z
0.0532059819084983;0.0054955292123824;0.0027882302257791;0.1199999999999999;70.0;2022-08-17T09:00:00Z
0.0495754351679301;0.0048873777344638;0.002603204577024;0.0;54.00026666666666;2022-08-17T10:00:00Z
0.0453689557593388;0.0043491235934012;0.0023119420660006;0.0;120.00018333333333;2022-08-17T11:00:00Z
0.0408301821089153;0.0037271727175348;0.0020245055773994;0.0;211.33485;2022-08-17T12:00:00Z
0.0362995888149733;0.0030695896828415;0.0017658475430142;0.0;227.33458333333328;2022-08-17T13:00:00Z
0.0320848237892573;0.0025926439363811;0.0014833177510341;0.0;336.6674;2022-08-17T14:00:00Z
0.0284558773412254;0.0020618801317188;0.001274149157448;0.0;69.6677;2022-08-17T15:00:00Z
0.0256748553560322;0.0012826522050522;0.0010684198980676;0.0;353.16740000000004;2022-08-17T16:00:00Z
0.0239379325185878;0.0013932921291482;0.0009832067268309;0.0;12.1854;2022-08-17T17:00:00Z
0.0233403847817538;0.0012063629438208;0.0009411070261075;0.0;24.235233333333333;2022-08-17T18:00:00Z
0.0239432885990007;0.00150602352211;0.0009846882244827;0.0;26.68455;2022-08-17T19:00:00Z
0.0256651082262087;0.0015729118311626;0.001114640924611;0.0;64.11731666666667;2022-08-17T20:00:00Z
0.0284500540857879;0.002098349802117;0.0012507278973196;0.0;84.41698333333333;2022-08-17T21:00:00Z
0.0321054493586838;0.0025764493851016;0.0014694151174962;0.0;80.21774999999998;2022-08-17T22:00:00Z
0.0363106691531981;0.0031693846877895;0.0017285154991359;0.0;53.26816666666666;2022-08-17T23:00:00Z
0.0408501130948506;0.0038324703327685;0.0020363316841195;0.0;19.717766666666662;2022-08-18T00:00:00Z
0.0453716981428439;0.0044559373771071;0.0022791957281476;0.0;26.25093333333333;2022-08-18T01:00:00Z
0.0495876626404994;0.005069787485734;0.002583712169309;0.0;29.866716666666665;2022-08-18T02:00:00Z
0.0531860600698585;0.0056359513901765;0.0028099654670252;0.0;31.500166666666665;2022-08-18T03:00:00Z
0.0560131174257755;0.0059810560875414;0.0029820199581887;0.0;34.53346666666666;2022-08-18T04:00:00Z
0.0577333370511093;0.0061573763413319;0.0030844556812127;0.0;33.01701666666666;2022-08-18T05:00:00Z
0.0583348407832976;0.0062020192205819;0.0030963258332245;0.0;43.25111666666666;2022-08-18T06:00:00Z
0.0577652143742984;0.0062447097139925;0.0030934643757731;0.1199999999999999;46.73421666666666;2022-08-18T07:00:00Z
0.0559734613703102;0.0059351504076931;0.0029929865512792;5.119;44.83385;2022-08-18T08:00:00Z
0.0532083103314186;0.0053131358083155;0.0027849984492626;20.119;60.001;2022-08-18T09:00:00Z
0.0495671204674062;0.0049016337825465;0.0025672982687647;0.0;67.3336;2022-08-18T10:00:00Z
0.0453464371082545;0.0043521705567971;0.0023325989243317;0.0;55.00025;2022-08-18T11:00:00Z
0.040821068011349;0.0038089163407684;0.0020601880112329;0.0;180.6679;2022-08-18T12:00:00Z
0.0363156629034342;0.0031682353308473;0.0017474465591125;0.0;384.66738333333336;2022-08-18T13:00:00Z
0.0320852736687835;0.0024928293190619;0.0015045408560942;0.0;70.001;2022-08-18T14:00:00Z
0.0284749312996628;0.0019901049131082;0.0012532777190172;0.0;70.001;2022-08-18T15:00:00Z
0.0256702706777768;0.0015488703161546;0.0011126794641936;0.0;70.001;2022-08-18T16:00:00Z
0.0239328378709451;0.0013165004007756;0.0009606399856533;0.0;553.3340833333333;2022-08-18T17:00:00Z
0.023331418849624;0.0010766797202821;0.0009818031474006;0.0;40.56785;2022-08-18T18:00:00Z
0.0239303160354142;0.0013429506539373;0.0009840877464925;0.0;33.55121666666667;2022-08-18T19:00:00Z
0.0256731515920616;0.0015694877523791;0.0010901006362821;0.0;24.48545;2022-08-18T20:00:00Z
0.0284635084209798;0.0019685358660283;0.0012540675725249;0.0;64.88405;2022-08-18T21:00:00Z
0.0320893964974563;0.0023783739538683;0.0014760282136903;0.0;16.819366666666667;2022-08-18T22:00:00Z
0.0362939304422461;0.0030022067457708;0.001737671838227;0.0;18.83558333333333;2022-08-18T23:00:00Z
0.0408204965192175;0.0037698312147004;0.0020308575273688;0.0;0.0;2022-08-19T00:00:00Z
0.0453674450187633;0.0043561558452001;0.0023066754174699;0.0;0.0;2022-08-19T01:00:00Z
0.0495932641298435;0.0049725285125235;0.0025559362806803;0.0;0.0;2022-08-19T02:00:00Z
0.0532070087427267;0.0056560184557198;0.0027978281660022;0.0;0.0;2022-08-19T03:00:00Z
0.0559905816318712;0.0058523169164572;0.0029689828075495;0.0;0.0;2022-08-19T04:00:00Z
0.0577334394449374;0.006250043234898;0.0030999886126226;0.0;0.0;2022-08-19T05:00:00Z
0.0583276664136632;0.0060100302053694;0.003124587126978;0.0;0.0;2022-08-19T06:00:00Z
0.0577240476428063;0.0061644245832092;0.0030862747027015;5.119;0.0;2022-08-19T07:00:00Z
0.055966913012304;0.0060657922678332;0.0029552289315431;0.1199999999999999;0.0;2022-08-19T08:00:00Z
0.0532124479363848;0.0055832326534553;0.0028169322558038;20.119;0.0;2022-08-19T09:00:00Z
0.0495835486482583;0.0049178619677095;0.0025860505748142;0.0;0.0;2022-08-19T10:00:00Z
0.0453678050420023;0.0043353019282418;0.002339854764093;0.0;0.0;2022-08-19T11:00:00Z
0.0408489107292112;0.003698567538635;0.0020522119647268;0.0;0.0;2022-08-19T12:00:00Z
0.0362986030915723;0.002998568257793;0.0017589951061483;0.0;0.0;2022-08-19T13:00:00Z
0.0320840449897207;0.0023903600750038;0.0014661281820925;0.0;0.0;2022-08-19T14:00:00Z
0.0284659123103714;0.0019474199922231;0.0012711474962712;0.0;0.0;2022-08-19T15:00:00Z
0.0256860825144037;0.0016931825929121;0.001091183908558;0.0;0.0;2022-08-19T16:00:00Z
0.0239350291979421;0.0011769403279724;0.0009985890261404;0.0;0.0;2022-08-19T17:00:00Z
0.0233196535998755;0.001295705396295;0.0009300297335035;0.0;0.0;2022-08-19T18:00:00Z
0.0239184946929279;0.0013463734617353;0.0010112168495045;0.0;0.0;2022-08-19T19:00:00Z
0.0256838089443285;0.001569125541493;0.0010813650208756;0.0;0.0;2022-08-19T20:00:00Z
0.0284528258312184;0.0018669710357044;0.0012549881370272;0.0;0.0;2022-08-19T21:00:00Z
0.0320766656135539;0.002496905277639;0.0014826312353988;0.0;0.0;2022-08-19T22:00:00Z
0.0363096068223271;0.0031131518730944;0.0017446894517652;0.0;0.0;2022-08-19T23:00:00Z
0.0408300835406115;0.0038335823915742;0.0020322019706679;0.0;18.200266666666668;2022-08-20T00:00:00Z
0.0453590253474972;0.0043956496734104;0.0023237810402724;0.0;34.7669;2022-08-20T01:00:00Z
0.0495736495182287;0.0048641831094562;0.0025783933097331;0.0;40.8335;2022-08-20T02:00:00Z
0.0532158480452926;0.0054110329234406;0.0027910205170471;0.0;39.783583333333326;2022-08-20T03:00:00Z
0.0559976893249358;0.006002752793882;0.0029628503456959;0.0;34.53341666666667;2022-08-20T04:00:00Z
0.0577357373112518;0.0063436442222069;0.0030897160237598;0.0;38.85016666666667;2022-08-20T05:00:00Z
0.0583264478900307;0.0061544437015822;0.0031306646668011;0.0;31.50023333333333;2022-08-20T06:00:00Z
0.0577405447483705;0.0061235036861188;0.0030844340599417;0.1199999999999999;7.816916666666666;2022-08-20T07:00:00Z
0.055993543389089;0.005871293782984;0.0030109100778548;20.119;11.834383333333331;2022-08-20T08:00:00Z
0.053212463812778;0.0056154847187381;0.0028168652831281;5.119;49.16716666666665;2022-08-20T09:00:00Z
0.0495820792593084;0.0049450964895661;0.0025869583865894;0.0;68.50015;2022-08-20T10:00:00Z
0.0453704399054695;0.0043782542395245;0.0023145427973393;0.0;67.50025;2022-08-20T11:00:00Z
0.0408382876599002;0.0038664236054067;0.0020266839160599;0.0;46.66818333333334;2022-08-20T12:00:00Z
0.036294477051023;0.0032482394997929;0.0017335017520872;0.0;135.00133333333332;2022-08-20T13:00:00Z
0.0320712569420218;0.0026911248271943;0.0014606619133168;0.0;62.50116666666666;2022-08-20T14:00:00Z
0.0284638855150149;0.0020925830839258;0.0012399276210137;0.0;64.50113333333334;2022-08-20T15:00:00Z
0.0256786429599265;0.0015075170898142;0.0011069110086278;0.0;862.0012833333332;2022-08-20T16:00:00Z
0.0239518409831594;0.0012541375785636;0.0009347178050376;0.0;120.90126666666664;2022-08-20T17:00:00Z
0.0233401957480926;0.0011983734535938;0.0009539771344823;0.0;79.00076666666665;2022-08-20T18:00:00Z
0.0239330286100055;0.0011545374633874;0.0009654668126917;0.0;87.26686666666666;2022-08-20T19:00:00Z
0.0256679563098292;0.0017405807121761;0.0011200498536815;0.0;89.7668;2022-08-20T20:00:00Z
0.0284647230331203;0.0020762962489957;0.0012554426371275;0.0;74.6174;2022-08-20T21:00:00Z
0.0320968212549893;0.0023811831604024;0.0014838318691928;0.0;44.469;2022-08-20T22:00:00Z
0.0363128934135133;0.0030453648528473;0.0017241242962913;0.0;30.60156666666667;2022-08-20T23:00:00Z
0.0408390951533271;0.0038675710463178;0.002003322341836;0.0;33.716883333333335;2022-08-21T00:00:00Z
0.0453706460205661;0.0044583388473947;0.0023093157916386;0.0;41.18345;2022-08-21T01:00:00Z
0.0495791496986965;0.0050280725040165;0.0025939212922734;0.0;41.18345;2022-08-21T02:00:00Z
0.0531932513131966;0.005312417502845;0.0028014353197599;0.0;41.65005;2022-08-21T03:00:00Z
0.0559754547978816;0.0060542987542385;0.0029889732104881;0.0;35.466783333333325;2022-08-21T04:00:00Z
0.0577467299841311;0.0063164555322967;0.0030930936445502;0.0;32.83375;2022-08-21T05:00:00Z
0.0583470994765253;0.0065394962416488;0.0031258524968472;0.0;22.567533333333333;2022-08-21T06:00:00Z
0.0577252104495308;0.0059516126135391;0.0030738175379568;20.119;48.75056666666666;2022-08-21T07:00:00Z
0.0559913144978852;0.0057770010511939;0.0029685945583956;5.119;66.50035;2022-08-21T08:00:00Z
0.0532046978344698;0.0055105730490228;0.0027774701796324;0.1199999999999999;67.0003;2022-08-21T09:00:00Z
0.0495777250700449;0.0052393418307035;0.0025668791760978;0.0;69.83335;2022-08-21T10:00:00Z
0.0453476782857838;0.0043966698297792;0.0023087868766696;0.0;403.3334833333333;2022-08-21T11:00:00Z
0.0408459571237558;0.0038478104190812;0.0019970389830433;0.0;320.00075000000004;2022-08-21T12:00:00Z
0.0363132406977145;0.0030006461669247;0.0017368573746389;0.0;68.83445;2022-08-21T13:00:00Z
0.0320732561430492;0.0025188232642598;0.001477025490996;0.0;448.8344;2022-08-21T14:00:00Z
0.0284618302827702;0.0018190570813835;0.0012599916860416;0.0;70.001;2022-08-21T15:00:00Z
0.0256675163521248;0.0016214329424456;0.00111251697189;0.0;70.001;2022-08-21T16:00:00Z
0.0239390031087186;0.0012568964665394;0.0010043648538571;0.0;125.25055;2022-08-21T17:00:00Z
0.0233323917478468;0.0012259931748521;0.0009073792710432;0.0;87.85013333333333;2022-08-21T18:00:00Z
0.0239264846299639;0.0013633624890537;0.0009646681149053;0.0;80.13395;2022-08-21T19:00:00Z
0.0256871183391078;0.0016551439734279;0.0010494852211589;0.0;45.4009;2022-08-21T20:00:00Z
0.0284631095404236;0.0020101067310392;0.001252876547342;0.0;25.168083333333332;2022-08-21T21:00:00Z
0.032085678334795;0.0025120011838114;0.0014980567006505;0.0;25.352216666666667;2022-08-21T22:00:00Z
0.0363219877211204;0.0031475682183366;0.0017651408657597;0.0;19.13481666666667;2022-08-21T23:00:00Z
0.0408335864038388;0.003774528886574;0.0019956251311233;0.0;30.91685;2022-08-22T00:00:00Z
0.0453572826791572;0.0043454100452487;0.0023238244804186;0.0;40.71685;2022-08-22T01:00:00Z
0.0495792500122104;0.0050075928451748;0.0025787177402712;0.0;35.116883333333334;2022-08-22T02:00:00Z
0.0531914446505955;0.0055258025987098;0.0028147709449314;0.0;35.00005;2022-08-22T03:00:00Z
0.055994086291674;0.0058555370812672;0.0029442431475557;0.0;31.9667;2022-08-22T04:00:00Z
0.0577363822405522;0.00597131620419;0.0030946210779919;0.0;32.90005;2022-08-22T05:00:00Z
0.0583259947941474;0.0063284678442602;0.0031006291946093;0.0;23.10013333333333;2022-08-22T06:00:00Z
0.0577496921373574;0.0059886970993473;0.0030960264614005;5.119;0.7007833333333333;2022-08-22T07:00:00Z
0.0559947030436274;0.0058238045784981;0.0030078438771108;20.119;56.000966666666656;2022-08-22T08:00:00Z
0.0532196274744496;0.0054976454905488;0.0027998135501064;0.1199999999999999;68.6668;2022-08-22T09:00:00Z
0.0495855404091708;0.0047689334757167;0.0025257237153533;0.0;19.00085;2022-08-22T10:00:00Z
0.0453660812961387;0.0042739671250386;0.0023133382010166;0.0;21.16775;2022-08-22T11:00:00Z
0.0408322406647338;0.0037986774250698;0.0020115730852355;0.0;160.33526666666663;2022-08-22T12:00:00Z
0.0362997450597809;0.0029842890938933;0.0017556936664472;0.0;582.8342;2022-08-22T13:00:00Z
0.0320981147916371;0.0026270304748015;0.0015096950641472;0.0;65.83475;2022-08-22T14:00:00Z
0.0284623886546257;0.002007610701929;0.0012643939837593;0.0;70.001;2022-08-22T15:00:00Z
0.0256885091835084;0.0017138852141029;0.0010904756505873;0.0;123.66781666666667;2022-08-22T16:00:00Z
0.0239290004267092;0.0011322872660524;0.0009858389598374;0.0;423.28395;2022-08-22T17:00:00Z
0.0233332157205752;0.0012623570985469;0.0009233768120518;0.0;83.38389999999998;2022-08-22T18:00:00Z
0.0239256391003111;0.0013848541460213;0.0009724973586523;0.0;88.6669;2022-08-22T19:00:00Z
0.0256808950186367;0.0016269959462173;0.0010824887463839;0.0;88.7667;2022-08-22T20:00:00Z
0.0284672572441925;0.0019208854559775;0.0012496824410729;0.0;57.8006;2022-08-22T21:00:00Z
0.0320749279508681;0.0022925027554407;0.0014735247024479;0.0;53.76831666666667;2022-08-22T22:00:00Z
0.0363018327226468;0.0030616636209384;0.0017673112039324;0.0;31.951233333333327;2022-08-22T23:00:00Z
0.040823304449275;0.0037314056384385;0.0020415063933191;0.0;20.417283333333334;2022-08-23T00:00:00Z
0.0453749568416844;0.0042896525276763;0.0023257902160807;0.0;32.083433333333325;2022-08-23T01:00:00Z
0.0495818637117213;0.0050776236297415;0.0025716628660346;0.0;36.05015;2022-08-23T02:00:00Z
0.0532076442055105;0.005580357342782;0.0028163647831497;0.0;36.63343333333333;2022-08-23T03:00:00Z
0.0559999403200284;0.0059666014186344;0.003019873052663;0.0;29.7502;2022-08-23T04:00:00Z
0.0577375100078307;0.0061594430052629;0.0030923137302245;0.0;66.16671666666667;2022-08-23T05:00:00Z
0.0583251738797595;0.0063130553276287;0.0031406984653952;0.0;89.0501;2022-08-23T06:00:00Z
0.0577451064532591;0.0062292020767057;0.0031043401985439;0.1199999999999999;65.60028333333332;2022-08-23T07:00:00Z
0.055996160905964;0.0057375182608354;0.0030227686693034;20.119;60.001;2022-08-23T08:00:00Z
0.0532054349901882;0.0054271403252848;0.0028211761028197;5.119;60.001;2022-08-23T09:00:00Z
0.0496064113436335;0.0050180362246476;0.002528642950153;0.0;66.83365;2022-08-23T10:00:00Z
0.0453456139632153;0.0045060147324311;0.0023556018216331;0.0;70.0;2022-08-23T11:00:00Z
0.0408381397821553;0.0037865947271171;0.0020241858131418;0.0;70.00081666666667;2022-08-23T12:00:00Z
0.0363064268452879;0.003211053437751;0.0017592603086074;0.0;203.3342;2022-08-23T13:00:00Z
0.0320912192053588;0.0024481113457503;0.001506417387228;0.0;270.0008;2022-08-23T14:00:00Z
0.0284477430010621;0.0019794734847383;0.0012310428072317;0.0;103.001;2022-08-23T15:00:00Z
0.0256676267139421;0.0016430520084323;0.0011136767487682;0.0;598.3344500000001;2022-08-23T16:00:00Z
0.0239414260221752;0.00132056720034;0.0009637307878336;0.0;250.00145;2022-08-23T17:00:00Z
0.0233512649548928;0.0013075798031324;0.0009242427905397;0.0;37.401516666666666;2022-08-23T18:00:00Z
0.0239379940293553;0.0014742020478961;0.0010001740132355;0.0;39.16785;2022-08-23T19:00:00Z
0.0256773407134575;0.0016611796469412;0.0010730285506731;0.0;63.00121666666667;2022-08-23T20:00:00Z
0.0284549621223734;0.0019893065382406;0.0013097494005881;0.0;40.20178333333333;2022-08-23T21:00:00Z
0.0320726804803173;0.0025147516768215;0.0014864195815436;0.0;84.73478333333334;2022-08-23T22:00:00Z
0.0363018877028127;0.0032431420723498;0.0017353175544721;0.0;42.63563333333333;2022-08-23T23:00:00Z
0.0408251531029639;0.0038398197337602;0.0020615273647474;0.0;33.13336666666667;2022-08-24T00:00:00Z
0.045358495258012;0.0044767606002767;0.0023066764241378;0.0;41.183433333333326;2022-08-24T01:00:00Z
0.0495641385375111;0.0050236744588852;0.0025874728088635;0.0;35.46675;2022-08-24T02:00:00Z
0.0532047602368339;0.00547311760972;0.0028015767171502;0.0;43.40011666666666;2022-08-24T03:00:00Z
0.0559918471818672;0.0058969298997413;0.0029696215587339;0.0;34.30008333333333;2022-08-24T04:00:00Z
0.0577403121538233;0.0061456223443196;0.0030939207044051;0.0;33.6001;2022-08-24T05:00:00Z
0.0583244725245883;0.0060411585862148;0.003137861579248;0.0;20.65005;2022-08-24T06:00:00Z
0.0577275760110691;0.0061853932878665;0.0030990993363028;5.119;0.4669333333333333;2022-08-24T07:00:00Z
0.0559856104603699;0.0058953805031563;0.0029957168455874;20.119;31.00078333333333;2022-08-24T08:00:00Z
0.0531944845526796;0.0055639945833918;0.0027986783966374;0.1199999999999999;68.83345;2022-08-24T09:00:00Z
0.0495701213532709;0.0051569232067952;0.002564372587446;0.0;57.66698333333333;2022-08-24T10:00:00Z
0.0453737454111153;0.0043300694546611;0.0022942271566756;0.0;70.00023333333333;2022-08-24T11:00:00Z
0.0408393227108649;0.0038633319626418;0.0020407714392056;0.0;66.3347;2022-08-24T12:00:00Z
0.0363075661504571;0.0030259088594404;0.0017471990836906;0.0;62.3351;2022-08-24T13:00:00Z
0.032090010834377;0.0023556421039717;0.001483287369659;0.0;183.66785;2022-08-24T14:00:00Z
0.0284608132747498;0.0020084356001671;0.0012663821240564;0.0;70.001;2022-08-24T15:00:00Z
0.0256689771439684;0.0015950519666752;0.0010766749569716;0.0;286.66745000000003;2022-08-24T16:00:00Z
0.0239166420188685;0.001288463444943;0.0009863992001722;0.0;393.66726666666654;2022-08-24T17:00:00Z
0.0233441706354874;0.0014000484219376;0.0009918767962142;0.0;59.01716666666666;2022-08-24T18:00:00Z
0.0239134827116085;0.0013114632777063;0.0009882831436078;0.0;75.21688333333331;2022-08-24T19:00:00Z
0.0256738323358409;0.0014705079703477;0.0010676536916306;0.0;62.00036666666666;2022-08-24T20:00:00Z
0.0284537112785236;0.0020852603298405;0.0012275357986426;0.0;23.784566666666663;2022-08-24T21:00:00Z
0.0320747882468174;0.0024061246368381;0.0015137603726996;0.0;46.8353;2022-08-24T22:00:00Z
0.0363028372876209;0.0033452679392324;0.001784809674703;0.0;359.9179;2022-08-24T23:00:00Z
0.0408376906993517;0.003682022316522;0.0019833945156686;0.0;28.934183333333333;2022-08-25T00:00:00Z
0.0453448371115038;0.0043148934527254;0.0022988343716723;0.0;35.700533333333325;2022-08-25T01:00:00Z
0.0495699674219816;0.0049401938520499;0.0026291614685861;0.0;42.467016666666666;2022-08-25T02:00:00Z
0.053214236757378;0.0054282330616279;0.0028153711960452;0.0;32.08443333333334;2022-08-25T03:00:00Z
0.0559992839777121;0.0059586421477736;0.0029644825041744;0.0;33.367;2022-08-25T04:00:00Z
0.0577430287893599;0.0061396556171659;0.003069631136075;0.0;28.2336;2022-08-25T05:00:00Z
0.0583484738090143;0.0064232537556223;0.0031267160796985;0.0;27.300616666666663;2022-08-25T06:00:00Z
0.0577389758760055;0.0060282734743913;0.0030650091692922;0.1199999999999999;38.18465;2022-08-25T07:00:00Z
0.0559926097439054;0.0059632717373185;0.0029802370939941;20.119;34.8341;2022-08-25T08:00:00Z
0.0532080351697045;0.0054058749228832;0.0028063723374514;5.119;70.0;2022-08-25T09:00:00Z
0.049589886702857;0.0050821273773284;0.0025892487917465;0.0;68.83345;2022-08-25T10:00:00Z
0.0453527323083653;0.0044402041601756;0.002301176669025;0.0;136.3335833333333;2022-08-25T11:00:00Z
0.04082943916191;0.0037487649929482;0.0020179495396733;0.0;70.001;2022-08-25T12:00:00Z
0.036309274045093;0.0030797743468276;0.001760763105116;0.0;70.001;2022-08-25T13:00:00Z
0.0320823188426201;0.0024338114823983;0.0014818624799019;0.0;70.001;2022-08-25T14:00:00Z
0.0284610502205335;0.0020375311393965;0.0012686112693096;0.0;803.3336;2022-08-25T15:00:00Z
0.0256828142522184;0.0014409712021289;0.0010625476895038;0.0;70.001;2022-08-25T16:00:00Z
0.0239223278495482;0.0014587568346035;0.0009575498310065;0.0;77.00053333333332;2022-08-25T17:00:00Z
0.0233317341720386;0.0011632852742917;0.0009667518911395;0.0;29.600966666666665;2022-08-25T18:00:00Z
0.0239409156157925;0.0015685212971774;0.000970861625047;0.0;29.4512;2022-08-25T19:00:00Z
0.0256722398846331;0.0015841392282655;0.001078775333713;0.0;28.967866666666666;2022-08-25T20:00:00Z
0.0284545293884079;0.0019520285063186;0.0012187994706964;0.0;24.18475;2022-08-25T21:00:00Z
0.032075959655503;0.0024384617385873;0.0014968906973885;0.0;241.88521666666668;2022-08-25T22:00:00Z
0.0363061951578511;0.0032351993718156;0.0017355842425382;0.0;79.38565000000001;2022-08-25T23:00:00Z
0.0408418310457123;0.0035786626267507;0.0020137800773784;0.0;0.0;2022-08-26T00:00:00Z
0.0453629706715609;0.0044066696944656;0.002321167886189;0.0;0.0;2022-08-26T01:00:00Z
0.0495840381039829;0.0048747582331415;0.0025695810004884;0.0;0.0;2022-08-26T02:00:00Z
0.0532064514003236;0.0055226043117399;0.0027904311333067;0.0;0.0;2022-08-26T03:00:00Z
0.055978665586331;0.0058089394925289;0.002978306186127;0.0;0.0;2022-08-26T04:00:00Z
0.0577318344643618;0.0062388794728682;0.0031077368481421;0.0;0.0;2022-08-26T05:00:00Z
0.0583210376978994;0.0063007703935073;0.003108248834947;0.0;0.0;2022-08-26T06:00:00Z
0.0577114388704588;0.0060133542105842;0.0030855148082613;0.1199999999999999;0.0;2022-08-26T07:00:00Z
0.0559905047538805;0.0060467321750467;0.0029557564318562;0.1199999999999999;0.0;2022-08-26T08:00:00Z
0.0532064383735629;0.0054393484320254;0.0027935990510557;25.118;0.0;2022-08-26T09:00:00Z
0.0495724385167022;0.0050345984606728;0.0025770604703705;0.0;0.0;2022-08-26T10:00:00Z
0.0453785500333654;0.0043289940733295;0.0023307488506998;0.0;0.0;2022-08-26T11:00:00Z
0.0408369629075179;0.0037790219378543;0.0020453107439052;0.0;0.0;2022-08-26T12:00:00Z
0.0362958162639162;0.0031880737151251;0.0017402351140752;0.0;0.0;2022-08-26T13:00:00Z
0.0320829713181691;0.0022816671844154;0.0014908599607182;0.0;0.0;2022-08-26T14:00:00Z
0.0284804939214138;0.001896047825706;0.0012414245800449;0.0;0.0;2022-08-26T15:00:00Z
0.0256740964697592;0.0015592711331205;0.0010927295374018;0.0;0.0;2022-08-26T16:00:00Z
0.0239488827029054;0.0013761501176653;0.0009893968527077;0.0;0.0;2022-08-26T17:00:00Z
0.0233445556799894;0.0013149071159809;0.000904700755735;0.0;0.0;2022-08-26T18:00:00Z
0.0239251534544858;0.0013120108685363;0.0009191255256263;0.0;0.0;2022-08-26T19:00:00Z
0.0256718870883018;0.001620356889696;0.0010819351112561;0.0;0.0;2022-08-26T20:00:00Z
0.0284618829180718;0.0017640270999715;0.0012777299436395;0.0;0.0;2022-08-26T21:00:00Z
0.0320875857206751;0.0024875551552353;0.0015009804902142;0.0;0.0;2022-08-26T22:00:00Z
0.0363119679960973;0.0032014053125798;0.0017264183069709;0.0;0.0;2022-08-26T23:00:00Z
0.0408302433979587;0.0038688753627701;0.002030341141435;0.0;23.916883333333327;2022-08-27T00:00:00Z
0.0453605731806733;0.0043702384773945;0.0023199258347398;0.0;37.800266666666666;2022-08-27T01:00:00Z
0.0495853565751896;0.0050955877759896;0.0026154187798796;0.0;41.76685;2022-08-27T02:00:00Z
0.0532124540983239;0.0055791389008971;0.0027999672157282;0.0;43.75013333333333;2022-08-27T03:00:00Z
0.055978239422107;0.0057879223017135;0.0030059788011816;0.0;41.53351666666666;2022-08-27T04:00:00Z
0.0577420632238822;0.0061085374263346;0.0031128368274455;0.0;37.45025;2022-08-27T05:00:00Z
0.0583215567252525;0.0063080524102178;0.003108888863843;0.0;33.95033333333333;2022-08-27T06:00:00Z
0.0577367498832824;0.0062110353557928;0.0030910002243772;0.1199999999999999;27.550583333333332;2022-08-27T07:00:00Z
0.0560059005278314;0.0062271769558551;0.0029931131313117;0.1199999999999999;68.50008333333334;2022-08-27T08:00:00Z
0.0531964142792038;0.0054187596433505;0.0027992820149137;25.118;70.0;2022-08-27T09:00:00Z
0.0495813452405592;0.0050981427732833;0.0025598871048621;0.0;70.0;2022-08-27T10:00:00Z
0.045380164083684;0.0042944494634708;0.0023349850787385;0.0;70.00038333333333;2022-08-27T11:00:00Z
0.04081898565079;0.0037766551368101;0.0020095286656291;0.0;183.00108333333327;2022-08-27T12:00:00Z
0.036302379739455;0.0030758321918562;0.0017604088328843;0.0;49.66826666666666;2022-08-27T13:00:00Z
0.0320932225753672;0.0025031600730184;0.0014737009775636;0.0;55.00125;2022-08-27T14:00:00Z
0.0284591408048481;0.0018781840531384;0.0012868692028654;0.0;381.33436666666665;2022-08-27T15:00:00Z
0.0256701670928027;0.0015543678763631;0.0010804152350246;0.0;9.668699999999998;2022-08-27T16:00:00Z
0.0239410975177126;0.0011984635484794;0.0009792028057453;0.0;112.50166666666668;2022-08-27T17:00:00Z
0.0233385395721083;0.0012724974390977;0.0009323901170108;0.0;37.73486666666666;2022-08-27T18:00:00Z
0.0239373505901254;0.0013290637971174;0.0009344537659559;0.0;27.51793333333333;2022-08-27T19:00:00Z
0.025658774376182;0.0016913254145337;0.0010765031074927;0.0;23.5344;2022-08-27T20:00:00Z
0.028456419615481;0.0021367338978284;0.001240156012594;0.0;62.98411666666666;2022-08-27T21:00:00Z
0.0320667605908747;0.0024351916688368;0.0014800259215045;0.0;441.16803333333337;2022-08-27T22:00:00Z
0.0363155294485251;0.0030465135165571;0.0017484608651569;0.0;131.20114999999998;2022-08-27T23:00:00Z
0.0408377281742517;0.0036342816147563;0.0020612728630855;0.0;26.017183333333328;2022-08-28T00:00:00Z
0.0453717831952405;0.0044637947569551;0.0023123834094583;0.0;34.65026666666667;2022-08-28T01:00:00Z
0.0495804637873883;0.0047424600658899;0.0026029859216787;0.0;35.35025;2022-08-28T02:00:00Z
0.0532052595621562;0.005628454692738;0.0027984482280241;0.0;45.03345;2022-08-28T03:00:00Z
0.0559847653354715;0.0056765701106147;0.003001412331549;0.0;36.7504;2022-08-28T04:00:00Z
0.0577205450274078;0.0060071849817449;0.0030960979142214;0.0;42.46695;2022-08-28T05:00:00Z
0.0583309251465526;0.0065236093195879;0.0031252962958938;0.0;30.584466666666668;2022-08-28T06:00:00Z
0.0577577415087675;0.0062869263979945;0.0030832238179265;5.119;6.150966666666667;2022-08-28T07:00:00Z
0.0559856554724712;0.0057697376113778;0.0029748354156623;20.119;40.000083333333336;2022-08-28T08:00:00Z
0.0532088468897223;0.0056127120675221;0.0028221393280152;0.1199999999999999;64.0001;2022-08-28T09:00:00Z
0.0495771348512321;0.0051288132782785;0.0025961353366809;0.0;58.16701666666666;2022-08-28T10:00:00Z
0.0453561630414683;0.0043030597523733;0.0022962585753663;0.0;58.0002;2022-08-28T11:00:00Z
0.0408192607445277;0.0036874191748014;0.0020654761334884;0.0;200.00085;2022-08-28T12:00:00Z
0.0363038668473481;0.003032219918672;0.0017601438772949;0.0;461.50095;2022-08-28T13:00:00Z
0.0320746317436422;0.0024779735367094;0.0015008354477302;0.0;63.335;2022-08-28T14:00:00Z
0.0284641968097134;0.002050141294999;0.0012534362572162;0.0;216.16846666666663;2022-08-28T15:00:00Z
0.0256678704930132;0.0015436573294164;0.0010959991930491;0.0;149.00125;2022-08-28T16:00:00Z
0.0239370753545626;0.0012510050824603;0.0009915006694521;0.0;198.35126666666665;2022-08-28T17:00:00Z
0.0233271547350415;0.0012373170418332;0.0009503988282371;0.0;204.43398333333332;2022-08-28T18:00:00Z
0.0239270575093606;0.0012088789487003;0.0009620461926784;0.0;87.25023333333334;2022-08-28T19:00:00Z
0.0256746321668439;0.0015987583030431;0.0011092248747964;0.0;84.93358333333333;2022-08-28T20:00:00Z
0.0284683644825141;0.0020202937605817;0.0012379228069929;0.0;72.60096666666665;2022-08-28T21:00:00Z
0.0320718272858372;0.0025393067408537;0.0014843324518642;0.0;62.16935;2022-08-28T22:00:00Z
0.0362973613743333;0.0030190041408293;0.0017372184489929;0.0;23.835416666666664;2022-08-28T23:00:00Z
0.0408515968983828;0.0036158800806939;0.002039666312116;0.0;32.31693333333333;2022-08-29T00:00:00Z
0.0453545377027458;0.0039409297974124;0.0023026348861647;0.0;39.90008333333333;2022-08-29T01:00:00Z
0.0495860478037662;0.0050239306413433;0.0025758571025744;0.0;34.300333333333334;2022-08-29T02:00:00Z
0.0531960510991645;0.0055287123648866;0.0027764300629558;0.0;41.183433333333326;2022-08-29T03:00:00Z
0.0560141868661053;0.0060480319823004;0.0030134274215202;0.0;42.816983333333326;2022-08-29T04:00:00Z
0.0577419142401175;0.0061185319300616;0.0031010312149391;0.0;32.6668;2022-08-29T05:00:00Z
0.0583234783846964;0.0063620569281307;0.0031320866049396;0.0;23.333766666666666;2022-08-29T06:00:00Z
0.0577484468165877;0.0061050953017668;0.0031149924534131;0.1199999999999999;7.184283333333334;2022-08-29T07:00:00Z
0.0559949105258605;0.0059481780332239;0.0029336000499445;0.1199999999999999;10.001;2022-08-29T08:00:00Z
0.0531924191895833;0.0054748099120533;0.0028369101177431;25.118;49.500633333333326;2022-08-29T09:00:00Z
0.0496092705505962;0.0048167733623509;0.0026147294529768;0.0;65.0005;2022-08-29T10:00:00Z
0.04535581951679;0.0044544584992501;0.0023364944403362;0.0;70.00045;2022-08-29T11:00:00Z
0.0408400085294283;0.003694652911548;0.0020496845003437;0.0;70.001;2022-08-29T12:00:00Z
0.0363172316202312;0.0030731561655245;0.0017368417528325;0.0;68.6678;2022-08-29T13:00:00Z
0.032094081787604;0.0024462565636263;0.0014954917089828;0.0;24.669116666666667;2022-08-29T14:00:00Z
0.02846455975205;0.0020461595093069;0.0012188419591972;0.0;203.3342;2022-08-29T15:00:00Z
0.0256882407016858;0.0014776470450369;0.0010903297535168;0.0;62.83505;2022-08-29T16:00:00Z
0.0239393830153557;0.0012999683208836;0.0009418569512624;0.0;595.0517833333333;2022-08-29T17:00:00Z
0.0233379724519222;0.0011492522280978;0.0009139170931994;0.0;126.3672;2022-08-29T18:00:00Z
0.0239275847638454;0.0013385385421;0.0009803061141107;0.0;91.0;2022-08-29T19:00:00Z
0.0256837417685408;0.0015732707932143;0.0010984165188768;0.0;92.9334;2022-08-29T20:00:00Z
0.0284492668616883;0.0019925474364957;0.0012694645092364;0.0;75.40076666666667;2022-08-29T21:00:00Z
0.0320676235003439;0.0024729178987935;0.0014942999604947;0.0;24.219466666666666;2022-08-29T22:00:00Z
0.0362950160797968;0.0030383449063168;0.0017684078322232;0.0;150.43605000000002;2022-08-29T23:00:00Z
0.0408293682905953;0.0038005136854937;0.0020229301383889;0.0;28.58355;2022-08-30T00:00:00Z
0.0453697908693272;0.0045690514934169;0.0023063048652298;0.0;32.550349999999995;2022-08-30T01:00:00Z
0.0495782131818942;0.0047476172106256;0.0025620288626909;0.0;34.766733333333335;2022-08-30T02:00:00Z
0.0532059416675685;0.0053621714653119;0.0027973341108735;0.0;33.716899999999995;2022-08-30T03:00:00Z
0.0559907324163276;0.0057626182060013;0.002904900307786;0.0;37.566966666666666;2022-08-30T04:00:00Z
0.0577416588518096;0.0062183099694756;0.0030864238885437;0.0;34.18395;2022-08-30T05:00:00Z
0.0583358715095054;0.0062639797686514;0.0031009789209066;0.0;56.03435;2022-08-30T06:00:00Z
0.0577394683165124;0.0061586948787835;0.0031082307771457;25.118;37.01823333333333;2022-08-30T07:00:00Z
0.0559809625336646;0.00585158317857;0.0029827168178325;0.1199999999999999;31.33403333333333;2022-08-30T08:00:00Z
0.0531986613717695;0.0056485352843408;0.0028002516341372;0.1199999999999999;61.3342;2022-08-30T09:00:00Z
0.0495954482602368;0.0049763356897938;0.0025738651883373;0.0;66.16705;2022-08-30T10:00:00Z
0.0453705856088533;0.00457130054422;0.0023111755665681;0.0;70.00036666666665;2022-08-30T11:00:00Z
0.0408341341809279;0.0039260778231952;0.0020121865006004;0.0;403.334;2022-08-30T12:00:00Z
0.0362998021077776;0.0030874762483362;0.0017593915014208;0.0;616.66745;2022-08-30T13:00:00Z
0.0320793519765667;0.0024648522799611;0.0014660364821797;0.0;27.168783333333334;2022-08-30T14:00:00Z
0.028464121037609;0.0018864207309295;0.0012424880795706;0.0;40.50203333333334;2022-08-30T15:00:00Z
0.0256801215834828;0.0016285450882507;0.0010758892557852;0.0;67.50125;2022-08-30T16:00:00Z
0.023916505875612;0.0012946264461916;0.0009602347427727;0.0;42.518366666666665;2022-08-30T17:00:00Z
0.0233352699430635;0.0012490118589051;0.0009152249120715;0.0;63.23391666666667;2022-08-30T18:00:00Z
0.0239436125116326;0.0013831964744239;0.0009985514921325;0.0;80.45071666666665;2022-08-30T19:00:00Z
0.0256865549929868;0.0015807904812099;0.0010701958321767;0.0;83.35036666666667;2022-08-30T20:00:00Z
0.0284605300403292;0.0019972490881615;0.0012588285909942;0.0;30.117566666666665;2022-08-30T21:00:00Z
0.032086536195004;0.0025738609309575;0.0014627995060489;0.0;49.56841666666666;2022-08-30T22:00:00Z
0.0362777165484086;0.0030870042354009;0.0017374569556131;0.0;87.03489999999998;2022-08-30T23:00:00Z
0.0408465661549376;0.0036994237105287;0.0020313395463379;0.0;20.30075;2022-08-31T00:00:00Z
0.045374110185907;0.0044424946853072;0.0022716337875316;0.0;27.883916666666664;2022-08-31T01:00:00Z
0.0495920045125297;0.0049755181348485;0.0025767767391756;0.0;28.350383333333333;2022-08-31T02:00:00Z
0.0531939529839112;0.0054920717571422;0.00284604373976;0.0;35.00031666666666;2022-08-31T03:00:00Z
0.0559735087573964;0.0058924980876302;0.0030026647168518;0.0;26.71685;2022-08-31T04:00:00Z
0.0577371698170773;0.0063494949390927;0.0030847837267846;0.0;28.35003333333333;2022-08-31T05:00:00Z
0.058346686851135;0.0063292720559538;0.0031315953260908;0.0;30.10025;2022-08-31T06:00:00Z
0.0577343980284992;0.0061063435338738;0.003053482205066;0.1199999999999999;29.40018333333333;2022-08-31T07:00:00Z
0.0559902270996549;0.0058232967744261;0.0029702281472851;25.118;66.33355;2022-08-31T08:00:00Z
0.0532209685776935;0.0054908362269285;0.0027982475529341;0.1199999999999999;61.00065;2022-08-31T09:00:00Z
0.0495862764865694;0.0048928601818257;0.0025699594398541;0.0;65.66701666666667;2022-08-31T10:00:00Z
0.0453803537572811;0.0042909838246818;0.0022968535058407;0.0;60.00053333333334;2022-08-31T11:00:00Z
0.0408285151244494;0.0037260662204951;0.0020084401023237;0.0;68.0012;2022-08-31T12:00:00Z
0.0362968541846517;0.003055789948599;0.0017663080012248;0.0;673.1678166666667;2022-08-31T13:00:00Z
0.0320772253713333;0.002526340667324;0.0014613932501482;0.0;309.8345166666667;2022-08-31T14:00:00Z
0.0284630624927754;0.0018927822963736;0.0012381212361417;0.0;61.001566666666655;2022-08-31T15:00:00Z
0.025676435955003;0.001731890852232;0.0010800395339762;0.0;63.16793333333334;2022-08-31T16:00:00Z
0.0239432982362485;0.0014550763921255;0.0009511329724317;0.0;237.66765;2022-08-31T17:00:00Z
0.0233392094391461;0.0012252346852916;0.000935389504997;0.0;80.11716666666666;2022-08-31T18:00:00Z
0.0239304572107112;0.0009996053077075;0.0009468492613129;0.0;84.16693333333333;2022-08-31T19:00:00Z
0.0256756254190069;0.0014646272238216;0.0010895324812444;0.0;84.96693333333334;2022-08-31T20:00:00Z
0.0284629349172248;0.0018877593448918;0.0012745192391003;0.0;87.53341666666665;2022-08-31T21:00:00Z
0.0320824620390713;0.0024914819857393;0.0014767498035903;0.0;62.000966666666656;2022-08-31T22:00:00Z
0.0363194339423211;0.0030164918556116;0.0017306857122335;0.0;24.767816666666665;2022-08-31T23:00:00Z
0.0408295706968485;0.0039167246004357;0.0020550754776704;0.0;23.333866666666665;2022-09-01T00:00:00Z
0.0453683453272183;0.0043657901015429;0.0023168092760306;0.0;31.6172;2022-09-01T01:00:00Z
0.0495930328472206;0.0050879801016192;0.0025597810002663;0.0;31.73345;2022-09-01T02:00:00Z
0.0531896101761167;0.0055597001693208;0.0027866573004865;0.0;25.9003;2022-09-01T03:00:00Z
0.0559900055535222;0.0060133017823468;0.0029632291097501;0.0;27.53368333333333;2022-09-01T04:00:00Z
0.0577481211175848;0.0062568712059782;0.0031151045731288;0.0;22.75091666666667;2022-09-01T05:00:00Z
0.0583447782898393;0.0059609037339713;0.0031466828510622;0.0;26.017333333333333;2022-09-01T06:00:00Z
0.0577258231133114;0.0061217146073356;0.003090999609881;0.1199999999999999;41.13443333333333;2022-09-01T07:00:00Z
0.055982202032687;0.0059650409622461;0.0029764072648361;0.1199999999999999;5.668100000000001;2022-09-01T08:00:00Z
0.0531962634126651;0.0055508433579919;0.0028101079961167;25.118;51.83373333333333;2022-09-01T09:00:00Z
0.0495894477828519;0.0049480268655943;0.0025780657980931;0.0;69.66669999999999;2022-09-01T10:00:00Z
0.0453656316388222;0.004319753743826;0.002305293680508;0.0;62.00106666666667;2022-09-01T11:00:00Z
0.0408492522283689;0.0037696999612772;0.0020296373104545;0.0;98.50145;2022-09-01T12:00:00Z
0.0363027026856764;0.0030324360352385;0.0017628193325335;0.0;68.50115;2022-09-01T13:00:00Z
0.0320891665156438;0.0023891183460359;0.001495947133344;0.0;70.001;2022-09-01T14:00:00Z
0.0284589534197834;0.0020827738969354;0.0012800758255302;0.0;168.16775;2022-09-01T15:00:00Z
0.025704821470328;0.001547549493998;0.0010787368658618;0.0;145.50170000000003;2022-09-01T16:00:00Z
0.0239368677721024;0.0014785854668066;0.0009788497080792;0.0;65.83416666666666;2022-09-01T17:00:00Z
0.0233230707776086;0.0011920207919537;0.000945803663014;0.0;77.16703333333332;2022-09-01T18:00:00Z
0.0239209231054655;0.0013450160160252;0.0009651723277434;0.0;80.83364999999998;2022-09-01T19:00:00Z
0.0256778077935703;0.0016061538101899;0.0010769986751705;0.0;20.668116666666663;2022-09-01T20:00:00Z
0.0284581910079084;0.0018062732234265;0.0012434120163977;0.0;74.51779999999998;2022-09-01T21:00:00Z
0.0320604904103439;0.002427039951629;0.0015091442205439;0.0;155.51953333333333;2022-09-01T22:00:00Z
0.0363196602644146;0.0031141776797946;0.0017403828204079;0.0;594.3017833333332;2022-09-01T23:00:00Z
0.0408369266254138;0.0037265596161451;0.0020116716948791;0.0;0.0;2022-09-02T00:00:00Z
0.0453660431604126;0.0043686648143112;0.0023323644599412;0.0;0.0;2022-09-02T01:00:00Z
0.0495852982905988;0.0049921450717309;0.0025506455020378;0.0;0.0;2022-09-02T02:00:00Z
0.0532048253880757;0.0052595734868932;0.0027677537649843;0.0;0.0;2022-09-02T03:00:00Z
0.0559861786127993;0.0059601142041672;0.0029663724289751;0.0;0.0;2022-09-02T04:00:00Z
0.0577279999888265;0.0062140766994507;0.0030822330485397;0.0;0.0;2022-09-02T05:00:00Z
0.0583300368277077;0.0064005592767529;0.0031158123675852;0.0;0.0;2022-09-02T06:00:00Z
0.0577358751462404;0.0060213547318066;0.003067936883341;25.118;0.0;2022-09-02T07:00:00Z
0.0559837619702728;0.0059561397480043;0.0030151178009753;0.1199999999999999;0.0;2022-09-02T08:00:00Z
0.0532233221270379;0.0055852101220417;0.0028383582961294;0.1199999999999999;0.0;2022-09-02T09:00:00Z
0.0495740356236374;0.0048733454201154;0.0026195766007361;0.0;0.0;2022-09-02T10:00:00Z
0.0453710275987015;0.0043909077864662;0.0022952820775483;0.0;0.0;2022-09-02T11:00:00Z
0.0408251754218368;0.0037159045432761;0.0019970626575025;0.0;0.0;2022-09-02T12:00:00Z
0.0362943044115402;0.0031636477216909;0.0017282877208672;0.0;0.0;2022-09-02T13:00:00Z
0.0320704925219998;0.0027267982776241;0.001486160549207;0.0;0.0;2022-09-02T14:00:00Z
0.0284688480112614;0.0019428566529493;0.001286495422613;0.0;0.0;2022-09-02T15:00:00Z
0.0256820519255272;0.0017656796683391;0.001109170761222;0.0;0.0;2022-09-02T16:00:00Z
0.0239283777619555;0.0013980545827319;0.000944186595413;0.0;0.0;2022-09-02T17:00:00Z
0.0233233545577359;0.0012610882216632;0.0009043810343596;0.0;0.0;2022-09-02T18:00:00Z
0.023935139724067;0.0015294750394932;0.000967120240011;0.0;0.0;2022-09-02T19:00:00Z
0.025677248776722;0.0014903853198845;0.0010694514653031;0.0;0.0;2022-09-02T20:00:00Z
0.0284618915660625;0.001902287054735;0.0012608986959958;0.0;0.0;2022-09-02T21:00:00Z
0.0320947177708693;0.0024954824119417;0.001491409517782;0.0;0.0;2022-09-02T22:00:00Z
0.0362899601821665;0.0031489037169974;0.0016979895043336;0.0;0.0;2022-09-02T23:00:00Z
0.0408406939051967;0.0037489242417938;0.002072088616101;0.0;25.08393333333333;2022-09-03T00:00:00Z
0.0453442697917108;0.0042326096409435;0.002289954285441;0.0;33.48355;2022-09-03T01:00:00Z
0.0495939692691175;0.0049085040250167;0.0025730910650343;0.0;33.48401666666666;2022-09-03T02:00:00Z
0.0531959837244455;0.0055828870698504;0.0027921478955388;0.0;31.03395;2022-09-03T03:00:00Z
0.0559888729361047;0.0056679290415947;0.0029941786153544;0.0;29.283816666666663;2022-09-03T04:00:00Z
0.0577452911753764;0.0062090510583598;0.003073823955378;0.0;35.000366666666665;2022-09-03T05:00:00Z
0.0583463842699266;0.0061537009125843;0.0031125968594963;0.0;19.6007;2022-09-03T06:00:00Z
0.0577289901128273;0.0061934250289734;0.0030553143807654;5.119;13.550149999999999;2022-09-03T07:00:00Z
0.055990011470764;0.0060664094403935;0.0029793602259932;0.1199999999999999;25.00018333333333;2022-09-03T08:00:00Z
0.0532204227241799;0.0054674720808519;0.0028175950787502;20.119;60.00033333333333;2022-09-03T09:00:00Z
0.0495813504896871;0.0049745215506946;0.002601807626698;0.0;65.16698333333333;2022-09-03T10:00:00Z
0.0453562076552858;0.0043764929079252;0.002338039215817;0.0;50.16731666666667;2022-09-03T11:00:00Z
0.0408483465181572;0.0038103905859299;0.0020371346171736;0.0;58.50085;2022-09-03T12:00:00Z
0.0363042129680921;0.00316689840749;0.0017608289935825;0.0;588.66785;2022-09-03T13:00:00Z
0.0320633801648846;0.0025804985999612;0.0014983557191155;0.0;104.16803333333334;2022-09-03T14:00:00Z
0.0284629019864147;0.0018406295946753;0.001217451107824;0.0;67.16795;2022-09-03T15:00:00Z
0.0256903998777114;0.001382163466457;0.0010793445866335;0.0;52.83463333333333;2022-09-03T16:00:00Z
0.0239272321251063;0.0013499830230717;0.0009924659193959;0.0;29.33523333333333;2022-09-03T17:00:00Z
0.0233300807859273;0.0012890157961453;0.0009164404221815;0.0;86.95064999999998;2022-09-03T18:00:00Z
0.0239271133713908;0.0012543610844743;0.0009742997321705;0.0;72.86713333333331;2022-09-03T19:00:00Z
0.0256806496663564;0.0015053721531257;0.0011140390109682;0.0;78.9839;2022-09-03T20:00:00Z
0.0284619997636844;0.0020074981140109;0.0012067591501045;0.0;82.1502;2022-09-03T21:00:00Z
0.0320650431843928;0.0025326334846868;0.0014629456704737;0.0;296.6354833333333;2022-09-03T22:00:00Z
0.0363140537529481;0.0029395481987099;0.0017646481046461;0.0;178.80216666666664;2022-09-03T23:00:00Z
0.0408210941252161;0.0037742124469883;0.0020201466883146;0.0;30.333983333333332;2022-09-04T00:00:00Z
0.045369565370524;0.0042928570824362;0.0023069974436552;0.0;34.18371666666667;2022-09-04T01:00:00Z
0.0495860375698509;0.0049832347754083;0.0025845925595194;0.0;32.90033333333333;2022-09-04T02:00:00Z
0.0532015217595227;0.0055499075912418;0.0027756820662363;0.0;32.43386666666667;2022-09-04T03:00:00Z
0.0560101654261085;0.0056944265670246;0.0029634596180339;0.0;33.01716666666667;2022-09-04T04:00:00Z
0.0577324050857601;0.0060960073617867;0.0030800044734242;0.0;33.950916666666664;2022-09-04T05:00:00Z
0.0583311871103297;0.006267706402632;0.003138080728049;0.0;91.48438333333334;2022-09-04T06:00:00Z
0.0577269958559688;0.0062483127352344;0.0030872888185538;5.119;52.450816666666654;2022-09-04T07:00:00Z
0.0559822890375321;0.0059259332724999;0.00294077625904;0.1199999999999999;10.001;2022-09-04T08:00:00Z
0.0532138885565354;0.0055959982642796;0.0027806459233392;20.119;10.001;2022-09-04T09:00:00Z
0.049591678862666;0.0049687473964646;0.0025952061415857;0.0;37.00055;2022-09-04T10:00:00Z
0.0453736004366623;0.0043914204849056;0.0023401257632422;0.0;70.0;2022-09-04T11:00:00Z
0.0408405789297108;0.003826255025204;0.0020089893520547;0.0;65.00106666666666;2022-09-04T12:00:00Z
0.03631249296771;0.0031779465232319;0.001731101894062;0.0;104.3354;2022-09-04T13:00:00Z
0.0320773762587511;0.0024605171369305;0.0014914862975179;0.0;218.00105;2022-09-04T14:00:00Z
0.028451211447815;0.0020328640129503;0.0012576089805508;0.0;397.50125;2022-09-04T15:00:00Z
0.0256882397669591;0.0015891717132999;0.0011025260250924;0.0;370.0007;2022-09-04T16:00:00Z
0.0239110839177906;0.0013598500306801;0.0009857407624232;0.0;236.66731666666664;2022-09-04T17:00:00Z
0.0233355119051878;0.0011613938723823;0.0009471489714076;0.0;77.41741666666665;2022-09-04T18:00:00Z
0.0239257499416629;0.0014687825603298;0.0009918060876047;0.0;80.51766666666667;2022-09-04T19:00:00Z
0.0256812612887546;0.0016072752239022;0.0010456478618947;0.0;87.21781666666665;2022-09-04T20:00:00Z
0.0284640101416565;0.0019681334180194;0.0012453288283618;0.0;51.901933333333325;2022-09-04T21:00:00Z
0.0320814327385026;0.0025296360668577;0.0015102085716727;0.0;22.302666666666664;2022-09-04T22:00:00Z
0.0362993890582727;0.0031500924498678;0.0017300368225654;0.0;146.28473333333335;2022-09-04T23:00:00Z
0.0408448445673746;0.0039180414594148;0.0020254497055522;0.0;30.80058333333333;2022-09-05T00:00:00Z
0.0453601440665042;0.0044572705616997;0.0023185060580977;0.0;31.85023333333333;2022-09-05T01:00:00Z
0.0496091376243912;0.005032094831747;0.002588242733167;0.0;30.5669;2022-09-05T02:00:00Z
0.053197842743948;0.005581357369736;0.0027939201282574;0.0;28.933566666666668;2022-09-05T03:00:00Z
0.055989282326609;0.0057350598379068;0.0029865423598165;0.0;27.650316666666665;2022-09-05T04:00:00Z
0.0577244605049465;0.0061841362639725;0.0030819225798589;0.0;40.01681666666666;2022-09-05T05:00:00Z
0.0583395587931767;0.0065150746759423;0.0031063685947061;0.0;26.833766666666666;2022-09-05T06:00:00Z
0.0577307214904;0.0061194907766052;0.0030828778887803;5.119;5.016933333333334;2022-09-05T07:00:00Z
0.0560088230850702;0.0059135656465181;0.0029588615874779;20.119;33.167316666666665;2022-09-05T08:00:00Z
0.053189059007094;0.0054666412976624;0.0028082159089603;0.1199999999999999;44.833766666666655;2022-09-05T09:00:00Z
0.0495877901400311;0.0051390615939324;0.0025554865495107;0.0;22.667566666666666;2022-09-05T10:00:00Z
0.0453727867448721;0.0043322825577123;0.0023036203057743;0.0;46.000966666666656;2022-09-05T11:00:00Z
0.0408369823937746;0.0039247060662213;0.0020139200886141;0.0;70.001;2022-09-05T12:00:00Z
0.0363108657174122;0.0031057828667081;0.0017340355190852;0.0;70.001;2022-09-05T13:00:00Z
0.0320806680209362;0.0024280360565279;0.0015149264807152;0.0;70.001;2022-09-05T14:00:00Z
0.0284555324584313;0.0019892601955339;0.0012471164234583;0.0;570.0005;2022-09-05T15:00:00Z
0.0256823514603553;0.0016398393095995;0.0010807935206733;0.0;70.001;2022-09-05T16:00:00Z
0.0239404222128145;0.0013935929935673;0.0010079501763177;0.0;140.751;2022-09-05T17:00:00Z
0.0233436625515596;0.0012961209804412;0.0009384390592848;0.0;416.75046666666657;2022-09-05T18:00:00Z
0.0239297600382455;0.0013810665718525;0.0009938406142132;0.0;84.0;2022-09-05T19:00:00Z
0.0256829293198621;0.0013698275197667;0.0011046785658275;0.0;84.23351666666667;2022-09-05T20:00:00Z
0.0284606402174464;0.0019454918301969;0.0012549406765057;0.0;85.63391666666665;2022-09-05T21:00:00Z
0.0320679175072997;0.0023657527761197;0.0014728319795769;0.0;75.98498333333333;2022-09-05T22:00:00Z
0.0362950612506133;0.0032454922887955;0.0017363797329646;0.0;15.918083333333332;2022-09-05T23:00:00Z
0.0408265442022188;0.0037630577319439;0.0020723337914102;0.0;29.634083333333336;2022-09-06T00:00:00Z
0.0453439820212189;0.0045088178651832;0.002302786930744;0.0;29.75026666666667;2022-09-06T01:00:00Z
0.0495848124826404;0.0050088452452576;0.0025837146178175;0.0;47.36675;2022-09-06T02:00:00Z
0.0532168958246349;0.0054801860351062;0.0028148808048276;0.0;45.15015;2022-09-06T03:00:00Z
0.0559867475954159;0.0057655599237286;0.0029720023773032;0.0;36.75033333333333;2022-09-06T04:00:00Z
0.0577177387881239;0.0061737227613436;0.0030925054063831;0.0;42.000083333333336;2022-09-06T05:00:00Z
0.0583154938103869;0.0062397874096044;0.0031143176234519;0.0;35.00135;2022-09-06T06:00:00Z
0.0577343753848207;0.0060856524246743;0.0030989906830455;0.1199999999999999;77.68401666666665;2022-09-06T07:00:00Z
0.0559850639524977;0.0060551909665195;0.0029871541160521;0.1199999999999999;70.0;2022-09-06T08:00:00Z
0.053212151413961;0.0054698133060479;0.0027681519735356;25.117999999999995;69.3334;2022-09-06T09:00:00Z
0.0495837677288419;0.0050164963748843;0.0025727898704022;0.0;36.00056666666667;2022-09-06T10:00:00Z
0.0453540722783383;0.0043747269745861;0.0022998952162787;0.0;34.0009;2022-09-06T11:00:00Z
0.040816135026294;0.0036267343917919;0.0020162629727781;0.0;60.002;2022-09-06T12:00:00Z
0.036305905759207;0.0030276892937817;0.0017268813370132;0.0;143.33525000000003;2022-09-06T13:00:00Z
0.0320688324213593;0.0023328210477013;0.0014861721285215;0.0;462.83431666666667;2022-09-06T14:00:00Z
0.0284698743556358;0.001820981802781;0.0012506006861577;0.0;30.00166666666667;2022-09-06T15:00:00Z
0.0256683178297582;0.0014632053954169;0.0010462302360131;0.0;15.001916666666666;2022-09-06T16:00:00Z
0.0239216047546631;0.0015362932554005;0.0009794154313503;0.0;163.36761666666666;2022-09-06T17:00:00Z
0.0233245883412643;0.0011116809268299;0.0009222063848191;0.0;71.48371666666667;2022-09-06T18:00:00Z
0.0239204343569731;0.0012408662307609;0.0009339467844036;0.0;34.03436666666666;2022-09-06T19:00:00Z
0.0256729297941453;0.0017015343469298;0.0010798310163241;0.0;67.05068333333332;2022-09-06T20:00:00Z
0.0284716946787587;0.0020178537761613;0.0012747144579069;0.0;87.7677;2022-09-06T21:00:00Z
0.0320803842659438;0.0025440393846176;0.0014519209599042;0.0;453.7350166666666;2022-09-06T22:00:00Z
0.0363005053431112;0.0033987284743429;0.0017269895974148;0.0;119.81873333333333;2022-09-06T23:00:00Z
0.040838913100538;0.0038489327016492;0.0020180874646541;0.0;21.700116666666663;2022-09-07T00:00:00Z
0.0453622231706555;0.0043287032750685;0.0023035781486737;0.0;27.88335;2022-09-07T01:00:00Z
0.0495710677058165;0.0050220134140931;0.002619117174122;0.0;27.183466666666668;2022-09-07T02:00:00Z
0.0532029723110246;0.0054503492068311;0.0028192767580585;0.0;27.65005;2022-09-07T03:00:00Z
0.0559992787879461;0.005947625354205;0.0030030573795337;0.0;26.8335;2022-09-07T04:00:00Z
0.0577306131378309;0.0061999621428768;0.0030674218304747;0.0;28.700333333333333;2022-09-07T05:00:00Z
0.0583265664679467;0.0062448905347702;0.0031393917937564;0.0;28.967716666666668;2022-09-07T06:00:00Z
0.0577340140176207;0.0061801501033343;0.0030553309897332;25.118;4.501550000000001;2022-09-07T07:00:00Z
0.0560050786980483;0.0060343788242705;0.0029396121029018;0.1199999999999999;36.334283333333325;2022-09-07T08:00:00Z
0.0532050030772509;0.0053706386941417;0.0027851555725926;0.1199999999999999;65.00008333333334;2022-09-07T09:00:00Z
0.0495805493128075;0.0050060642520006;0.0025791627998828;0.0;70.0;2022-09-07T10:00:00Z
0.0453578633758097;0.0044769270763148;0.0023144863563186;0.0;70.0;2022-09-07T11:00:00Z
0.0408353409037434;0.0038681883961727;0.0020054752630671;0.0;729.6670666666668;2022-09-07T12:00:00Z
0.0362931943169564;0.0031697486173215;0.0017415353361425;0.0;22.0018;2022-09-07T13:00:00Z
0.0320924989185168;0.0024316013134153;0.0014950486973013;0.0;103.3343;2022-09-07T14:00:00Z
0.0284560608645843;0.0019519103626248;0.001258415499642;0.0;286.66745000000003;2022-09-07T15:00:00Z
0.0256812037034294;0.0014841827365831;0.0010429196235781;0.0;70.001;2022-09-07T16:00:00Z
0.0239441448985245;0.001392196722381;0.0009833714044696;0.0;120.46711666666666;2022-09-07T17:00:00Z
0.0233405582023724;0.0011382116304564;0.0009643016650103;0.0;74.28351666666666;2022-09-07T18:00:00Z
0.0239252128622306;0.0014734096141412;0.0009829394749912;0.0;53.00131666666666;2022-09-07T19:00:00Z
0.0256796309124758;0.001634148896197;0.0010897414831652;0.0;71.1341;2022-09-07T20:00:00Z
0.028471112707393;0.0020428991029218;0.0012994182426924;0.0;80.31685;2022-09-07T21:00:00Z
0.0320905953853562;0.0025356080682695;0.0014975511014428;0.0;223.80105;2022-09-07T22:00:00Z
0.036294539560704;0.0032179482825243;0.0017580052757971;0.0;19.56858333333333;2022-09-07T23:00:00Z
0.0408193332124783;0.0035840667796416;0.0020039731033761;0.0;29.983516666666663;2022-09-08T00:00:00Z
0.0453595855174937;0.0043100462703817;0.0023338745722103;0.0;36.51681666666667;2022-09-08T01:00:00Z
0.0495799215974385;0.0051585581744813;0.0025826216398059;0.0;29.283383333333333;2022-09-08T02:00:00Z
0.0532092276752339;0.0054864179440228;0.0027872666928578;0.0;28.9335;2022-09-08T03:00:00Z
0.0559854544416473;0.0058438792373249;0.0029831748886329;0.0;27.533516666666667;2022-09-08T04:00:00Z
0.057740592324288;0.0062663768708614;0.0030705637482817;0.0;30.800116666666668;2022-09-08T05:00:00Z
0.0583402161770302;0.0061183900881011;0.0031115803362923;0.0;30.334016666666663;2022-09-08T06:00:00Z
0.0577321045334139;0.0060462397857714;0.0031011825715017;0.1199999999999999;45.2506;2022-09-08T07:00:00Z
0.0559987231206403;0.006000487141515;0.0030158398892517;0.1199999999999999;59.000183333333325;2022-09-08T08:00:00Z
0.0532071171735889;0.0055926274383416;0.0028372175947254;25.118;51.000316666666656;2022-09-08T09:00:00Z
0.0495825676947916;0.0048951835599162;0.0026053288495625;0.0;70.0;2022-09-08T10:00:00Z
0.0453668171798947;0.0042091487625604;0.002304627487979;0.0;70.0;2022-09-08T11:00:00Z
0.0408288021698203;0.0037866658150862;0.0020269802529199;0.0;70.00098333333334;2022-09-08T12:00:00Z
0.0363118421019444;0.0031322066925634;0.0017238937639082;0.0;512.3348;2022-09-08T13:00:00Z
0.0320909344729407;0.002629945408558;0.0015024328141436;0.0;144.16825;2022-09-08T14:00:00Z
0.0284665325523868;0.0021188082784718;0.0012364001426912;0.0;68.6678;2022-09-08T15:00:00Z
0.0256808143814214;0.0017145433082944;0.0010901488401792;0.0;470.0006;2022-09-08T16:00:00Z
0.0239183580689721;0.0013286946698808;0.0009730601913278;0.0;73.50058333333331;2022-09-08T17:00:00Z
0.0233434888809176;0.0012343723934777;0.0009501600010751;0.0;85.16675;2022-09-08T18:00:00Z
0.0239295709062015;0.0012648041030069;0.0009407311983891;0.0;50.80086666666666;2022-09-08T19:00:00Z
0.0256790819596617;0.0018103604988526;0.0010783330272507;0.0;73.10028333333332;2022-09-08T20:00:00Z
0.028468952945108;0.0019995075354178;0.001215725673837;0.0;69.38423333333333;2022-09-08T21:00:00Z
0.0320947920755986;0.0026073326686931;0.0014883389737349;0.0;65.38501666666667;2022-09-08T22:00:00Z
0.036316880397447;0.003130035271146;0.0017817875541298;0.0;67.53468333333333;2022-09-08T23:00:00Z
0.0408267413760598;0.0037282939542644;0.0020233777527973;0.0;0.0;2022-09-09T00:00:00Z
0.0453620276385519;0.0045587517903452;0.0022982036759053;0.0;0.0;2022-09-09T01:00:00Z
0.0495908213575704;0.0049903097292769;0.0025946585747347;0.0;0.0;2022-09-09T02:00:00Z
0.0532023600275375;0.0054518220820314;0.0028287189602413;0.0;0.0;2022-09-09T03:00:00Z
0.0559846238709617;0.0059168059828889;0.0029754648286411;0.0;0.0;2022-09-09T04:00:00Z
0.0577482864211999;0.0060585426678459;0.0030639875403645;0.0;0.0;2022-09-09T05:00:00Z
0.058344073845642;0.0063416904179869;0.0030978454124737;0.0;0.0;2022-09-09T06:00:00Z
0.0577423028081105;0.0060631006496606;0.0030502868845338;0.1199999999999999;0.0;2022-09-09T07:00:00Z
0.0559819463253808;0.0059768920892106;0.0029689860908618;0.1199999999999999;0.0;2022-09-09T08:00:00Z
0.0531821366850208;0.0056297211501454;0.0028056942710278;25.118;0.0;2022-09-09T09:00:00Z
0.049582357634131;0.0050247097677817;0.0025962285083102;0.0;0.0;2022-09-09T10:00:00Z
0.0453537172445809;0.0044004462718716;0.0023614572605688;0.0;0.0;2022-09-09T11:00:00Z
0.0408359317071285;0.0036084519095478;0.0020211747646727;0.0;0.0;2022-09-09T12:00:00Z
0.0363106496948988;0.0030810542480035;0.0016956366697985;0.0;0.0;2022-09-09T13:00:00Z
0.0320806188279725;0.0024964911247371;0.0014717984722846;0.0;0.0;2022-09-09T14:00:00Z
0.0284524500205897;0.0020350207859477;0.0012794879807477;0.0;0.0;2022-09-09T15:00:00Z
0.0256659102949962;0.0015605322710098;0.0010947074409289;0.0;0.0;2022-09-09T16:00:00Z
0.0239102253015243;0.0013237148987659;0.0009882147036316;0.0;0.0;2022-09-09T17:00:00Z
0.0233348639371495;0.0013545685535971;0.0009509243571901;0.0;0.0;2022-09-09T18:00:00Z
0.0239073804333333;0.0011475988875554;0.0009432083649589;0.0;0.0;2022-09-09T19:00:00Z
0.0256833908380456;0.0017024672662779;0.0010664445839368;0.0;0.0;2022-09-09T20:00:00Z
0.028451072471555;0.001828569886228;0.0012475270392656;0.0;0.0;2022-09-09T21:00:00Z
0.0321048100011512;0.0024384587739604;0.0014394283419495;0.0;0.0;2022-09-09T22:00:00Z
0.0363171943732089;0.0030031537977838;0.0017473473514859;0.0;0.0;2022-09-09T23:00:00Z
0.0408160491091013;0.0038143906757847;0.0020720039925592;0.0;24.967116666666666;2022-09-10T00:00:00Z
0.0453713797506407;0.0046234509554959;0.0023262409554885;0.0;33.600183333333334;2022-09-10T01:00:00Z
0.049557697316935;0.0049090709379773;0.0025675616811077;0.0;28.933416666666663;2022-09-10T02:00:00Z
0.0532195625498693;0.0055278106495223;0.0028266230691926;0.0;30.80045;2022-09-10T03:00:00Z
0.0559806684964398;0.0058536866019764;0.0029714203213927;0.0;34.5334;2022-09-10T04:00:00Z
0.0577248764093321;0.0061899196944582;0.0031117852127939;0.0;32.08378333333333;2022-09-10T05:00:00Z
0.0583229795874152;0.0061184639342897;0.0030951960404225;0.0;73.40106666666665;2022-09-10T06:00:00Z
0.0577299850839814;0.0062248634108021;0.0030830913387267;0.1199999999999999;7.28475;2022-09-10T07:00:00Z
0.0559830455945866;0.0058682497368001;0.0029873033782295;0.1199999999999999;21.000816666666665;2022-09-10T08:00:00Z
0.0531955818982438;0.0052835552176226;0.0028073311267697;25.118;49.33406666666667;2022-09-10T09:00:00Z
0.049580246283212;0.0049591665763256;0.0025764932331378;0.0;27.3346;2022-09-10T10:00:00Z
0.0453684070077574;0.0044114005873335;0.0023186448121701;0.0;90.00086666666665;2022-09-10T11:00:00Z
0.0408410749905838;0.0036455218829254;0.0020628163420577;0.0;353.33405000000005;2022-09-10T12:00:00Z
0.0363083472883258;0.0031396367777331;0.0017690306450206;0.0;686.66705;2022-09-10T13:00:00Z
0.0320749147190089;0.0024926937773698;0.0014596193706872;0.0;70.001;2022-09-10T14:00:00Z
0.0284663428253962;0.0020486183215272;0.0012084902781807;0.0;70.001;2022-09-10T15:00:00Z
0.0256936449834248;0.0016878658005126;0.0010891751702553;0.0;24.335733333333334;2022-09-10T16:00:00Z
0.023925883539737;0.0012298318504073;0.0009766397090531;0.0;33.10171666666667;2022-09-10T17:00:00Z
0.023340330581211;0.0011306874351012;0.0009405759772214;0.0;90.98443333333331;2022-09-10T18:00:00Z
0.0239244824733183;0.0014141553811746;0.0009968562260407;0.0;80.06738333333334;2022-09-10T19:00:00Z
0.0256743819761328;0.0015668541768945;0.0010758734046417;0.0;88.23354999999998;2022-09-10T20:00:00Z
0.0284564827317662;0.0019082236897536;0.001224399811249;0.0;79.80073333333331;2022-09-10T21:00:00Z
0.0320698441749746;0.0027730363281062;0.0014659985336386;0.0;85.93455;2022-09-10T22:00:00Z
0.0363084291697289;0.0031535981775619;0.0017653010126537;0.0;64.95235;2022-09-10T23:00:00Z
0.0408473310906275;0.003748434769714;0.0020193588639432;0.0;21.700033333333334;2022-09-11T00:00:00Z
0.0453476907342083;0.0044510632199701;0.0023244973979249;0.0;34.53355;2022-09-11T01:00:00Z
0.0495687139387721;0.0048630266089591;0.0026399842656362;0.0;33.483483333333325;2022-09-11T02:00:00Z
0.053200671918885;0.0057356853453915;0.0028042234997372;0.0;32.083416666666665;2022-09-11T03:00:00Z
0.0559756433044471;0.0059163510127257;0.0029734600303507;0.0;31.26678333333333;2022-09-11T04:00:00Z
0.0577318377694341;0.0062333417380202;0.0031000177424707;0.0;35.70001666666667;2022-09-11T05:00:00Z
0.0583298945366973;0.0062457057701752;0.0031110943273665;0.0;23.8835;2022-09-11T06:00:00Z
0.0577359170203187;0.0059262135903874;0.0030614819230463;0.1199999999999999;10.0;2022-09-11T07:00:00Z
0.0559927632765178;0.0060318099646191;0.0030065767164108;20.119;54.33413333333333;2022-09-11T08:00:00Z
0.0532053372164379;0.005371185062065;0.0028016873523009;5.119;19.001433333333328;2022-09-11T09:00:00Z
0.0495816296957853;0.0048429421820059;0.0025989579112617;0.0;67.00005;2022-09-11T10:00:00Z
0.0453584872373777;0.0045517573405253;0.0023011773560216;0.0;52.50085;2022-09-11T11:00:00Z
0.0408311264082471;0.0038102011918323;0.0020312665777636;0.0;10.002833333333331;2022-09-11T12:00:00Z
0.0362959442187492;0.0028947762098654;0.0017583558379431;0.0;87.00143333333331;2022-09-11T13:00:00Z
0.0320813035844739;0.0024591990916243;0.0014973905441978;0.0;68.83445;2022-09-11T14:00:00Z
0.0284503454199358;0.0020361880037787;0.001244691377626;0.0;66.668;2022-09-11T15:00:00Z
0.0256784601321116;0.0014627400050624;0.0010514209181461;0.0;67.83455;2022-09-11T16:00:00Z
0.0239113895263855;0.0012055834710244;0.0009646249102299;0.0;65.0015;2022-09-11T17:00:00Z
0.0233322434998537;0.0010846834026305;0.0009710121265885;0.0;294.3341333333333;2022-09-11T18:00:00Z
0.0239171317267436;0.0014517775825633;0.0009402719079421;0.0;82.28433333333332;2022-09-11T19:00:00Z
0.0256826248834099;0.001588541897192;0.0010748279199922;0.0;69.08431666666667;2022-09-11T20:00:00Z
0.0284483587855676;0.0019942328402219;0.0012638580676304;0.0;67.05103333333334;2022-09-11T21:00:00Z
0.0320875599690344;0.0022952513764304;0.0014899530410152;0.0;778.4339333333332;2022-09-11T22:00:00Z
0.0362978888997637;0.0031316306405531;0.0017229777370061;0.0;132.88455;2022-09-11T23:00:00Z
0.0408197943489121;0.0037012178909285;0.0020352532318877;0.0;27.067366666666665;2022-09-12T00:00:00Z
0.0453710558025592;0.0043492252757466;0.0023552046637254;0.0;39.66675;2022-09-12T01:00:00Z
0.0495742666525264;0.0050576517194131;0.0025930985110735;0.0;35.35003333333333;2022-09-12T02:00:00Z
0.053191971411617;0.0056212862358137;0.0027932585358973;0.0;31.733616666666663;2022-09-12T03:00:00Z
0.0559938606827403;0.0058971348605935;0.0030271368420952;0.0;39.433433333333326;2022-09-12T04:00:00Z
0.0577455411668866;0.0063410620207568;0.0030623210341826;0.0;32.31695;2022-09-12T05:00:00Z
0.0583265466249501;0.0063756719449482;0.0031196902927909;0.0;30.801466666666663;2022-09-12T06:00:00Z
0.057736600612307;0.006067686409173;0.0031031272695238;0.1199999999999999;20.4511;2022-09-12T07:00:00Z
0.0559855715707036;0.0057160291608563;0.0029870959037008;0.1199999999999999;51.50035;2022-09-12T08:00:00Z
0.0532178489214529;0.0055799652065322;0.0027807675975983;25.118;45.6671;2022-09-12T09:00:00Z
0.0495857883247609;0.0049595841426588;0.0025890152459601;0.0;70.0;2022-09-12T10:00:00Z
0.0453759996176455;0.0043563542051816;0.0023128734330206;0.0;67.3336;2022-09-12T11:00:00Z
0.0408353714108095;0.0039054364531319;0.0020139469124717;0.0;62.16783333333333;2022-09-12T12:00:00Z
0.036313355907103;0.0031153836628747;0.0017520578298471;0.0;479.3347;2022-09-12T13:00:00Z
0.0320906280822315;0.0025654872138198;0.0014718218635949;0.0;392.00111666666663;2022-09-12T14:00:00Z
0.0284472977415335;0.0019855949453076;0.0012610107779298;0.0;25.168566666666663;2022-09-12T15:00:00Z
0.0256640691618216;0.0017042919447282;0.0010898890473348;0.0;16.50218333333333;2022-09-12T16:00:00Z
0.0239190935877475;0.0011745645864809;0.0009788439865435;0.0;76.4847;2022-09-12T17:00:00Z
0.02333000701828;0.0011111011877447;0.0009639048996467;0.0;88.83374999999998;2022-09-12T18:00:00Z
0.0239290958741079;0.0014241431904721;0.0009826132296364;0.0;53.5675;2022-09-12T19:00:00Z
0.0256801100659909;0.0014474316089415;0.0010899148410584;0.0;73.00041666666665;2022-09-12T20:00:00Z
0.0284682644534439;0.0018784836878464;0.0012450014222253;0.0;84.55051666666665;2022-09-12T21:00:00Z
0.0320809773422525;0.0026063725423275;0.0014673014390254;0.0;233.68468333333328;2022-09-12T22:00:00Z
0.0362977793407607;0.0030200698348265;0.001706355580492;0.0;24.451683333333328;2022-09-12T23:00:00Z
0.0408314906166807;0.0037564515492095;0.0020328636445796;0.0;24.85023333333333;2022-09-13T00:00:00Z
0.0453653174372383;0.0044948583241256;0.0022851161151774;0.0;31.61695;2022-09-13T01:00:00Z
0.0495785139888864;0.0051654937421762;0.0025891308637859;0.0;28.70015;2022-09-13T02:00:00Z
0.0532108305874688;0.0054963434290313;0.0028295874699816;0.0;28.35045;2022-09-13T03:00:00Z
0.0559957668367692;0.0059391610839331;0.0029838730603397;0.0;29.166783333333328;2022-09-13T04:00:00Z
0.0577317141203837;0.0061743418854125;0.0030739947910304;0.0;28.0;2022-09-13T05:00:00Z
0.0583453779072773;0.0061979823171826;0.0031209774908838;0.0;24.150633333333328;2022-09-13T06:00:00Z
0.057735677230209;0.0063589939777759;0.0030799670728825;0.1199999999999999;2.2013;2022-09-13T07:00:00Z
0.0559773440515817;0.0058066491320761;0.0029815812590494;5.119;37.0008;2022-09-13T08:00:00Z
0.0532284916915619;0.0056024510568356;0.002802003355651;20.119;60.00016666666667;2022-09-13T09:00:00Z
0.0495943385440934;0.0050292141581543;0.0025710062285962;0.0;54.00026666666666;2022-09-13T10:00:00Z
0.0453688799081171;0.0041948279836647;0.0023137126083898;0.0;69.00001666666667;2022-09-13T11:00:00Z
0.0408343390886646;0.0036893229413701;0.0020146121580347;0.0;136.66731666666666;2022-09-13T12:00:00Z
0.0363023105989225;0.0030215731521689;0.0017593446935532;0.0;653.33375;2022-09-13T13:00:00Z
0.0320923223365288;0.0024530018003085;0.0014380634033575;0.0;131.50145;2022-09-13T14:00:00Z
0.0284488882748564;0.0018710152056013;0.0012833378927708;0.0;60.3353;2022-09-13T15:00:00Z
0.0256642026909483;0.0014851829383941;0.0010504890683095;0.0;379.66805;2022-09-13T16:00:00Z
0.0239363929931022;0.0012263927898987;0.0009535381477963;0.0;68.63416666666666;2022-09-13T17:00:00Z
0.0233368767154763;0.0011881500479711;0.000907142951877;0.0;81.31694999999998;2022-09-13T18:00:00Z
0.0239342138798567;0.0012870894303896;0.0009449242057902;0.0;89.36688333333333;2022-09-13T19:00:00Z
0.0256779620842583;0.0014341023855828;0.0010952536742133;0.0;92.63346666666665;2022-09-13T20:00:00Z
0.0284591754625565;0.0018617263233381;0.0012469998469883;0.0;45.00088333333333;2022-09-13T21:00:00Z
0.0320843722729236;0.0024670328634666;0.0014746121492541;0.0;58.03541666666666;2022-09-13T22:00:00Z
0.0362990418484044;0.0033430532425414;0.0017548671491773;0.0;42.61893333333333;2022-09-13T23:00:00Z
0.0408358652981113;0.0038806556472008;0.0020101232806539;0.0;19.717316666666665;2022-09-14T00:00:00Z
0.0453631158787572;0.0044547135931311;0.0023094015358646;0.0;32.200583333333334;2022-09-14T01:00:00Z
0.0495659875565632;0.0049913410480162;0.0025866442218221;0.0;40.25033333333334;2022-09-14T02:00:00Z
0.0531997058278709;0.0054445426569632;0.0027805975521229;0.0;32.317;2022-09-14T03:00:00Z
0.0559770580617467;0.0059044779362138;0.0029815902796245;0.0;32.90018333333333;2022-09-14T04:00:00Z
0.0577443624628171;0.0061345663223805;0.0031198731652256;0.0;25.083916666666667;2022-09-14T05:00:00Z
0.0583308296083688;0.0063162235031411;0.0031034196903313;0.0;27.7678;2022-09-14T06:00:00Z
0.0577577141904747;0.006281160209254;0.0030849756387494;0.1199999999999999;35.96718333333333;2022-09-14T07:00:00Z
0.0559931180286722;0.0059984923496557;0.0029663542718811;5.118999999999999;26.00073333333333;2022-09-14T08:00:00Z
0.0532177102535854;0.0055002770207477;0.0028009743368764;20.119;37.001133333333335;2022-09-14T09:00:00Z
0.0495837775229544;0.0051356741659219;0.0026234155642991;0.0;43.16751666666666;2022-09-14T10:00:00Z
0.0453641535688795;0.0044009237469966;0.0023394740184585;0.0;26.00146666666667;2022-09-14T11:00:00Z
0.0408324825927762;0.0035335568079906;0.0020307470364798;0.0;587.001;2022-09-14T12:00:00Z
0.0363133083089702;0.0030537245960485;0.0017204880348586;0.0;42.16828333333333;2022-09-14T13:00:00Z
0.0321041524697971;0.0025586478242585;0.0015282152946184;0.0;48.00186666666667;2022-09-14T14:00:00Z
0.0284415566901514;0.0019089702157465;0.0012780984633287;0.0;44.00143333333333;2022-09-14T15:00:00Z
0.0256838899636842;0.0015380430551516;0.0010556855245862;0.0;50.00133333333333;2022-09-14T16:00:00Z
0.0239204349077709;0.0015031963945055;0.0009766570766749;0.0;52.66833333333334;2022-09-14T17:00:00Z
0.0233359355463498;0.0011825372948073;0.0009368492475525;0.0;74.05084999999998;2022-09-14T18:00:00Z
0.0239268576709348;0.001232691225241;0.0009510430780773;0.0;28.81805;2022-09-14T19:00:00Z
0.0256703422781782;0.0013084998815865;0.0010646517381816;0.0;90.3001;2022-09-14T20:00:00Z
0.0284675829166832;0.0019707970225366;0.0012587260280931;0.0;87.10048333333333;2022-09-14T21:00:00Z
0.0320865843457591;0.0025865049427225;0.0014505481404117;0.0;148.81833333333336;2022-09-14T22:00:00Z
0.0363087640841827;0.0031896183906382;0.0017455827751146;0.0;519.0184833333334;2022-09-14T23:00:00Z
0.040848216723791;0.0036543027612539;0.0019890555530906;0.0;25.200466666666664;2022-09-15T00:00:00Z
0.0453562508248854;0.0045406841163753;0.0022848638992089;0.0;33.4835;2022-09-15T01:00:00Z
0.0495857233781886;0.0050630437347801;0.0025546928656685;0.0;32.90011666666666;2022-09-15T02:00:00Z
0.0531877392874156;0.005488770842463;0.0028106878913077;0.0;28.350383333333333;2022-09-15T03:00:00Z
0.0559874985624763;0.0061701414417897;0.0029866071805063;0.0;27.6508;2022-09-15T04:00:00Z
0.0577436741287511;0.0061987697890037;0.0030680323848363;0.0;64.45053333333334;2022-09-15T05:00:00Z
0.0583245870766074;0.0062453494752635;0.0031359180462592;0.0;95.1002;2022-09-15T06:00:00Z
0.0577399014001913;0.0061985542300703;0.0030780451662216;5.119;32.40115;2022-09-15T07:00:00Z
0.0559943953952132;0.0059094019773417;0.0029636283470121;0.1199999999999999;10.001;2022-09-15T08:00:00Z
0.0531968698530304;0.0055669971135438;0.002793749264717;20.119;14.000933333333332;2022-09-15T09:00:00Z
0.049568695010555;0.0049619084848936;0.0025667426645856;0.0;45.000416666666666;2022-09-15T10:00:00Z
0.0453543007914817;0.0043484314470381;0.0023002820562055;0.0;65.0005;2022-09-15T11:00:00Z
0.0408461164226369;0.0038844444358082;0.0020195861616177;0.0;86.66765;2022-09-15T12:00:00Z
0.0363097854326334;0.0029994961928874;0.001761846695453;0.0;435.16745;2022-09-15T13:00:00Z
0.032097455375053;0.0023731831386401;0.0014519458035082;0.0;33.835366666666665;2022-09-15T14:00:00Z
0.0284778862929374;0.0019049360556712;0.0012351551223532;0.0;16.002483333333334;2022-09-15T15:00:00Z
0.0256788671602442;0.0014256386670645;0.0010914704654272;0.0;547.3349333333333;2022-09-15T16:00:00Z
0.0239450212462745;0.001332538988265;0.0009645528275678;0.0;185.1342;2022-09-15T17:00:00Z
0.0233377431265943;0.0012247706556389;0.0009662962177552;0.0;51.950516666666665;2022-09-15T18:00:00Z
0.0239224930184274;0.0014110147172936;0.0009643304822218;0.0;72.76703333333333;2022-09-15T19:00:00Z
0.0256819835474088;0.001506610109944;0.001103393729293;0.0;93.68356666666665;2022-09-15T20:00:00Z
0.0284645510218811;0.0019715751586292;0.0012807181302036;0.0;89.90054999999998;2022-09-15T21:00:00Z
0.0321072037829609;0.0025894047933965;0.0014781224586409;0.0;75.86828333333332;2022-09-15T22:00:00Z
0.0362924587101743;0.0030025851003705;0.0017389195208359;0.0;7.335933333333333;2022-09-15T23:00:00Z
0.0408474619247515;0.0037092611270904;0.002054201294969;0.0;0.0;2022-09-16T00:00:00Z
0.0453729918421152;0.0043582291908337;0.0023291791094656;0.0;0.0;2022-09-16T01:00:00Z
0.0495671999221394;0.0047629727603013;0.0025945809062688;0.0;0.0;2022-09-16T02:00:00Z
0.0531910225909208;0.0052786183548465;0.0028050733887384;0.0;0.0;2022-09-16T03:00:00Z
0.0559707498769643;0.0059981837774517;0.0030059556970376;0.0;0.0;2022-09-16T04:00:00Z
0.057718169645811;0.0061879107981232;0.0030764313681085;0.0;0.0;2022-09-16T05:00:00Z
0.0583336368407328;0.0062305008394457;0.0031113264641964;0.0;0.0;2022-09-16T06:00:00Z
0.0577346621291112;0.0062533994020427;0.0030905705731098;0.1199999999999999;0.0;2022-09-16T07:00:00Z
0.0559934643029167;0.0058753178049306;0.0029833212575336;0.1199999999999999;0.0;2022-09-16T08:00:00Z
0.0532060351644242;0.0055563826603274;0.0028156474505951;25.118;0.0;2022-09-16T09:00:00Z
0.0495762748160019;0.0050878710664002;0.0025939981347746;0.0;0.0;2022-09-16T10:00:00Z
0.0453530193282027;0.0044428363962557;0.0023502956427643;0.0;0.0;2022-09-16T11:00:00Z
0.0408291882558177;0.0036971230858336;0.0020080867165598;0.0;0.0;2022-09-16T12:00:00Z
0.0362870879560396;0.0031196923863167;0.0017773840758574;0.0;0.0;2022-09-16T13:00:00Z
0.0320928551572815;0.0024641643192102;0.0014720337696218;0.0;0.0;2022-09-16T14:00:00Z
0.0284304810621491;0.0018997425259028;0.0012501583420523;0.0;0.0;2022-09-16T15:00:00Z
0.0256892814008322;0.0016588298064561;0.0010930213552243;0.0;0.0;2022-09-16T16:00:00Z
0.0239168269072468;0.0011819178987709;0.0009402013747333;0.0;0.0;2022-09-16T17:00:00Z
0.0233317116572251;0.0013126572406718;0.0009417737742741;0.0;0.0;2022-09-16T18:00:00Z
0.0239278103236613;0.0013491018239167;0.0009854573381157;0.0;0.0;2022-09-16T19:00:00Z
0.0256844561856493;0.0016305113836948;0.0010830140939133;0.0;0.0;2022-09-16T20:00:00Z
0.028462658198354;0.0020511578053978;0.0012554026941694;0.0;0.0;2022-09-16T21:00:00Z
0.0320818449834402;0.0024819029646256;0.0015044149348099;0.0;0.0;2022-09-16T22:00:00Z
0.0362869599743886;0.0031904581016329;0.0017602576555512;0.0;0.0;2022-09-16T23:00:00Z
0.0408357030951922;0.0037005544307061;0.0020399975378041;0.0;15.984666666666667;2022-09-17T00:00:00Z
0.0453565961102139;0.0043365459707291;0.0023235010994493;0.0;40.13345;2022-09-17T01:00:00Z
0.049598707453442;0.0048529058032765;0.0025826257416516;0.0;40.3669;2022-09-17T02:00:00Z
0.0532077853443173;0.0054403521549753;0.002811935983461;0.0;39.31705;2022-09-17T03:00:00Z
0.0559857033993366;0.0059645620102575;0.0029683889216927;0.0;35.0005;2022-09-17T04:00:00Z
0.057725350029061;0.0063033715868004;0.0031092845141462;0.0;33.11725;2022-09-17T05:00:00Z
0.0583436328237944;0.0061525647716806;0.0031343774466641;0.0;23.23475;2022-09-17T06:00:00Z
0.0577474317228746;0.0061247098041375;0.0030889067927738;5.119;70.16683333333333;2022-09-17T07:00:00Z
0.0559968329299086;0.0059534591824114;0.0029936011484555;0.1199999999999999;70.0;2022-09-17T08:00:00Z
0.0532104402350942;0.0054702716547034;0.0027861850672701;20.119;65.00008333333334;2022-09-17T09:00:00Z
0.0495964261205602;0.0048570269254041;0.0025385365678285;0.0;65.50045;2022-09-17T10:00:00Z
0.0453630917634418;0.0044925998011451;0.0023574491899392;0.0;64.50055;2022-09-17T11:00:00Z
0.0408188034775243;0.003774755398021;0.002004297558743;0.0;27.335166666666662;2022-09-17T12:00:00Z
0.0363031720386587;0.0030678344510521;0.0017601512561761;0.0;59.334733333333325;2022-09-17T13:00:00Z
0.0320887569521568;0.0025119231484937;0.0014666559403045;0.0;65.50145;2022-09-17T14:00:00Z
0.0284694528751288;0.0017564077824256;0.0012467906273988;0.0;67.83455;2022-09-17T15:00:00Z
0.0256940813798362;0.0014833049090872;0.001100447787025;0.0;63.83486666666667;2022-09-17T16:00:00Z
0.0239066645069691;0.0013988280214429;0.0009546545982491;0.0;836.48365;2022-09-17T17:00:00Z
0.0233381409067232;0.0012017257995865;0.0009395955029964;0.0;268.71683333333334;2022-09-17T18:00:00Z
0.0239299392780813;0.0013186578861266;0.0009727749263039;0.0;66.65045;2022-09-17T19:00:00Z
0.0256774634820836;0.0016357189758717;0.0011153767981694;0.0;86.61725;2022-09-17T20:00:00Z
0.0284449603657905;0.0020871676077504;0.0012740423455933;0.0;80.63408333333332;2022-09-17T21:00:00Z
0.0320901517897543;0.0024159213163463;0.0014972556228014;0.0;56.21875;2022-09-17T22:00:00Z
0.0362907453407556;0.0032179782703257;0.001698036836556;0.0;15.7513;2022-09-17T23:00:00Z
0.0408514392479382;0.0036711705452967;0.0020394067799072;0.0;18.084216666666663;2022-09-18T00:00:00Z
0.0453757120166205;0.0045892077673167;0.0022999348323976;0.0;33.2501;2022-09-18T01:00:00Z
0.0495769802733917;0.0049416058950859;0.0025802526081377;0.0;27.65038333333333;2022-09-18T02:00:00Z
0.0532042462690082;0.0053677478650942;0.0027830513149419;0.0;26.716866666666665;2022-09-18T03:00:00Z
0.0559979948019901;0.0058536773333518;0.0029691281619826;0.0;29.4006;2022-09-18T04:00:00Z
0.0577505525861692;0.0062250260171906;0.0031146573899167;0.0;25.784;2022-09-18T05:00:00Z
0.0583300452338543;0.0063317230586537;0.0031406211088928;0.0;22.05105;2022-09-18T06:00:00Z
0.0577107815386987;0.0062588508380674;0.0030751616237337;0.1199999999999999;39.45076666666667;2022-09-18T07:00:00Z
0.05599057102788;0.0058262987248853;0.0030190981938999;0.1199999999999999;41.334316666666666;2022-09-18T08:00:00Z
0.0531985703105947;0.0054725534763956;0.0027945704719185;25.118;42.3346;2022-09-18T09:00:00Z
0.0495833965889286;0.0048504918089823;0.0025645462450114;0.0;55.50078333333333;2022-09-18T10:00:00Z
0.0453587899283806;0.0043427241775094;0.0022908168428858;0.0;70.0;2022-09-18T11:00:00Z
0.0408186531860537;0.0037191060087727;0.0020569800536779;0.0;82.33440000000002;2022-09-18T12:00:00Z
0.0363054991135346;0.0032894664448112;0.0017095345354001;0.0;670.6673166666667;2022-09-18T13:00:00Z
0.0320912005310172;0.0024538273248212;0.0014983675444813;0.0;368.6675;2022-09-18T14:00:00Z
0.0284778596634253;0.0020262618754991;0.0012706441121597;0.0;59.0016;2022-09-18T15:00:00Z
0.0256603812576706;0.001556378421928;0.0010795732254257;0.0;66.00106666666666;2022-09-18T16:00:00Z
0.0239150302150364;0.0011284717713818;0.0009424270921866;0.0;49.00135;2022-09-18T17:00:00Z
0.0233191888116126;0.0013332756722758;0.0009675322825168;0.0;83.41708333333332;2022-09-18T18:00:00Z
0.0239151601504321;0.0012079732374;0.0009761633077421;0.0;83.18385;2022-09-18T19:00:00Z
0.02566914750862;0.0015435367597437;0.001083682517191;0.0;80.43368333333333;2022-09-18T20:00:00Z
0.0284685788907202;0.0019523544810344;0.0012325382183844;0.0;88.83358333333332;2022-09-18T21:00:00Z
0.0320998430716867;0.0025010611079522;0.0014579173863767;0.0;50.63488333333333;2022-09-18T22:00:00Z
0.0363008166650012;0.0031670997248222;0.0017212566464817;0.0;6.768116666666667;2022-09-18T23:00:00Z
0.0408380222139841;0.0036645037143489;0.0020463960107876;0.0;29.983716666666663;2022-09-19T00:00:00Z
0.0453507960876572;0.0045460125006001;0.0022974774398143;0.0;36.5169;2022-09-19T01:00:00Z
0.0495841035592642;0.0049433553117651;0.0025684090124901;0.0;35.11691666666667;2022-09-19T02:00:00Z
0.0531986125686054;0.0055484337471648;0.0027889030251223;0.0;31.50015;2022-09-19T03:00:00Z
0.0560008467960477;0.0059649096331586;0.0029718573113989;0.0;28.93368333333333;2022-09-19T04:00:00Z
0.0577236041270843;0.006175993518954;0.0030984704814278;0.0;27.76738333333333;2022-09-19T05:00:00Z
0.0583447797603724;0.0063571851415644;0.003134595214951;0.0;22.635016666666665;2022-09-19T06:00:00Z
0.0577496301942141;0.0062303865216218;0.0030971351705395;0.1199999999999999;2.1021333333333327;2022-09-19T07:00:00Z
0.0559989793027338;0.0058861823705559;0.0029832400617986;20.119;2.3351;2022-09-19T08:00:00Z
0.0532072949700079;0.0054959987179429;0.0028280433856274;5.119;16.0009;2022-09-19T09:00:00Z
0.0495890266069072;0.0050461739847739;0.0025722867909508;0.0;70.0;2022-09-19T10:00:00Z
0.0453738319147109;0.004508950672071;0.0023086571081268;0.0;70.0;2022-09-19T11:00:00Z
0.0408315390276648;0.0038470695736917;0.0020284744226195;0.0;236.66695;2022-09-19T12:00:00Z
0.0363118721733251;0.0032333887802532;0.0017206922422776;0.0;281.8346;2022-09-19T13:00:00Z
0.0320729067500669;0.0026047617537614;0.0014999195343193;0.0;460.0016;2022-09-19T14:00:00Z
0.0284570248294719;0.0019110851210578;0.0012543629352992;0.0;64.0016;2022-09-19T15:00:00Z
0.0256780197065142;0.0014930411115206;0.0010853847314411;0.0;70.001;2022-09-19T16:00:00Z
0.0239293269901801;0.0013877882029937;0.0009705524126405;0.0;71.98436666666667;2022-09-19T17:00:00Z
0.0233482776642121;0.001330002648899;0.0009251668812144;0.0;84.35031666666667;2022-09-19T18:00:00Z
0.0239437731913022;0.0014049538480236;0.0009922823566193;0.0;89.95008333333334;2022-09-19T19:00:00Z
0.025683091633296;0.0014550751640278;0.0011345708267085;0.0;96.8335;2022-09-19T20:00:00Z
0.0284623858840257;0.0021177624717416;0.0012699785127091;0.0;77.0008;2022-09-19T21:00:00Z
0.0320865373968671;0.0023406780020963;0.0014924764267363;0.0;244.06856666666664;2022-09-19T22:00:00Z
0.0363117935376;0.0031504295962272;0.0017600319642093;0.0;29.28633333333333;2022-09-19T23:00:00Z
0.0408398267705747;0.0036073188727593;0.0020179355105922;0.0;22.633666666666663;2022-09-20T00:00:00Z
0.0453696842977932;0.0043725583021928;0.002290948511556;0.0;42.000166666666665;2022-09-20T01:00:00Z
0.0495765653988606;0.0051193207887431;0.0026012501109029;0.0;34.06713333333333;2022-09-20T02:00:00Z
0.0532030931506997;0.0055220425917292;0.0028141148011166;0.0;28.81705;2022-09-20T03:00:00Z
0.0559932817584113;0.0060149420374688;0.0029950028870588;0.0;35.817033333333335;2022-09-20T04:00:00Z
0.0577220521545657;0.0062435495215516;0.0030490149399826;0.0;33.250833333333325;2022-09-20T05:00:00Z
0.0583452327163175;0.00612452151545;0.0031413770954323;0.0;29.1678;2022-09-20T06:00:00Z
0.057742057796857;0.0060779036553736;0.0030760815348205;5.119;8.200916666666666;2022-09-20T07:00:00Z
0.0559866562003297;0.0059740114808741;0.0029844286742531;0.1199999999999999;3.6683;2022-09-20T08:00:00Z
0.0532162431813564;0.0053130216414697;0.0027980201621252;20.119;2.0018;2022-09-20T09:00:00Z
0.0495879171355109;0.0048634842365935;0.0025268463092049;0.0;44.1675;2022-09-20T10:00:00Z
0.0453551275290745;0.0045397184158705;0.0023304101497939;0.0;68.66706666666667;2022-09-20T11:00:00Z
0.0408330440454736;0.003696276601813;0.0020439349987021;0.0;70.001;2022-09-20T12:00:00Z
0.0362952679883949;0.0031671005239713;0.0017700184150844;0.0;70.001;2022-09-20T13:00:00Z
0.0320773510268957;0.0025658049052343;0.0014841717097664;0.0;360.335;2022-09-20T14:00:00Z
0.0284719964956074;0.0020152694232495;0.0012160549555127;0.0;243.16775;2022-09-20T15:00:00Z
0.0256809866579807;0.0017182814557026;0.0010720759864329;0.0;326.66835;2022-09-20T16:00:00Z
0.0239398588319734;0.0013942604365739;0.0009615202475205;0.0;10.002049999999999;2022-09-20T17:00:00Z
0.0233366076979552;0.0012713695867765;0.000951555233204;0.0;21.201483333333332;2022-09-20T18:00:00Z
0.0239143622941982;0.0013816132622789;0.0009550539252675;0.0;76.53401666666667;2022-09-20T19:00:00Z
0.0256809304422993;0.0016005619556739;0.0011172109398115;0.0;85.40028333333333;2022-09-20T20:00:00Z
0.0284636477920701;0.0020759332939967;0.0012577343784858;0.0;84.21734999999998;2022-09-20T21:00:00Z
0.0321002439371582;0.0022985829599213;0.0014793400126384;0.0;29.50225;2022-09-20T22:00:00Z
0.0363069593567717;0.003107328579326;0.0017416815911855;0.0;23.58483333333333;2022-09-20T23:00:00Z
0.0408363539281708;0.0036577022893121;0.0020308509222819;0.0;34.41696666666667;2022-09-21T00:00:00Z
0.0453574893513606;0.0047127216265718;0.0023353979583634;0.0;31.500333333333334;2022-09-21T01:00:00Z
0.0495799685811981;0.0049478609661022;0.0026024166591174;0.0;34.650433333333325;2022-09-21T02:00:00Z
0.0532063026715027;0.0055124590449884;0.002801364162298;0.0;36.9834;2022-09-21T03:00:00Z
0.0559835230290064;0.0058041954457224;0.0029957300572302;0.0;33.25013333333333;2022-09-21T04:00:00Z
0.0577491251878336;0.0059702547079857;0.0030696483761523;0.0;31.300183333333333;2022-09-21T05:00:00Z
0.0583414015935984;0.0062337443012148;0.0031096982733769;0.0;53.73451666666666;2022-09-21T06:00:00Z
0.0577392023763402;0.0059848441495007;0.0031125301105284;5.119;72.8506;2022-09-21T07:00:00Z
0.0559896280064792;0.0059024040979973;0.0029657706438473;0.1199999999999999;64.167;2022-09-21T08:00:00Z
0.0531965566910223;0.0053409681525935;0.0028060518027094;20.119;21.334616666666665;2022-09-21T09:00:00Z
0.0495949004115545;0.0048273293453104;0.0025653091500554;0.0;40.83391666666667;2022-09-21T10:00:00Z
0.0453468275415724;0.0044964878597896;0.0023351072625486;0.0;70.0;2022-09-21T11:00:00Z
0.0408407853884414;0.0037052462823532;0.0020598040918644;0.0;70.00061666666667;2022-09-21T12:00:00Z
0.0363028281121037;0.0029568418095199;0.0017242149468656;0.0;853.3335499999998;2022-09-21T13:00:00Z
0.0320803317907901;0.0024557548639027;0.001492963188862;0.0;186.66755;2022-09-21T14:00:00Z
0.0284748399531945;0.001941218489895;0.0012817724544281;0.0;70.001;2022-09-21T15:00:00Z
0.025680309776581;0.0015522366719443;0.0010532564175879;0.0;66.50135;2022-09-21T16:00:00Z
0.0239418315438863;0.0014231546694164;0.0009612045578197;0.0;62.88528333333333;2022-09-21T17:00:00Z
0.0233401600097818;0.0012483525746436;0.0009319407967357;0.0;76.33491666666666;2022-09-21T18:00:00Z
0.023925990590003;0.0012568410653975;0.000938845515485;0.0;30.518633333333334;2022-09-21T19:00:00Z
0.0256743037381071;0.0016497319396139;0.0010970844395161;0.0;24.9347;2022-09-21T20:00:00Z
0.0284391906016779;0.0019259790279127;0.0012670867375536;0.0;43.65091666666665;2022-09-21T21:00:00Z
0.0320717320308039;0.0023215242280751;0.001489384532043;0.0;37.21803333333333;2022-09-21T22:00:00Z
0.0363007656189088;0.0030961897444621;0.001728568802769;0.0;138.55168333333333;2022-09-21T23:00:00Z
0.0408608952290141;0.003654237283631;0.0020466024524031;0.0;20.65125;2022-09-22T00:00:00Z
0.0453539540288113;0.0044163818415102;0.0022926666861713;0.0;23.9173;2022-09-22T01:00:00Z
0.049584621081151;0.0049359560540281;0.0025822795652103;0.0;23.9175;2022-09-22T02:00:00Z
0.0532074481462865;0.0055067967200506;0.0028039363153959;0.0;33.6002;2022-09-22T03:00:00Z
0.0559939260845794;0.0059487100293586;0.0029688973467309;0.0;32.2004;2022-09-22T04:00:00Z
0.0577426645890296;0.006101634561578;0.0030855922542472;0.0;33.3671;2022-09-22T05:00:00Z
0.0583541657348597;0.0063364724848769;0.0031192382550606;0.0;24.850416666666668;2022-09-22T06:00:00Z
0.0577228261297538;0.0061990452009507;0.0030805199611986;0.1199999999999999;3.50035;2022-09-22T07:00:00Z
0.0559843333784449;0.0058827887598134;0.0029389625095836;20.119;49.333866666666665;2022-09-22T08:00:00Z
0.0532049840605928;0.0055446512212893;0.0028372699715526;5.119;18.50115;2022-09-22T09:00:00Z
0.0495932750984646;0.0050515987417526;0.0025643310326627;0.0;28.334333333333333;2022-09-22T10:00:00Z
0.0453811233566696;0.0042279019367811;0.0023283462522263;0.0;44.6672;2022-09-22T11:00:00Z
0.0408197790133761;0.0036869910471576;0.0020561304837691;0.0;62.834216666666656;2022-09-22T12:00:00Z
0.0363073744127764;0.0031245086604828;0.0017372996812227;0.0;63.00111666666666;2022-09-22T13:00:00Z
0.0320843364286608;0.0023483184829598;0.001468491852767;0.0;47.00138333333334;2022-09-22T14:00:00Z
0.0284804028752132;0.0019621957171151;0.0012483353193098;0.0;136.6676;2022-09-22T15:00:00Z
0.0256663903626636;0.0015259923954823;0.0010474926978457;0.0;86.66764999999998;2022-09-22T16:00:00Z
0.0239247905762675;0.0013629136793175;0.0009840962092269;0.0;270.0009;2022-09-22T17:00:00Z
0.0233335622858587;0.0011459570957174;0.0009323369514824;0.0;74.45053333333334;2022-09-22T18:00:00Z
0.023931354383493;0.0012935316215004;0.0010009275983057;0.0;73.8835166666667;2022-09-22T19:00:00Z
0.0256796516573317;0.0015554475379209;0.0011098260620072;0.0;68.76813333333334;2022-09-22T20:00:00Z
0.0284658321007881;0.0018002917989815;0.0012314965321958;0.0;65.1847;2022-09-22T21:00:00Z
0.0320875932848904;0.0022973575573624;0.0014538145876752;0.0;208.45171666666664;2022-09-22T22:00:00Z
0.0363083530967089;0.0031555107883385;0.0017947214918387;0.0;500.20128333333327;2022-09-22T23:00:00Z
0.0408430097171811;0.0036810388514462;0.0020464896315449;0.0;0.0;2022-09-23T00:00:00Z
0.0453733410329484;0.00448169114554;0.0023225738026107;0.0;0.0;2022-09-23T01:00:00Z
0.0495905918953242;0.0050156058851077;0.0025669991113814;0.0;0.0;2022-09-23T02:00:00Z
0.0531990870206578;0.005440848436664;0.0028234313632889;0.0;0.0;2022-09-23T03:00:00Z
0.0559763817987159;0.0056896925232;0.0029677180244265;0.0;0.0;2022-09-23T04:00:00Z
0.0577321457068658;0.0061080903580006;0.0031258347268902;0.0;0.0;2022-09-23T05:00:00Z
0.0583393852465253;0.0062533806499258;0.003113972076384;0.0;0.0;2022-09-23T06:00:00Z
0.0577421722870926;0.006181702769081;0.0030885352428257;0.1199999999999999;0.0;2022-09-23T07:00:00Z
0.0559988619563037;0.0058775907279798;0.0029812848514317;5.119;0.0;2022-09-23T08:00:00Z
0.0532225279528203;0.0055629542782424;0.002786163662984;20.119;0.0;2022-09-23T09:00:00Z
0.0495760386957124;0.005030286948534;0.0025946540333316;0.0;0.0;2022-09-23T10:00:00Z
0.0453631927199109;0.00434799409822;0.0023161111158641;0.0;0.0;2022-09-23T11:00:00Z
0.0408395112510718;0.003775810812675;0.0020458141503692;0.0;0.0;2022-09-23T12:00:00Z
0.036298709087698;0.003110959759798;0.0017608753318501;0.0;0.0;2022-09-23T13:00:00Z
0.032072962595123;0.0025131824518314;0.0014785803602389;0.0;0.0;2022-09-23T14:00:00Z
0.0284396264593031;0.0019274458099388;0.0012062684631396;0.0;0.0;2022-09-23T15:00:00Z
0.0256854834596448;0.0015034146398789;0.0010795920053862;0.0;0.0;2022-09-23T16:00:00Z
0.0239164370272093;0.0014792698905391;0.0009487935469185;0.0;0.0;2022-09-23T17:00:00Z
0.0233427671394189;0.0010940735909369;0.000892481966363;0.0;0.0;2022-09-23T18:00:00Z
0.0239423456356366;0.0014050447506663;0.00098775348691;0.0;0.0;2022-09-23T19:00:00Z
0.0256721531934035;0.0015196693451867;0.0011034065952536;0.0;0.0;2022-09-23T20:00:00Z
0.0284694535409245;0.0019129841288031;0.0012511314919588;0.0;0.0;2022-09-23T21:00:00Z
0.0320771727212476;0.0024625865900581;0.0014877744051968;0.0;0.0;2022-09-23T22:00:00Z
0.0362868124459172;0.0030604572190766;0.0017402077273716;0.0;0.0;2022-09-23T23:00:00Z
0.0408464166131351;0.0035445057167366;0.0020480825422744;0.0;29.517033333333327;2022-09-24T00:00:00Z
0.0453603564517163;0.0045313273737888;0.0022913737864137;0.0;29.40033333333333;2022-09-24T01:00:00Z
0.0495859250392074;0.0050370935348619;0.0026328167779652;0.0;32.20023333333333;2022-09-24T02:00:00Z
0.0531974806389093;0.0054759959501274;0.0028151322881519;0.0;34.5334;2022-09-24T03:00:00Z
0.0559887080472436;0.0058761617733911;0.0029828010521324;0.0;31.7338;2022-09-24T04:00:00Z
0.0577393557330173;0.0059761650037127;0.0030753268010805;0.0;31.266966666666665;2022-09-24T05:00:00Z
0.0583304994717316;0.0062469992622923;0.0031295379265149;0.0;22.08393333333333;2022-09-24T06:00:00Z
0.0577357285288115;0.0060776445019816;0.0030784158193245;25.118;62.9668;2022-09-24T07:00:00Z
0.0559834134944707;0.0059845112423766;0.0029909811454904;0.1199999999999999;52.50058333333333;2022-09-24T08:00:00Z
0.0532109267123172;0.0055883972083669;0.0028136324131529;0.1199999999999999;60.001;2022-09-24T09:00:00Z
0.0495752451105667;0.0051248762393934;0.0025897630119551;0.0;67.50025;2022-09-24T10:00:00Z
0.04537721882307;0.0042778762864869;0.0023074313181313;0.0;68.3335;2022-09-24T11:00:00Z
0.0408368622759029;0.0037419614275561;0.0020550649917946;0.0;486.6668666666666;2022-09-24T12:00:00Z
0.0363025713590276;0.0030228128256346;0.0017374319188412;0.0;70.001;2022-09-24T13:00:00Z
0.0320558083433084;0.0024544578289297;0.0014925785583124;0.0;345.00111666666663;2022-09-24T14:00:00Z
0.0284624495628064;0.0021336316476244;0.0012537203586464;0.0;296.00115000000005;2022-09-24T15:00:00Z
0.0256651566325586;0.0016269339019539;0.0010529227512487;0.0;61.0019;2022-09-24T16:00:00Z
0.023928994665169;0.0013183770981074;0.0009662342597361;0.0;60.23533333333334;2022-09-24T17:00:00Z
0.0233402791436494;0.0012859227865593;0.0009301174145997;0.0;75.35068333333332;2022-09-24T18:00:00Z
0.0239276011143676;0.0015159375471501;0.000963364235648;0.0;56.60063333333333;2022-09-24T19:00:00Z
0.0256974698951211;0.0016083373795363;0.0011083734628037;0.0;45.65071666666666;2022-09-24T20:00:00Z
0.0284537698878476;0.001988335521467;0.0012624580675294;0.0;56.75071666666666;2022-09-24T21:00:00Z
0.0320865307035851;0.0025177974792229;0.0014975881855608;0.0;75.75141666666667;2022-09-24T22:00:00Z
0.0362950168529612;0.0032373800210098;0.0018022633632685;0.0;36.368783333333326;2022-09-24T23:00:00Z
0.0408455733301948;0.0037598910000581;0.002021364499782;0.0;30.9169;2022-09-25T00:00:00Z
0.0453482452843345;0.0046638293652433;0.0023012760191769;0.0;30.80028333333333;2022-09-25T01:00:00Z
0.0495736395137649;0.0050091786825883;0.002554379014097;0.0;24.150666666666663;2022-09-25T02:00:00Z
0.0532042231984568;0.005554287183625;0.0028065337793101;0.0;26.25025;2022-09-25T03:00:00Z
0.0559824877031802;0.0059221777659319;0.002965951669849;0.0;24.500666666666667;2022-09-25T04:00:00Z
0.0577366078631997;0.0061692014384973;0.003085704056748;0.0;28.933566666666664;2022-09-25T05:00:00Z
0.0583378420651854;0.0063051676382199;0.0031143977011824;0.0;25.20035;2022-09-25T06:00:00Z
0.0577324215019185;0.006042522804794;0.0031111393012429;0.1199999999999999;10.31725;2022-09-25T07:00:00Z
0.0560013956210377;0.0058480936614393;0.0029799390340588;0.1199999999999999;23.83418333333333;2022-09-25T08:00:00Z
0.0532018999432539;0.0055202454444594;0.0028085375672099;25.118;37.83413333333333;2022-09-25T09:00:00Z
0.0495969908322733;0.0050847907189648;0.0025550838244828;0.0;69.0001;2022-09-25T10:00:00Z
0.0453673324815996;0.0044607470594483;0.0022800160299187;0.0;70.0;2022-09-25T11:00:00Z
0.0408202857878893;0.0039037047199716;0.0020484491738089;0.0;70.0006;2022-09-25T12:00:00Z
0.0362935518587004;0.0032634918382841;0.0017717961732365;0.0;70.001;2022-09-25T13:00:00Z
0.0320841969759538;0.0025555930600799;0.0014657270020393;0.0;51.00131666666665;2022-09-25T14:00:00Z
0.0284641191392407;0.0021122640027212;0.0012304839109712;0.0;55.00125;2022-09-25T15:00:00Z
0.0256684339947632;0.0016169891620976;0.0010727216990845;0.0;638.3340000000001;2022-09-25T16:00:00Z
0.0239287381956108;0.0014251477831646;0.0009692021406024;0.0;70.00081666666667;2022-09-25T17:00:00Z
0.0233322861235966;0.0010539980724656;0.0009592456312174;0.0;78.35041666666666;2022-09-25T18:00:00Z
0.0239366164023353;0.0014645377494602;0.000982250694555;0.0;95.50025;2022-09-25T19:00:00Z
0.0256817373371663;0.0017201261228245;0.0010884836769173;0.0;89.06699999999998;2022-09-25T20:00:00Z
0.0284716160628681;0.0019528494689534;0.0012717185245199;0.0;78.61728333333333;2022-09-25T21:00:00Z
0.032084613426796;0.0024718772460843;0.0014932868659027;0.0;290.9847666666667;2022-09-25T22:00:00Z
0.0363127917930912;0.0030708302693769;0.0017309387923491;0.0;227.06786666666667;2022-09-25T23:00:00Z
0.040815727406805;0.003890813157908;0.0020138155359226;0.0;22.400683333333333;2022-09-26T00:00:00Z
0.045367982089223;0.0042874227529918;0.0022902163341001;0.0;27.18345;2022-09-26T01:00:00Z
0.049598337492227;0.0051045134690045;0.002603836738659;0.0;27.5334;2022-09-26T02:00:00Z
0.0531854952989257;0.0054927184122487;0.0028099241075987;0.0;26.1336;2022-09-26T03:00:00Z
0.0559850931246434;0.0058342955158622;0.0029629189014528;0.0;27.18345;2022-09-26T04:00:00Z
0.0577345409340826;0.0060846043428266;0.0030916881715674;0.0;28.617466666666665;2022-09-26T05:00:00Z
0.0583598175449808;0.0061833793873152;0.0031191879702813;0.0;22.368016666666666;2022-09-26T06:00:00Z
0.0577466204517885;0.0062026985084204;0.003094237991279;0.1199999999999999;9.8669;2022-09-26T07:00:00Z
0.0559981962261536;0.0059548851415314;0.0029770489878013;5.119;26.333833333333327;2022-09-26T08:00:00Z
0.0532265111128159;0.0054869343407214;0.0028070265049649;20.119;15.668016666666666;2022-09-26T09:00:00Z
0.0495849769484259;0.004981899149761;0.0025934730627803;0.0;12.66815;2022-09-26T10:00:00Z
0.0453580830268182;0.0043351456986161;0.0023034221946655;0.0;65.00008333333334;2022-09-26T11:00:00Z
0.0408410004808951;0.0037957006753292;0.0020393283517703;0.0;68.334;2022-09-26T12:00:00Z
0.0363076640595719;0.0032637677815623;0.0017638803820287;0.0;132.0014;2022-09-26T13:00:00Z
0.0320649942746503;0.0024855955325229;0.0014449635459882;0.0;119.501;2022-09-26T14:00:00Z
0.0284564252655691;0.0020085581326822;0.0012388788455737;0.0;686.66705;2022-09-26T15:00:00Z
0.0256740658986107;0.0016828021789193;0.001042156906049;0.0;50.00133333333333;2022-09-26T16:00:00Z
0.0239206724495893;0.0015379245886525;0.000954142851824;0.0;35.968149999999994;2022-09-26T17:00:00Z
0.0233197616612517;0.0013745961685634;0.0009573171110189;0.0;73.61691666666665;2022-09-26T18:00:00Z
0.0239396921415869;0.001348051482348;0.0009937412922662;0.0;80.33419999999998;2022-09-26T19:00:00Z
0.0256813993242705;0.0018315973317429;0.0010732082210897;0.0;45.6013;2022-09-26T20:00:00Z
0.0284461152213693;0.0020288834577352;0.0012645413547099;0.0;61.117700000000006;2022-09-26T21:00:00Z
0.0320895777207058;0.002703380028174;0.0014904098133256;0.0;53.41903333333334;2022-09-26T22:00:00Z
0.0363048223532281;0.0031310157209298;0.0017572886474679;0.0;162.25095;2022-09-26T23:00:00Z
0.0408134234536597;0.0035520059836139;0.0020161740556828;0.0;28.933766666666667;2022-09-27T00:00:00Z
0.045364989364154;0.0044781511054122;0.0023388436536854;0.0;35.350133333333325;2022-09-27T01:00:00Z
0.0495799253160476;0.0048018065462639;0.0025989699341293;0.0;34.883333333333326;2022-09-27T02:00:00Z
0.0532191167323635;0.0056186288467444;0.0028040847974869;0.0;34.18345;2022-09-27T03:00:00Z
0.0559972734455961;0.005873529432523;0.0029794705594459;0.0;38.73346666666666;2022-09-27T04:00:00Z
0.0577147843120429;0.0060745930136032;0.0030656284434232;0.0;40.13336666666667;2022-09-27T05:00:00Z
0.0583423713309244;0.0063672953306718;0.0031352576332115;0.0;34.033583333333326;2022-09-27T06:00:00Z
0.0577230597628525;0.0062746219253108;0.003077097385168;20.119;12.6834;2022-09-27T07:00:00Z
0.0559832467423242;0.0059695518182024;0.0029721228187566;5.119;35.000183333333325;2022-09-27T08:00:00Z
0.0532198675974357;0.0053666270810822;0.0028028124553419;0.1199999999999999;56.50051666666666;2022-09-27T09:00:00Z
0.0495853811283764;0.0050195504110612;0.0026080737043219;0.0;62.83405;2022-09-27T10:00:00Z
0.0453480158250516;0.0043083540871338;0.0023234710024373;0.0;70.00058333333334;2022-09-27T11:00:00Z
0.0408400015543546;0.0036840430858049;0.0020660161061203;0.0;303.33410000000003;2022-09-27T12:00:00Z
0.0363088478024613;0.0032057570039228;0.0017725017437889;0.0;70.001;2022-09-27T13:00:00Z
0.0320997715891473;0.0025893450610168;0.0014584294718284;0.0;65.0015;2022-09-27T14:00:00Z
0.0284637767095573;0.0019708188564872;0.0012662654064058;0.0;43.83503333333334;2022-09-27T15:00:00Z
0.0256698018366232;0.0014506995772709;0.001117207991089;0.0;66.00131666666667;2022-09-27T16:00:00Z
0.0239544063916587;0.0013046000519688;0.0009930219204651;0.0;636.6671;2022-09-27T17:00:00Z
0.0233207002489594;0.0013062109234146;0.0009568109248432;0.0;194.95015;2022-09-27T18:00:00Z
0.0239349770279516;0.001361575852402;0.0009942610826765;0.0;86.53401666666667;2022-09-27T19:00:00Z
0.0256632399540388;0.0015844555678562;0.0010764012384855;0.0;82.43349999999998;2022-09-27T20:00:00Z
0.0284753096942397;0.0020465786006338;0.0012738350005937;0.0;86.08376666666666;2022-09-27T21:00:00Z
0.0320711581082905;0.0025398922541193;0.0014571886487872;0.0;86.31818333333331;2022-09-27T22:00:00Z
0.0363086453922171;0.0030875192802348;0.001803017319197;0.0;44.45193333333333;2022-09-27T23:00:00Z
0.0408375669319717;0.003873597147152;0.0020438712584545;0.0;43.05045;2022-09-28T00:00:00Z
0.0453507482251416;0.0045661455476396;0.0023339326982879;0.0;48.0668;2022-09-28T01:00:00Z
0.0496003888542955;0.0048640404075088;0.0025871516825406;0.0;41.76676666666666;2022-09-28T02:00:00Z
0.0532168178164329;0.0055590791367577;0.0028157989693828;0.0;40.60018333333333;2022-09-28T03:00:00Z
0.0559841351444223;0.0060380468815506;0.0029791874555474;0.0;41.300083333333326;2022-09-28T04:00:00Z
0.0577323921909021;0.0062598431992043;0.0030730230485678;0.0;31.767566666666667;2022-09-28T05:00:00Z
0.0583238078547058;0.0063109067631168;0.0031105483870735;0.0;31.35068333333333;2022-09-28T06:00:00Z
0.0577317817137484;0.0060710369566607;0.0030661584807786;5.118999999999999;25.850266666666663;2022-09-28T07:00:00Z
0.0559869847532906;0.005831226426501;0.0029701943167479;20.119;32.334183333333335;2022-09-28T08:00:00Z
0.0532060931830892;0.0055295055226993;0.0028184182905406;0.1199999999999999;59.66686666666667;2022-09-28T09:00:00Z
0.0495605883060029;0.0050015674125179;0.0025554779831101;0.0;64.0001;2022-09-28T10:00:00Z
0.0453637301647448;0.0044995255517144;0.0022672203647838;0.0;40.0005;2022-09-28T11:00:00Z
0.0408387843148539;0.003697079373976;0.0020372933372258;0.0;300.33415;2022-09-28T12:00:00Z
0.0363095257240674;0.0031797042886176;0.0017602643535459;0.0;59.33465;2022-09-28T13:00:00Z
0.0320870979060862;0.0025006573218759;0.0015067373805698;0.0;105.66813333333332;2022-09-28T14:00:00Z
0.0284438319138992;0.0018380215651345;0.0012765889438918;0.0;674.3342833333334;2022-09-28T15:00:00Z
0.0256863801551566;0.0016164129979678;0.0010712781855225;0.0;131.33461666666668;2022-09-28T16:00:00Z
0.0239185071628413;0.0013132741992958;0.0009615756930962;0.0;60.2513;2022-09-28T17:00:00Z
0.0233135162742266;0.0013017538352187;0.0009432183672989;0.0;62.3347;2022-09-28T18:00:00Z
0.023929482154298;0.0013295309898169;0.0009841399517133;0.0;67.8176;2022-09-28T19:00:00Z
0.0256648050489208;0.0018014135994293;0.0010431194308619;0.0;86.53381666666665;2022-09-28T20:00:00Z
0.0284444045909831;0.0018839548228567;0.0012858787534872;0.0;55.78396666666666;2022-09-28T21:00:00Z
0.0320822647929292;0.0023611145413373;0.0014892195315478;0.0;56.81838333333333;2022-09-28T22:00:00Z
0.0363041232348067;0.0030876689757962;0.0017468165548123;0.0;22.18463333333333;2022-09-28T23:00:00Z
0.0408340775448249;0.0036635880663605;0.0020705087782575;0.0;24.617216666666668;2022-09-29T00:00:00Z
0.0453523440550447;0.0043284654080845;0.002296060239221;0.0;36.0501;2022-09-29T01:00:00Z
0.0496032803230622;0.0049036026886053;0.0026133738384836;0.0;35.46668333333333;2022-09-29T02:00:00Z
0.0532010747356082;0.0054612816416224;0.0028244792735832;0.0;34.76678333333333;2022-09-29T03:00:00Z
0.0559859610857126;0.0060226790013191;0.0029650620854528;0.0;37.100266666666656;2022-09-29T04:00:00Z
0.0577332947804674;0.0060850274319678;0.0030811833666628;0.0;37.10008333333333;2022-09-29T05:00:00Z
0.0583160027593442;0.0062038534585398;0.0031439886642418;0.0;27.53408333333333;2022-09-29T06:00:00Z
0.0577381467302386;0.0061048542808173;0.0030677381640547;5.119;11.784716666666666;2022-09-29T07:00:00Z
0.0559823308725492;0.0058112400617568;0.0029702033779198;20.119;26.00073333333333;2022-09-29T08:00:00Z
0.0532087968123875;0.005554120923968;0.0028243942226981;0.1199999999999999;70.0;2022-09-29T09:00:00Z
0.0495801060764831;0.0050912429221112;0.0025670061730236;0.0;70.0;2022-09-29T10:00:00Z
0.0453518312724785;0.0042920705993329;0.0022875791151422;0.0;70.00051666666667;2022-09-29T11:00:00Z
0.0408599529240153;0.0037700632874418;0.0020137887256142;0.0;336.6674;2022-09-29T12:00:00Z
0.0363114962271928;0.0031259241721426;0.0017591513568806;0.0;63.83495;2022-09-29T13:00:00Z
0.0320696449673188;0.0026002406292288;0.0015031205022959;0.0;37.00238333333334;2022-09-29T14:00:00Z
0.0284552260923033;0.0021486965724274;0.0012506647908695;0.0;34.00243333333333;2022-09-29T15:00:00Z
0.02567877428102;0.0014569217364986;0.0010727287431305;0.0;60.002;2022-09-29T16:00:00Z
0.0239245868164279;0.0014596515896939;0.0010087361424981;0.0;34.33575;2022-09-29T17:00:00Z
0.0233571358465653;0.0015260608265975;0.0009369893110023;0.0;19.6852;2022-09-29T18:00:00Z
0.0239266212314798;0.0014063163952967;0.0009528093142782;0.0;33.65098333333333;2022-09-29T19:00:00Z
0.0256624978114659;0.0015506155324428;0.0010992820255003;0.0;79.0002;2022-09-29T20:00:00Z
0.0284537261981238;0.0018496817131506;0.0012694898493823;0.0;91.0;2022-09-29T21:00:00Z
0.0320906190695035;0.0024984343020486;0.001496663101223;0.0;344.5183833333333;2022-09-29T22:00:00Z
0.0363093191469425;0.0031342352596536;0.0017373423701127;0.0;305.43548333333325;2022-09-29T23:00:00Z
0.0408309704319173;0.0037836715919682;0.0020184017098718;0.0;0.0;2022-09-30T00:00:00Z
0.0453646283795164;0.0044560602082689;0.0023183538145;0.0;0.0;2022-09-30T01:00:00Z
0.0495796837157978;0.0050089666125245;0.0025886562168727;0.0;0.0;2022-09-30T02:00:00Z
0.0531760050196833;0.0056703242759805;0.0028172091035696;0.0;0.0;2022-09-30T03:00:00Z
0.0559866045857812;0.0058413072563727;0.0029885130919255;0.0;0.0;2022-09-30T04:00:00Z
0.0577300512294995;0.0062839211831877;0.0030978890662126;0.0;0.0;2022-09-30T05:00:00Z
0.0583369537398132;0.0060347978537124;0.0031238365790785;0.0;0.0;2022-09-30T06:00:00Z
0.0577287399430688;0.0060545535361401;0.0031277683191804;5.119;0.0;2022-09-30T07:00:00Z
0.0560078592646909;0.0060229319232838;0.0029847873460871;0.1199999999999999;0.0;2022-09-30T08:00:00Z
0.0531999862817866;0.0054730009389191;0.0028128493298936;20.119;0.0;2022-09-30T09:00:00Z
0.0495835360142854;0.0050295302815235;0.0025721398886565;0.0;0.0;2022-09-30T10:00:00Z
0.0453555552089281;0.0043954782748595;0.0023238069445999;0.0;0.0;2022-09-30T11:00:00Z
0.0408316774052255;0.0036773720525847;0.0020294183352107;0.0;0.0;2022-09-30T12:00:00Z
0.0363098687720611;0.0031927394115489;0.001747627303972;0.0;0.0;2022-09-30T13:00:00Z
0.0320789487593702;0.0024440570628731;0.0015008453501249;0.0;0.0;2022-09-30T14:00:00Z
0.0284514135541062;0.0018198415070913;0.0012588932746159;0.0;0.0;2022-09-30T15:00:00Z
0.025671122720764;0.0016211559159401;0.0010848521969667;0.0;0.0;2022-09-30T16:00:00Z
0.0239416087722531;0.0013168392806106;0.0010126381467215;0.0;0.0;2022-09-30T17:00:00Z
0.0233326407370675;0.0011911519365981;0.000929689177539;0.0;0.0;2022-09-30T18:00:00Z
0.0239232233806511;0.0011231802616771;0.0009637798495585;0.0;0.0;2022-09-30T19:00:00Z
0.0257023102608568;0.0013602378905622;0.0010612402524775;0.0;0.0;2022-09-30T20:00:00Z
0.0284581646986672;0.0020337697097434;0.0012471690282043;0.0;0.0;2022-09-30T21:00:00Z
0.0320788232550414;0.002465008521269;0.0014680865350475;0.0;0.0;2022-09-30T22:00:00Z
0.0363177890545793;0.0030628690223926;0.0017580894969955;0.0;0.0;2022-09-30T23:00:00Z
0.0408524651976542;0.0036874074225158;0.0020290857598972;0.0;15.75015;2022-10-01T00:00:00Z
0.0453289271027677;0.0043482589078572;0.0023117790444898;0.0;38.850333333333325;2022-10-01T01:00:00Z
0.0495689472565161;0.0050921300986601;0.0025789332094897;0.0;48.066783333333326;2022-10-01T02:00:00Z
0.0531933792237395;0.0054372760298689;0.0028086190212875;0.0;48.7667;2022-10-01T03:00:00Z
0.0559950382814045;0.0058735739929593;0.0029802780098245;0.0;48.7667;2022-10-01T04:00:00Z
0.0577516776811433;0.0062066047177907;0.0030533731900206;0.0;51.16716666666667;2022-10-01T05:00:00Z
0.0583169380159261;0.0062475180582715;0.0031036185748942;0.0;93.01696666666669;2022-10-01T06:00:00Z
0.0577301400084484;0.0061885993383668;0.0031278112641955;0.1199999999999999;32.40158333333333;2022-10-01T07:00:00Z
0.055989866376885;0.0060006881103487;0.0029699357653433;0.1199999999999999;51.167133333333325;2022-10-01T08:00:00Z
0.0532093179568716;0.0055227742793608;0.0028069394575338;25.118;50.5007;2022-10-01T09:00:00Z
0.049602255319879;0.0050002396661178;0.0025857762853843;0.0;67.83355;2022-10-01T10:00:00Z
0.0453422407256867;0.004357439229814;0.0023319031229158;0.0;69.00016666666667;2022-10-01T11:00:00Z
0.0408278625093038;0.0036280105059242;0.0020447321828005;0.0;62.0018;2022-10-01T12:00:00Z
0.0362997847229623;0.0030961313466437;0.0017471785699878;0.0;516.00095;2022-10-01T13:00:00Z
0.0320908737999667;0.0025421470469142;0.0015109248703776;0.0;67.0013;2022-10-01T14:00:00Z
0.0284685476428779;0.0019252930268538;0.0012162928949519;0.0;70.001;2022-10-01T15:00:00Z
0.0256609771730912;0.001453488420089;0.0010699096752254;0.0;68.3345;2022-10-01T16:00:00Z
0.0239260254379789;0.001375518475587;0.0009914943953536;0.0;59.00118333333333;2022-10-01T17:00:00Z
0.0233344473392041;0.0014547965953232;0.0009198813443819;0.0;82.71734999999998;2022-10-01T18:00:00Z
0.0239324584249109;0.0013084025138291;0.0009689319155759;0.0;89.4834;2022-10-01T19:00:00Z
0.0256840823224319;0.0015549115033207;0.0010874839198844;0.0;47.65095;2022-10-01T20:00:00Z
0.0284585808250246;0.0019904804974892;0.0012546373741695;0.0;35.6684;2022-10-01T21:00:00Z
0.0320802514352694;0.002357261936139;0.0015097296553942;0.0;508.4356833333334;2022-10-01T22:00:00Z
0.0363101410050903;0.0029846435860697;0.0017826480883761;0.0;21.9857;2022-10-01T23:00:00Z
0.0408538772250166;0.0038415219305914;0.0020376450408819;0.0;19.60105;2022-10-02T00:00:00Z
0.0453803189172444;0.0045738024837714;0.0023140833344302;0.0;28.700866666666663;2022-10-02T01:00:00Z
0.0495739769133246;0.0050254431877206;0.0025847606934388;0.0;33.716966666666664;2022-10-02T02:00:00Z
0.0531962392844143;0.0055318881881327;0.0028407156734916;0.0;35.81688333333334;2022-10-02T03:00:00Z
0.0559878790591215;0.00597987379159;0.0030038254494969;0.0;37.9168;2022-10-02T04:00:00Z
0.0577427907174907;0.0062355526692615;0.0030561474354813;0.0;34.3001;2022-10-02T05:00:00Z
0.0583255069533599;0.006041482073218;0.0031174552169617;0.0;23.45063333333333;2022-10-02T06:00:00Z
0.0577350638513134;0.0063162766431739;0.0030997841845722;0.1199999999999999;10.5345;2022-10-02T07:00:00Z
0.0560012729071132;0.0059374918039613;0.0029673786450663;25.118;30.667483333333337;2022-10-02T08:00:00Z
0.0531981027402057;0.0057804965829346;0.0028023481593402;0.1199999999999999;38.167683333333336;2022-10-02T09:00:00Z
0.0495910223806147;0.0049805754872624;0.0025551275413264;0.0;67.83338333333333;2022-10-02T10:00:00Z
0.0453605049848608;0.0045417531307513;0.0023115230545753;0.0;180.50068333333328;2022-10-02T11:00:00Z
0.0408259638775186;0.0039893469020958;0.0019842118634775;0.0;365.0012;2022-10-02T12:00:00Z
0.036317665162031;0.0030724588588845;0.0017786353451877;0.0;70.001;2022-10-02T13:00:00Z
0.0320845695803858;0.0023545335624863;0.0014710773659674;0.0;47.00138333333334;2022-10-02T14:00:00Z
0.0284539431817554;0.0020590371505436;0.0012922037006862;0.0;38.00153333333333;2022-10-02T15:00:00Z
0.025685182726127;0.0015625930296483;0.0011096163009668;0.0;24.00176666666667;2022-10-02T16:00:00Z
0.0239406863640325;0.0014181675258413;0.0009606598201876;0.0;535.384;2022-10-02T17:00:00Z
0.0233316896715091;0.0011865146210662;0.0009558361080918;0.0;76.96795;2022-10-02T18:00:00Z
0.0239193555340287;0.0013870155789639;0.0009668846857991;0.0;54.800933333333326;2022-10-02T19:00:00Z
0.0256623287100181;0.0015528070901133;0.0010938944683889;0.0;58.334416666666655;2022-10-02T20:00:00Z
0.0284635007245842;0.0020863484006875;0.0012646113750885;0.0;67.56745;2022-10-02T21:00:00Z
0.0320611797118744;0.0024293163657141;0.0014693086219069;0.0;80.80205;2022-10-02T22:00:00Z
0.0363034065224243;0.0030634520227649;0.0017539027164348;0.0;44.8849;2022-10-02T23:00:00Z
0.0408438864784672;0.0038732314279959;0.0020220177608771;0.0;29.750333333333334;2022-10-03T00:00:00Z
0.0453595167274538;0.0044290515815251;0.0022898618707699;0.0;31.850216666666668;2022-10-03T01:00:00Z
0.0495902631849959;0.0048470859656987;0.0026050577715328;0.0;27.183766666666667;2022-10-03T02:00:00Z
0.0532167569468907;0.0054114314565123;0.0027918037714095;0.0;34.06681666666667;2022-10-03T03:00:00Z
0.0559787233010098;0.0057503308446711;0.0029491508503295;0.0;35.700183333333335;2022-10-03T04:00:00Z
0.0577423047480196;0.0061008752205208;0.003082864541839;0.0;35.7839;2022-10-03T05:00:00Z
0.0583299384800583;0.0064519839696311;0.0031288763787056;0.0;28.36733333333333;2022-10-03T06:00:00Z
0.0577307136142098;0.0060931974471793;0.0030983458844234;0.1199999999999999;34.501;2022-10-03T07:00:00Z
0.0559935485783094;0.0059112253437049;0.0030008226029561;25.118;43.66738333333334;2022-10-03T08:00:00Z
0.053202227670319;0.0054775484027812;0.0027860844880158;0.1199999999999999;59.000183333333325;2022-10-03T09:00:00Z
0.0495918439942027;0.0050062625250298;0.0025694610770343;0.0;53.00028333333333;2022-10-03T10:00:00Z
0.0453643476701683;0.0043419067667539;0.0023393695164802;0.0;42.00046666666666;2022-10-03T11:00:00Z
0.0408324983860472;0.0037766471549734;0.0020113388609945;0.0;70.00063333333334;2022-10-03T12:00:00Z
0.0363208361781958;0.0030783444557366;0.0017591545651817;0.0;70.001;2022-10-03T13:00:00Z
0.0321021843798591;0.002585650135802;0.0015044530435655;0.0;103.3343;2022-10-03T14:00:00Z
0.0284496158296099;0.0019538352161843;0.0012477134474279;0.0;114.00105;2022-10-03T15:00:00Z
0.0256727384042047;0.0015271547997718;0.0010557129576793;0.0;35.668933333333335;2022-10-03T16:00:00Z
0.0239363777115499;0.0014237580811186;0.0009542258230237;0.0;283.75210000000004;2022-10-03T17:00:00Z
0.0233323718859681;0.0013011922833328;0.000941371794269;0.0;44.4851;2022-10-03T18:00:00Z
0.0239436073093354;0.0013497143959681;0.0009567515228904;0.0;75.9009;2022-10-03T19:00:00Z
0.0256957633055053;0.0015668039950581;0.0010509792986764;0.0;89.36686666666665;2022-10-03T20:00:00Z
0.0284485272719756;0.0021495256707499;0.0012385898092785;0.0;80.05081666666666;2022-10-03T21:00:00Z
0.0321022399681069;0.0025067006024089;0.0015272429924624;0.0;117.61878333333334;2022-10-03T22:00:00Z
0.0362962599611459;0.0030261934655804;0.0017938271255359;0.0;612.36745;2022-10-03T23:00:00Z
0.0408487206867849;0.0037915208339283;0.0020405066909748;0.0;21.700416666666666;2022-10-04T00:00:00Z
0.0453597923010289;0.0044780183429274;0.0023095579170389;0.0;37.2169;2022-10-04T01:00:00Z
0.0495817930328278;0.0049451402394513;0.0025710411576454;0.0;33.01715;2022-10-04T02:00:00Z
0.0531934584457531;0.0057690255040914;0.0027693788068429;0.0;33.60041666666667;2022-10-04T03:00:00Z
0.0560046967196493;0.0059249179999034;0.0029514308446202;0.0;33.13346666666666;2022-10-04T04:00:00Z
0.0577312762495075;0.006291970214705;0.0030838764012693;0.0;37.21685;2022-10-04T05:00:00Z
0.0583428040444887;0.0062033777379069;0.0031411379443908;0.0;31.6169;2022-10-04T06:00:00Z
0.0577352532231292;0.0060822995781999;0.0030829762221586;20.119;17.266833333333334;2022-10-04T07:00:00Z
0.0559897368826611;0.0057053345388916;0.0029912229650394;0.1199999999999999;47.0008;2022-10-04T08:00:00Z
0.0532026517264671;0.0056229325705172;0.002787431317834;5.118999999999999;57.500916666666654;2022-10-04T09:00:00Z
0.0495912161097197;0.0050002940963585;0.0025714872720102;0.0;58.50048333333333;2022-10-04T10:00:00Z
0.0453781976303748;0.0044059604891689;0.0023186469473686;0.0;60.16765;2022-10-04T11:00:00Z
0.0408372003640879;0.0038702744365927;0.0020428435641273;0.0;66.66746666666667;2022-10-04T12:00:00Z
0.0362992454455794;0.0031908523896834;0.0017627152528979;0.0;653.33375;2022-10-04T13:00:00Z
0.0320835046354783;0.0026660775557989;0.0015067939784906;0.0;136.6676;2022-10-04T14:00:00Z
0.0284537906307296;0.0018225712637025;0.0012268638020052;0.0;403.334;2022-10-04T15:00:00Z
0.0256775465752869;0.0014338153361192;0.0010502282108807;0.0;70.001;2022-10-04T16:00:00Z
0.0239144838353965;0.0013293335638597;0.0009717498374123;0.0;73.03441666666667;2022-10-04T17:00:00Z
0.0233407407713952;0.0012096620611216;0.0009160462062535;0.0;86.68393333333331;2022-10-04T18:00:00Z
0.023941023888065;0.0013524418424518;0.0009582086969666;0.0;88.43361666666665;2022-10-04T19:00:00Z
0.0256861740593833;0.0015189663802455;0.0010797346083386;0.0;48.60088333333333;2022-10-04T20:00:00Z
0.0284616518122516;0.0020681925232211;0.0012524891872548;0.0;85.88353333333333;2022-10-04T21:00:00Z
0.0320862303195256;0.0024811574687474;0.0014932436815582;0.0;52.36836666666667;2022-10-04T22:00:00Z
0.0362990827665086;0.0029478235080612;0.0017298880669679;0.0;13.002033333333332;2022-10-04T23:00:00Z
0.040829552315689;0.0038311216633656;0.0020208244598463;0.0;19.367;2022-10-05T00:00:00Z
0.0453528368479727;0.0045447532920957;0.0023186549248789;0.0;26.13363333333333;2022-10-05T01:00:00Z
0.0496064401470461;0.0050583402687817;0.0025373847108678;0.0;27.41675;2022-10-05T02:00:00Z
0.0532106603961702;0.0055804198626272;0.0028180898308319;0.0;27.883366666666667;2022-10-05T03:00:00Z
0.0559885755570555;0.0058566747072252;0.0029768912803852;0.0;29.166666666666668;2022-10-05T04:00:00Z
0.0577388138092101;0.006161465082909;0.0030923410712716;0.0;34.18396666666666;2022-10-05T05:00:00Z
0.0583414400271127;0.006273947086877;0.0030901407457801;0.0;37.81755;2022-10-05T06:00:00Z
0.0577544222373346;0.0061498784286531;0.0030906350216662;5.118999999999999;8.867766666666666;2022-10-05T07:00:00Z
0.0559701117057496;0.0059034848702578;0.0029762717592768;20.119;49.000083333333336;2022-10-05T08:00:00Z
0.0532169141755177;0.0054328784824094;0.0027874784891184;0.1199999999999999;70.0;2022-10-05T09:00:00Z
0.049589058080654;0.0050518284860023;0.0026036192687186;0.0;70.0;2022-10-05T10:00:00Z
0.0453675658429574;0.0043323348325162;0.0023125371879706;0.0;70.00013333333334;2022-10-05T11:00:00Z
0.0408130848351587;0.0037907276220861;0.0020144664142832;0.0;64.0011;2022-10-05T12:00:00Z
0.0363147394771335;0.0031026236245073;0.0017203379734731;0.0;70.001;2022-10-05T13:00:00Z
0.0320816399786618;0.0026543391408815;0.001495426168767;0.0;57.16844999999999;2022-10-05T14:00:00Z
0.0284556608215301;0.0018800365706564;0.0012080400832878;0.0;46.002233333333336;2022-10-05T15:00:00Z
0.0256932201331141;0.001710545705811;0.0010664075031132;0.0;57.00205;2022-10-05T16:00:00Z
0.0239265062237922;0.0014328072143033;0.001020374471295;0.0;147.03475000000003;2022-10-05T17:00:00Z
0.0233271511134507;0.0011777314816228;0.0009295022754303;0.0;428.8337666666666;2022-10-05T18:00:00Z
0.0239039358941057;0.0012383827471844;0.0009708707264528;0.0;78.15048333333331;2022-10-05T19:00:00Z
0.0256681049249382;0.001772576583369;0.0010538537454544;0.0;75.63413333333334;2022-10-05T20:00:00Z
0.0284504434200135;0.0019368103218585;0.0012459952946422;0.0;70.25086666666667;2022-10-05T21:00:00Z
0.0320777137289821;0.0023545404221795;0.0014640469988066;0.0;626.0679166666665;2022-10-05T22:00:00Z
0.036299735132552;0.0031989837237023;0.0017820808961342;0.0;13.6512;2022-10-05T23:00:00Z
0.0408231408411615;0.0036831383860528;0.0020321964179794;0.0;17.734333333333332;2022-10-06T00:00:00Z
0.045333960832665;0.004349967621096;0.0022895021878308;0.0;29.5171;2022-10-06T01:00:00Z
0.0495832830943597;0.0050709034959697;0.00256509724252;0.0;30.333566666666663;2022-10-06T02:00:00Z
0.053205159782819;0.005440598900308;0.0028205686155813;0.0;28.0;2022-10-06T03:00:00Z
0.0559816417827825;0.0059473621414623;0.0029787759473687;0.0;28.466966666666664;2022-10-06T04:00:00Z
0.0577392932494849;0.0061812846338278;0.0030533587012657;0.0;27.533966666666664;2022-10-06T05:00:00Z
0.0583320513769184;0.006248019423363;0.0031277399854874;0.0;20.06813333333333;2022-10-06T06:00:00Z
0.057740730265467;0.0061247835900271;0.0030978659593211;5.119;18.16758333333333;2022-10-06T07:00:00Z
0.0559983697642102;0.0058847640173447;0.0029908614969613;0.1199999999999999;61.83348333333333;2022-10-06T08:00:00Z
0.0532164679381126;0.0055124906347346;0.0028321277803704;20.119;10.001;2022-10-06T09:00:00Z
0.0495693436227154;0.005055300618489;0.0025901193208477;0.0;26.00073333333333;2022-10-06T10:00:00Z
0.0453457476843211;0.0046199675554312;0.0023288993792482;0.0;53.00055;2022-10-06T11:00:00Z
0.0408356213977796;0.0039732799548466;0.0020486823013554;0.0;602.0006;2022-10-06T12:00:00Z
0.0363080551617313;0.0032154647793378;0.0017556311563383;0.0;66.0014;2022-10-06T13:00:00Z
0.0320916218590389;0.0023966056385785;0.0014772263523342;0.0;54.001266666666666;2022-10-06T14:00:00Z
0.0284634505929569;0.0020926644562522;0.0012800407720303;0.0;31.00165;2022-10-06T15:00:00Z
0.0256772907445316;0.0015013204954427;0.0010711074623704;0.0;70.001;2022-10-06T16:00:00Z
0.0239143708448008;0.0014239489810026;0.000968547045188;0.0;34.40196666666667;2022-10-06T17:00:00Z
0.0233272393198575;0.0014498898100232;0.0009374496269353;0.0;61.6174;2022-10-06T18:00:00Z
0.0239556804036649;0.0014006960473272;0.0009708253409943;0.0;80.20078333333333;2022-10-06T19:00:00Z
0.025668669903118;0.0016080886944498;0.0010738899473149;0.0;80.7677;2022-10-06T20:00:00Z
0.0284489398056537;0.0021029573706264;0.0012756994467269;0.0;53.05106666666666;2022-10-06T21:00:00Z
0.0320917372592567;0.002717418063906;0.0015052974178732;0.0;24.869166666666665;2022-10-06T22:00:00Z
0.0363094371700653;0.0031828409017875;0.0017425267533977;0.0;286.05291666666665;2022-10-06T23:00:00Z
0.0408414729832882;0.0038037261828806;0.0020015693451398;0.0;0.0;2022-10-07T00:00:00Z
0.0453625093029175;0.004368271777538;0.0023586022352699;0.0;0.0;2022-10-07T01:00:00Z
0.0495742340809073;0.0051288722531135;0.0025829563131834;0.0;0.0;2022-10-07T02:00:00Z
0.0531982374008996;0.0054284889289204;0.0027962344736511;0.0;0.0;2022-10-07T03:00:00Z
0.0560038832403263;0.0059739308530529;0.0029718035161003;0.0;0.0;2022-10-07T04:00:00Z
0.0577367506682262;0.0063665382052144;0.0031377711611993;0.0;0.0;2022-10-07T05:00:00Z
0.0583275815845472;0.0062059129666886;0.0031344442949271;0.0;0.0;2022-10-07T06:00:00Z
0.05774906553058;0.00630013427883;0.0030912373937767;25.117999999999995;0.0;2022-10-07T07:00:00Z
0.0559917839633627;0.0059238965726015;0.003016590996472;0.1199999999999999;0.0;2022-10-07T08:00:00Z
0.0532118636505092;0.0056832926800564;0.0028008271009729;0.1199999999999999;0.0;2022-10-07T09:00:00Z
0.0495789003714296;0.0048573274014344;0.0025859396895049;0.0;0.0;2022-10-07T10:00:00Z
0.045375567594136;0.0044490485254161;0.0023270202180823;0.0;0.0;2022-10-07T11:00:00Z
0.0408251766593146;0.0036592056027951;0.0019989430525533;0.0;0.0;2022-10-07T12:00:00Z
0.0362994893982076;0.0031826138930939;0.0017462677388173;0.0;0.0;2022-10-07T13:00:00Z
0.032107688441227;0.0023957287621532;0.0014853459017833;0.0;0.0;2022-10-07T14:00:00Z
0.0284605268134675;0.0020567603955967;0.0012445118768459;0.0;0.0;2022-10-07T15:00:00Z
0.025679205256017;0.0017098771787309;0.0010710188705942;0.0;0.0;2022-10-07T16:00:00Z
0.0239199607263671;0.0013236200142675;0.0009914886996644;0.0;0.0;2022-10-07T17:00:00Z
0.0233253316041492;0.0012747942498863;0.0009316771906236;0.0;0.0;2022-10-07T18:00:00Z
0.023942753001638;0.0012338706352425;0.0009915797708912;0.0;0.0;2022-10-07T19:00:00Z
0.0256649125429044;0.0016063581248929;0.001068560155755;0.0;0.0;2022-10-07T20:00:00Z
0.0284647254261461;0.0020856226229352;0.0012744577182509;0.0;0.0;2022-10-07T21:00:00Z
0.0320858046543391;0.0024400752789104;0.0014980465801661;0.0;0.0;2022-10-07T22:00:00Z
0.036304290365386;0.0032239659542898;0.0017533368301336;0.0;0.0;2022-10-07T23:00:00Z
0.0408308509382299;0.0036730714186334;0.0020114468120651;0.0;29.050216666666667;2022-10-08T00:00:00Z
0.0453708891437736;0.0043621990144445;0.002332812585087;0.0;36.28333333333333;2022-10-08T01:00:00Z
0.0495890459093974;0.005133275222282;0.002604087364085;0.0;34.0668;2022-10-08T02:00:00Z
0.0531814017076826;0.005499988637364;0.0028040952575856;0.0;40.36668333333333;2022-10-08T03:00:00Z
0.0559961633126346;0.006018638293392;0.0029712256771471;0.0;34.65006666666667;2022-10-08T04:00:00Z
0.0577283916316664;0.006255410910634;0.0030808318393713;0.0;35.2334;2022-10-08T05:00:00Z
0.05833385486736;0.0063808635570371;0.0031301155584603;0.0;33.883966666666666;2022-10-08T06:00:00Z
0.0577476373939429;0.0063158314947141;0.0030966532926701;20.119;11.283833333333332;2022-10-08T07:00:00Z
0.0559910176987944;0.0058483211781449;0.0029654003100655;5.119;23.00078333333333;2022-10-08T08:00:00Z
0.0532069855109553;0.0054796539333705;0.0027841242097738;0.1199999999999999;10.001;2022-10-08T09:00:00Z
0.0495781895414602;0.005158828000582;0.0025868141800737;0.0;65.00008333333334;2022-10-08T10:00:00Z
0.0453546585841862;0.0044110345329347;0.0023007086353315;0.0;70.00045;2022-10-08T11:00:00Z
0.0408233893371542;0.0038093780345749;0.0020347192368001;0.0;69.50105;2022-10-08T12:00:00Z
0.0362834370182858;0.0032639196884877;0.0017167112365289;0.0;70.001;2022-10-08T13:00:00Z
0.0320692620080886;0.002455391628496;0.0014755150334046;0.0;353.33405000000005;2022-10-08T14:00:00Z
0.0284521916332108;0.0020557823959282;0.0012746529059477;0.0;59.00118333333333;2022-10-08T15:00:00Z
0.0256654885744423;0.0017306640359299;0.0010853135969417;0.0;70.001;2022-10-08T16:00:00Z
0.023919921728346;0.0013214999074266;0.0009934519902722;0.0;64.20165;2022-10-08T17:00:00Z
0.0233406968430235;0.0012743101585614;0.0009640072438328;0.0;43.36875;2022-10-08T18:00:00Z
0.0239278036500199;0.0013752681099671;0.0009947323740509;0.0;35.48506666666666;2022-10-08T19:00:00Z
0.0256785713284413;0.0014782221690584;0.0010904197430347;0.0;61.934683333333325;2022-10-08T20:00:00Z
0.0284581640288881;0.0020026554103307;0.0012312829510618;0.0;82.86773333333333;2022-10-08T21:00:00Z
0.0320961719979973;0.0024977707144364;0.0014900754002243;0.0;91.8016;2022-10-08T22:00:00Z
0.0363058034941029;0.0031759906397448;0.0017691271402134;0.0;700.8345999999999;2022-10-08T23:00:00Z
0.0408502183987245;0.0037058086050107;0.0020214100765926;0.0;22.40031666666667;2022-10-09T00:00:00Z
0.0453394418030476;0.0042403597891504;0.0023372898509092;0.0;34.76676666666667;2022-10-09T01:00:00Z
0.0495750667865061;0.0050091295968274;0.002556655230549;0.0;40.0169;2022-10-09T02:00:00Z
0.0532311068871386;0.0054896480010114;0.0028419135398957;0.0;31.73365;2022-10-09T03:00:00Z
0.0559690603758017;0.0059771844869086;0.0030255845161337;0.0;34.65031666666667;2022-10-09T04:00:00Z
0.0577142984861363;0.0062163605963212;0.0031023503593264;0.0;31.96685;2022-10-09T05:00:00Z
0.0583339716506169;0.0062425345785062;0.0031058046141328;0.0;23.33353333333333;2022-10-09T06:00:00Z
0.0577291255046468;0.0060256624409126;0.0030875818776107;5.119;11.800716666666666;2022-10-09T07:00:00Z
0.0559752107622866;0.0060146544935267;0.0029790943962134;0.1199999999999999;7.83455;2022-10-09T08:00:00Z
0.0532028363807551;0.0056605847600902;0.0028354668114167;20.119;50.0005;2022-10-09T09:00:00Z
0.0495829254887983;0.0050692134227185;0.0025639652113717;0.0;70.0;2022-10-09T10:00:00Z
0.0453781330479663;0.0043620314021797;0.002323456766923;0.0;68.16685;2022-10-09T11:00:00Z
0.040841907688127;0.0035513116262918;0.0020168402763703;0.0;284.83413333333334;2022-10-09T12:00:00Z
0.0362799467853158;0.0030431841369224;0.0017396771772782;0.0;318.8342;2022-10-09T13:00:00Z
0.0320847919653749;0.0024634901414974;0.0014770842712184;0.0;65.83466666666665;2022-10-09T14:00:00Z
0.0284502577679488;0.0020585931365853;0.0012517871484316;0.0;322.3345;2022-10-09T15:00:00Z
0.0256752580948805;0.0016837680361072;0.0011175883415283;0.0;136.3343;2022-10-09T16:00:00Z
0.0239107788441819;0.001216918800215;0.00099316910524;0.0;92.0338833333333;2022-10-09T17:00:00Z
0.0233274691965275;0.0012718780571307;0.0009252714397252;0.0;82.20031666666665;2022-10-09T18:00:00Z
0.0239262181014437;0.001448382541553;0.0009572040166875;0.0;90.50005;2022-10-09T19:00:00Z
0.0256794388443549;0.0015886493261256;0.0010653322651245;0.0;85.8838;2022-10-09T20:00:00Z
0.028459468966082;0.0019194838992184;0.0012711476491805;0.0;77.36768333333333;2022-10-09T21:00:00Z
0.0320947305504691;0.0024414996367143;0.0014911774395674;0.0;187.35128333333327;2022-10-09T22:00:00Z
0.0363028431774384;0.0030483264354524;0.0017776565009926;0.0;110.93493333333332;2022-10-09T23:00:00Z
0.0408336452988296;0.0037843589689691;0.0020153716447409;0.0;25.43388333333333;2022-10-10T00:00:00Z
0.0453675910731778;0.0043506745376878;0.0023495854188241;0.0;33.48335;2022-10-10T01:00:00Z
0.0496014245888877;0.0049562073718277;0.002574063843272;0.0;35.81681666666667;2022-10-10T02:00:00Z
0.0532071476735944;0.0053353589269589;0.0027932918196508;0.0;37.333533333333335;2022-10-10T03:00:00Z
0.0559838722466068;0.0059615506351233;0.0029582397971659;0.0;31.6168;2022-10-10T04:00:00Z
0.0577320600628942;0.0061286054378662;0.0031289709894089;0.0;38.15015;2022-10-10T05:00:00Z
0.0583391615978904;0.0061366400159006;0.0031190382085242;0.0;34.98383333333334;2022-10-10T06:00:00Z
0.0577176927271625;0.0062377775975089;0.0030842778141578;0.1199999999999999;18.2174;2022-10-10T07:00:00Z
0.0559790027225661;0.0057325746606134;0.0029824209758754;25.118;65.50045;2022-10-10T08:00:00Z
0.0531986711157446;0.005663371269644;0.0028194001240871;0.1199999999999999;70.0;2022-10-10T09:00:00Z
0.049572595832945;0.0050450047699699;0.0025438105502638;0.0;67.0003;2022-10-10T10:00:00Z
0.0453708304414251;0.0044363843792008;0.0023213962834362;0.0;64.16778333333333;2022-10-10T11:00:00Z
0.0408361922023298;0.0038321744596027;0.0020266907377336;0.0;66.50135;2022-10-10T12:00:00Z
0.0363233486511204;0.0031054256209156;0.0017441555854794;0.0;30.66843333333333;2022-10-10T13:00:00Z
0.0320878601836333;0.0024139816202245;0.0014824386710951;0.0;60.001949999999994;2022-10-10T14:00:00Z
0.028467346464928;0.0020868591707923;0.0012617703089855;0.0;865.66785;2022-10-10T15:00:00Z
0.0256805623698808;0.0015613289962904;0.0011116920583379;0.0;222.6682833333333;2022-10-10T16:00:00Z
0.0239196879624417;0.0013642113295322;0.0009661276932807;0.0;65.60171666666666;2022-10-10T17:00:00Z
0.0233382099077242;0.0013969913992392;0.0009333505846146;0.0;81.08421666666666;2022-10-10T18:00:00Z
0.0239388228979781;0.0013424094693998;0.0009314902074815;0.0;93.0336;2022-10-10T19:00:00Z
0.0256824498341193;0.0016773963840942;0.0010762452558209;0.0;85.86676666666665;2022-10-10T20:00:00Z
0.0284521781764429;0.0019739772563879;0.001267089140406;0.0;82.88383333333331;2022-10-10T21:00:00Z
0.0320757373232446;0.0024502407003739;0.0014542323326971;0.0;86.23456666666665;2022-10-10T22:00:00Z
0.0363139734497032;0.0032064554763855;0.0016902913286973;0.0;50.0359;2022-10-10T23:00:00Z
0.0408262201370145;0.0036268996643802;0.0020428679768261;0.0;29.51683333333333;2022-10-11T00:00:00Z
0.0453815203779244;0.0045000964863847;0.0022847690672252;0.0;32.08338333333333;2022-10-11T01:00:00Z
0.04957612550605;0.0051054113167207;0.0025908654300463;0.0;28.0;2022-10-11T02:00:00Z
0.0532033960756801;0.0055667427712382;0.0027895626275345;0.0;28.00005;2022-10-11T03:00:00Z
0.0559987289865177;0.0057824339391222;0.0029457245505139;0.0;31.5002;2022-10-11T04:00:00Z
0.057716943596045;0.0060305984517083;0.0030932084652936;0.0;41.650033333333326;2022-10-11T05:00:00Z
0.0583399645687835;0.0063466767724253;0.0031158891996261;0.0;21.933716666666665;2022-10-11T06:00:00Z
0.0577384951472567;0.006132604227449;0.0031438026299629;0.1199999999999999;13.28385;2022-10-11T07:00:00Z
0.0559854463282371;0.0059003480261598;0.0029790493259561;5.119;28.00013333333333;2022-10-11T08:00:00Z
0.0532010121202382;0.0055257761596109;0.0028095818550732;20.119;64.0001;2022-10-11T09:00:00Z
0.0495957125746052;0.0050954906817373;0.0025622831994124;0.0;42.167366666666666;2022-10-11T10:00:00Z
0.045359408442144;0.0043792932360037;0.0023149381742905;0.0;64.16731666666665;2022-10-11T11:00:00Z
0.0408282198070636;0.0036655715342019;0.0020583660502634;0.0;57.33468333333333;2022-10-11T12:00:00Z
0.0363050989921716;0.0032475691554336;0.0017423983524275;0.0;67.3346;2022-10-11T13:00:00Z
0.0321041408944149;0.0025607012839051;0.0014586076165876;0.0;523.6678333333333;2022-10-11T14:00:00Z
0.0284497470652834;0.0019874979763384;0.0012290615788111;0.0;266.00120000000004;2022-10-11T15:00:00Z
0.0256649118459754;0.0016087234854149;0.0010903982824448;0.0;70.001;2022-10-11T16:00:00Z
0.023949648893963;0.001374586453807;0.0009611744861844;0.0;487.90086666666656;2022-10-11T17:00:00Z
0.0233307981706079;0.0012297396814128;0.0009829089940652;0.0;86.13375;2022-10-11T18:00:00Z
0.023926592342518;0.0012152815507592;0.0009713525426292;0.0;87.50036666666665;2022-10-11T19:00:00Z
0.0256696406632127;0.0016360846297605;0.0010941012807513;0.0;87.83365;2022-10-11T20:00:00Z
0.0284761613645548;0.0020979208639927;0.001229836707686;0.0;86.0005;2022-10-11T21:00:00Z
0.032080276853089;0.0024827350939945;0.0015026814056287;0.0;57.7185;2022-10-11T22:00:00Z
0.0363050239767558;0.0029820626928627;0.0017576154080986;0.0;10.13485;2022-10-11T23:00:00Z
0.0408340765955312;0.0035521460859561;0.0020315291630642;0.0;27.6504;2022-10-12T00:00:00Z
0.0453562825148518;0.0044876612817015;0.0023383255726032;0.0;32.66678333333333;2022-10-12T01:00:00Z
0.0495788612902242;0.0049730904389864;0.0025721612577243;0.0;39.90016666666666;2022-10-12T02:00:00Z
0.0532138175553371;0.0055894322520475;0.0028195973438371;0.0;29.98348333333333;2022-10-12T03:00:00Z
0.0559752855292694;0.0059891876319308;0.0029534319969452;0.0;29.05;2022-10-12T04:00:00Z
0.0577443814281299;0.006142133949809;0.0030492727283953;0.0;35.35;2022-10-12T05:00:00Z
0.0583389492357236;0.0061830495896961;0.003155662293422;0.0;24.51705;2022-10-12T06:00:00Z
0.0577348214364146;0.0061689422769094;0.0030597844919917;20.119;65.23451666666665;2022-10-12T07:00:00Z
0.0559997001450518;0.0059304248306525;0.0029687967522848;5.118999999999999;64.50055;2022-10-12T08:00:00Z
0.0532122712373111;0.0056702141467527;0.0027757343709506;0.1199999999999999;70.0;2022-10-12T09:00:00Z
0.0495903183080216;0.0051133425735922;0.0025801370228749;0.0;66.667;2022-10-12T10:00:00Z
0.0453770096202394;0.0043311426609262;0.0022880483916154;0.0;61.83415;2022-10-12T11:00:00Z
0.0408355640097299;0.0037910720096027;0.0020126746387936;0.0;61.33498333333333;2022-10-12T12:00:00Z
0.036319891622019;0.0032730466821104;0.0017575425564107;0.0;69.6677;2022-10-12T13:00:00Z
0.0320976158740644;0.0022690077184235;0.0014731407582608;0.0;231.6675833333333;2022-10-12T14:00:00Z
0.0284543104331222;0.0020614999398557;0.0012869243773238;0.0;710.0012999999999;2022-10-12T15:00:00Z
0.025685903100736;0.0017587774769328;0.0010852733730775;0.0;8.835449999999998;2022-10-12T16:00:00Z
0.0239300639764949;0.0011071708671535;0.0009229021147211;0.0;121.66785;2022-10-12T17:00:00Z
0.0233533185347871;0.0013131134267675;0.0009076914095591;0.0;83.41691666666665;2022-10-12T18:00:00Z
0.0239403932267949;0.0013341352570494;0.0009739853517798;0.0;85.06685;2022-10-12T19:00:00Z
0.0256777559292435;0.0016466154778274;0.0010518644334529;0.0;34.95115;2022-10-12T20:00:00Z
0.0284502532880534;0.0017899102902165;0.0012699485457821;0.0;67.93378333333334;2022-10-12T21:00:00Z
0.0320978920772216;0.0025371927649907;0.0015035501206385;0.0;88.55121666666666;2022-10-12T22:00:00Z
0.0362872882512751;0.0031848175332481;0.0017525747213416;0.0;76.06816666666667;2022-10-12T23:00:00Z
0.0408506212672083;0.0038406382685279;0.0020490626735846;0.0;35.35055;2022-10-13T00:00:00Z
0.0453464988287226;0.0043110873170796;0.0023284473123772;0.0;33.01705;2022-10-13T01:00:00Z
0.0495687559296732;0.0050313510332927;0.0025884736658653;0.0;30.683433333333333;2022-10-13T02:00:00Z
0.053211089597985;0.0055095383564239;0.0028267459510466;0.0;29.166783333333328;2022-10-13T03:00:00Z
0.0559765436095156;0.0059212066518616;0.0029852111040907;0.0;29.28345;2022-10-13T04:00:00Z
0.0577470491205513;0.0063407228227059;0.0030629198388525;0.0;30.333866666666665;2022-10-13T05:00:00Z
0.0583233822404012;0.0062541951422519;0.0030920232223857;0.0;33.735816666666665;2022-10-13T06:00:00Z
0.0577368056251573;0.0061838088316759;0.0030976872302972;0.1199999999999999;56.20081666666666;2022-10-13T07:00:00Z
0.0559913315855292;0.005890494931478;0.0029962322356351;20.119;68.50015;2022-10-13T08:00:00Z
0.0532103182450976;0.0054059937251612;0.0027906489763173;5.119;60.001;2022-10-13T09:00:00Z
0.0495968057115532;0.0049734924376603;0.0026006750688098;0.0;60.001;2022-10-13T10:00:00Z
0.0453460313220411;0.0046039081192765;0.0023535963015345;0.0;67.50025;2022-10-13T11:00:00Z
0.0408351534897594;0.0037116188193672;0.0020301069388191;0.0;70.00081666666667;2022-10-13T12:00:00Z
0.0362973559219835;0.0030559192282168;0.0017437075294148;0.0;216.66783333333333;2022-10-13T13:00:00Z
0.0320854733657545;0.0025174903912298;0.0015081556545664;0.0;10.33555;2022-10-13T14:00:00Z
0.0284723004979184;0.0019540434688138;0.0012524213249051;0.0;41.002316666666665;2022-10-13T15:00:00Z
0.0256833689958118;0.001547471619222;0.0010975756895455;0.0;493.1688666666666;2022-10-13T16:00:00Z
0.0239349336553812;0.0014394418387332;0.0009866336384019;0.0;493.9002833333333;2022-10-13T17:00:00Z
0.0233343517775661;0.0011434874082696;0.0009160110199981;0.0;89.25005;2022-10-13T18:00:00Z
0.0239325784314181;0.001316998018365;0.0010038403668948;0.0;87.38339999999998;2022-10-13T19:00:00Z
0.0256632312250544;0.0015594294881913;0.0010456391017335;0.0;58.85055;2022-10-13T20:00:00Z
0.0284589561351015;0.0019084338578272;0.001233971617941;0.0;39.30095;2022-10-13T21:00:00Z
0.0320806949129473;0.0024406924725914;0.0014576982862872;0.0;44.06836666666666;2022-10-13T22:00:00Z
0.0363127153431257;0.0030934520156861;0.0017483097665241;0.0;56.00211666666667;2022-10-13T23:00:00Z
0.0408481853874426;0.0037837006487746;0.0020400188850664;0.0;0.0;2022-10-14T00:00:00Z
0.0453695964675951;0.0044561944186525;0.0023494587889651;0.0;0.0;2022-10-14T01:00:00Z
0.0495906080115717;0.0049087824055407;0.0025946807984763;0.0;0.0;2022-10-14T02:00:00Z
0.0532039543446566;0.0056738234406146;0.0027939817022316;0.0;0.0;2022-10-14T03:00:00Z
0.0559916025170464;0.0059250069742341;0.0029827630113792;0.0;0.0;2022-10-14T04:00:00Z
0.0577352974515187;0.0061157639385981;0.0030805171967014;0.0;0.0;2022-10-14T05:00:00Z
0.0583414996431318;0.0063407256911628;0.003104230038092;0.0;0.0;2022-10-14T06:00:00Z
0.057732007357709;0.0062396351601199;0.0030789202708497;0.1199999999999999;0.0;2022-10-14T07:00:00Z
0.0559953128015935;0.0058703966792059;0.0029396238743499;0.1199999999999999;0.0;2022-10-14T08:00:00Z
0.0532091935215381;0.0056528943226989;0.0028127910157961;25.117999999999995;0.0;2022-10-14T09:00:00Z
0.0495743655358702;0.0050364001485225;0.002573644086212;0.0;0.0;2022-10-14T10:00:00Z
0.0453532287765663;0.0045405788253468;0.0023006651438605;0.0;0.0;2022-10-14T11:00:00Z
0.0408383519925023;0.003692475393956;0.0020367548089151;0.0;0.0;2022-10-14T12:00:00Z
0.0363062143018205;0.0031603236214678;0.0017537111700787;0.0;0.0;2022-10-14T13:00:00Z
0.0320901661814795;0.0025844362500994;0.0014701882275679;0.0;0.0;2022-10-14T14:00:00Z
0.028461007388535;0.0018704358760286;0.001266766473202;0.0;0.0;2022-10-14T15:00:00Z
0.0256657911367784;0.0015310455595633;0.0010595584262063;0.0;0.0;2022-10-14T16:00:00Z
0.023926007967641;0.0012406116064411;0.0009756677994152;0.0;0.0;2022-10-14T17:00:00Z
0.023346332099747;0.0013516138532925;0.0009447133654032;0.0;0.0;2022-10-14T18:00:00Z
0.0239315538957391;0.0013488903698524;0.0009795743797531;0.0;0.0;2022-10-14T19:00:00Z
0.0256823447907121;0.0015349849976105;0.0011017758441648;0.0;0.0;2022-10-14T20:00:00Z
0.0284605594980014;0.0020632903208994;0.0012465572190984;0.0;0.0;2022-10-14T21:00:00Z
0.0320885352869232;0.0025229243007027;0.0014694134165188;0.0;0.0;2022-10-14T22:00:00Z
0.0363083380131979;0.0030375152457294;0.0017156602220771;0.0;0.0;2022-10-14T23:00:00Z
0.040849138092967;0.0037568595786356;0.0020082702855695;0.0;29.7506;2022-10-15T00:00:00Z
0.045369610362392;0.0043249263355018;0.0023241709150875;0.0;41.18346666666666;2022-10-15T01:00:00Z
0.0495987800015477;0.0050245590992991;0.0025819907090962;0.0;41.41675;2022-10-15T02:00:00Z
0.0532008135978584;0.0056131560993613;0.0028140627808301;0.0;33.833533333333335;2022-10-15T03:00:00Z
0.0559929545330318;0.0057788067264622;0.0030071753533836;0.0;33.83351666666667;2022-10-15T04:00:00Z
0.0577370675204538;0.0061718352561097;0.003105078037967;0.0;30.567216666666663;2022-10-15T05:00:00Z
0.0583457647874637;0.0062707298374616;0.003178091655271;0.0;17.85035;2022-10-15T06:00:00Z
0.0577533775074716;0.0061119295376256;0.0030745888753825;20.119;2.68335;2022-10-15T07:00:00Z
0.0560044499761501;0.0059301562195108;0.0029503266380456;0.1199999999999999;6.000683333333333;2022-10-15T08:00:00Z
0.0532153345499969;0.0055077683200782;0.0028149383551408;5.119;32.500833333333325;2022-10-15T09:00:00Z
0.0495872582315905;0.0049268149152113;0.0025744258980836;0.0;61.00015;2022-10-15T10:00:00Z
0.0453710771626178;0.0044323184292057;0.0023230941999267;0.0;65.00016666666667;2022-10-15T11:00:00Z
0.0408104777779376;0.0037135169795487;0.0020456698830929;0.0;54.001266666666666;2022-10-15T12:00:00Z
0.0362977725398329;0.0030808383079144;0.0017457081145715;0.0;144.33515;2022-10-15T13:00:00Z
0.0320906299478336;0.0026409707331065;0.0015132051309647;0.0;98.50223333333331;2022-10-15T14:00:00Z
0.0284639599760276;0.0019957878793807;0.0012649777410045;0.0;69.16775;2022-10-15T15:00:00Z
0.0256918831867446;0.0017674138017527;0.0010805984824612;0.0;920.00015;2022-10-15T16:00:00Z
0.0239266132869425;0.0014710962902185;0.0009857734110656;0.0;71.81736666666667;2022-10-15T17:00:00Z
0.0233411025925796;0.0012448005625877;0.000934800977641;0.0;84.35013333333333;2022-10-15T18:00:00Z
0.0239261811413016;0.001395741237452;0.000989507280374;0.0;77.384;2022-10-15T19:00:00Z
0.0256588712371713;0.0017383332324008;0.0011124135888935;0.0;85.55033333333331;2022-10-15T20:00:00Z
0.0284708141076642;0.0019439025662463;0.0012676093293185;0.0;96.03344999999999;2022-10-15T21:00:00Z
0.0320729926725542;0.0024279371944637;0.001496047049167;0.0;76.95158333333333;2022-10-15T22:00:00Z
0.0362940062037816;0.0032529259793094;0.0017629896855138;0.0;30.969;2022-10-15T23:00:00Z
0.0408420696174639;0.0037400333369543;0.0020533860208584;0.0;26.016916666666663;2022-10-16T00:00:00Z
0.0453517199203497;0.0044496437263741;0.0023250463931159;0.0;28.583483333333334;2022-10-16T01:00:00Z
0.0495737949219216;0.0050199780901529;0.0025563720270728;0.0;26.716866666666668;2022-10-16T02:00:00Z
0.0532166835969557;0.0054601081618166;0.0028121979204162;0.0;27.88335;2022-10-16T03:00:00Z
0.0559960205469155;0.0059395014612143;0.0030195500983032;0.0;29.28345;2022-10-16T04:00:00Z
0.0577452187346947;0.0061855671686676;0.0030995274014508;0.0;29.16678333333333;2022-10-16T05:00:00Z
0.0583270518763912;0.0063630957856906;0.0031366408916382;0.0;26.133483333333327;2022-10-16T06:00:00Z
0.0577304997149814;0.0060242770441859;0.0030963865229942;0.1199999999999999;16.134083333333333;2022-10-16T07:00:00Z
0.0559909628750072;0.0060318438673412;0.0029969503837599;20.119;49.83383333333334;2022-10-16T08:00:00Z
0.0532110550164462;0.0056429100643158;0.0027750217048888;5.119;67.50025;2022-10-16T09:00:00Z
0.0495873011665854;0.0048414737601158;0.0025972007997135;0.0;68.50015;2022-10-16T10:00:00Z
0.045361740487711;0.0043755982111053;0.0023381036376483;0.0;69.83373333333333;2022-10-16T11:00:00Z
0.0408417319868837;0.0037751298869403;0.0020288481263411;0.0;68.3345;2022-10-16T12:00:00Z
0.0363060386367682;0.0031042411135858;0.0017502367494357;0.0;70.001;2022-10-16T13:00:00Z
0.0320910183839277;0.0026776311205114;0.0014986022776353;0.0;70.001;2022-10-16T14:00:00Z
0.0284568213894696;0.0019395250253057;0.001272720991878;0.0;10.001999999999997;2022-10-16T15:00:00Z
0.02568151711635;0.0016430352645453;0.0010797491624288;0.0;573.3343;2022-10-16T16:00:00Z
0.0239229027252059;0.0013706850053707;0.0009704898698047;0.0;236.5176;2022-10-16T17:00:00Z
0.0233217959845869;0.0014386004143721;0.0009524245757396;0.0;52.93465;2022-10-16T18:00:00Z
0.0239208490021823;0.0015702421165091;0.0009740985384224;0.0;63.53391666666666;2022-10-16T19:00:00Z
0.0256836220890774;0.0015963102778616;0.0011000822089055;0.0;84.21683333333334;2022-10-16T20:00:00Z
0.0284808406300762;0.001946250147117;0.0012603999309838;0.0;79.56694999999998;2022-10-16T21:00:00Z
0.0320826815116891;0.0023568765493006;0.0014917113242088;0.0;355.33411666666666;2022-10-16T22:00:00Z
0.0363193465488854;0.0030812880565921;0.0017094918087247;0.0;18.83463333333333;2022-10-16T23:00:00Z
0.0408228318723626;0.0039139156280599;0.0020282559999152;0.0;30.8002;2022-10-17T00:00:00Z
0.0453569840082518;0.004261515476042;0.0023305508996751;0.0;39.20006666666666;2022-10-17T01:00:00Z
0.0495787464338974;0.0050507313391572;0.0026239350823966;0.0;42.933433333333326;2022-10-17T02:00:00Z
0.0532105708336862;0.0055268995048327;0.0028138168114168;0.0;44.916816666666655;2022-10-17T03:00:00Z
0.0559852031858339;0.0058605546198479;0.0030054169884761;0.0;48.416716666666666;2022-10-17T04:00:00Z
0.0577498025694635;0.0061414983580374;0.0031226963487997;0.0;44.21673333333334;2022-10-17T05:00:00Z
0.0583380021329003;0.0060053121828403;0.0031000538968145;0.0;72.13355;2022-10-17T06:00:00Z
0.0577391365533771;0.006125724718856;0.0030937335901451;20.119;37.1339;2022-10-17T07:00:00Z
0.0559967998593513;0.0057846387177755;0.0030052383499396;0.1199999999999999;31.00065;2022-10-17T08:00:00Z
0.0532067877986124;0.0054906368831133;0.0027811497497641;5.119;65.0005;2022-10-17T09:00:00Z
0.0495916043296985;0.0050922291333543;0.0025894284576514;0.0;65.66693333333333;2022-10-17T10:00:00Z
0.0453717362303562;0.0043735593312698;0.0023168017977914;0.0;28.83448333333333;2022-10-17T11:00:00Z
0.0408553842873167;0.0037556425798905;0.0020457754557888;0.0;286.66745000000003;2022-10-17T12:00:00Z
0.0363042120007162;0.0031321641980799;0.0017698648902407;0.0;216.00125;2022-10-17T13:00:00Z
0.0320817914720818;0.0025859222571112;0.0014875233039572;0.0;69.3344;2022-10-17T14:00:00Z
0.0284609954878694;0.0019670595165739;0.0012580848354186;0.0;182.33465;2022-10-17T15:00:00Z
0.0256751201285223;0.0015555173957609;0.0011043346044103;0.0;382.33491666666663;2022-10-17T16:00:00Z
0.0239190551329145;0.0013315991260888;0.0009776335043585;0.0;23.66825;2022-10-17T17:00:00Z
0.0233150443628908;0.0011095101091496;0.0009565576589523;0.0;80.15003333333334;2022-10-17T18:00:00Z
0.0239407922782444;0.0013477532277885;0.0009943999100961;0.0;47.000616666666666;2022-10-17T19:00:00Z
0.0256839773434655;0.0015801302071868;0.0010875570552089;0.0;80.00006666666665;2022-10-17T20:00:00Z
0.0284654776351748;0.0021418335789116;0.0012600075201133;0.0;76.30048333333333;2022-10-17T21:00:00Z
0.0320853098825394;0.0023935719539657;0.001460463512441;0.0;63.50166666666667;2022-10-17T22:00:00Z
0.036299105413813;0.0032336736727129;0.0017513483881897;0.0;172.28421666666665;2022-10-17T23:00:00Z
0.0408278168735843;0.0037786006619561;0.0020231782321893;0.0;34.88356666666667;2022-10-18T00:00:00Z
0.0453581381940175;0.0044526277474884;0.0023061698727703;0.0;35.583483333333334;2022-10-18T01:00:00Z
0.0495695949641098;0.0048783182335499;0.0025668374241034;0.0;36.4;2022-10-18T02:00:00Z
0.0532011847003407;0.0056484517705124;0.0028107550774059;0.0;35.116683333333334;2022-10-18T03:00:00Z
0.0559873158518395;0.0057712740308166;0.0029880329485644;0.0;34.41675;2022-10-18T04:00:00Z
0.0577452419631256;0.0061907361832974;0.003095319172813;0.0;34.65006666666666;2022-10-18T05:00:00Z
0.0583563983813545;0.0062207700240847;0.0031271470306155;0.0;29.350466666666662;2022-10-18T06:00:00Z
0.0577279291536384;0.006100254369322;0.0030904761516436;0.1199999999999999;15.617149999999999;2022-10-18T07:00:00Z
0.0559882654165424;0.0060942389511477;0.0029255611372472;25.118;48.00036666666666;2022-10-18T08:00:00Z
0.0532006600182167;0.0056126757241384;0.0028157392150607;0.1199999999999999;37.00055;2022-10-18T09:00:00Z
0.0495917664687053;0.005150836763565;0.0025783226168215;0.0;58.0002;2022-10-18T10:00:00Z
0.0453578146785501;0.0043087797041129;0.0023290674198335;0.0;50.50086666666667;2022-10-18T11:00:00Z
0.0408356571847068;0.0037346962028761;0.0020375928775915;0.0;59.00151666666667;2022-10-18T12:00:00Z
0.0363247953923479;0.0031953311046225;0.0017012046807485;0.0;44.16875;2022-10-18T13:00:00Z
0.0320814240433868;0.0024760294695539;0.0014876731059339;0.0;64.0011;2022-10-18T14:00:00Z
0.0284672653859864;0.0018831951782276;0.0012704468490539;0.0;303.33410000000003;2022-10-18T15:00:00Z
0.0256922300234421;0.001609568087756;0.0010552496621237;0.0;30.668516666666665;2022-10-18T16:00:00Z
0.0239405858022632;0.0012734575560999;0.0009675794353857;0.0;68.00113333333333;2022-10-18T17:00:00Z
0.0233388030215844;0.0012438943776219;0.0009513015665225;0.0;85.86668333333331;2022-10-18T18:00:00Z
0.0239333308075058;0.0013705890825259;0.0009379527114534;0.0;87.03338333333333;2022-10-18T19:00:00Z
0.0256843902810036;0.0015797016968131;0.0010415517922147;0.0;56.61765;2022-10-18T20:00:00Z
0.0284442990552324;0.0021194949940848;0.0012783415862893;0.0;63.601516666666654;2022-10-18T21:00:00Z
0.0320775461147259;0.0026307439208679;0.0014870337275071;0.0;218.41878333333327;2022-10-18T22:00:00Z
0.0363001716660387;0.0031479970982441;0.0017096296091095;0.0;563.9348666666666;2022-10-18T23:00:00Z
0.0408394973801003;0.0037315088175381;0.0020382440351335;0.0;19.25038333333333;2022-10-19T00:00:00Z
0.0453756829253821;0.0042730191638526;0.0023174894137734;0.0;33.01691666666667;2022-10-19T01:00:00Z
0.0495960061581887;0.0050815410474817;0.0025505484275146;0.0;29.63365;2022-10-19T02:00:00Z
0.0532170458319781;0.0053984566209441;0.0028151240452845;0.0;34.06678333333333;2022-10-19T03:00:00Z
0.0559696214588124;0.0059226216207814;0.0029666508669109;0.0;36.40035;2022-10-19T04:00:00Z
0.0577196161098102;0.0059747780357287;0.0030656286557928;0.0;41.76676666666666;2022-10-19T05:00:00Z
0.0583404581691963;0.0062277780599906;0.0031164982604036;0.0;62.60081666666667;2022-10-19T06:00:00Z
0.0577437465660244;0.00614196369763;0.0030826593320332;20.119;66.30096666666667;2022-10-19T07:00:00Z
0.0559896991016895;0.0059241424489674;0.0029763263273789;0.1199999999999999;62.50075;2022-10-19T08:00:00Z
0.0532191017556505;0.0055609451560153;0.0028146983492179;5.119;53.00028333333333;2022-10-19T09:00:00Z
0.0495682226756113;0.0048785643681897;0.0025928425307612;0.0;68.00003333333333;2022-10-19T10:00:00Z
0.045347924962627;0.004376080374152;0.0023534497304386;0.0;38.000933333333336;2022-10-19T11:00:00Z
0.0408412245107865;0.00362862043286;0.0020661428729856;0.0;57.00121666666666;2022-10-19T12:00:00Z
0.0362959365368523;0.0030969805866873;0.0017624739421696;0.0;617.66735;2022-10-19T13:00:00Z
0.0320757400810472;0.0023808551548071;0.0014597728957209;0.0;64.50155;2022-10-19T14:00:00Z
0.0284596915436622;0.002163845879043;0.0012830306438614;0.0;333.3352;2022-10-19T15:00:00Z
0.0256898271475706;0.001701870298622;0.0010736307247812;0.0;401.0025;2022-10-19T16:00:00Z
0.0239321904639395;0.001397681038325;0.0009964797192727;0.0;4.502550000000001;2022-10-19T17:00:00Z
0.0233200669758146;0.0013678742453418;0.0009539582254439;0.0;62.05113333333333;2022-10-19T18:00:00Z
0.02393635624567;0.0013301096767814;0.0010107223055112;0.0;72.65076666666667;2022-10-19T19:00:00Z
0.0256866405160265;0.0015007600634414;0.0010987762363792;0.0;40.884183333333326;2022-10-19T20:00:00Z
0.0284640576480331;0.0018927858987247;0.00124554812974;0.0;88.00048333333332;2022-10-19T21:00:00Z
0.0320913259476142;0.0024701772620075;0.0014646059290481;0.0;27.685916666666667;2022-10-19T22:00:00Z
0.036316038269913;0.0030915620811542;0.0017625588051588;0.0;53.252133333333326;2022-10-19T23:00:00Z
0.0408443569364855;0.0036982310161388;0.0020642690162877;0.0;35.35016666666667;2022-10-20T00:00:00Z
0.0453774468349974;0.0041924767489474;0.0022951025096943;0.0;29.63363333333333;2022-10-20T01:00:00Z
0.0495897462725038;0.004971351195213;0.0025295402358257;0.0;29.516816666666667;2022-10-20T02:00:00Z
0.0532110467300616;0.0055669783904595;0.002778788026833;0.0;33.95015;2022-10-20T03:00:00Z
0.0559907303583971;0.0061661918971874;0.0030052281387994;0.0;36.86678333333333;2022-10-20T04:00:00Z
0.057742701727398;0.0063093028540418;0.0030945024470908;0.0;35.93333333333334;2022-10-20T05:00:00Z
0.0583287645976459;0.0061894397827902;0.0031497471455474;0.0;32.167116666666665;2022-10-20T06:00:00Z
0.0577443588323662;0.0062932689005563;0.0030859472614372;20.119;45.884;2022-10-20T07:00:00Z
0.0559937366121379;0.0058554379504881;0.002998997437074;0.1199999999999999;65.50045;2022-10-20T08:00:00Z
0.0532083288394118;0.0054071007231371;0.0027995117794115;5.119;67.50025;2022-10-20T09:00:00Z
0.0495939492015127;0.0050095034366408;0.0025920389625082;0.0;70.0;2022-10-20T10:00:00Z
0.0453729991245236;0.0042732288477735;0.0023058894089077;0.0;70.0;2022-10-20T11:00:00Z
0.0408423978427655;0.0037269660632351;0.0020477437746845;0.0;271.6671666666666;2022-10-20T12:00:00Z
0.036325547462612;0.0030996291786886;0.0017238158052494;0.0;621.66735;2022-10-20T13:00:00Z
0.0320850731108926;0.0026827556244055;0.0015065667988848;0.0;70.001;2022-10-20T14:00:00Z
0.0284607754754524;0.0019462993586672;0.001246809097116;0.0;70.001;2022-10-20T15:00:00Z
0.0256700403585749;0.0015832468980846;0.0010671667807207;0.0;65.00108333333334;2022-10-20T16:00:00Z
0.0239244179832512;0.0012042529649333;0.0009709891885009;0.0;325.66758333333325;2022-10-20T17:00:00Z
0.0233258482962252;0.0010553057344854;0.0009888514929805;0.0;76.03468333333333;2022-10-20T18:00:00Z
0.0239186718688002;0.001442706623373;0.0009381346414448;0.0;72.06786666666666;2022-10-20T19:00:00Z
0.0256762393475395;0.001530914375002;0.0011086341078348;0.0;66.83471666666667;2022-10-20T20:00:00Z
0.0284698799972368;0.0020388842497812;0.0013027044855216;0.0;69.40128333333334;2022-10-20T21:00:00Z
0.0320929788079788;0.002652041874176;0.0014946364230851;0.0;55.21885000000001;2022-10-20T22:00:00Z
0.0363083994350454;0.003136213536967;0.0017545253073333;0.0;16.2187;2022-10-20T23:00:00Z
0.0408389022307999;0.003703241921099;0.0020385224051371;0.0;0.0;2022-10-21T00:00:00Z
0.0453550491796351;0.0043656913052527;0.0023185412498393;0.0;0.0;2022-10-21T01:00:00Z
0.0495780515629878;0.0048805997596722;0.0026020148538506;0.0;0.0;2022-10-21T02:00:00Z
0.0532129213451426;0.0055238189471682;0.0027823440169477;0.0;0.0;2022-10-21T03:00:00Z
0.0559922660922397;0.0058243274499649;0.0029766269181328;0.0;0.0;2022-10-21T04:00:00Z
0.057735146314603;0.0061449024190497;0.0030764484785463;0.0;0.0;2022-10-21T05:00:00Z
0.0583281400893396;0.0061953698155618;0.0030862145521445;0.0;0.0;2022-10-21T06:00:00Z
0.0577407001514038;0.0061506615879921;0.0030815906214047;0.1199999999999999;0.0;2022-10-21T07:00:00Z
0.0559824740794371;0.0059096365360797;0.0030033009890993;20.119;0.0;2022-10-21T08:00:00Z
0.0532371234723098;0.0054884171782315;0.002832971335833;5.118999999999999;0.0;2022-10-21T09:00:00Z
0.0495933340975618;0.0049553526500385;0.002624426966775;0.0;0.0;2022-10-21T10:00:00Z
0.0453641563282811;0.0043737721574688;0.0023152299587221;0.0;0.0;2022-10-21T11:00:00Z
0.0408449609608724;0.0036520922247838;0.0020308009822101;0.0;0.0;2022-10-21T12:00:00Z
0.0363037316503802;0.003241900487526;0.001744741859121;0.0;0.0;2022-10-21T13:00:00Z
0.0320750628511961;0.0024502154190544;0.001490441240335;0.0;0.0;2022-10-21T14:00:00Z
0.0284545502470502;0.0020421440757445;0.0012633108179102;0.0;0.0;2022-10-21T15:00:00Z
0.0256807528512491;0.0017897764355818;0.0010898300383627;0.0;0.0;2022-10-21T16:00:00Z
0.023925678615229;0.0014672886171922;0.0009720849267371;0.0;0.0;2022-10-21T17:00:00Z
0.0233279706690703;0.0013718581316469;0.0009554974291538;0.0;0.0;2022-10-21T18:00:00Z
0.0239401360185668;0.0013096684740904;0.0009955054410302;0.0;0.0;2022-10-21T19:00:00Z
0.0256687763980836;0.0015496777351292;0.0010831361817168;0.0;0.0;2022-10-21T20:00:00Z
0.0284516224983735;0.0021495992705075;0.0012535371795809;0.0;0.0;2022-10-21T21:00:00Z
0.0320731012936371;0.0025553715656538;0.0014585737691929;0.0;0.0;2022-10-21T22:00:00Z
0.0363027244358754;0.0029770533467968;0.0017497746479489;0.0;0.0;2022-10-21T23:00:00Z
0.0408198669970757;0.003622227898542;0.0020288208474044;0.0;31.38358333333333;2022-10-22T00:00:00Z
0.0453668179273732;0.0045471123765438;0.0022748830874164;0.0;27.3001;2022-10-22T01:00:00Z
0.0495786061038114;0.0049259848034683;0.00257254183194;0.0;29.633433333333336;2022-10-22T02:00:00Z
0.0531997571599352;0.0056325107752888;0.0028036708188281;0.0;29.8667;2022-10-22T03:00:00Z
0.0559879190909986;0.0056776455390827;0.0029517404618883;0.0;35.35001666666667;2022-10-22T04:00:00Z
0.0577402280100338;0.0062120424363138;0.0030600029596514;0.0;38.616716666666655;2022-10-22T05:00:00Z
0.0583401746537132;0.0063610296890059;0.0031039347858113;0.0;25.78355;2022-10-22T06:00:00Z
0.0577130949859588;0.0061752282376803;0.0030630643152195;5.119;11.200066666666668;2022-10-22T07:00:00Z
0.0560078148344787;0.0058975240309794;0.0029853408082896;20.119;21.66783333333333;2022-10-22T08:00:00Z
0.0532079942670551;0.0054426970321364;0.0028418011865648;0.1199999999999999;54.00026666666666;2022-10-22T09:00:00Z
0.0495917843678322;0.0051154815017315;0.0025907373463416;0.0;62.5005;2022-10-22T10:00:00Z
0.0453639526313566;0.0044001527878289;0.0023351330136085;0.0;51.83383333333334;2022-10-22T11:00:00Z
0.040838005177777;0.0037163761039984;0.0020120995417604;0.0;52.0013;2022-10-22T12:00:00Z
0.0362888472592207;0.0030108945424967;0.0017544850721298;0.0;50.00133333333333;2022-10-22T13:00:00Z
0.0320914682040521;0.0024073847858086;0.0015000989632312;0.0;49.3349;2022-10-22T14:00:00Z
0.02845954460631;0.0018852042226788;0.0012238351513401;0.0;56.0019;2022-10-22T15:00:00Z
0.0256620525914798;0.0016753478748872;0.0010718116309054;0.0;831.6674;2022-10-22T16:00:00Z
0.0239399343442681;0.0012155806745812;0.0009975187116802;0.0;69.66736666666667;2022-10-22T17:00:00Z
0.0233294214295789;0.0010478468577691;0.000993391094146;0.0;67.46695;2022-10-22T18:00:00Z
0.0239458965447507;0.0014085669987788;0.0010058374022598;0.0;65.88376666666667;2022-10-22T19:00:00Z
0.0256767241710466;0.0016269586396569;0.0010762538166462;0.0;80.71688333333331;2022-10-22T20:00:00Z
0.0284615687595675;0.0020041115163042;0.0012624145332453;0.0;91.00015;2022-10-22T21:00:00Z
0.0320965491970276;0.0025299845932911;0.0014864271584719;0.0;60.1017;2022-10-22T22:00:00Z
0.0363202406592127;0.0030479447811548;0.0017464313741201;0.0;172.56831666666668;2022-10-22T23:00:00Z
0.0408282263723737;0.0037942310804861;0.0020259517103862;0.0;26.60005;2022-10-23T00:00:00Z
0.0453531189898083;0.0044231261520258;0.0023453490266944;0.0;37.45018333333333;2022-10-23T01:00:00Z
0.0495712649331102;0.0050644008645224;0.0025578827114452;0.0;35.3501;2022-10-23T02:00:00Z
0.0532166898070665;0.0054478004198403;0.002808577071496;0.0;38.6168;2022-10-23T03:00:00Z
0.0559929557674012;0.005744303453987;0.0029920075045114;0.0;32.20003333333334;2022-10-23T04:00:00Z
0.0577367682632123;0.0062781901172612;0.0031062366207114;0.0;37.56675;2022-10-23T05:00:00Z
0.0583387184776719;0.0063382695339417;0.0031292922805569;0.0;30.68363333333333;2022-10-23T06:00:00Z
0.0577358953976794;0.0062704874468898;0.0031149781531206;5.118999999999999;3.334;2022-10-23T07:00:00Z
0.0559662885851991;0.0058048788223033;0.0029815135629229;0.1199999999999999;33.000183333333325;2022-10-23T08:00:00Z
0.0531890683083606;0.0056350888293566;0.0027818994737625;20.119;61.00015;2022-10-23T09:00:00Z
0.0495917846922075;0.0050888697265446;0.0025782193093209;0.0;35.167983333333325;2022-10-23T10:00:00Z
0.0453613743602879;0.0042660630875456;0.0023281125408246;0.0;41.00185;2022-10-23T11:00:00Z
0.0408390965095666;0.0038135063009953;0.0020199694629748;0.0;39.00235000000001;2022-10-23T12:00:00Z
0.0363055163786627;0.0031680173108497;0.0017140110871445;0.0;288.6680666666667;2022-10-23T13:00:00Z
0.0320854428411092;0.0025752789691492;0.0015164452818702;0.0;876.6670166666665;2022-10-23T14:00:00Z
0.0284569160623846;0.0020687585032855;0.0012564350181107;0.0;183.6676;2022-10-23T15:00:00Z
0.0256807663770378;0.0016213893513548;0.0010924174260217;0.0;52.0013;2022-10-23T16:00:00Z
0.0239096432884419;0.001257892668911;0.0009945818396726;0.0;70.001;2022-10-23T17:00:00Z
0.0233239561221107;0.0012565095472594;0.0008983864527862;0.0;84.4003;2022-10-23T18:00:00Z
0.0239232371463088;0.0011213608313519;0.0009725843054305;0.0;65.71755;2022-10-23T19:00:00Z
0.0256838521471862;0.0015341441754049;0.0010568737457598;0.0;87.76683333333332;2022-10-23T20:00:00Z
0.0284631326302264;0.0020181714613222;0.0012578324244978;0.0;98.00013333333331;2022-10-23T21:00:00Z
0.0320714635584231;0.0023806209224416;0.0015052243985915;0.0;83.78471666666665;2022-10-23T22:00:00Z
0.0362947339527998;0.0031385841976056;0.0017783149229927;0.0;74.00213333333333;2022-10-23T23:00:00Z
0.040844763006887;0.0037592541568063;0.0020318973417249;0.0;26.833933333333327;2022-10-24T00:00:00Z
0.0453436321868287;0.0044791921732177;0.0023218975323729;0.0;31.033616666666667;2022-10-24T01:00:00Z
0.0495825098402786;0.0050791078390171;0.0025664841411723;0.0;40.6001;2022-10-24T02:00:00Z
0.0532094262188523;0.0055681963675065;0.00275262474896;0.0;37.567183333333325;2022-10-24T03:00:00Z
0.0559948650158828;0.0059143978811594;0.0030385401176616;0.0;27.53395;2022-10-24T04:00:00Z
0.057744964217397;0.0063039178942769;0.0030822672459588;0.0;36.40038333333333;2022-10-24T05:00:00Z
0.0583314231896184;0.0062379320177436;0.0030961953309766;0.0;71.76716666666665;2022-10-24T06:00:00Z
0.0577342473841456;0.0059370974753683;0.0030773391400032;0.1199999999999999;63.433766666666656;2022-10-24T07:00:00Z
0.0560031560814039;0.0058635655034669;0.0029717147355994;20.119;67.6669;2022-10-24T08:00:00Z
0.0532011908835365;0.005471966725156;0.0027681261671999;5.119;67.0003;2022-10-24T09:00:00Z
0.049579959713667;0.0050236007034708;0.0025642977071824;0.0;66.50035;2022-10-24T10:00:00Z
0.0453588875065531;0.004376974851888;0.0023583201339963;0.0;68.834;2022-10-24T11:00:00Z
0.0408219694813066;0.0037793825336242;0.0020560628643617;0.0;208.50116666666665;2022-10-24T12:00:00Z
0.0363148092703713;0.0030136475882224;0.0017433642956278;0.0;637.6677333333333;2022-10-24T13:00:00Z
0.0320823744815203;0.0026645688123629;0.0014649250198358;0.0;64.3349;2022-10-24T14:00:00Z
0.0284498006537275;0.0021064858432838;0.0012518396455157;0.0;18.00186666666667;2022-10-24T15:00:00Z
0.0256886785573669;0.0015754450759903;0.0010920209757349;0.0;45.334966666666666;2022-10-24T16:00:00Z
0.0239208940079948;0.0014553865293549;0.0009918017750524;0.0;72.10113333333332;2022-10-24T17:00:00Z
0.0233498718023648;0.0011072586782897;0.0009092824243475;0.0;41.85081666666667;2022-10-24T18:00:00Z
0.0239252784639507;0.0015980726412473;0.0009730751764558;0.0;73.06696666666667;2022-10-24T19:00:00Z
0.0256780360043926;0.0014361475286055;0.001077706218892;0.0;62.50056666666666;2022-10-24T20:00:00Z
0.0284566556646428;0.0020701697990115;0.0012497829600434;0.0;58.61806666666666;2022-10-24T21:00:00Z
0.0320858543774339;0.0024493812757834;0.0014865072365266;0.0;47.618633333333335;2022-10-24T22:00:00Z
0.0362942354332786;0.0032537878488426;0.0017437128958572;0.0;224.9345833333333;2022-10-24T23:00:00Z
0.0408380139027437;0.0037922924680217;0.0020361518695548;0.0;23.800633333333334;2022-10-25T00:00:00Z
0.0453658740337867;0.0044271810223248;0.002285079396485;0.0;32.08371666666667;2022-10-25T01:00:00Z
0.049597714553969;0.0050105960210399;0.0025934608001174;0.0;27.5334;2022-10-25T02:00:00Z
0.053212775512444;0.0053696244400446;0.0027897609942928;0.0;28.000333333333327;2022-10-25T03:00:00Z
0.0559913192047176;0.0059844795474498;0.002986585109338;0.0;24.967183333333328;2022-10-25T04:00:00Z
0.0577397831339476;0.0062000261741413;0.0030926837901588;0.0;27.5334;2022-10-25T05:00:00Z
0.0583354053889626;0.0063958814634128;0.0031057033261435;0.0;22.634283333333332;2022-10-25T06:00:00Z
0.057747318418175;0.006263540085516;0.0030676314141705;25.118;5.31705;2022-10-25T07:00:00Z
0.055992092281216;0.0059082319645747;0.0029806271847571;0.1199999999999999;45.16723333333333;2022-10-25T08:00:00Z
0.053200661185387;0.0053434971219842;0.0028243799591487;0.1199999999999999;33.33441666666667;2022-10-25T09:00:00Z
0.0495830767704708;0.0050104096978391;0.0025847941449514;0.0;53.16718333333333;2022-10-25T10:00:00Z
0.0453349832154732;0.004330698089619;0.0023141570859184;0.0;41.001483333333326;2022-10-25T11:00:00Z
0.0408193904610279;0.0037678133148676;0.002014103219724;0.0;54.66795;2022-10-25T12:00:00Z
0.0363030068760605;0.0031195877175363;0.0017404682254973;0.0;51.50176666666666;2022-10-25T13:00:00Z
0.0320748495991182;0.0023646310009595;0.0014567396531935;0.0;598.6676;2022-10-25T14:00:00Z
0.0284564354836758;0.0021747763899118;0.0012466174717177;0.0;318.66755;2022-10-25T15:00:00Z
0.0256806119176124;0.0017226737032466;0.0010625774084558;0.0;62.00113333333333;2022-10-25T16:00:00Z
0.02393171299824;0.001154593302985;0.0009901008008342;0.0;45.00141666666666;2022-10-25T17:00:00Z
0.0233171407022974;0.0012562282249193;0.0009496099880216;0.0;42.35128333333333;2022-10-25T18:00:00Z
0.0239357890554142;0.001410357152566;0.0009865950832334;0.0;49.700733333333325;2022-10-25T19:00:00Z
0.025671501687121;0.0015824405245049;0.0010761247808;0.0;82.8837;2022-10-25T20:00:00Z
0.0284664610576671;0.0018925414153259;0.001255555140313;0.0;36.71833333333333;2022-10-25T21:00:00Z
0.0320923814957352;0.0023431427073622;0.0014915793371151;0.0;61.85156666666667;2022-10-25T22:00:00Z
0.0363283371085911;0.0029890185702324;0.0017124445016967;0.0;155.95206666666667;2022-10-25T23:00:00Z
0.0408100785826876;0.003745718255803;0.0020367827942016;0.0;31.38345;2022-10-26T00:00:00Z
0.0453650741366556;0.0043388304867943;0.0023145554878388;0.0;38.266666666666666;2022-10-26T01:00:00Z
0.0495804368517538;0.0049434962824674;0.002583661831533;0.0;33.48343333333333;2022-10-26T02:00:00Z
0.0532213163864711;0.0054553665147356;0.0027973166910551;0.0;31.966833333333334;2022-10-26T03:00:00Z
0.0559959221537944;0.0058931895572007;0.0029797838121156;0.0;37.68345;2022-10-26T04:00:00Z
0.0577382169641474;0.0062302744616954;0.0031073304914488;0.0;36.75006666666666;2022-10-26T05:00:00Z
0.058340455937783;0.0060767704884785;0.0031137934097159;0.0;27.41703333333333;2022-10-26T06:00:00Z
0.0577468671309841;0.0063037068505357;0.0030545270580536;0.1199999999999999;4.083333333333333;2022-10-26T07:00:00Z
0.0560034419478384;0.0057671003071713;0.0029993936992122;5.119;27.500383333333332;2022-10-26T08:00:00Z
0.053210522491082;0.0054964541523115;0.0027900888946542;20.119;66.50026666666666;2022-10-26T09:00:00Z
0.0495816943458778;0.0049655603385787;0.0026157831674646;0.0;66.33353333333334;2022-10-26T10:00:00Z
0.0453662722370943;0.004286006916248;0.0023269072901025;0.0;44.000433333333326;2022-10-26T11:00:00Z
0.0408444563616782;0.0037538823773859;0.0020313240339088;0.0;58.00101666666666;2022-10-26T12:00:00Z
0.0363060218256976;0.0030648093957695;0.0017437684033176;0.0;70.001;2022-10-26T13:00:00Z
0.0320828261107448;0.0026102442719181;0.0014590942735444;0.0;703.3336999999999;2022-10-26T14:00:00Z
0.0284619327856182;0.0019500672869652;0.001252095344379;0.0;269.16755;2022-10-26T15:00:00Z
0.0256735142624739;0.00155247596926;0.0010945118162146;0.0;66.3347;2022-10-26T16:00:00Z
0.0239277788393897;0.0013586782131737;0.0009775013037483;0.0;69.35091666666666;2022-10-26T17:00:00Z
0.0233274824059445;0.0011689199983329;0.0009282598463347;0.0;24.501066666666663;2022-10-26T18:00:00Z
0.0239361870907359;0.0011783889386288;0.0009856066679328;0.0;69.66728333333333;2022-10-26T19:00:00Z
0.0256659372636952;0.0015316845013667;0.0011179383963893;0.0;61.38425;2022-10-26T20:00:00Z
0.0284383527910161;0.0020537638312903;0.0012406402280765;0.0;83.80036666666666;2022-10-26T21:00:00Z
0.0320783889760378;0.0024048048888348;0.0015069558447035;0.0;259.26823333333334;2022-10-26T22:00:00Z
0.0362903668910408;0.0031360773489548;0.001753925331105;0.0;23.151266666666665;2022-10-26T23:00:00Z
0.0408438277318924;0.0038197304112333;0.002005598081635;0.0;20.76725;2022-10-27T00:00:00Z
0.0453542076074598;0.0042280787795907;0.0023013264333455;0.0;29.050316666666667;2022-10-27T01:00:00Z
0.0495744469823037;0.0048596813313202;0.0025851449517838;0.0;27.883366666666667;2022-10-27T02:00:00Z
0.0531978506422941;0.0055558756354015;0.0028049857115526;0.0;31.3835;2022-10-27T03:00:00Z
0.0559759421592548;0.0059339428854039;0.0029786070568819;0.0;31.150266666666663;2022-10-27T04:00:00Z
0.0577212744701913;0.0061112458522819;0.003076743972163;0.0;32.66706666666666;2022-10-27T05:00:00Z
0.0583558569895851;0.0062201087529525;0.0031066478132065;0.0;13.18375;2022-10-27T06:00:00Z
0.057715022504515;0.0060604331420288;0.0030400906935687;0.1199999999999999;0.00095;2022-10-27T07:00:00Z
0.0560058161217435;0.0059975460410758;0.002995805835508;0.1199999999999999;13.6678;2022-10-27T08:00:00Z
0.0532133842129646;0.0057448671017619;0.0027883482083501;25.117999999999995;70.0;2022-10-27T09:00:00Z
0.0495756851373655;0.0051395101987429;0.002514424916936;0.0;37.167366666666666;2022-10-27T10:00:00Z
0.0453434024755179;0.0043961409110315;0.0022786864566236;0.0;50.00033333333333;2022-10-27T11:00:00Z
0.0408458309489326;0.0038285970009577;0.0020592043090484;0.0;69.16760000000001;2022-10-27T12:00:00Z
0.0362924573307141;0.0029577516039296;0.0017427611467722;0.0;70.001;2022-10-27T13:00:00Z
0.0320843318427997;0.0024205637219172;0.0014909551424661;0.0;320.00075000000004;2022-10-27T14:00:00Z
0.0284589583310516;0.0019091881215455;0.0012843174467724;0.0;603.3338;2022-10-27T15:00:00Z
0.0256830070250679;0.001549580811021;0.0010776818060561;0.0;70.001;2022-10-27T16:00:00Z
0.0239259892933482;0.001112225270766;0.000997655688458;0.0;70.00101666666667;2022-10-27T17:00:00Z
0.0233469711598588;0.0012580295121031;0.0009487283236944;0.0;85.40008333333331;2022-10-27T18:00:00Z
0.0239260219390255;0.0013312201608522;0.0009766820476071;0.0;57.933816666666665;2022-10-27T19:00:00Z
0.0256694191378087;0.0016375679743112;0.0010562778791168;0.0;82.18403333333333;2022-10-27T20:00:00Z
0.0284585466065467;0.0018802613520083;0.0012646536641131;0.0;75.70085;2022-10-27T21:00:00Z
0.0320787025012594;0.0025297659969189;0.0014710860877184;0.0;34.93535;2022-10-27T22:00:00Z
0.0362924202269663;0.00297704078517;0.0017338669601376;0.0;246.16768333333331;2022-10-27T23:00:00Z
0.0408299280951523;0.0037740376907435;0.0020542842473042;0.0;0.0;2022-10-28T00:00:00Z
0.0453665263743426;0.0043656406162518;0.0022672258622309;0.0;0.0;2022-10-28T01:00:00Z
0.049575212822893;0.0049660478133772;0.0025658654104753;0.0;0.0;2022-10-28T02:00:00Z
0.0531946753740878;0.0055047990324129;0.0027959945058669;0.0;0.0;2022-10-28T03:00:00Z
0.0559931960229608;0.005799504006614;0.003006622139109;0.0;0.0;2022-10-28T04:00:00Z
0.0577531899763513;0.0060592683215707;0.003122867401179;0.0;0.0;2022-10-28T05:00:00Z
0.0583422315989294;0.0063030132293544;0.0030918330915571;0.0;0.0;2022-10-28T06:00:00Z
0.0577201907983666;0.0060738775747654;0.0030950362458115;25.118;0.0;2022-10-28T07:00:00Z
0.0559922849619217;0.0059221312682658;0.0029570042007693;0.1199999999999999;0.0;2022-10-28T08:00:00Z
0.0531979982551077;0.0055233080802012;0.0027918886626448;0.1199999999999999;0.0;2022-10-28T09:00:00Z
0.0495953944784844;0.0050138709833312;0.0025817691438987;0.0;0.0;2022-10-28T10:00:00Z
0.0453737869785984;0.0045077515103611;0.0023406794967964;0.0;0.0;2022-10-28T11:00:00Z
0.0408240000302705;0.0036750957051232;0.0020127558948816;0.0;0.0;2022-10-28T12:00:00Z
0.0363150202837838;0.0030447808012713;0.001767128472126;0.0;0.0;2022-10-28T13:00:00Z
0.0320866576546526;0.0024774389871193;0.0014739322554858;0.0;0.0;2022-10-28T14:00:00Z
0.0284540922369832;0.001852353858574;0.001250648078747;0.0;0.0;2022-10-28T15:00:00Z
0.0256751618810022;0.001495737872264;0.0010606945912554;0.0;0.0;2022-10-28T16:00:00Z
0.0239196365034647;0.0014179393193787;0.0009533265402755;0.0;0.0;2022-10-28T17:00:00Z
0.0233217467435289;0.0013337902409749;0.0009122598935196;0.0;0.0;2022-10-28T18:00:00Z
0.0239264981052771;0.0013378228557519;0.0009775975821152;0.0;0.0;2022-10-28T19:00:00Z
0.0256802419893561;0.0016318635561353;0.0010680920070182;0.0;0.0;2022-10-28T20:00:00Z
0.0284655554332871;0.0020661885397686;0.0012376672500397;0.0;0.0;2022-10-28T21:00:00Z
0.0320731084095687;0.0024859601237171;0.0015001375957754;0.0;0.0;2022-10-28T22:00:00Z
0.0362936395017867;0.0029777505512121;0.0016900569662439;0.0;0.0;2022-10-28T23:00:00Z
0.0408312237579951;0.0036120203731156;0.0020412466317161;0.0;26.017216666666663;2022-10-29T00:00:00Z
0.0453470808139172;0.0043233561769842;0.0023043557818325;0.0;34.533950000000004;2022-10-29T01:00:00Z
0.0495876753985474;0.0049781387965336;0.0026066194808416;0.0;39.3168;2022-10-29T02:00:00Z
0.0532084036566009;0.0055960343921344;0.0028147108448643;0.0;27.76743333333333;2022-10-29T03:00:00Z
0.0559928556105423;0.0057928645352993;0.0029720500439263;0.0;29.283933333333334;2022-10-29T04:00:00Z
0.0577275877330225;0.0061857191478225;0.0031045121151604;0.0;29.05108333333333;2022-10-29T05:00:00Z
0.0583343778998918;0.0061475652629319;0.0031562462704873;0.0;68.95071666666665;2022-10-29T06:00:00Z
0.0577478545969469;0.0062657959682967;0.0030759595856049;20.119;17.734783333333336;2022-10-29T07:00:00Z
0.0559762895132337;0.005770721011828;0.002985854632886;0.1199999999999999;8.167849999999998;2022-10-29T08:00:00Z
0.0532169864063226;0.0054050434586589;0.002805357850468;5.119;50.00033333333333;2022-10-29T09:00:00Z
0.0495740475444016;0.0048753908726305;0.0025492699282403;0.0;37.00055;2022-10-29T10:00:00Z
0.0453596333769986;0.0043939553518552;0.0023141135736847;0.0;13.001183333333332;2022-10-29T11:00:00Z
0.0408331450668656;0.0037314614440175;0.0020286698321651;0.0;10.001999999999997;2022-10-29T12:00:00Z
0.0363015439893519;0.0030887087887434;0.0017600917043689;0.0;10.001999999999997;2022-10-29T13:00:00Z
0.032082134442813;0.0024663811010629;0.00147667438397;0.0;385.6673666666666;2022-10-29T14:00:00Z
0.0284658681737143;0.0020954015148909;0.0012452643811977;0.0;70.001;2022-10-29T15:00:00Z
0.0256684461708358;0.0015658891381488;0.0010726304432552;0.0;267.6677;2022-10-29T16:00:00Z
0.0239248114125428;0.0013627189052118;0.0009586836396895;0.0;388.63445;2022-10-29T17:00:00Z
0.0233330246453365;0.001147069255646;0.0009212763136351;0.0;52.91808333333333;2022-10-29T18:00:00Z
0.0239240929788123;0.0013451896202016;0.0009644510245242;0.0;60.18505000000001;2022-10-29T19:00:00Z
0.0256742573192465;0.0015989990273364;0.0010714469231379;0.0;76.5338;2022-10-29T20:00:00Z
0.0284425501549353;0.0019402280844538;0.0012678586950737;0.0;66.80086666666665;2022-10-29T21:00:00Z
0.0320747442376511;0.0026611989053223;0.0014547001767313;0.0;38.31903333333334;2022-10-29T22:00:00Z
0.0363000431718355;0.0030936144924752;0.0017613053909038;0.0;14.269616666666668;2022-10-29T23:00:00Z
0.0408228112489028;0.0038783979283817;0.0020596689019791;0.0;21.467166666666667;2022-10-30T00:00:00Z
0.0453546751984909;0.0045276106982749;0.0023308075502638;0.0;34.41675;2022-10-30T01:00:00Z
0.049578884336003;0.0050386845419989;0.0025633317987514;0.0;34.65005;2022-10-30T02:00:00Z
0.0532211586027711;0.0054715027363214;0.0028234112906262;0.0;34.7667;2022-10-30T03:00:00Z
0.0559980987392268;0.0059107687940843;0.0029705319654887;0.0;34.88335;2022-10-30T04:00:00Z
0.0577343375400053;0.0062071279934228;0.0030453452969678;0.0;35.0;2022-10-30T05:00:00Z
0.0583393756574166;0.0061511582219194;0.0031038556391324;0.0;35.4683;2022-10-30T06:00:00Z
0.0577294766266455;0.0060833764835381;0.0030988056884253;20.119;41.834316666666666;2022-10-30T07:00:00Z
0.0559941481501455;0.006087786664658;0.0029898718998531;5.118999999999999;70.0;2022-10-30T08:00:00Z
0.0532049353458384;0.005448024787841;0.0027751782788484;0.1199999999999999;52.0003;2022-10-30T09:00:00Z
0.0495831059575798;0.0050410338716378;0.0026075563642009;0.0;70.0;2022-10-30T10:00:00Z
0.0453623963086306;0.0043176631145162;0.002343870871267;0.0;70.0;2022-10-30T11:00:00Z
0.0408287995007615;0.0038597599691746;0.0020131834231292;0.0;336.6668666666667;2022-10-30T12:00:00Z
0.0363078163718093;0.0030503088843887;0.00170988317514;0.0;586.66715;2022-10-30T13:00:00Z
0.0320966655196341;0.0025352351837661;0.0015171856378026;0.0;70.001;2022-10-30T14:00:00Z
0.0284546996006769;0.0019101129359631;0.0012689469382455;0.0;70.001;2022-10-30T15:00:00Z
0.0256730078861043;0.0015843060321395;0.0011196545510487;0.0;41.83531666666666;2022-10-30T16:00:00Z
0.0239434730033402;0.0015126372500192;0.0009464857678428;0.0;26.119416666666663;2022-10-30T17:00:00Z
0.0233303054082661;0.0012554353576617;0.0009375217045254;0.0;33.9853;2022-10-30T18:00:00Z
0.0239460595551821;0.0013537859924172;0.0009860886526451;0.0;71.70091666666666;2022-10-30T19:00:00Z
0.0256820832335301;0.0016861298803374;0.0010969353949522;0.0;56.9845;2022-10-30T20:00:00Z
0.0284576867653882;0.0020952282399473;0.0012495839747735;0.0;59.568133333333336;2022-10-30T21:00:00Z
0.0321082428197368;0.0023359783013281;0.0014813488211762;0.0;153.48503333333332;2022-10-30T22:00:00Z
0.0363236811755859;0.0030111281683436;0.001737160851396;0.0;78.90274999999998;2022-10-30T23:00:00Z
0.0408392415569495;0.0037891383534941;0.0020327969819215;0.0;31.966833333333334;2022-10-31T00:00:00Z
0.0453605944202899;0.0044649837012641;0.0023115991375218;0.0;41.18336666666666;2022-10-31T01:00:00Z
0.0495935159156382;0.0050132186346793;0.0025956395152212;0.0;36.750116666666656;2022-10-31T02:00:00Z
0.0532100871399987;0.0054761244272833;0.0028202367336506;0.0;30.683383333333328;2022-10-31T03:00:00Z
0.0559681012190098;0.0059425959896742;0.0030102221963672;0.0;35.46671666666667;2022-10-31T04:00:00Z
0.057724909228263;0.0060503913117966;0.0031099998920474;0.0;38.73345;2022-10-31T05:00:00Z
0.0583298016001465;0.0061314541852578;0.0031233042888457;0.0;30.566766666666663;2022-10-31T06:00:00Z
0.0577313669857339;0.0061290696553552;0.00306696224497;0.1199999999999999;16.000933333333332;2022-10-31T07:00:00Z
0.0559773356733098;0.0059508514224623;0.0030007090940271;25.118;57.00021666666667;2022-10-31T08:00:00Z
0.053192294029348;0.0055362528875048;0.0028066852139261;0.1199999999999999;70.0;2022-10-31T09:00:00Z
0.0495846386435573;0.0048343883051463;0.002566426704556;0.0;70.0;2022-10-31T10:00:00Z
0.0453574553284339;0.0042931832126412;0.0023050295367427;0.0;50.00033333333333;2022-10-31T11:00:00Z
0.0408287468442938;0.0037482260931371;0.002029481713763;0.0;36.001400000000004;2022-10-31T12:00:00Z
0.036314036045344;0.0030090856986986;0.0017413978170617;0.0;320.00075000000004;2022-10-31T13:00:00Z
0.0320942070408548;0.0023866612209429;0.0014620009838312;0.0;403.334;2022-10-31T14:00:00Z
0.028453092302879;0.0019297193979316;0.0012366746947938;0.0;183.66785;2022-10-31T15:00:00Z
0.0256760404392793;0.0014192784478463;0.0010773940291354;0.0;47.00138333333334;2022-10-31T16:00:00Z
0.0239333642727362;0.0012336738651689;0.0009673435872256;0.0;56.000733333333336;2022-10-31T17:00:00Z
0.0233150878162672;0.0011758080096426;0.0008971688604504;0.0;37.28408333333333;2022-10-31T18:00:00Z
0.0239283565095975;0.0014056105652495;0.0010146556189638;0.0;44.91745;2022-10-31T19:00:00Z
0.0256910190072315;0.0014917891636937;0.0010853064179763;0.0;51.20123333333333;2022-10-31T20:00:00Z
0.0284664387497554;0.0021160856786031;0.001262818299582;0.0;39.9517;2022-10-31T21:00:00Z
0.0320811004028584;0.0026165686184201;0.0014750244882632;0.0;74.10216666666666;2022-10-31T22:00:00Z
0.03629789609429;0.0034553296727354;0.0017420854512414;0.0;264.08545000000004;2022-10-31T23:00:00Z
0.0408440166108413;0.0038295883369919;0.0020559040519883;0.0;18.20025;2022-11-01T00:00:00Z
0.0453557998783885;0.0044143704559929;0.0023058506482698;0.0;29.05045;2022-11-01T01:00:00Z
0.0495854726066076;0.0049541451968483;0.0025576407958347;0.0;38.500183333333325;2022-11-01T02:00:00Z
0.0531846225041998;0.0054372562307617;0.0028361011130146;0.0;34.8837;2022-11-01T03:00:00Z
0.0559872913282942;0.0060953238404672;0.002968692652719;0.0;28.3504;2022-11-01T04:00:00Z
0.0577436043321687;0.006132676849457;0.003086858562076;0.0;29.75068333333333;2022-11-01T05:00:00Z
0.058341110171593;0.0062793769029432;0.0031327213728807;0.0;28.001716666666663;2022-11-01T06:00:00Z
0.0577467040049175;0.0062499673953461;0.0031088844974916;5.119;38.60081666666667;2022-11-01T07:00:00Z
0.0559939436581109;0.0057762810129395;0.0029967328877006;20.119;66.0004;2022-11-01T08:00:00Z
0.0532098920531932;0.0054712293316702;0.0027882549304051;0.1199999999999999;63.6673;2022-11-01T09:00:00Z
0.0495859593077855;0.004972268441659;0.0025694797713468;0.0;65.50045;2022-11-01T10:00:00Z
0.045377417527295;0.0043903300133358;0.0023276000181454;0.0;68.50015;2022-11-01T11:00:00Z
0.040830299962856;0.0038025539483475;0.0020091633298634;0.0;46.0013;2022-11-01T12:00:00Z
0.0363062144203852;0.0028923184203845;0.0017229944147393;0.0;271.33465;2022-11-01T13:00:00Z
0.0320741680376482;0.0025323914770586;0.0015208527767605;0.0;60.83466666666667;2022-11-01T14:00:00Z
0.028445333490873;0.0019994630508737;0.0012485047365033;0.0;46.33478333333334;2022-11-01T15:00:00Z
0.0256677507734844;0.0015532056354877;0.0011168928276585;0.0;90.33451666666669;2022-11-01T16:00:00Z
0.0239160284775136;0.0012707813200634;0.0009646008432669;0.0;175.68506666666664;2022-11-01T17:00:00Z
0.0233322213044163;0.0012024357339855;0.0009259761120403;0.0;79.11798333333334;2022-11-01T18:00:00Z
0.0239197806945487;0.0013562403270856;0.0009895933663707;0.0;84.76758333333333;2022-11-01T19:00:00Z
0.0256603885768233;0.0017058213040684;0.001087351492604;0.0;96.6335;2022-11-01T20:00:00Z
0.028474867664841;0.0020690490149146;0.001275656747349;0.0;79.53405;2022-11-01T21:00:00Z
0.0320779683744478;0.0024667139588087;0.0014819357380416;0.0;34.6689;2022-11-01T22:00:00Z
0.036303217095153;0.0030540670024586;0.0017624841890294;0.0;389.25155;2022-11-01T23:00:00Z
0.0408401231865426;0.0038627944519415;0.0020367043087979;0.0;25.900333333333332;2022-11-02T00:00:00Z
0.0453537585314948;0.0044521803021231;0.0022994013226099;0.0;41.88335;2022-11-02T01:00:00Z
0.0495775330712037;0.0049945014911906;0.0025981574478616;0.0;37.21675;2022-11-02T02:00:00Z
0.053220784022388;0.0056130696666779;0.00283238150705;0.0;31.3836;2022-11-02T03:00:00Z
0.0559828505946752;0.0059964718268714;0.0029568327167615;0.0;30.683566666666668;2022-11-02T04:00:00Z
0.0577404720368836;0.0060475567289306;0.003086341519325;0.0;27.88338333333333;2022-11-02T05:00:00Z
0.0583260401775648;0.006194223506286;0.0031172275124627;0.0;26.2506;2022-11-02T06:00:00Z
0.0577347003466756;0.0063231045333648;0.0030642281536614;25.118;28.06735;2022-11-02T07:00:00Z
0.0559875596494074;0.0059597677317419;0.0029642174214055;0.1199999999999999;60.001;2022-11-02T08:00:00Z
0.0532033585733699;0.0055926660412977;0.0027330056998909;0.1199999999999999;69.3334;2022-11-02T09:00:00Z
0.0495672119514611;0.0050552598537079;0.0025799135316627;0.0;70.0;2022-11-02T10:00:00Z
0.0453589746256099;0.0043843715416766;0.0023244194095562;0.0;25.00075;2022-11-02T11:00:00Z
0.0408364992249352;0.0036803957288658;0.0020229439963214;0.0;10.001766666666667;2022-11-02T12:00:00Z
0.0362934191896425;0.0030623555063511;0.0017791293473836;0.0;33.00161666666666;2022-11-02T13:00:00Z
0.0320868699661635;0.0024687257589884;0.0014868567116246;0.0;37.00155;2022-11-02T14:00:00Z
0.0284581300999388;0.0019017162643212;0.0012762340690944;0.0;424.6675;2022-11-02T15:00:00Z
0.0256737143784536;0.0016223736399189;0.0010997148671173;0.0;179.3346;2022-11-02T16:00:00Z
0.0239127859372125;0.0013974580808673;0.000987265221819;0.0;667.9173000000001;2022-11-02T17:00:00Z
0.0233324992651992;0.001521238627776;0.0009160815602415;0.0;74.00103333333334;2022-11-02T18:00:00Z
0.0239236573156225;0.0016080927419206;0.0009968129642246;0.0;77.1511;2022-11-02T19:00:00Z
0.0256802910120874;0.0015921711933805;0.0011284815984287;0.0;76.21774999999998;2022-11-02T20:00:00Z
0.0284675402583094;0.0021733051499471;0.0012912412045432;0.0;70.50121666666665;2022-11-02T21:00:00Z
0.0320752695187075;0.0027415851067342;0.001483290074366;0.0;75.85221666666665;2022-11-02T22:00:00Z
0.0363016991601258;0.0031458470574336;0.00177475567805;0.0;45.752316666666665;2022-11-02T23:00:00Z
0.040823000367513;0.0037456823284545;0.0020207990219435;0.0;27.183616666666666;2022-11-03T00:00:00Z
0.0453526396237672;0.0043679945078476;0.00229825001012;0.0;32.666666666666664;2022-11-03T01:00:00Z
0.0495842845221661;0.0047985061938415;0.0025422853460083;0.0;27.88335;2022-11-03T02:00:00Z
0.0531929864529055;0.0055304487376089;0.0028081940357755;0.0;27.18345;2022-11-03T03:00:00Z
0.0560043759745531;0.0060912771311053;0.0029612775640542;0.0;28.933366666666664;2022-11-03T04:00:00Z
0.0577523065626505;0.0060663129427817;0.0030798336258541;0.0;31.2668;2022-11-03T05:00:00Z
0.058342680120151;0.006159936910425;0.0031204345275728;0.0;30.150416666666665;2022-11-03T06:00:00Z
0.0577468353689716;0.0062291508477012;0.0030575518175999;20.119;13.768283333333333;2022-11-03T07:00:00Z
0.0559668389911292;0.0057443575200834;0.002968022196623;0.1199999999999999;53.000866666666674;2022-11-03T08:00:00Z
0.0532104710238864;0.005375075565373;0.0028058133723395;5.119;41.167383333333326;2022-11-03T09:00:00Z
0.0495929376782273;0.0049965684240981;0.0025508099302885;0.0;26.1678;2022-11-03T10:00:00Z
0.0453549864168192;0.0044782896390412;0.0022936946629637;0.0;52.0003;2022-11-03T11:00:00Z
0.0408182526605016;0.0038211924692793;0.0020258239359128;0.0;136.66741666666667;2022-11-03T12:00:00Z
0.0362952974795363;0.0030368611495586;0.00172997709668;0.0;70.001;2022-11-03T13:00:00Z
0.0320621863715138;0.0026057341195811;0.0014680721794314;0.0;320.00075000000004;2022-11-03T14:00:00Z
0.0284690169871639;0.0022107286063473;0.0012540904451928;0.0;390.00115;2022-11-03T15:00:00Z
0.0256802164487924;0.0014395740352178;0.001122974760915;0.0;244.33508333333327;2022-11-03T16:00:00Z
0.0239258993583592;0.0014875261955548;0.0009818010231466;0.0;219.00081666666668;2022-11-03T17:00:00Z
0.0233381816104418;0.0012267469396889;0.0009443746840357;0.0;83.93416666666667;2022-11-03T18:00:00Z
0.0239357990430232;0.0012995278115186;0.0009867737135391;0.0;97.41666666666669;2022-11-03T19:00:00Z
0.0256747891264647;0.0014970362869893;0.001072300192885;0.0;69.98378333333335;2022-11-03T20:00:00Z
0.0284749636815073;0.0020215464798076;0.0012741013756838;0.0;26.5517;2022-11-03T21:00:00Z
0.0320767986817075;0.0025059006042095;0.0014784033949987;0.0;49.985316666666655;2022-11-03T22:00:00Z
0.0363039923416181;0.0033465945876845;0.0017604838534708;0.0;17.75198333333333;2022-11-03T23:00:00Z
0.0408331730615117;0.0037539701199856;0.0020605112891859;0.0;0.0;2022-11-04T00:00:00Z
0.0453525754254822;0.0043599721217791;0.0023240886146246;0.0;0.0;2022-11-04T01:00:00Z
0.0495832256283046;0.005057943581137;0.0025798299449381;0.0;0.0;2022-11-04T02:00:00Z
0.0532143199266146;0.0054801738156718;0.0027698909997111;0.0;0.0;2022-11-04T03:00:00Z
0.0559822254673652;0.0060878121234889;0.002980473538367;0.0;0.0;2022-11-04T04:00:00Z
0.0577508608437077;0.0062454980439579;0.003064885318017;0.0;0.0;2022-11-04T05:00:00Z
0.0583389540058283;0.006315647794362;0.0031217901857422;0.0;0.0;2022-11-04T06:00:00Z
0.0577361413241838;0.0060364852026819;0.0031104716464673;5.119;0.0;2022-11-04T07:00:00Z
0.055980233827493;0.0059122256002539;0.0029803451185919;20.119;0.0;2022-11-04T08:00:00Z
0.053197516429599;0.0055650819736064;0.0028172992324703;0.1199999999999999;0.0;2022-11-04T09:00:00Z
0.0495849543716074;0.0050523776042004;0.0025623346033783;0.0;0.0;2022-11-04T10:00:00Z
0.0453631728328902;0.0042469681152676;0.0023298677874715;0.0;0.0;2022-11-04T11:00:00Z
0.0408378546569047;0.0037076239040386;0.0020466846531093;0.0;0.0;2022-11-04T12:00:00Z
0.036321016910088;0.003246458410685;0.0017466805299498;0.0;0.0;2022-11-04T13:00:00Z
0.0320954544563619;0.0023618948110753;0.0014770208750389;0.0;0.0;2022-11-04T14:00:00Z
0.0284709518503738;0.002021058835606;0.001276588156246;0.0;0.0;2022-11-04T15:00:00Z
0.0256864926050206;0.0013718070539117;0.001082370143256;0.0;0.0;2022-11-04T16:00:00Z
0.0239214869705926;0.0011306113088688;0.000964504130978;0.0;0.0;2022-11-04T17:00:00Z
0.0233411488751363;0.0011356771329883;0.0009540686063125;0.0;0.0;2022-11-04T18:00:00Z
0.0239193421960154;0.0014337880766532;0.000973620883033;0.0;0.0;2022-11-04T19:00:00Z
0.0256854357861332;0.001425373233626;0.0010797470144868;0.0;0.0;2022-11-04T20:00:00Z
0.0284690669280057;0.0020665971981678;0.0012402964241399;0.0;0.0;2022-11-04T21:00:00Z
0.0320839769415336;0.0023942328652567;0.0015108067412189;0.0;0.0;2022-11-04T22:00:00Z
0.0362908752387182;0.002983387797959;0.0017442913830605;0.0;0.0;2022-11-04T23:00:00Z
0.0408294536038798;0.0035626672813194;0.0020472619048674;0.0;28.8172;2022-11-05T00:00:00Z
0.0453562612401032;0.0042150947762793;0.0023434375711245;0.0;27.06698333333333;2022-11-05T01:00:00Z
0.0495867443076265;0.0048791710153648;0.0025868934496458;0.0;33.950083333333325;2022-11-05T02:00:00Z
0.0532025375191324;0.0054993064229145;0.0027589693406359;0.0;34.183566666666664;2022-11-05T03:00:00Z
0.0559952894515268;0.0059714404817071;0.0029801300584109;0.0;30.33365;2022-11-05T04:00:00Z
0.0577391840883618;0.0061069047503416;0.0030852940565019;0.0;32.78365;2022-11-05T05:00:00Z
0.0583204815270486;0.0061778008684721;0.0030864579544278;0.0;27.6509;2022-11-05T06:00:00Z
0.05773864561054;0.0062697779856012;0.0030867811869534;0.1199999999999999;39.167116666666665;2022-11-05T07:00:00Z
0.0560067006038845;0.0060771133512102;0.0029565307969632;20.119;57.833516666666654;2022-11-05T08:00:00Z
0.0531978410862857;0.0056561657568147;0.00280082080139;5.119;50.16706666666667;2022-11-05T09:00:00Z
0.0495875793896859;0.0049594734438197;0.0025520430360372;0.0;48.83370000000001;2022-11-05T10:00:00Z
0.045355041552713;0.0043095331064007;0.0023173852290853;0.0;38.000616666666666;2022-11-05T11:00:00Z
0.0408156956844486;0.003546427685894;0.002043814853849;0.0;568.83395;2022-11-05T12:00:00Z
0.0363097760200889;0.0030573475442829;0.0017671294061492;0.0;69.16775;2022-11-05T13:00:00Z
0.0320766815788427;0.0024958603819702;0.0014902028469983;0.0;69.6677;2022-11-05T14:00:00Z
0.0284547725115113;0.0020141169917252;0.0012401636670755;0.0;69.6677;2022-11-05T15:00:00Z
0.0256870738484272;0.0014697408682772;0.001105448143921;0.0;68.3345;2022-11-05T16:00:00Z
0.0239313517540635;0.0012817301170597;0.0009506310015697;0.0;55.91803333333333;2022-11-05T17:00:00Z
0.0233354501986891;0.0013589960180812;0.0009243256148188;0.0;51.18443333333334;2022-11-05T18:00:00Z
0.0239231029862943;0.0013067413093369;0.0009634141870642;0.0;88.86678333333333;2022-11-05T19:00:00Z
0.0256853464881935;0.0016625123061627;0.0010652610745449;0.0;70.50038333333333;2022-11-05T20:00:00Z
0.0284479664343932;0.0018910767789067;0.0012478799249974;0.0;60.767333333333326;2022-11-05T21:00:00Z
0.0320814111564515;0.002341041960845;0.0015007065032819;0.0;159.83436666666665;2022-11-05T22:00:00Z
0.0362975115713715;0.0032358434855708;0.0017860624605055;0.0;499.20146666666653;2022-11-05T23:00:00Z
0.0408230818532648;0.0036914968545318;0.0020680755159545;0.0;27.06685;2022-11-06T00:00:00Z
0.0453492622603183;0.0045780553844699;0.0023107704058643;0.0;26.71685;2022-11-06T01:00:00Z
0.0495984475252447;0.0049472874632046;0.0025861613634571;0.0;38.1501;2022-11-06T02:00:00Z
0.0532145261472834;0.0057102423713167;0.0027898022221352;0.0;36.28335;2022-11-06T03:00:00Z
0.0559637958681908;0.0058623081294002;0.0029643219378713;0.0;33.25043333333333;2022-11-06T04:00:00Z
0.0577445701164639;0.0061578088622236;0.0031235253880362;0.0;31.850116666666665;2022-11-06T05:00:00Z
0.0583321856203779;0.0062542974326443;0.0031168546410425;0.0;42.250166666666665;2022-11-06T06:00:00Z
0.0577353528839146;0.0063017345476687;0.0030779274512045;20.119;24.00105;2022-11-06T07:00:00Z
0.0559786758247156;0.0061170285713194;0.0029941700146014;5.119;33.501233333333325;2022-11-06T08:00:00Z
0.0532105758107983;0.0055764737245835;0.0028170205254875;0.1199999999999999;70.0;2022-11-06T09:00:00Z
0.0495793794993295;0.0049870760046281;0.0025606141107671;0.0;70.0;2022-11-06T10:00:00Z
0.0453585427259223;0.0044419109635827;0.002329574670468;0.0;69.16675000000001;2022-11-06T11:00:00Z
0.0408340411011988;0.0037363550807669;0.0020432140546826;0.0;61.5017;2022-11-06T12:00:00Z
0.0362959582106927;0.0029153122156322;0.0017792729967282;0.0;66.50135;2022-11-06T13:00:00Z
0.0320855179197503;0.0024858905355333;0.0014872525927545;0.0;520.5009833333334;2022-11-06T14:00:00Z
0.0284675246344877;0.0021229013084787;0.0012488726217995;0.0;81.8348;2022-11-06T15:00:00Z
0.0256754749986698;0.0016964122069402;0.0010847210584888;0.0;61.83515;2022-11-06T16:00:00Z
0.0239276323247238;0.0011764949939511;0.0009809324813956;0.0;77.83431666666665;2022-11-06T17:00:00Z
0.0233306566564102;0.0010837649256559;0.0009453708826017;0.0;34.151733333333326;2022-11-06T18:00:00Z
0.0239275962721766;0.0013592124373505;0.0009678121937523;0.0;52.417433333333335;2022-11-06T19:00:00Z
0.0256791364197898;0.0017040322183104;0.0010961691614609;0.0;37.33426666666666;2022-11-06T20:00:00Z
0.0284591235034474;0.0020043118678537;0.0012743798821368;0.0;75.55068333333334;2022-11-06T21:00:00Z
0.0320655251364702;0.0026034538408969;0.0015087019882807;0.0;94.61770000000001;2022-11-06T22:00:00Z
0.0363050804364725;0.0031730283580614;0.0017455934555182;0.0;466.3018166666666;2022-11-06T23:00:00Z
0.0408236583313062;0.0036786031092073;0.0020234342194823;0.0;28.70045;2022-11-07T00:00:00Z
0.0453667004617207;0.0045483810770703;0.0023212879312173;0.0;40.0168;2022-11-07T01:00:00Z
0.0495830841652191;0.0048691499238644;0.0025855293387159;0.0;40.1334;2022-11-07T02:00:00Z
0.0532054342414568;0.0054284525424759;0.0028139678626178;0.0;32.31705;2022-11-07T03:00:00Z
0.0559892872374983;0.0057563873619173;0.0029801158842617;0.0;37.216883333333335;2022-11-07T04:00:00Z
0.0577399606927934;0.0061349399320303;0.0031080177588223;0.0;35.000483333333335;2022-11-07T05:00:00Z
0.0583423766134459;0.0062503684260641;0.0030992946290155;0.0;81.90068333333333;2022-11-07T06:00:00Z
0.0577350414946742;0.0060934700162296;0.0030971180750398;25.118;74.5844;2022-11-07T07:00:00Z
0.0559830573497043;0.0058848911286558;0.0029697575191264;0.1199999999999999;67.16695;2022-11-07T08:00:00Z
0.0532164880630443;0.0054989955653531;0.0028170219956463;0.1199999999999999;70.0;2022-11-07T09:00:00Z
0.0495741441834365;0.004719680006567;0.0025686494412733;0.0;59.33356666666666;2022-11-07T10:00:00Z
0.0453587893236266;0.0042749240576877;0.002309953556705;0.0;63.00011666666667;2022-11-07T11:00:00Z
0.0408468691518426;0.0036245777553507;0.0020576429492501;0.0;68.66751666666667;2022-11-07T12:00:00Z
0.0363043592534326;0.003137382030708;0.0017681468427472;0.0;64.16825;2022-11-07T13:00:00Z
0.032083735438064;0.0024762816552412;0.0014829431071129;0.0;67.83455;2022-11-07T14:00:00Z
0.0284635806750079;0.0020281554786294;0.0012112131781916;0.0;152.66765;2022-11-07T15:00:00Z
0.0256971456404948;0.0015670914922335;0.0010992007404676;0.0;43.16865;2022-11-07T16:00:00Z
0.0239302542030834;0.00133944080339;0.0009709734730005;0.0;10.351999999999999;2022-11-07T17:00:00Z
0.0233408512570681;0.0013297977896208;0.0009780983976816;0.0;91.60146666666665;2022-11-07T18:00:00Z
0.0239430823136956;0.0013894600127229;0.000936082772148;0.0;27.851133333333333;2022-11-07T19:00:00Z
0.0256808405756157;0.0016894306430865;0.0010373925769926;0.0;68.8841;2022-11-07T20:00:00Z
0.0284366651366153;0.0019756487290248;0.0012513493250107;0.0;88.21724999999998;2022-11-07T21:00:00Z
0.0320719834501604;0.002373252426029;0.001486977541343;0.0;575.5175833333333;2022-11-07T22:00:00Z
0.0363164306686939;0.00302987046519;0.0017221127377239;0.0;334.05135;2022-11-07T23:00:00Z
0.0408203648367265;0.003757373673549;0.0020073027405682;0.0;15.283833333333332;2022-11-08T00:00:00Z
0.045363446104323;0.0045142824763897;0.0022854638356781;0.0;30.56708333333333;2022-11-08T01:00:00Z
0.0495831649046221;0.0051210930269911;0.0025600963623927;0.0;41.53335;2022-11-08T02:00:00Z
0.053212351116342;0.0056838905074468;0.0028104306086643;0.0;36.98356666666666;2022-11-08T03:00:00Z
0.0559897750614252;0.0057446367709226;0.0029528919526;0.0;30.91713333333333;2022-11-08T04:00:00Z
0.0577377455570515;0.0062069032673164;0.0030624945755089;0.0;29.983833333333333;2022-11-08T05:00:00Z
0.0583221006035583;0.0063211411848112;0.003151930476979;0.0;22.167533333333328;2022-11-08T06:00:00Z
0.0577311551749837;0.0061250196915806;0.003096336920169;0.1199999999999999;22.801250000000003;2022-11-08T07:00:00Z
0.055984228244106;0.0057336097495656;0.0029725220731872;20.119;38.334;2022-11-08T08:00:00Z
0.053193032063666;0.0055858153828649;0.0028155716643138;5.119;56.00056666666667;2022-11-08T09:00:00Z
0.0495839064965023;0.0049793286378998;0.0025714771834751;0.0;51.33445;2022-11-08T10:00:00Z
0.0453599877748791;0.0042926349331844;0.0023186345691258;0.0;66.33418333333333;2022-11-08T11:00:00Z
0.0408220783410363;0.0035971659388821;0.0020288415740986;0.0;79.16839999999998;2022-11-08T12:00:00Z
0.0363157799133064;0.0029907849736791;0.0017810765675684;0.0;60.83525;2022-11-08T13:00:00Z
0.0320765640192217;0.002596603223782;0.0014770996537317;0.0;69.83435;2022-11-08T14:00:00Z
0.0284687481049055;0.0019381706000965;0.0012620528342976;0.0;69.83435;2022-11-08T15:00:00Z
0.0256731423419108;0.0016142519247711;0.0010561343365258;0.0;763.6673333333334;2022-11-08T16:00:00Z
0.0239114571175497;0.0012599495785895;0.0009663694597256;0.0;56.58420000000001;2022-11-08T17:00:00Z
0.0233461860100864;0.0012552223905463;0.0009712298050151;0.0;91.0001;2022-11-08T18:00:00Z
0.0239258996672132;0.0013810573508058;0.0009608884932578;0.0;84.38365;2022-11-08T19:00:00Z
0.0256682139608572;0.0016938026887447;0.00108044071482;0.0;88.55003333333333;2022-11-08T20:00:00Z
0.0284588948806746;0.0019523857486848;0.0012657775626725;0.0;72.00043333333333;2022-11-08T21:00:00Z
0.03206894273509;0.0022854487091997;0.0014911657302669;0.0;52.26846666666666;2022-11-08T22:00:00Z
0.0363083155784848;0.0031596280766077;0.0017457871586554;0.0;14.817866666666664;2022-11-08T23:00:00Z
0.0408283118231972;0.0036216657472684;0.002035599214537;0.0;28.816916666666668;2022-11-09T00:00:00Z
0.0453584359611339;0.004351213617547;0.002276786203206;0.0;33.716816666666666;2022-11-09T01:00:00Z
0.0495963219396204;0.0048999175830107;0.0025793014962316;0.0;40.950016666666656;2022-11-09T02:00:00Z
0.0532094273469554;0.0053810517214185;0.0028264026173623;0.0;39.31705;2022-11-09T03:00:00Z
0.0559774845943939;0.0060261099301835;0.0029633554610267;0.0;40.483583333333335;2022-11-09T04:00:00Z
0.0577167773246937;0.0062117347700053;0.0031002210693734;0.0;41.53341666666667;2022-11-09T05:00:00Z
0.0583479479389027;0.0061943138566091;0.0031400552708513;0.0;43.934933333333326;2022-11-09T06:00:00Z
0.057731300465749;0.0061788609855208;0.0030910409838195;0.1199999999999999;12.03495;2022-11-09T07:00:00Z
0.0559964926960583;0.0060104182602079;0.0029769360888765;20.119;26.00073333333333;2022-11-09T08:00:00Z
0.0532127594210628;0.0054855139165915;0.0028203302787508;5.118999999999999;67.00005;2022-11-09T09:00:00Z
0.0495732634031404;0.0050173909760457;0.0025802194788071;0.0;70.0;2022-11-09T10:00:00Z
0.0453585308155938;0.0044008032374782;0.0022887189040591;0.0;69.3334;2022-11-09T11:00:00Z
0.0408189992527222;0.0037040860346532;0.0020567748385963;0.0;60.00195;2022-11-09T12:00:00Z
0.0362946375674582;0.0030946962461348;0.0017384814547561;0.0;96.6691;2022-11-09T13:00:00Z
0.0320845966088438;0.0024505151931373;0.001478836465679;0.0;272.6693;2022-11-09T14:00:00Z
0.0284503705640743;0.0020165885667982;0.0012419620753011;0.0;9.002099999999999;2022-11-09T15:00:00Z
0.0256698138790732;0.001586319783434;0.0010840932785737;0.0;293.33505;2022-11-09T16:00:00Z
0.023920078867836;0.001522409072036;0.0009749130304437;0.0;11.068366666666666;2022-11-09T17:00:00Z
0.0233424536235899;0.0011970302364392;0.000912742976462;0.0;79.35051666666665;2022-11-09T18:00:00Z
0.0239356094939176;0.0014257004645652;0.0009590698831353;0.0;88.81675;2022-11-09T19:00:00Z
0.0256854202516533;0.0014971034710073;0.0011002945641143;0.0;88.18358333333333;2022-11-09T20:00:00Z
0.0284708676429887;0.0019249196850091;0.0012729890135823;0.0;87.85008333333333;2022-11-09T21:00:00Z
0.0320928829032836;0.0025717601685103;0.0014759752067095;0.0;321.41893333333337;2022-11-09T22:00:00Z
0.0363029318230269;0.0033619083914732;0.0017227200012523;0.0;167.15155;2022-11-09T23:00:00Z
0.0408239343405269;0.003650028982325;0.0020406359575558;0.0;27.8834;2022-11-10T00:00:00Z
0.0453674906095471;0.0042453356140192;0.0023136899307154;0.0;41.65006666666665;2022-11-10T01:00:00Z
0.0495813813177622;0.0051651604410563;0.0025665258843437;0.0;45.383333333333326;2022-11-10T02:00:00Z
0.0531966119358058;0.0053974202284261;0.002802226459701;0.0;40.60015;2022-11-10T03:00:00Z
0.0559836933552006;0.0059488122294449;0.0030005617101253;0.0;26.7169;2022-11-10T04:00:00Z
0.0577349990572749;0.006064479351132;0.0030951783036708;0.0;31.050366666666665;2022-11-10T05:00:00Z
0.0583166586056529;0.0063514274796709;0.0031028345475482;0.0;39.050733333333326;2022-11-10T06:00:00Z
0.0577429842238594;0.0061166001594222;0.0031084839211796;0.1199999999999999;29.750750000000004;2022-11-10T07:00:00Z
0.0559834439299282;0.0060178299478997;0.0029909571993402;5.119;45.000416666666666;2022-11-10T08:00:00Z
0.0531982027150774;0.0054548055692828;0.0027871934578559;20.119;20.167816666666663;2022-11-10T09:00:00Z
0.0495816647725359;0.0048177472787068;0.0025722099946637;0.0;33.1681;2022-11-10T10:00:00Z
0.0453583167663694;0.0042608967180942;0.0023571830896309;0.0;67.00053333333334;2022-11-10T11:00:00Z
0.0408464303426324;0.0036960478135325;0.0020295513031074;0.0;186.66755;2022-11-10T12:00:00Z
0.0363106366175489;0.0031650896652271;0.0017503296062543;0.0;70.001;2022-11-10T13:00:00Z
0.0320729608225923;0.0024490497932033;0.001501481575208;0.0;70.001;2022-11-10T14:00:00Z
0.0284629274396638;0.0019948047233116;0.0012650298634334;0.0;39.50163333333333;2022-11-10T15:00:00Z
0.0256911789520071;0.0015914369194302;0.0010898576195514;0.0;25.00183333333333;2022-11-10T16:00:00Z
0.0239426729514445;0.0013160525594046;0.0009978053010089;0.0;60.9179;2022-11-10T17:00:00Z
0.0233350113765758;0.0012657806829726;0.0009458585790559;0.0;102.2171;2022-11-10T18:00:00Z
0.023931097660892;0.0011949530366272;0.0009573658885432;0.0;82.63413333333334;2022-11-10T19:00:00Z
0.0256886861689302;0.001429610827706;0.0011274913761318;0.0;46.63471666666666;2022-11-10T20:00:00Z
0.0284750148111774;0.0018890922077954;0.0012570430275366;0.0;33.50101666666667;2022-11-10T21:00:00Z
0.0320820570560969;0.0026066410253225;0.0014900215162761;0.0;639.0681333333333;2022-11-10T22:00:00Z
0.0363079822231188;0.002984727026041;0.001769077295049;0.0;236.2351;2022-11-10T23:00:00Z
0.0408284840484829;0.0038498878146032;0.0020429447696003;0.0;0.0;2022-11-11T00:00:00Z
0.0453579453895322;0.0044401902920852;0.0022910165939694;0.0;0.0;2022-11-11T01:00:00Z
0.0495953204596096;0.0048878072169005;0.0025715154518171;0.0;0.0;2022-11-11T02:00:00Z
0.0532063028737674;0.0054717632435219;0.0028193591824422;0.0;0.0;2022-11-11T03:00:00Z
0.0559809102676168;0.0058650244712054;0.0029940124019521;0.0;0.0;2022-11-11T04:00:00Z
0.0577464690485821;0.0062317074040806;0.0030969720986489;0.0;0.0;2022-11-11T05:00:00Z
0.0583154464565768;0.0062145658153633;0.0031378526040432;0.0;0.0;2022-11-11T06:00:00Z
0.0577512480673795;0.0060393768860694;0.0030830768580597;0.1199999999999999;0.0;2022-11-11T07:00:00Z
0.0560010038276113;0.0059144676076352;0.0029466319097489;5.119;0.0;2022-11-11T08:00:00Z
0.0532077861594013;0.0054576730774779;0.0027836438478438;20.119;0.0;2022-11-11T09:00:00Z
0.0496002151238489;0.0049428089344955;0.0025800142249096;0.0;0.0;2022-11-11T10:00:00Z
0.0453597436004343;0.0043513701179296;0.0023264563356885;0.0;0.0;2022-11-11T11:00:00Z
0.0408280385265061;0.0037720061825783;0.0020124244049986;0.0;0.0;2022-11-11T12:00:00Z
0.0362933671532965;0.0030857076431787;0.0017753249827284;0.0;0.0;2022-11-11T13:00:00Z
0.0320794532044119;0.0023826062413437;0.001489466308251;0.0;0.0;2022-11-11T14:00:00Z
0.0284488603153388;0.0019256174564944;0.0012570314085238;0.0;0.0;2022-11-11T15:00:00Z
0.0256922357872319;0.0016326618709601;0.0010865658324602;0.0;0.0;2022-11-11T16:00:00Z
0.0239241228130619;0.0014339276542984;0.0009772804043421;0.0;0.0;2022-11-11T17:00:00Z
0.0233223098846889;0.0013958289248884;0.0009270258372874;0.0;0.0;2022-11-11T18:00:00Z
0.0239327916644797;0.0013760033359385;0.0009978286346186;0.0;0.0;2022-11-11T19:00:00Z
0.0256772273036751;0.0015027384176277;0.0010752955286571;0.0;0.0;2022-11-11T20:00:00Z
0.0284430475674491;0.0019756923726163;0.0012413081477691;0.0;0.0;2022-11-11T21:00:00Z
0.0320792051837416;0.0023551569096989;0.0015012812114411;0.0;0.0;2022-11-11T22:00:00Z
0.0362919820219959;0.002982321668742;0.0017897795420787;0.0;0.0;2022-11-11T23:00:00Z
0.0408471811890538;0.0037697162352596;0.002038238579286;0.0;39.7835;2022-11-12T00:00:00Z
0.0453638669325056;0.0045008683509409;0.0022921531036165;0.0;33.25001666666667;2022-11-12T01:00:00Z
0.0495828654238147;0.0050722580714174;0.0026065133802643;0.0;35.000033333333334;2022-11-12T02:00:00Z
0.0532050188548312;0.0054348456997921;0.0028206478678986;0.0;35.00001666666667;2022-11-12T03:00:00Z
0.055974265411405;0.0058544875700312;0.0030050228923846;0.0;33.7168;2022-11-12T04:00:00Z
0.0577234721157733;0.0062092457363169;0.0030574430245601;0.0;64.33346666666667;2022-11-12T05:00:00Z
0.0583316675800245;0.0064145492685847;0.0031341956722028;0.0;76.45028333333333;2022-11-12T06:00:00Z
0.0577449888137299;0.0061833358858711;0.003121101589352;0.1199999999999999;60.001;2022-11-12T07:00:00Z
0.0559938094853662;0.0059591565094627;0.002963081199771;20.119;69.83335;2022-11-12T08:00:00Z
0.0532061400019968;0.0054662194633479;0.0027822984223772;5.119;39.00051666666666;2022-11-12T09:00:00Z
0.0495795125821138;0.0050244993184882;0.0025694647150574;0.0;9.50105;2022-11-12T10:00:00Z
0.0453670593715688;0.0043769267352932;0.0022958188954058;0.0;59.0012;2022-11-12T11:00:00Z
0.0408239980677973;0.0036475683930569;0.0020470373043033;0.0;11.002816666666668;2022-11-12T12:00:00Z
0.0362887659563637;0.0029505145178395;0.0017625409418002;0.0;64.6682;2022-11-12T13:00:00Z
0.0320704609498234;0.0026366087927122;0.0014877950937259;0.0;68.66795;2022-11-12T14:00:00Z
0.0284520392878487;0.0019198249477343;0.0012124870468836;0.0;743.3338166666667;2022-11-12T15:00:00Z
0.0256786576579866;0.0015694587569219;0.001078422850714;0.0;70.001;2022-11-12T16:00:00Z
0.0239274539479749;0.0013811611717729;0.0009722535551241;0.0;52.63436666666666;2022-11-12T17:00:00Z
0.0233261235420603;0.0011950671057504;0.0009440203168186;0.0;82.25003333333333;2022-11-12T18:00:00Z
0.0239445552386119;0.001468401685477;0.0009789722168908;0.0;51.00066666666667;2022-11-12T19:00:00Z
0.0256831968699407;0.0015792260062946;0.001105164859246;0.0;35.00093333333333;2022-11-12T20:00:00Z
0.0284619748970082;0.0020457273347426;0.0012732613950802;0.0;69.41720000000001;2022-11-12T21:00:00Z
0.032117953422612;0.0025445577485682;0.0014841309542201;0.0;248.98526666666663;2022-11-12T22:00:00Z
0.0363024161349399;0.0028959059632384;0.0017496318378083;0.0;27.08523333333333;2022-11-12T23:00:00Z
0.0408384838582563;0.0038063768540277;0.0020244552896822;0.0;28.0005;2022-11-13T00:00:00Z
0.0453799011941989;0.0043778201884972;0.0022819637684182;0.0;35.0;2022-11-13T01:00:00Z
0.0495723001444852;0.0051899466968893;0.0025918161079371;0.0;38.033383333333326;2022-11-13T02:00:00Z
0.0532086668808811;0.0055197844991645;0.0027781019506878;0.0;36.633516666666665;2022-11-13T03:00:00Z
0.056004628991841;0.0060020048294476;0.0029692756048372;0.0;41.417116666666665;2022-11-13T04:00:00Z
0.0577421665083645;0.0059198142433934;0.0031015601658664;0.0;32.31708333333333;2022-11-13T05:00:00Z
0.0583350547126394;0.006274073643379;0.0031115270603532;0.0;23.2181;2022-11-13T06:00:00Z
0.0577386505588404;0.0061565774961122;0.0031119738452254;20.119;4.317866666666665;2022-11-13T07:00:00Z
0.055966614449162;0.0059897273848072;0.0029597450804159;0.1199999999999999;19.001316666666668;2022-11-13T08:00:00Z
0.0532236251557611;0.0055217022736356;0.0027962160583275;5.119;64.50055;2022-11-13T09:00:00Z
0.0495775378928925;0.0049956450273425;0.0025727835646585;0.0;70.0;2022-11-13T10:00:00Z
0.0453622314483273;0.0043602051976064;0.0023027432779387;0.0;66.00065;2022-11-13T11:00:00Z
0.040833341388019;0.0037517054529918;0.0020091401548283;0.0;40.0015;2022-11-13T12:00:00Z
0.036297372056848;0.0030926514765256;0.0017683866278542;0.0;236.6675;2022-11-13T13:00:00Z
0.032066690289275;0.0024877348168105;0.0014841147575135;0.0;613.6674833333334;2022-11-13T14:00:00Z
0.0284588557841482;0.0020664197320429;0.0012643896537136;0.0;160.66798333333332;2022-11-13T15:00:00Z
0.0256778102836663;0.0015444930766472;0.0010683522892865;0.0;62.00113333333333;2022-11-13T16:00:00Z
0.0239344481254925;0.0014724609701559;0.001007458707674;0.0;174.33455;2022-11-13T17:00:00Z
0.0233420064007946;0.0014729447653568;0.0009256735503397;0.0;54.967566666666656;2022-11-13T18:00:00Z
0.0239456263559151;0.0012769560571354;0.0009538807425303;0.0;76.71729999999998;2022-11-13T19:00:00Z
0.025663367795542;0.0016021503258617;0.0010369715547044;0.0;49.76805;2022-11-13T20:00:00Z
0.0284658146219343;0.0019612805499479;0.0012642246646679;0.0;73.21796666666667;2022-11-13T21:00:00Z
0.0320601434884835;0.0025745882985962;0.0015082668089022;0.0;58.73601666666667;2022-11-13T22:00:00Z
0.036300585416447;0.0030037280063068;0.0017520300518914;0.0;62.7024;2022-11-13T23:00:00Z
0.0408343304601852;0.0038176398752492;0.0020428687362465;0.0;27.067016666666667;2022-11-14T00:00:00Z
0.0453796363860298;0.0043295670352587;0.0023197727224327;0.0;32.900166666666664;2022-11-14T01:00:00Z
0.0495698842673103;0.0049290453583319;0.0025632092374411;0.0;33.36691666666667;2022-11-14T02:00:00Z
0.0532132399759708;0.0055599060600689;0.0027792363067208;0.0;27.766866666666665;2022-11-14T03:00:00Z
0.0559802547256249;0.0060523949355203;0.0029896927775994;0.0;28.0;2022-11-14T04:00:00Z
0.0577393154205229;0.0061393220880039;0.0030927925991168;0.0;27.3004;2022-11-14T05:00:00Z
0.0583520345000817;0.0062230072627976;0.0031514642441039;0.0;29.050316666666667;2022-11-14T06:00:00Z
0.0577401811856435;0.0061598197476889;0.0030930744871839;0.1199999999999999;6.067116666666665;2022-11-14T07:00:00Z
0.0559682815130677;0.0059712722481712;0.0029563386293873;25.118;21.500966666666663;2022-11-14T08:00:00Z
0.0532054906169935;0.005477180607751;0.0028133669781524;0.1199999999999999;15.3343;2022-11-14T09:00:00Z
0.0495867340727533;0.0049540227825598;0.0025640901991154;0.0;44.000433333333326;2022-11-14T10:00:00Z
0.0453730349033888;0.0046303941017722;0.0023387503979761;0.0;65.00008333333334;2022-11-14T11:00:00Z
0.0408382398196913;0.0038439152099794;0.0020395634972831;0.0;70.00083333333333;2022-11-14T12:00:00Z
0.0362774766294795;0.0030704275610116;0.0017370979807032;0.0;77.16793333333332;2022-11-14T13:00:00Z
0.0320811206280669;0.0025128455491506;0.0014910748998347;0.0;67.16786666666667;2022-11-14T14:00:00Z
0.0284723117655669;0.0020691983456909;0.0012396547684623;0.0;218.00105;2022-11-14T15:00:00Z
0.025661674889466;0.0015274769501895;0.0011030669275127;0.0;813.5009666666667;2022-11-14T16:00:00Z
0.0239295821934123;0.0012301786918003;0.0010000871771744;0.0;185.03448333333327;2022-11-14T17:00:00Z
0.0233192262684449;0.001308400439825;0.0009020535977461;0.0;83.65053333333331;2022-11-14T18:00:00Z
0.0239266314756386;0.0011132889465961;0.0009851559354511;0.0;71.66721666666666;2022-11-14T19:00:00Z
0.0256738944950034;0.0015311590110894;0.001092425902333;0.0;89.41696666666665;2022-11-14T20:00:00Z
0.0284516966071058;0.0019261040613334;0.001288986125162;0.0;54.5511;2022-11-14T21:00:00Z
0.0320762702166903;0.0024893045227477;0.0015161463972012;0.0;79.85218333333333;2022-11-14T22:00:00Z
0.0363171222068718;0.0030770486746258;0.0017589585099626;0.0;66.75226666666667;2022-11-14T23:00:00Z
0.0408373864414225;0.0038182737049161;0.0020130434281899;0.0;27.76685;2022-11-15T00:00:00Z
0.0453573540072007;0.0044760923563592;0.0023477341054441;0.0;36.51673333333333;2022-11-15T01:00:00Z
0.0495907140056434;0.0050614197182952;0.002538767494055;0.0;35.8167;2022-11-15T02:00:00Z
0.0531988819031622;0.0055201269786246;0.0028093336468152;0.0;42.46666666666666;2022-11-15T03:00:00Z
0.055987389791195;0.0058568294827534;0.0029627132843544;0.0;38.850066666666656;2022-11-15T04:00:00Z
0.0577357858173351;0.0063284865901184;0.003048243249928;0.0;34.416866666666664;2022-11-15T05:00:00Z
0.0583262955652419;0.0062265276248537;0.0030952883908359;0.0;21.70043333333333;2022-11-15T06:00:00Z
0.0577437152759137;0.0061849156229093;0.0031268810118727;20.119;11.700833333333332;2022-11-15T07:00:00Z
0.0559918647230747;0.0058819548900063;0.002931269472435;5.119;35.83416666666667;2022-11-15T08:00:00Z
0.0532300638430083;0.0055971521868332;0.0027743005857062;0.1199999999999999;70.0;2022-11-15T09:00:00Z
0.0495833765421474;0.0051107406387571;0.0025786707595756;0.0;67.00005;2022-11-15T10:00:00Z
0.0453633687536294;0.0044094688959844;0.0023152680032342;0.0;51.0005;2022-11-15T11:00:00Z
0.0408251951755904;0.0037237395896082;0.0020328277618296;0.0;651.8339;2022-11-15T12:00:00Z
0.0363095591094186;0.0030811758821793;0.001738469068986;0.0;265.0025;2022-11-15T13:00:00Z
0.0320923506999412;0.0026006906876512;0.0014881656170791;0.0;2.002966666666666;2022-11-15T14:00:00Z
0.0284591263078813;0.0020452064622802;0.0012218679622562;0.0;62.50175;2022-11-15T15:00:00Z
0.0256860882872736;0.0017020001123869;0.0010933236156626;0.0;66.668;2022-11-15T16:00:00Z
0.0239163205208317;0.0012526391211306;0.0009624278376942;0.0;267.30095;2022-11-15T17:00:00Z
0.023328272029459;0.001241194595093;0.0009542795726207;0.0;84.81669999999998;2022-11-15T18:00:00Z
0.0239238079990417;0.0012525493658711;0.0009606218844322;0.0;84.0;2022-11-15T19:00:00Z
0.0256775111971637;0.0017614965419507;0.0010642963060549;0.0;84.60003333333331;2022-11-15T20:00:00Z
0.0284695139046947;0.0020776314591522;0.0012545950911193;0.0;68.56719999999999;2022-11-15T21:00:00Z
0.0320931965364198;0.0025312253792891;0.0015070126760954;0.0;62.168416666666666;2022-11-15T22:00:00Z
0.0362912313700829;0.0031686478321247;0.0017411298779038;0.0;44.802116666666656;2022-11-15T23:00:00Z
0.0408379663777567;0.0036900025059689;0.0019816015533598;0.0;32.6668;2022-11-16T00:00:00Z
0.0453489096052841;0.0042586244918485;0.0023124125519039;0.0;40.716783333333325;2022-11-16T01:00:00Z
0.0495810842967709;0.0051581118301204;0.0025690428088403;0.0;33.833666666666666;2022-11-16T02:00:00Z
0.0531899059063964;0.0052068351503168;0.0027839194395795;0.0;33.95016666666667;2022-11-16T03:00:00Z
0.0560011499480859;0.0059363787493507;0.0030156687421804;0.0;39.20038333333333;2022-11-16T04:00:00Z
0.0577519083728238;0.0061229011039831;0.0030892922293774;0.0;40.600016666666654;2022-11-16T05:00:00Z
0.0583309239115347;0.0063030472348804;0.0031133001042485;0.0;33.4834;2022-11-16T06:00:00Z
0.0577356176597622;0.0061520386025583;0.0031116476821587;0.1199999999999999;38.2171;2022-11-16T07:00:00Z
0.0559742667394796;0.0057873788883631;0.002978029640889;20.119;47.00038333333334;2022-11-16T08:00:00Z
0.053212365851517;0.0056199456412635;0.0028015220009249;5.119;53.00078333333333;2022-11-16T09:00:00Z
0.0495760357221305;0.0049128587355801;0.0025880893595492;0.0;35.001416666666664;2022-11-16T10:00:00Z
0.0453735467503964;0.0042167317720991;0.0023511798680125;0.0;14.001516666666667;2022-11-16T11:00:00Z
0.0408416385748141;0.003598258493277;0.0020359896240361;0.0;61.00106666666667;2022-11-16T12:00:00Z
0.0362999960014872;0.003087449642511;0.0017410749410087;0.0;70.001;2022-11-16T13:00:00Z
0.0320839765237796;0.0024319849691365;0.0014804345565939;0.0;70.001;2022-11-16T14:00:00Z
0.0284554405077405;0.0019826034790965;0.0012692420253698;0.0;236.6675;2022-11-16T15:00:00Z
0.0257041145091433;0.0016012213321274;0.0010779879279058;0.0;470.0006;2022-11-16T16:00:00Z
0.023924537838766;0.0012981234063267;0.0009634686032312;0.0;52.234033333333336;2022-11-16T17:00:00Z
0.0233272994474417;0.0012721267944453;0.0009450882940835;0.0;39.1841;2022-11-16T18:00:00Z
0.0239179663292636;0.0012097223331258;0.0009702967580739;0.0;86.56669999999998;2022-11-16T19:00:00Z
0.0256782218397945;0.0016482691604722;0.0010444174349691;0.0;73.45085;2022-11-16T20:00:00Z
0.0284561362569052;0.0019331981088156;0.0012367757271739;0.0;71.78363333333333;2022-11-16T21:00:00Z
0.0320865701844844;0.0024796233167584;0.0015058421594417;0.0;72.63526666666665;2022-11-16T22:00:00Z
0.036310421565391;0.0031559667666005;0.0017759799885285;0.0;261.95165;2022-11-16T23:00:00Z
0.0408272385068151;0.0038443047552788;0.0020505076766652;0.0;24.967266666666667;2022-11-17T00:00:00Z
0.0453708629621184;0.0045277734236959;0.0022898342346642;0.0;40.95028333333333;2022-11-17T01:00:00Z
0.04958424408516;0.0049301800364455;0.0025787399875823;0.0;47.71676666666666;2022-11-17T02:00:00Z
0.0532071537868495;0.0054673324378056;0.0028118656217952;0.0;48.7667;2022-11-17T03:00:00Z
0.0559848630356256;0.0057577292010296;0.0029737668440899;0.0;40.600366666666666;2022-11-17T04:00:00Z
0.0577340276236928;0.0062303725252171;0.0030991845136388;0.0;34.41716666666667;2022-11-17T05:00:00Z
0.0583437256048735;0.0060968319707319;0.0031272305847306;0.0;23.566966666666666;2022-11-17T06:00:00Z
0.0577443208761054;0.0061095798292764;0.0031151409849019;0.1199999999999999;29.216883333333328;2022-11-17T07:00:00Z
0.0559795415465794;0.0058982657305728;0.002984797289666;25.118;64.16698333333333;2022-11-17T08:00:00Z
0.0532037436893136;0.0056194789917783;0.0028062725851553;0.1199999999999999;69.0001;2022-11-17T09:00:00Z
0.0495951915661423;0.004960195877803;0.0025655059912436;0.0;60.16706666666667;2022-11-17T10:00:00Z
0.0453697944063628;0.0044024225323336;0.0023330372865249;0.0;52.50108333333333;2022-11-17T11:00:00Z
0.04082711345056;0.0037875356692287;0.0020004140005921;0.0;47.501616666666656;2022-11-17T12:00:00Z
0.0363001555687179;0.0032693877763491;0.0017361370344793;0.0;51.33486666666667;2022-11-17T13:00:00Z
0.0320927821913315;0.002330110610174;0.0014578140484584;0.0;54.50138333333334;2022-11-17T14:00:00Z
0.0284438415896513;0.0018312770103296;0.0012811449895919;0.0;60.00116666666666;2022-11-17T15:00:00Z
0.0256801548434628;0.0015318864866608;0.0010639721358707;0.0;70.001;2022-11-17T16:00:00Z
0.0239264675641756;0.0012545323445542;0.0009971531873952;0.0;787.6171333333334;2022-11-17T17:00:00Z
0.0233347642059372;0.0012607176208405;0.0009291086310248;0.0;218.1340833333333;2022-11-17T18:00:00Z
0.0239310728749658;0.0013821535961598;0.0009522361742907;0.0;67.80055;2022-11-17T19:00:00Z
0.0256841657739264;0.0017459567359999;0.0010975014201035;0.0;76.20041666666667;2022-11-17T20:00:00Z
0.0284659038379303;0.0020114824822086;0.0012566230309344;0.0;70.81745000000001;2022-11-17T21:00:00Z
0.0320897291374778;0.0024152052978512;0.001476341056031;0.0;34.13465;2022-11-17T22:00:00Z
0.0363118597944367;0.0030654158151484;0.0017506799845341;0.0;106.31791666666666;2022-11-17T23:00:00Z
0.0408276737740246;0.0038712065611995;0.0020438689408272;0.0;0.0;2022-11-18T00:00:00Z
0.0453674453959256;0.0043297050956246;0.0023111118370828;0.0;0.0;2022-11-18T01:00:00Z
0.0495902793316792;0.004942939915869;0.0025529604046643;0.0;0.0;2022-11-18T02:00:00Z
0.0532100380432493;0.0054030926435655;0.0028021666253863;0.0;0.0;2022-11-18T03:00:00Z
0.0559849316499649;0.0059569306171263;0.0029977972351768;0.0;0.0;2022-11-18T04:00:00Z
0.0577317838867305;0.0059953109081365;0.0030735528871299;0.0;0.0;2022-11-18T05:00:00Z
0.0583289746706108;0.0062042974048461;0.0031268210110796;0.0;0.0;2022-11-18T06:00:00Z
0.0577470326178963;0.0060988991164604;0.0030644414536525;0.1199999999999999;0.0;2022-11-18T07:00:00Z
0.0560031084242535;0.0061862904794427;0.0029521008232474;5.119;0.0;2022-11-18T08:00:00Z
0.053209242119327;0.005490388235651;0.0027731827230065;20.119;0.0;2022-11-18T09:00:00Z
0.0496053993779778;0.0048927927221582;0.0025487558166637;0.0;0.0;2022-11-18T10:00:00Z
0.0453609434187304;0.0043342259591151;0.0023179490599202;0.0;0.0;2022-11-18T11:00:00Z
0.0408304716536987;0.003598049297348;0.0020283422589766;0.0;0.0;2022-11-18T12:00:00Z
0.0362961509926805;0.0031543250042584;0.0017861488881452;0.0;0.0;2022-11-18T13:00:00Z
0.0320775784883757;0.0023939702393084;0.0014798249190963;0.0;0.0;2022-11-18T14:00:00Z
0.0284418228213609;0.0018801286602254;0.001238939434478;0.0;0.0;2022-11-18T15:00:00Z
0.0256931587059063;0.001682958735827;0.0011060222876259;0.0;0.0;2022-11-18T16:00:00Z
0.0239094927653361;0.0015944459634788;0.0009598289496968;0.0;0.0;2022-11-18T17:00:00Z
0.0233390801641006;0.0012809703721855;0.0009286098601914;0.0;0.0;2022-11-18T18:00:00Z
0.0239176753829889;0.0012373687475042;0.0009340764083449;0.0;0.0;2022-11-18T19:00:00Z
0.0256953543184078;0.0015652948771619;0.0010573880850011;0.0;0.0;2022-11-18T20:00:00Z
0.0284567685509425;0.0019616456330956;0.0012269319993411;0.0;0.0;2022-11-18T21:00:00Z
0.0320724093142735;0.0025980923783991;0.0014912024205046;0.0;0.0;2022-11-18T22:00:00Z
0.036303667301193;0.0031954538833643;0.0017862363557093;0.0;0.0;2022-11-18T23:00:00Z
0.0408336105897331;0.0036897718733625;0.0020340262508668;0.0;33.71695;2022-11-19T00:00:00Z
0.0453600933193405;0.0043577245612926;0.0023203130226252;0.0;28.116716666666665;2022-11-19T01:00:00Z
0.0495807880270953;0.0050572875317281;0.0025926487537393;0.0;29.166733333333333;2022-11-19T02:00:00Z
0.0532050230646556;0.0055049027771483;0.0028036932688252;0.0;35.700083333333325;2022-11-19T03:00:00Z
0.0560005442335573;0.0058945014213392;0.0029909610008062;0.0;38.150566666666656;2022-11-19T04:00:00Z
0.0577329858167773;0.0061405418593562;0.0031169782876124;0.0;36.51775;2022-11-19T05:00:00Z
0.0583338418581008;0.0063399908486889;0.0031182420700367;0.0;29.95188333333333;2022-11-19T06:00:00Z
0.0577288916083187;0.0062546611054756;0.00311369328978;0.1199999999999999;64.31786666666666;2022-11-19T07:00:00Z
0.0559833789733432;0.0059635639980377;0.002971379618582;5.119;35.66793333333333;2022-11-19T08:00:00Z
0.0532072947918537;0.0055535710938911;0.0028004612564723;20.119;10.001;2022-11-19T09:00:00Z
0.0495878078775198;0.0049553578954634;0.0025748421967221;0.0;10.001;2022-11-19T10:00:00Z
0.0453653560120201;0.0044429413755428;0.0023091308645356;0.0;10.001366666666664;2022-11-19T11:00:00Z
0.0408329605670579;0.0039852923332291;0.0020014056352235;0.0;16.0019;2022-11-19T12:00:00Z
0.0362982801244431;0.0030016399416991;0.0017784909825677;0.0;70.001;2022-11-19T13:00:00Z
0.0321000906455483;0.0026577726854364;0.0014636868053928;0.0;70.001;2022-11-19T14:00:00Z
0.0284405912640191;0.0018574571950002;0.0012640779872961;0.0;836.6669;2022-11-19T15:00:00Z
0.0256698219854274;0.001514903199084;0.0010665244454881;0.0;103.3343;2022-11-19T16:00:00Z
0.0239244236337345;0.0012107448874992;0.0009633053816494;0.0;80.38386666666666;2022-11-19T17:00:00Z
0.0233385712891737;0.0014341372147815;0.0009355723663788;0.0;88.70021666666666;2022-11-19T18:00:00Z
0.023932581053357;0.0013110530347269;0.0009596894793693;0.0;86.98336666666665;2022-11-19T19:00:00Z
0.025664210560653;0.0016734377815157;0.0010825309565121;0.0;79.13453333333332;2022-11-19T20:00:00Z
0.0284669867915118;0.0019716787694812;0.0012502475899065;0.0;77.85116666666667;2022-11-19T21:00:00Z
0.032078705335345;0.0025309553030897;0.0014656470186831;0.0;41.885883333333325;2022-11-19T22:00:00Z
0.0363155726206762;0.0032986844742608;0.0017429785044874;0.0;57.269;2022-11-19T23:00:00Z
0.0408258919103915;0.003705088583473;0.00200804284574;0.0;32.2003;2022-11-20T00:00:00Z
0.0453661656694659;0.0043936012773169;0.0022978113096257;0.0;40.6001;2022-11-20T01:00:00Z
0.049597421845782;0.0050254996201641;0.0025255691415123;0.0;33.950083333333325;2022-11-20T02:00:00Z
0.0532033205578345;0.0052837989525957;0.0028042130489372;0.0;29.28335;2022-11-20T03:00:00Z
0.0559873499089236;0.0058581622780648;0.0029613755375784;0.0;29.1667;2022-11-20T04:00:00Z
0.0577238738500696;0.0061881368600247;0.0030864138032602;0.0;30.916783333333328;2022-11-20T05:00:00Z
0.0583218421017574;0.0060041684024871;0.0031270809842848;0.0;26.13345;2022-11-20T06:00:00Z
0.0577235282003418;0.0062309389924796;0.0030537861524911;5.118999999999999;10.383433333333333;2022-11-20T07:00:00Z
0.0559847880105412;0.0058736106061421;0.0029551926065365;0.1199999999999999;26.667466666666662;2022-11-20T08:00:00Z
0.0532099580202959;0.0055924194765461;0.0028136793133902;20.119;54.66753333333333;2022-11-20T09:00:00Z
0.0495830396954809;0.0048791058546517;0.0026016272224481;0.0;51.00031666666667;2022-11-20T10:00:00Z
0.045368665273639;0.0044010891634854;0.0023024419453029;0.0;70.0;2022-11-20T11:00:00Z
0.0408310170442973;0.0036633516573287;0.0020451778287885;0.0;58.000933333333336;2022-11-20T12:00:00Z
0.0363136355889117;0.0029970280290695;0.001730755014973;0.0;120.3348;2022-11-20T13:00:00Z
0.0320772390817009;0.0023901171429274;0.0014859733323454;0.0;246.33426666666665;2022-11-20T14:00:00Z
0.0284611206477191;0.0020941270595905;0.0012662020153931;0.0;342.3342333333334;2022-11-20T15:00:00Z
0.0256756780671173;0.0015809609858256;0.0010537999963655;0.0;117.001;2022-11-20T16:00:00Z
0.0239290627634751;0.0012320253830919;0.0009746023295393;0.0;400.68453333333326;2022-11-20T17:00:00Z
0.0233104285866919;0.0013413894241889;0.0008811648509727;0.0;58.90098333333333;2022-11-20T18:00:00Z
0.0239373241267346;0.0014797135352999;0.0009716276832407;0.0;81.71751666666665;2022-11-20T19:00:00Z
0.0256745057556211;0.001629393942845;0.0011025511564421;0.0;87.71693333333334;2022-11-20T20:00:00Z
0.0284559042471732;0.0019120463079109;0.0012416081747361;0.0;83.41703333333332;2022-11-20T21:00:00Z
0.0320844049679246;0.0026282088291877;0.0014767484173787;0.0;81.00166666666665;2022-11-20T22:00:00Z
0.0363030368979083;0.0029763296851764;0.0017703236725151;0.0;22.368866666666666;2022-11-20T23:00:00Z
0.0408331062410783;0.0037069683029447;0.0020161777489008;0.0;20.883683333333327;2022-11-21T00:00:00Z
0.0453476648051615;0.0044176187225131;0.0023241077153487;0.0;37.33358333333333;2022-11-21T01:00:00Z
0.0495891342559659;0.0047187000176688;0.0025663528546439;0.0;36.05;2022-11-21T02:00:00Z
0.0532247894288094;0.0054679052040142;0.0028226170716458;0.0;28.0;2022-11-21T03:00:00Z
0.0559833692445946;0.0059821756226648;0.0029627525675216;0.0;31.150016666666662;2022-11-21T04:00:00Z
0.0577467675894453;0.0061771996246245;0.0030924973295075;0.0;35.350133333333325;2022-11-21T05:00:00Z
0.0583373783855897;0.0062971170423019;0.0031565841134466;0.0;28.233733333333333;2022-11-21T06:00:00Z
0.057723930036293;0.0062771812780106;0.0031039814005802;5.119;2.333533333333333;2022-11-21T07:00:00Z
0.0560139255784545;0.0059425783501911;0.0029624938158043;0.1199999999999999;38.500833333333325;2022-11-21T08:00:00Z
0.0532078048635354;0.0053531882548794;0.0028140682196626;20.119;62.50075;2022-11-21T09:00:00Z
0.0495793371283571;0.0050770967672774;0.0025703229663968;0.0;69.83335;2022-11-21T10:00:00Z
0.0453544320077879;0.0044122469911433;0.0023386303597496;0.0;68.6668;2022-11-21T11:00:00Z
0.0408272026592681;0.0037346817381155;0.0020468856856111;0.0;67.66755;2022-11-21T12:00:00Z
0.0362959994125668;0.003064505625189;0.0017330295678717;0.0;62.50116666666666;2022-11-21T13:00:00Z
0.032080985597518;0.0024807647006098;0.0014926057767733;0.0;96.00145;2022-11-21T14:00:00Z
0.0284403261094452;0.0019355332747447;0.0012846555173018;0.0;384.33425;2022-11-21T15:00:00Z
0.0256910543908968;0.0016800586971484;0.0010523532895105;0.0;320.00075000000004;2022-11-21T16:00:00Z
0.0239276048451175;0.0013572495354701;0.0009625243834364;0.0;586.6007166666666;2022-11-21T17:00:00Z
0.0233348989108899;0.0013223065513006;0.000893890188612;0.0;79.38391666666665;2022-11-21T18:00:00Z
0.0239382172085368;0.0014271966372796;0.0009801704066765;0.0;92.51705;2022-11-21T19:00:00Z
0.0256918950983246;0.0015685715955237;0.0010767018485208;0.0;95.20011666666669;2022-11-21T20:00:00Z
0.0284542312454855;0.0019501227821992;0.0012559700810529;0.0;82.86785;2022-11-21T21:00:00Z
0.0320619081636321;0.0023561153692016;0.0014757410243866;0.0;67.20193333333333;2022-11-21T22:00:00Z
0.0363035518142528;0.0031699757207755;0.0016963718974526;0.0;27.00125;2022-11-21T23:00:00Z
0.0408249872351537;0.0037413498312269;0.0020005708292183;0.0;35.35026666666667;2022-11-22T00:00:00Z
0.0453543887604488;0.004352417880752;0.0023273120796126;0.0;32.66685;2022-11-22T01:00:00Z
0.0495785266529144;0.00502617787433;0.0026009710594555;0.0;40.833366666666656;2022-11-22T02:00:00Z
0.05319553644664;0.0055880411199297;0.0028202087513322;0.0;37.10005;2022-11-22T03:00:00Z
0.055994574445624;0.0059176871119489;0.0029497083002867;0.0;37.21673333333333;2022-11-22T04:00:00Z
0.0577288445205182;0.00616063909107;0.0030275934018152;0.0;32.433633333333326;2022-11-22T05:00:00Z
0.0583346720436033;0.0064178212526278;0.0031368893392423;0.0;24.034483333333327;2022-11-22T06:00:00Z
0.0577465689040572;0.0062871054418012;0.0030951103599667;0.1199999999999999;5.1008;2022-11-22T07:00:00Z
0.0559807981845684;0.0060659624029314;0.0029874690077398;0.1199999999999999;25.00048333333333;2022-11-22T08:00:00Z
0.0532160641228822;0.0055904879572255;0.0028021826319326;25.118;69.0001;2022-11-22T09:00:00Z
0.0495804849074777;0.0049185044630074;0.00258170365321;0.0;64.0006;2022-11-22T10:00:00Z
0.0453554998870812;0.0043461539595262;0.002354619569445;0.0;60.001;2022-11-22T11:00:00Z
0.0408355494064967;0.0037436892915696;0.002051502450592;0.0;67.00128333333333;2022-11-22T12:00:00Z
0.0363031345017486;0.0033264897180717;0.001770776286184;0.0;270.0008;2022-11-22T13:00:00Z
0.0321025927991181;0.002472672304083;0.0014287591517252;0.0;220.00085;2022-11-22T14:00:00Z
0.0284686093832912;0.0020100793310077;0.0012784517049117;0.0;70.001;2022-11-22T15:00:00Z
0.0256964483687679;0.0016870918914829;0.0010909847032583;0.0;586.66715;2022-11-22T16:00:00Z
0.0239344636787083;0.0015246482673223;0.0009491086201136;0.0;228.16761666666665;2022-11-22T17:00:00Z
0.023335647969721;0.0011783463807306;0.0009540349696958;0.0;77.26826666666666;2022-11-22T18:00:00Z
0.0239213345705789;0.0012914305583285;0.0009654480548874;0.0;41.95128333333333;2022-11-22T19:00:00Z
0.0256881841641831;0.0016180752052415;0.0011100148735472;0.0;57.36736666666666;2022-11-22T20:00:00Z
0.0284676811626347;0.0019832900955151;0.0012771531206302;0.0;85.05023333333334;2022-11-22T21:00:00Z
0.0320778187760809;0.0024852972558709;0.0014904185475748;0.0;75.31791666666666;2022-11-22T22:00:00Z
0.0362904582690247;0.0031503272865187;0.0017820001943086;0.0;20.8355;2022-11-22T23:00:00Z
0.0408315237431915;0.0038442697285086;0.00201438101744;0.0;28.7005;2022-11-23T00:00:00Z
0.0453838034281435;0.0045442192165346;0.0023215690251668;0.0;40.25025;2022-11-23T01:00:00Z
0.0495887274692738;0.0049920122976409;0.0025690971105936;0.0;35.467016666666666;2022-11-23T02:00:00Z
0.0531977871171023;0.0054459330275553;0.0027978860186957;0.0;32.783566666666665;2022-11-23T03:00:00Z
0.0559940600122605;0.006082041804414;0.0029848133532964;0.0;35.93343333333333;2022-11-23T04:00:00Z
0.0577304610840226;0.0061381550376398;0.0030616314673167;0.0;38.7335;2022-11-23T05:00:00Z
0.0583300178341609;0.0063046657199483;0.0031438087407833;0.0;25.734583333333333;2022-11-23T06:00:00Z
0.0577397883585301;0.0062129570604423;0.0030956379680092;0.1199999999999999;59.900433333333325;2022-11-23T07:00:00Z
0.0559966793269864;0.0059146641555546;0.0029692944910309;5.119;57.00021666666667;2022-11-23T08:00:00Z
0.0531986746466953;0.0055701113336009;0.0027842439809109;20.119;60.83425;2022-11-23T09:00:00Z
0.0495827577432665;0.0049399118224737;0.002623151605861;0.0;70.0;2022-11-23T10:00:00Z
0.0453570471530362;0.0043198973093435;0.0023243934316467;0.0;55.33421666666666;2022-11-23T11:00:00Z
0.0408358984888208;0.0038286942086588;0.0020558358986778;0.0;45.00208333333333;2022-11-23T12:00:00Z
0.0363058242123399;0.0031988905722675;0.0017300330136067;0.0;62.0018;2022-11-23T13:00:00Z
0.0320889628294164;0.002494272863968;0.0014845481569061;0.0;65.66776666666667;2022-11-23T14:00:00Z
0.0284538132886354;0.0019677456474759;0.0012323997690732;0.0;438.00131666666664;2022-11-23T15:00:00Z
0.0256877932703969;0.0015876062649281;0.0010993440730658;0.0;67.0013;2022-11-23T16:00:00Z
0.0239406835597682;0.0012944017275156;0.0009409501231072;0.0;69.91753333333334;2022-11-23T17:00:00Z
0.0233549313194312;0.0014013038805385;0.0009631620723293;0.0;64.58395;2022-11-23T18:00:00Z
0.0239434573786008;0.0013187917542241;0.000995825904829;0.0;87.43358333333333;2022-11-23T19:00:00Z
0.0256689022107022;0.0015539677050462;0.0010977689164943;0.0;88.00011666666667;2022-11-23T20:00:00Z
0.0284553208424032;0.002100007482607;0.0012504640299464;0.0;64.58368333333333;2022-11-23T21:00:00Z
0.0320809063194676;0.002467396658951;0.0014465520552981;0.0;404.35118333333327;2022-11-23T22:00:00Z
0.0363112101876704;0.0031154939904838;0.0017656060472393;0.0;89.08531666666667;2022-11-23T23:00:00Z
0.0408380584198071;0.0037376618540492;0.0020385500902908;0.0;33.25026666666667;2022-11-24T00:00:00Z
0.0453460066672884;0.0044879085575986;0.0023110384485638;0.0;35.000233333333334;2022-11-24T01:00:00Z
0.0495714803794282;0.0048440917168757;0.0025572896733018;0.0;29.75018333333333;2022-11-24T02:00:00Z
0.0532018470058093;0.0055536691689631;0.0027882357849344;0.0;33.01676666666667;2022-11-24T03:00:00Z
0.0560026494497227;0.0061356669491556;0.0029745115546827;0.0;27.766816666666667;2022-11-24T04:00:00Z
0.057729096654586;0.0062337841955859;0.0031051754045729;0.0;29.516833333333327;2022-11-24T05:00:00Z
0.0583422536025442;0.0064901631689487;0.0030774597372304;0.0;31.933966666666663;2022-11-24T06:00:00Z
0.0577296692552468;0.0061158232295061;0.0030229556994817;0.1199999999999999;15.366733333333332;2022-11-24T07:00:00Z
0.055985817221669;0.0060599538391375;0.002969803520033;20.119;25.000233333333327;2022-11-24T08:00:00Z
0.0531941160727867;0.0055570343174385;0.0028187881404326;5.118999999999999;49.00118333333333;2022-11-24T09:00:00Z
0.0495979656842611;0.0049690230812237;0.0025883254496438;0.0;49.00118333333333;2022-11-24T10:00:00Z
0.045366457347508;0.0043902794045322;0.0023044910784022;0.0;49.00118333333333;2022-11-24T11:00:00Z
0.0408282177560587;0.0036673412049838;0.0020320539795235;0.0;56.0016;2022-11-24T12:00:00Z
0.0362985722471094;0.0032155149359995;0.0017661375163625;0.0;60.33505;2022-11-24T13:00:00Z
0.032093967909553;0.002708327832198;0.0014770518547601;0.0;59.00118333333333;2022-11-24T14:00:00Z
0.0284513294534212;0.0019882994727091;0.0012581644866384;0.0;54.001266666666666;2022-11-24T15:00:00Z
0.0256816824591799;0.001568305332496;0.0010825582131748;0.0;60.66818333333334;2022-11-24T16:00:00Z
0.0239364225584276;0.00153989803748;0.0009461747539205;0.0;306.0340166666667;2022-11-24T17:00:00Z
0.0233375848993986;0.0011950421227993;0.0009272802993311;0.0;68.53370000000001;2022-11-24T18:00:00Z
0.0239107918010293;0.0012982973332273;0.0009913121905029;0.0;76.01693333333331;2022-11-24T19:00:00Z
0.025694917364751;0.0016756504012319;0.0010696908166023;0.0;81.88349999999998;2022-11-24T20:00:00Z
0.0284525058677793;0.0021171342376322;0.0012564715598186;0.0;77.00023333333334;2022-11-24T21:00:00Z
0.0320861345847568;0.0024097828012119;0.0014920953134908;0.0;109.33443333333332;2022-11-24T22:00:00Z
0.0363031943302684;0.0030479781624764;0.0017667702600436;0.0;732.76745;2022-11-24T23:00:00Z
0.040836743105492;0.0038397879663782;0.0020323463363207;0.0;0.0;2022-11-25T00:00:00Z
0.0453595559125541;0.0043857297597029;0.0023080356726429;0.0;0.0;2022-11-25T01:00:00Z
0.0495883372754616;0.0049616282853665;0.0025581975392945;0.0;0.0;2022-11-25T02:00:00Z
0.0531995990799739;0.0053817167203211;0.0028416569173814;0.0;0.0;2022-11-25T03:00:00Z
0.0560043801816155;0.0059743381384536;0.0029708026623717;0.0;0.0;2022-11-25T04:00:00Z
0.0577444742023175;0.0063853208701149;0.0030787554377488;0.0;0.0;2022-11-25T05:00:00Z
0.0583289651562715;0.0063601776819948;0.0031054328050408;0.0;0.0;2022-11-25T06:00:00Z
0.0577339376099382;0.0062458557621893;0.003064375718768;0.1199999999999999;0.0;2022-11-25T07:00:00Z
0.0559932491370943;0.0059334771784108;0.0029679320166087;0.1199999999999999;0.0;2022-11-25T08:00:00Z
0.0532039373325599;0.0056126117249929;0.0027875410704072;25.118;0.0;2022-11-25T09:00:00Z
0.0495763646459571;0.004933272495273;0.0026155681568906;0.0;0.0;2022-11-25T10:00:00Z
0.0453702114645171;0.0044558949525253;0.0023122874119382;0.0;0.0;2022-11-25T11:00:00Z
0.040842934851491;0.0036377381497938;0.0020366538101342;0.0;0.0;2022-11-25T12:00:00Z
0.0363109109677469;0.0031958803442391;0.0017555068646374;0.0;0.0;2022-11-25T13:00:00Z
0.0320843360888555;0.0024782560052244;0.0014679349617428;0.0;0.0;2022-11-25T14:00:00Z
0.0284753970286303;0.0018487266547007;0.0012385208832239;0.0;0.0;2022-11-25T15:00:00Z
0.0256734233956448;0.0015775851823561;0.0010995644124162;0.0;0.0;2022-11-25T16:00:00Z
0.0239415078630512;0.0014157219705508;0.0010137725034057;0.0;0.0;2022-11-25T17:00:00Z
0.0233396505745055;0.0013483899358977;0.0009528423678381;0.0;0.0;2022-11-25T18:00:00Z
0.0239375859598755;0.0011894404556519;0.0009619057163361;0.0;0.0;2022-11-25T19:00:00Z
0.0256895750205443;0.0016230281990292;0.0010793066897169;0.0;0.0;2022-11-25T20:00:00Z
0.0284597334545141;0.0019824840311253;0.001251101328363;0.0;0.0;2022-11-25T21:00:00Z
0.0320932904643084;0.0024113659504617;0.0014939489435693;0.0;0.0;2022-11-25T22:00:00Z
0.0363024282322867;0.0031099503769322;0.0017306709798391;0.0;0.0;2022-11-25T23:00:00Z
0.0408320163687848;0.0037087681794219;0.0020111171719334;0.0;26.483866666666664;2022-11-26T00:00:00Z
0.0453566354443054;0.0044594003594891;0.0023257248164457;0.0;35.1167;2022-11-26T01:00:00Z
0.0495897882976256;0.0048644618736561;0.0025714640684431;0.0;37.45001666666667;2022-11-26T02:00:00Z
0.0532189564657117;0.0054536936118534;0.0027929646502097;0.0;32.9003;2022-11-26T03:00:00Z
0.0559848848608244;0.005840597063183;0.0029833548881626;0.0;35.233666666666664;2022-11-26T04:00:00Z
0.0577372960093903;0.0061591995779982;0.0030765180335279;0.0;37.1009;2022-11-26T05:00:00Z
0.0583290089865212;0.0061715110475275;0.0031630685979922;0.0;54.3684;2022-11-26T06:00:00Z
0.0577457748716467;0.0061720811126972;0.0031059558442628;5.119;52.40069999999999;2022-11-26T07:00:00Z
0.0559949498714071;0.0059140381133;0.0029746252528345;20.119;66.00006666666667;2022-11-26T08:00:00Z
0.0531927676333384;0.0055419137949308;0.0027862384144344;0.1199999999999999;60.00016666666667;2022-11-26T09:00:00Z
0.0495911801013503;0.0051320748445106;0.002575335387498;0.0;70.0;2022-11-26T10:00:00Z
0.0453568343672391;0.0042917556286108;0.0023493093064851;0.0;32.001016666666665;2022-11-26T11:00:00Z
0.0408279261090236;0.0037859116948307;0.0020263460005648;0.0;5.669100000000001;2022-11-26T12:00:00Z
0.0363086078107323;0.0031325406390956;0.0017568742210849;0.0;32.00246666666667;2022-11-26T13:00:00Z
0.0320911267977661;0.0026027632890587;0.0014706567879912;0.0;36.0024;2022-11-26T14:00:00Z
0.0284521242244736;0.0020319951606761;0.0012705030011188;0.0;31.002483333333327;2022-11-26T15:00:00Z
0.0256777018513381;0.0015690547598442;0.0010542601235281;0.0;10.002833333333331;2022-11-26T16:00:00Z
0.0239122839250003;0.0013729502024099;0.00100476609227;0.0;31.035383333333332;2022-11-26T17:00:00Z
0.0233319576421264;0.0011667041436438;0.0009390423555888;0.0;79.90076666666667;2022-11-26T18:00:00Z
0.0239034407995749;0.0013700474760992;0.0009609504674888;0.0;89.01676666666667;2022-11-26T19:00:00Z
0.0256811534924125;0.0016038083716787;0.0010780198881437;0.0;88.66688333333333;2022-11-26T20:00:00Z
0.0284638418391526;0.0022669093065605;0.0012601275734387;0.0;83.1836;2022-11-26T21:00:00Z
0.0320839135704974;0.002632500901611;0.0014566530932157;0.0;619.4673333333334;2022-11-26T22:00:00Z
0.036296197061132;0.0028871965416434;0.0017570206762885;0.0;526.8689166666667;2022-11-26T23:00:00Z
0.0408300888029563;0.0038490398438135;0.0020075057732768;0.0;28.3502;2022-11-27T00:00:00Z
0.0453461217445361;0.0043530064948669;0.0023021543036751;0.0;34.416716666666666;2022-11-27T01:00:00Z
0.0496076958307679;0.0050566199431978;0.0025906727825151;0.0;43.98336666666666;2022-11-27T02:00:00Z
0.0532136212718498;0.0055191317708476;0.0027977797711065;0.0;38.5;2022-11-27T03:00:00Z
0.0559775695705096;0.005940479269571;0.0029601718254986;0.0;33.83336666666666;2022-11-27T04:00:00Z
0.0577337778626395;0.0062891670286886;0.0030767617226752;0.0;32.90045;2022-11-27T05:00:00Z
0.0583448120246139;0.0062540826420199;0.0030932175108935;0.0;48.68405;2022-11-27T06:00:00Z
0.0577245388201942;0.0061901776674148;0.0030972870849673;0.1199999999999999;66.0004;2022-11-27T07:00:00Z
0.0559928130857714;0.0060727954581241;0.0029717415520304;0.1199999999999999;67.3336;2022-11-27T08:00:00Z
0.053205333939493;0.0053790480935721;0.0028323796083612;25.118;68.50015;2022-11-27T09:00:00Z
0.0495708878093761;0.0050474325361083;0.0025707158328602;0.0;47.833883333333326;2022-11-27T10:00:00Z
0.0453578326324361;0.0043880664625772;0.002300587586198;0.0;10.001;2022-11-27T11:00:00Z
0.0408345893392991;0.0037721752530181;0.0020109808083394;0.0;7.66865;2022-11-27T12:00:00Z
0.0363062721213751;0.0031613436016117;0.0017440652718871;0.0;9.668699999999998;2022-11-27T13:00:00Z
0.0320783619472111;0.0024709030708386;0.0014573144223422;0.0;120.3348;2022-11-27T14:00:00Z
0.0284567662704878;0.0018071327177204;0.0012501484096292;0.0;70.001;2022-11-27T15:00:00Z
0.0256723807453651;0.0015687876241436;0.0010604918430469;0.0;236.6675;2022-11-27T16:00:00Z
0.0239403916518101;0.0013510841256642;0.0010172904495384;0.0;447.3679333333334;2022-11-27T17:00:00Z
0.023331347453658;0.0013050585416716;0.0009241137342404;0.0;71.53393333333334;2022-11-27T18:00:00Z
0.0239205060695993;0.001218266559109;0.0009672135378923;0.0;82.50038333333333;2022-11-27T19:00:00Z
0.0256640526829284;0.0014740909913839;0.0011113410916197;0.0;60.18388333333334;2022-11-27T20:00:00Z
0.0284410955158335;0.0022149184098652;0.0012310959357418;0.0;37.20126666666666;2022-11-27T21:00:00Z
0.0320765233340308;0.0024310713036318;0.0015068720416925;0.0;314.38515000000007;2022-11-27T22:00:00Z
0.0362997556031742;0.0029085014162296;0.0017753830474505;0.0;89.65131666666667;2022-11-27T23:00:00Z
0.0408290404856552;0.0037959652353796;0.0020189264579438;0.0;32.433483333333335;2022-11-28T00:00:00Z
0.045373584990587;0.0043277122087705;0.0023095375050573;0.0;36.05023333333333;2022-11-28T01:00:00Z
0.0495859460078122;0.0052003955527009;0.0025822158990385;0.0;30.566683333333334;2022-11-28T02:00:00Z
0.0531852375535189;0.0054624328022632;0.002802652469181;0.0;34.300066666666666;2022-11-28T03:00:00Z
0.0559932223673907;0.0057762364625686;0.0029720591492744;0.0;35.35001666666666;2022-11-28T04:00:00Z
0.0577258786978013;0.006237843098078;0.0031364813789547;0.0;36.050083333333326;2022-11-28T05:00:00Z
0.058347299630075;0.0062280770459601;0.0031244890347335;0.0;37.65126666666666;2022-11-28T06:00:00Z
0.0577321690321948;0.0061509306187637;0.0030852359230508;25.118;19.501066666666663;2022-11-28T07:00:00Z
0.0560034318409294;0.0058928008920106;0.002998894189007;0.1199999999999999;46.667333333333325;2022-11-28T08:00:00Z
0.0532120897399343;0.0054864642414427;0.0027996286315575;0.1199999999999999;48.667133333333325;2022-11-28T09:00:00Z
0.0495910196310415;0.0050169761115766;0.0025912147942614;0.0;69.00001666666667;2022-11-28T10:00:00Z
0.0453512408853562;0.0043428667249748;0.0022946246887118;0.0;67.16695;2022-11-28T11:00:00Z
0.0408369221192448;0.0036615328965994;0.0020047995662421;0.0;59.33434999999999;2022-11-28T12:00:00Z
0.0362884774777634;0.003052640898486;0.0017518008413792;0.0;707.6675666666665;2022-11-28T13:00:00Z
0.0320725504289772;0.0023158407997837;0.0014969535623727;0.0;70.001;2022-11-28T14:00:00Z
0.0284561735716687;0.0019991687312316;0.001248876587659;0.0;102.3344;2022-11-28T15:00:00Z
0.0256888971937772;0.0016163165516214;0.0010590822089802;0.0;399.50105;2022-11-28T16:00:00Z
0.0239133138757918;0.0010961761647017;0.0010056324182322;0.0;68.06766666666667;2022-11-28T17:00:00Z
0.0233521704246069;0.0013696959273498;0.000942585504143;0.0;81.78333333333333;2022-11-28T18:00:00Z
0.0239473123106374;0.0014358787342285;0.0009837206192904;0.0;87.56669999999998;2022-11-28T19:00:00Z
0.0256879962074348;0.0016797368182088;0.0010816987113163;0.0;81.6669;2022-11-28T20:00:00Z
0.0284501958576265;0.0018868691375169;0.0012643480793715;0.0;49.700666666666656;2022-11-28T21:00:00Z
0.0320797147413086;0.0025309621381268;0.0014800318470625;0.0;42.36783333333333;2022-11-28T22:00:00Z
0.0362981074335527;0.0031086307637183;0.0017436404869813;0.0;15.634366666666667;2022-11-28T23:00:00Z
0.0408278882786234;0.0036674441540389;0.0020477205926581;0.0;23.217366666666663;2022-11-29T00:00:00Z
0.0453671765311663;0.0043051380548479;0.0023222700722664;0.0;33.60016666666667;2022-11-29T01:00:00Z
0.0495889525554566;0.0049527330412728;0.0025772228118736;0.0;30.91708333333333;2022-11-29T02:00:00Z
0.0531944737563644;0.0055361599766569;0.0027882524913646;0.0;27.6507;2022-11-29T03:00:00Z
0.0559842266601079;0.0060041904767321;0.0029612824261481;0.0;34.416716666666666;2022-11-29T04:00:00Z
0.0577524803888026;0.0061923075668771;0.0031051105863813;0.0;41.983783333333335;2022-11-29T05:00:00Z
0.0583350720320903;0.006139874160991;0.0031280492124057;0.0;33.06806666666667;2022-11-29T06:00:00Z
0.0577462953532963;0.0060519707652918;0.0030978687233162;20.119;31.33455;2022-11-29T07:00:00Z
0.0559967683808191;0.0059983668858175;0.0029890163733917;5.119;31.00148333333333;2022-11-29T08:00:00Z
0.0532013576974795;0.0055769540853937;0.0028225850976097;0.1199999999999999;38.334083333333325;2022-11-29T09:00:00Z
0.0495822348129794;0.0050673522628082;0.0025742926703465;0.0;44.000433333333326;2022-11-29T10:00:00Z
0.045356809625681;0.0042516067496053;0.0023402427322546;0.0;27.000716666666666;2022-11-29T11:00:00Z
0.0408495769402121;0.0037865149627388;0.0020360112552328;0.0;70.00085;2022-11-29T12:00:00Z
0.0363346201020893;0.0032993469538707;0.0017657866125926;0.0;286.66745000000003;2022-11-29T13:00:00Z
0.0320869795096321;0.0024598696327524;0.0014603700464381;0.0;420.00065;2022-11-29T14:00:00Z
0.0284478567345203;0.0020186377459096;0.0012478032152176;0.0;353.33405000000005;2022-11-29T15:00:00Z
0.0256930414701101;0.0015443258323018;0.0011182869057991;0.0;266.16791666666666;2022-11-29T16:00:00Z
0.023939329050383;0.0013043827894351;0.0010156487043679;0.0;59.85093333333333;2022-11-29T17:00:00Z
0.0233287054167741;0.0014673548377153;0.0009389456557825;0.0;51.66753333333333;2022-11-29T18:00:00Z
0.0239046437094702;0.0013203142681558;0.000978494992012;0.0;60.68466666666666;2022-11-29T19:00:00Z
0.0256839488865772;0.0015654621429388;0.0010912093488713;0.0;68.65113333333333;2022-11-29T20:00:00Z
0.0284452597031283;0.0017959440317457;0.0012531295797881;0.0;59.068233333333325;2022-11-29T21:00:00Z
0.0320798798152061;0.0024272728747981;0.0014940336296082;0.0;70.8518;2022-11-29T22:00:00Z
0.0362934071379827;0.0030761469864002;0.0017766050136075;0.0;47.73466666666666;2022-11-29T23:00:00Z
0.0408176339194772;0.0036521530484928;0.002046833572585;0.0;17.73346666666667;2022-11-30T00:00:00Z
0.0453534791141988;0.0044889883202814;0.0022932145392993;0.0;36.9835;2022-11-30T01:00:00Z
0.0495812318231226;0.0050064489639856;0.0025652200521399;0.0;33.83371666666667;2022-11-30T02:00:00Z
0.0532103804750224;0.0054991819661405;0.0028137986612248;0.0;29.750416666666663;2022-11-30T03:00:00Z
0.0559928783660191;0.0059779987571915;0.0030112936163668;0.0;48.066733333333325;2022-11-30T04:00:00Z
0.0577399218735086;0.0062018420697147;0.0030939453799676;0.0;41.300166666666655;2022-11-30T05:00:00Z
0.0583468784231444;0.0062564017074058;0.003103653498782;0.0;35.70016666666666;2022-11-30T06:00:00Z
0.0577335524253445;0.006211218542334;0.0030800434037771;25.117999999999995;18.917;2022-11-30T07:00:00Z
0.0560022530831588;0.005770564659749;0.003015345168974;0.1199999999999999;55.66701666666666;2022-11-30T08:00:00Z
0.0532097879704872;0.0054039510322795;0.0027869234348283;0.1199999999999999;63.33375;2022-11-30T09:00:00Z
0.049597938166875;0.0050448210586901;0.0026102255674954;0.0;66.50035;2022-11-30T10:00:00Z
0.045372336177543;0.0044569307605852;0.0023127571461528;0.0;66.50071666666666;2022-11-30T11:00:00Z
0.0408253019231248;0.0036718808212925;0.0020252784375218;0.0;383.00105;2022-11-30T12:00:00Z
0.0362935216508625;0.0030414528073723;0.0017674032265854;0.0;113.66825;2022-11-30T13:00:00Z
0.0320727419887279;0.0025158657209379;0.0014942379970559;0.0;67.00105;2022-11-30T14:00:00Z
0.0284570700267082;0.0021408101034934;0.0012404885940678;0.0;61.00115;2022-11-30T15:00:00Z
0.0256768853325404;0.0015472536954866;0.0010896259983972;0.0;706.0005833333332;2022-11-30T16:00:00Z
0.023930525158849;0.0012513568401057;0.0009572432565082;0.0;111.41775;2022-11-30T17:00:00Z
0.0233484811778213;0.0012740927868114;0.0009270050606761;0.0;74.83393333333333;2022-11-30T18:00:00Z
0.0239279488745962;0.0013991150638531;0.0009600956905818;0.0;80.75033333333333;2022-11-30T19:00:00Z
0.0256714689106979;0.0015408381976906;0.001089128313866;0.0;91.0;2022-11-30T20:00:00Z
0.0284541791645348;0.0020363640689;0.0012871241218649;0.0;75.93368333333333;2022-11-30T21:00:00Z
0.0320755519110942;0.0024148484936854;0.0014822315793674;0.0;51.16836666666666;2022-11-30T22:00:00Z
0.036297735155152;0.0030154651121571;0.0017538647334955;0.0;69.11776666666667;2022-11-30T23:00:00Z
0.040827942457562;0.003466801119821;0.0020214606654835;0.0;29.28355;2022-12-01T00:00:00Z
0.0453614934284212;0.004362998289804;0.0023089084871429;0.0;30.91715;2022-12-01T01:00:00Z
0.0495806493518932;0.0049745558345876;0.0025646504815848;0.0;27.7668;2022-12-01T02:00:00Z
0.0532106926536502;0.005368488368917;0.002805419558549;0.0;29.166716666666662;2022-12-01T03:00:00Z
0.0559818708138131;0.0060378044773113;0.0029870433699784;0.0;32.78335;2022-12-01T04:00:00Z
0.0577357435105793;0.0061416162208944;0.0031053691785745;0.0;30.683466666666668;2022-12-01T05:00:00Z
0.058348276685356;0.0062910398724061;0.003095976439072;0.0;73.80024999999998;2022-12-01T06:00:00Z
0.0577320734445483;0.006254875763419;0.0030540388647086;0.1199999999999999;17.468149999999994;2022-12-01T07:00:00Z
0.0559929226633712;0.0058226058221503;0.0029647766643479;20.119;19.00168333333333;2022-12-01T08:00:00Z
0.0531963611054281;0.0055248500899844;0.0028084660105774;5.119;46.66716666666667;2022-12-01T09:00:00Z
0.049581920623639;0.0049494011896426;0.0025883301610487;0.0;53.66705;2022-12-01T10:00:00Z
0.0453675130373652;0.0044629087734427;0.002326821095833;0.0;52.00143333333333;2022-12-01T11:00:00Z
0.0408371924497728;0.0037820154760049;0.0020141545402129;0.0;46.8349;2022-12-01T12:00:00Z
0.0362868787132846;0.0029218344701154;0.0017351661520087;0.0;70.001;2022-12-01T13:00:00Z
0.0320726597563464;0.0026715538630342;0.0015132435654925;0.0;686.66705;2022-12-01T14:00:00Z
0.0284503806690756;0.0017969247768441;0.0012833835506475;0.0;586.66715;2022-12-01T15:00:00Z
0.0256908963873986;0.001587296907313;0.0010766379829099;0.0;70.001;2022-12-01T16:00:00Z
0.0239215581945309;0.0012596126817741;0.0009629947592667;0.0;72.21755;2022-12-01T17:00:00Z
0.0233211525590487;0.0010752026169249;0.0009471740314766;0.0;92.28333333333332;2022-12-01T18:00:00Z
0.0239222752107724;0.001289567977842;0.000981709564676;0.0;58.650566666666656;2022-12-01T19:00:00Z
0.025680065205236;0.0015716816537672;0.0010544672996525;0.0;45.8841;2022-12-01T20:00:00Z
0.0284512641522476;0.0017757171270757;0.0012569997793736;0.0;49.6013;2022-12-01T21:00:00Z
0.0320971034787033;0.0024484240108685;0.0014684763561602;0.0;79.43508333333334;2022-12-01T22:00:00Z
0.0363209933654054;0.0031394406059046;0.0017370178625717;0.0;66.63518333333333;2022-12-01T23:00:00Z
0.0408436587069844;0.0036745908760314;0.0020202597739273;0.0;0.0;2022-12-02T00:00:00Z
0.0453622617995547;0.0044008358604352;0.0022971648405916;0.0;0.0;2022-12-02T01:00:00Z
0.0495842567676215;0.0050553146439559;0.0025934455644877;0.0;0.0;2022-12-02T02:00:00Z
0.0532082579103769;0.0055174493712918;0.0028001327811788;0.0;0.0;2022-12-02T03:00:00Z
0.0559896058717874;0.0059430937213513;0.002954451082649;0.0;0.0;2022-12-02T04:00:00Z
0.0577228923187148;0.0060155080521994;0.0030726289324739;0.0;0.0;2022-12-02T05:00:00Z
0.0583296711852627;0.0063966915297378;0.0031360393861488;0.0;0.0;2022-12-02T06:00:00Z
0.057735843306743;0.0061024052713674;0.0030501458238401;0.1199999999999999;0.0;2022-12-02T07:00:00Z
0.0559853023264245;0.0058869110928021;0.0029854840001882;0.1199999999999999;0.0;2022-12-02T08:00:00Z
0.0531997373676832;0.0054385021049394;0.002790397502149;25.118;0.0;2022-12-02T09:00:00Z
0.0495831383492048;0.0050321903657101;0.0025703798478131;0.0;0.0;2022-12-02T10:00:00Z
0.0453710772766337;0.0043832550280375;0.0023180825931775;0.0;0.0;2022-12-02T11:00:00Z
0.0408269862702781;0.0038647948505585;0.0019933488878979;0.0;0.0;2022-12-02T12:00:00Z
0.0363035545743333;0.0033148263239754;0.0017798240063323;0.0;0.0;2022-12-02T13:00:00Z
0.0320811410492906;0.0025836688310568;0.0014580450430656;0.0;0.0;2022-12-02T14:00:00Z
0.0284523387189979;0.002035201807526;0.0012969542750021;0.0;0.0;2022-12-02T15:00:00Z
0.0256794470869812;0.0014540611064617;0.0010944033186316;0.0;0.0;2022-12-02T16:00:00Z
0.0239330637866353;0.001209188969416;0.000972701698021;0.0;0.0;2022-12-02T17:00:00Z
0.0233381669192904;0.0012166531076002;0.0009260924729229;0.0;0.0;2022-12-02T18:00:00Z
0.0239283412174321;0.0014227856342606;0.0009643418378201;0.0;0.0;2022-12-02T19:00:00Z
0.025662407583182;0.0015029687313522;0.001087248937805;0.0;0.0;2022-12-02T20:00:00Z
0.0284781117744701;0.0020732586672949;0.001254745785952;0.0;0.0;2022-12-02T21:00:00Z
0.0321053768435249;0.002451636543963;0.0014996908295736;0.0;0.0;2022-12-02T22:00:00Z
0.0363116763270671;0.0029336291667613;0.0017563370453792;0.0;0.0;2022-12-02T23:00:00Z
0.0408332533799406;0.0038119809753253;0.0020247335581503;0.0;20.41715;2022-12-03T00:00:00Z
0.0453775545627392;0.0044248788654187;0.0023352489650062;0.0;22.98433333333333;2022-12-03T01:00:00Z
0.0495635608699064;0.0051533221137415;0.0025652650857054;0.0;31.26695;2022-12-03T02:00:00Z
0.053210667264988;0.00578134697793;0.0027835798052121;0.0;25.317116666666667;2022-12-03T03:00:00Z
0.055988188238188;0.0057893653075364;0.0029882874907757;0.0;28.0;2022-12-03T04:00:00Z
0.0577395995616358;0.0063189767549523;0.0031014271152836;0.0;27.65005;2022-12-03T05:00:00Z
0.0583183771251035;0.0061786022968135;0.0031339861397265;0.0;19.60086666666667;2022-12-03T06:00:00Z
0.0577463701450247;0.0061647395082344;0.0030914258316075;20.119;5.816883333333334;2022-12-03T07:00:00Z
0.0559882622747498;0.0060761942986508;0.0029749848460435;0.1199999999999999;25.83396666666667;2022-12-03T08:00:00Z
0.0532066611469009;0.0055439983493012;0.0027825867097603;5.119;59.33356666666666;2022-12-03T09:00:00Z
0.0495847165227742;0.0048714884344229;0.0025760464208102;0.0;53.00036666666666;2022-12-03T10:00:00Z
0.0453659231814856;0.0045664138955994;0.0023272554989682;0.0;54.667033333333336;2022-12-03T11:00:00Z
0.0408087033119757;0.0036646140908837;0.0020250126534253;0.0;237.16761666666665;2022-12-03T12:00:00Z
0.036312440710243;0.0030586179934208;0.0017607435984607;0.0;69.0011;2022-12-03T13:00:00Z
0.0320789786714262;0.0025309655172219;0.0014680841204541;0.0;66.83465;2022-12-03T14:00:00Z
0.0284533385124944;0.0018777949841076;0.0012463233775012;0.0;69.16775;2022-12-03T15:00:00Z
0.0256506930746734;0.0016707319271584;0.0010884133802739;0.0;66.50135;2022-12-03T16:00:00Z
0.0239292689869637;0.0014700946430657;0.0009536117727847;0.0;71.03456666666666;2022-12-03T17:00:00Z
0.023333607127381;0.0013622425247702;0.0009161258329641;0.0;84.16746666666667;2022-12-03T18:00:00Z
0.0239223811731733;0.0013825906145263;0.0009977808467397;0.0;82.15033333333331;2022-12-03T19:00:00Z
0.0256791514319022;0.0015555702022502;0.0010835814285154;0.0;68.70063333333334;2022-12-03T20:00:00Z
0.028464800023539;0.0020212856168187;0.0012361825143211;0.0;60.80075000000001;2022-12-03T21:00:00Z
0.0320934883991926;0.0025422686846855;0.0015010984122275;0.0;598.3505;2022-12-03T22:00:00Z
0.0362977344049262;0.0031212207871724;0.0017722155843278;0.0;186.8514333333333;2022-12-03T23:00:00Z
0.0408343937132882;0.0037301297680796;0.002031810092402;0.0;16.21695;2022-12-04T00:00:00Z
0.0453464734535302;0.0045510775605642;0.0022962501497374;0.0;34.30018333333334;2022-12-04T01:00:00Z
0.0495754211978061;0.0050621703880803;0.0025746087921068;0.0;38.15055;2022-12-04T02:00:00Z
0.0531907572636052;0.0055371102701024;0.0028304928826087;0.0;35.350233333333335;2022-12-04T03:00:00Z
0.0559869829443878;0.0059152444104514;0.0029815971696875;0.0;30.916883333333327;2022-12-04T04:00:00Z
0.0577177698835734;0.005932028160245;0.0031062734621331;0.0;58.78388333333333;2022-12-04T05:00:00Z
0.0583363943333143;0.0064101316258922;0.0031462650014225;0.0;54.167583333333326;2022-12-04T06:00:00Z
0.0577414104679149;0.0062184070955769;0.0030606918741108;0.1199999999999999;58.21685;2022-12-04T07:00:00Z
0.0559916295525633;0.0059177299747829;0.0029543566257257;5.119;64.00021666666666;2022-12-04T08:00:00Z
0.053216370620229;0.0056543408347083;0.0028134921230237;20.119;37.00055;2022-12-04T09:00:00Z
0.0495944188742922;0.0050853317654714;0.002602408138529;0.0;69.00001666666667;2022-12-04T10:00:00Z
0.0453604006304507;0.0043541298312588;0.0023003852057371;0.0;70.0001;2022-12-04T11:00:00Z
0.0408294809775105;0.0036122432468648;0.0020299551638512;0.0;33.00161666666666;2022-12-04T12:00:00Z
0.0362936680966609;0.003212776086819;0.0017596216270625;0.0;48.001366666666655;2022-12-04T13:00:00Z
0.0320882259530115;0.0024583509297256;0.0014702987925285;0.0;56.66816666666667;2022-12-04T14:00:00Z
0.0284590618362244;0.0018993113353822;0.0012289115693395;0.0;19.0026;2022-12-04T15:00:00Z
0.0256635945884877;0.0016321475638823;0.0010890719407327;0.0;35.50161666666667;2022-12-04T16:00:00Z
0.0239418518727671;0.0013275655442464;0.0009528922757827;0.0;388.1182;2022-12-04T17:00:00Z
0.0233309379311064;0.0011251243575857;0.0009587019995209;0.0;38.36826666666667;2022-12-04T18:00:00Z
0.0239239205061092;0.0013326041403241;0.0009663000459587;0.0;79.91715;2022-12-04T19:00:00Z
0.0256795213055065;0.001544226371176;0.0010642165818335;0.0;87.01685;2022-12-04T20:00:00Z
0.0284605801226529;0.0021339725899248;0.001249161753696;0.0;34.55096666666667;2022-12-04T21:00:00Z
0.0320762517188811;0.0025540347784341;0.001474339912672;0.0;368.8679666666666;2022-12-04T22:00:00Z
0.0363137068971852;0.003247182069498;0.0017351754008101;0.0;68.63579999999999;2022-12-04T23:00:00Z
0.0408300167822628;0.0035744229710481;0.0020123236048141;0.0;31.266716666666667;2022-12-05T00:00:00Z
0.0453721022491894;0.0043586112579165;0.0023486887504114;0.0;32.20023333333333;2022-12-05T01:00:00Z
0.049587922967259;0.0049416289638351;0.002563339797102;0.0;40.48343333333333;2022-12-05T02:00:00Z
0.0532017374320908;0.0054691409420983;0.002821560721493;0.0;42.8168;2022-12-05T03:00:00Z
0.0559863016011634;0.0057545930781575;0.0029856963936643;0.0;39.0835;2022-12-05T04:00:00Z
0.0577361356244062;0.0062425552064899;0.0030891587605195;0.0;34.53353333333334;2022-12-05T05:00:00Z
0.0583371996539319;0.0062492144941231;0.0031215361809262;0.0;41.9175;2022-12-05T06:00:00Z
0.0577335339442663;0.0062671583758043;0.0030806369815471;20.119;64.08338333333333;2022-12-05T07:00:00Z
0.0559860925474264;0.0059938467240318;0.0029712237185809;5.119;65.8334;2022-12-05T08:00:00Z
0.0532120475950584;0.0055346515258695;0.0027914097911741;0.1199999999999999;65.50045;2022-12-05T09:00:00Z
0.0496005994718206;0.005020921885326;0.0025386937580593;0.0;68.6668;2022-12-05T10:00:00Z
0.0453535548585332;0.0043328051717249;0.0023177902988608;0.0;68.5005;2022-12-05T11:00:00Z
0.0408232101376043;0.0038176018109241;0.0020346209708623;0.0;69.6677;2022-12-05T12:00:00Z
0.0363157894656173;0.0031184141300172;0.0018064061817264;0.0;69.3344;2022-12-05T13:00:00Z
0.0320794480448231;0.0025062959458585;0.0014934286492656;0.0;49.00135;2022-12-05T14:00:00Z
0.0284680780025174;0.0020190009581614;0.0012397603311272;0.0;212.50181666666663;2022-12-05T15:00:00Z
0.0256723444068074;0.0015628917891598;0.0010716603773805;0.0;323.00205;2022-12-05T16:00:00Z
0.0239320670284373;0.0014337525374818;0.0009653614440738;0.0;30.33568333333333;2022-12-05T17:00:00Z
0.0233299351429908;0.0012150819953255;0.0009464330765692;0.0;462.88395;2022-12-05T18:00:00Z
0.0239319738240325;0.0014490063117125;0.0010005449091508;0.0;98.0;2022-12-05T19:00:00Z
0.0256826398022808;0.0015262742775339;0.0010789785718924;0.0;86.10044999999998;2022-12-05T20:00:00Z
0.0284595238783596;0.0020744002840709;0.0012612842521729;0.0;88.55044999999998;2022-12-05T21:00:00Z
0.032083199296316;0.002307882838866;0.0014733200315278;0.0;141.70139999999995;2022-12-05T22:00:00Z
0.0363227208064761;0.0030297566916635;0.0017421639197362;0.0;46.002116666666666;2022-12-05T23:00:00Z
0.0408329142113856;0.0038650511393305;0.0019932538640003;0.0;16.917366666666666;2022-12-06T00:00:00Z
0.0453690460496213;0.0045429666398017;0.0022689658558791;0.0;27.183466666666668;2022-12-06T01:00:00Z
0.0495792678963197;0.0048626404122583;0.0025566794997466;0.0;28.0;2022-12-06T02:00:00Z
0.0532002224868945;0.0053421273236161;0.0027807544650996;0.0;28.0;2022-12-06T03:00:00Z
0.0559957583227574;0.0059450401237258;0.00297219599786;0.0;27.18345;2022-12-06T04:00:00Z
0.0577372548218106;0.0060931357701072;0.0030791655483568;0.0;25.55058333333333;2022-12-06T05:00:00Z
0.0583424277899107;0.0061355340991993;0.0031289637727083;0.0;22.651416666666663;2022-12-06T06:00:00Z
0.0577141239998389;0.0060262127830038;0.0030707297351349;20.119;3.8512166666666663;2022-12-06T07:00:00Z
0.0559901086924956;0.0059695482124428;0.0029460664198833;0.1199999999999999;0.0019;2022-12-06T08:00:00Z
0.0531983589289802;0.0055875142875503;0.0028426726035633;5.119;0.002;2022-12-06T09:00:00Z
0.049597816247182;0.0050405982953743;0.0025738320047241;0.0;64.66711666666667;2022-12-06T10:00:00Z
0.045358518461743;0.0044661496083613;0.0022897742865781;0.0;44.00088333333333;2022-12-06T11:00:00Z
0.040813225332914;0.0038068821937333;0.0020446471450961;0.0;70.001;2022-12-06T12:00:00Z
0.0362960315337091;0.0030459436771966;0.0017384672648005;0.0;60.00116666666666;2022-12-06T13:00:00Z
0.0320968427802679;0.0026055106297587;0.0015301012823171;0.0;403.334;2022-12-06T14:00:00Z
0.0284711771287679;0.001922817395959;0.0012744883400968;0.0;503.3339;2022-12-06T15:00:00Z
0.0256687974156597;0.0014958600984825;0.0010739163503649;0.0;70.001;2022-12-06T16:00:00Z
0.023922785319954;0.0011451704404217;0.0009791563757665;0.0;52.66805;2022-12-06T17:00:00Z
0.0233278912044467;0.001233690979486;0.0009594264976245;0.0;35.81795;2022-12-06T18:00:00Z
0.0239337088755407;0.0013842087679529;0.0009557894012169;0.0;91.0;2022-12-06T19:00:00Z
0.0256762941527496;0.0016215858589719;0.0010593967838488;0.0;40.80086666666666;2022-12-06T20:00:00Z
0.0284375849856972;0.0019482131504687;0.0012623009121055;0.0;69.01781666666668;2022-12-06T21:00:00Z
0.0320957411710211;0.0024579021379028;0.001474234425047;0.0;85.20153333333333;2022-12-06T22:00:00Z
0.0362929273073684;0.0030507889646155;0.0017834294838308;0.0;290.91813333333334;2022-12-06T23:00:00Z
0.0408347218878617;0.0037457796437238;0.0020470593700386;0.0;28.466816666666663;2022-12-07T00:00:00Z
0.045350609901619;0.0045272637109147;0.002289220311033;0.0;41.88335;2022-12-07T01:00:00Z
0.0495874925061445;0.0048317897133192;0.0025828513932012;0.0;37.21666666666666;2022-12-07T02:00:00Z
0.0532016151857488;0.0054075300635838;0.0027995599793828;0.0;34.300016666666664;2022-12-07T03:00:00Z
0.0559956305946368;0.0060074328577852;0.0029739750502694;0.0;29.050016666666664;2022-12-07T04:00:00Z
0.0577235939343365;0.0061521143773009;0.0031267810476923;0.0;36.51673333333333;2022-12-07T05:00:00Z
0.0583221031239729;0.0063006443001873;0.0031564137782888;0.0;22.050316666666667;2022-12-07T06:00:00Z
0.0577236944238098;0.0062625825162392;0.0030616611401943;20.119;22.03458333333333;2022-12-07T07:00:00Z
0.0559984404425168;0.0058933466500027;0.0030032144125466;5.118999999999999;53.5004;2022-12-07T08:00:00Z
0.0532057504545015;0.0057572076869846;0.0028187416061896;0.1199999999999999;65.3338;2022-12-07T09:00:00Z
0.0495944891583734;0.0049569297839763;0.0025820461243881;0.0;70.0;2022-12-07T10:00:00Z
0.0453620162499419;0.0044138036829916;0.0023202948423918;0.0;46.500516666666655;2022-12-07T11:00:00Z
0.040837962551896;0.0037786514015464;0.0020355153657364;0.0;7.335183333333334;2022-12-07T12:00:00Z
0.0363157778981136;0.0032056831314141;0.0017664555444364;0.0;221.66863333333333;2022-12-07T13:00:00Z
0.032063049049886;0.0025746645735627;0.0014626279236626;0.0;68.6678;2022-12-07T14:00:00Z
0.0284398946650225;0.0020564609274475;0.0012481723501163;0.0;586.66715;2022-12-07T15:00:00Z
0.0256753970748161;0.0014931755614875;0.001105613444005;0.0;286.66745000000003;2022-12-07T16:00:00Z
0.0239224223220714;0.0010975756494469;0.0009439740367747;0.0;70.0005;2022-12-07T17:00:00Z
0.0233326637514403;0.001345811067057;0.0009298557976262;0.0;68.01695000000001;2022-12-07T18:00:00Z
0.0239315045619636;0.0013907202796443;0.0009538357508655;0.0;81.95016666666666;2022-12-07T19:00:00Z
0.0256697772845337;0.0015290948751735;0.0010957617097084;0.0;73.28398333333331;2022-12-07T20:00:00Z
0.0284611549980472;0.0020870512313031;0.0012531822689522;0.0;27.48493333333333;2022-12-07T21:00:00Z
0.0320852511951104;0.0023293977852197;0.001441859522876;0.0;32.801883333333336;2022-12-07T22:00:00Z
0.0363063872519837;0.0031491640525531;0.0017428950257572;0.0;18.3177;2022-12-07T23:00:00Z
0.0408343891156513;0.0036742688112277;0.0020339125213894;0.0;25.43378333333333;2022-12-08T00:00:00Z
0.0453700155570854;0.0042236115292329;0.0022970791569221;0.0;26.48355;2022-12-08T01:00:00Z
0.0495945155411022;0.0048251611768075;0.002552262031719;0.0;27.65028333333333;2022-12-08T02:00:00Z
0.0532186013260765;0.0054679909674974;0.0028048936816842;0.0;29.63368333333333;2022-12-08T03:00:00Z
0.0559738319433653;0.0058664283816634;0.0029454888579634;0.0;34.3001;2022-12-08T04:00:00Z
0.0577353833565901;0.0060973497406818;0.0030997156068688;0.0;35.46686666666666;2022-12-08T05:00:00Z
0.0583358321211153;0.0063079253020066;0.0030988111213949;0.0;27.767;2022-12-08T06:00:00Z
0.057734633662179;0.0060860878593013;0.0031083618316543;0.1199999999999999;5.834416666666667;2022-12-08T07:00:00Z
0.0559981334003503;0.0059663269523262;0.0029888642003956;0.1199999999999999;55.50048333333333;2022-12-08T08:00:00Z
0.0531856881160811;0.0055597045550642;0.0028392633039891;25.118;31.83415;2022-12-08T09:00:00Z
0.0495848559115751;0.0050561839443637;0.0025630549436962;0.0;10.001;2022-12-08T10:00:00Z
0.0453748169228501;0.0044001121682314;0.0023198562584734;0.0;70.0004;2022-12-08T11:00:00Z
0.0408362283916317;0.003645277898134;0.0020481766346974;0.0;70.001;2022-12-08T12:00:00Z
0.0363134302224271;0.0032179945635667;0.0017616929929082;0.0;303.33410000000003;2022-12-08T13:00:00Z
0.032089894966576;0.0025720311073667;0.0014812316949566;0.0;47.00138333333334;2022-12-08T14:00:00Z
0.0284731309315085;0.0019566673841362;0.0012620049897584;0.0;201.00116666666665;2022-12-08T15:00:00Z
0.0256781117445643;0.0015066275411164;0.0010879933276675;0.0;70.001;2022-12-08T16:00:00Z
0.0239310263184687;0.0012597064190051;0.0009645414182206;0.0;303.3337;2022-12-08T17:00:00Z
0.0233367627522635;0.0014574729119877;0.0009221476493829;0.0;20.23443333333333;2022-12-08T18:00:00Z
0.0239171775418273;0.0012465527188061;0.0009709082638647;0.0;69.7837;2022-12-08T19:00:00Z
0.025678990835292;0.0014687799647739;0.0010891396836952;0.0;62.88445000000001;2022-12-08T20:00:00Z
0.0284512654961782;0.0019944885675457;0.0012847156408822;0.0;86.0672;2022-12-08T21:00:00Z
0.0320997874774706;0.0023888712516272;0.0014653090802114;0.0;101.81891666666667;2022-12-08T22:00:00Z
0.0362782539995188;0.00316954176441;0.0017591212549454;0.0;357.6355833333333;2022-12-08T23:00:00Z
0.0408391139138575;0.0039242884549617;0.0019995255733014;0.0;0.0;2022-12-09T00:00:00Z
0.0453358498315012;0.0044841934340119;0.0023291446610083;0.0;0.0;2022-12-09T01:00:00Z
0.0496044626244922;0.0049964432137033;0.0025805579010305;0.0;0.0;2022-12-09T02:00:00Z
0.0532084456372222;0.0054784770960794;0.0027905760096177;0.0;0.0;2022-12-09T03:00:00Z
0.056010815577211;0.0057543079955962;0.0029576590085232;0.0;0.0;2022-12-09T04:00:00Z
0.0577170804902555;0.0061036990447814;0.0031074609991004;0.0;0.0;2022-12-09T05:00:00Z
0.0583249540790816;0.0062536326007757;0.0031552659247206;0.0;0.0;2022-12-09T06:00:00Z
0.0577141394818274;0.0062350661713621;0.0030653139217788;0.1199999999999999;0.0;2022-12-09T07:00:00Z
0.0559970218600108;0.0060090714432436;0.0029647991777616;20.119;0.0;2022-12-09T08:00:00Z
0.0532023088600451;0.0054869759305196;0.0028100548328982;5.119;0.0;2022-12-09T09:00:00Z
0.0495812579167274;0.004937219570654;0.0026024341593306;0.0;0.0;2022-12-09T10:00:00Z
0.0453793929770187;0.0043899176263418;0.0022807809752216;0.0;0.0;2022-12-09T11:00:00Z
0.0408344546951531;0.0038122784266782;0.0019825623166072;0.0;0.0;2022-12-09T12:00:00Z
0.0363129250190186;0.0028672543985809;0.0017580730279189;0.0;0.0;2022-12-09T13:00:00Z
0.0320780984747143;0.0024038822489471;0.0015202841640875;0.0;0.0;2022-12-09T14:00:00Z
0.0284425442067382;0.0019220494415414;0.0012531883453445;0.0;0.0;2022-12-09T15:00:00Z
0.0256788190609529;0.0017488453203417;0.0010671182196738;0.0;0.0;2022-12-09T16:00:00Z
0.0239352236894994;0.0012983256215436;0.0009796270390006;0.0;0.0;2022-12-09T17:00:00Z
0.0233414287080586;0.0012811548811062;0.0009641344051448;0.0;0.0;2022-12-09T18:00:00Z
0.0239244594792069;0.0013360111324595;0.0009583548496421;0.0;0.0;2022-12-09T19:00:00Z
0.0256814308422973;0.001572979141607;0.0010557124157656;0.0;0.0;2022-12-09T20:00:00Z
0.0284521278727669;0.0019481658389465;0.0012632537173808;0.0;0.0;2022-12-09T21:00:00Z
0.0320836949565945;0.0026519702447079;0.0014836656276997;0.0;0.0;2022-12-09T22:00:00Z
0.0363089087515822;0.0031688412693286;0.0017691398201233;0.0;0.0;2022-12-09T23:00:00Z
0.0408243252900325;0.0036928985683495;0.002053175425348;0.0;33.48373333333333;2022-12-10T00:00:00Z
0.0453617190844581;0.0044020704926545;0.002324110310945;0.0;38.38348333333333;2022-12-10T01:00:00Z
0.0495953887257049;0.0049564128184021;0.0025572861797359;0.0;40.95006666666666;2022-12-10T02:00:00Z
0.0532075088906928;0.0055838627598383;0.0028356341918663;0.0;37.91688333333333;2022-12-10T03:00:00Z
0.0559969216167596;0.0059778351937423;0.0029950039818393;0.0;33.95015;2022-12-10T04:00:00Z
0.0577376317716593;0.0062217450117922;0.0030695912488851;0.0;34.7667;2022-12-10T05:00:00Z
0.058326930672207;0.0061974904610125;0.0031390533905547;0.0;25.083816666666667;2022-12-10T06:00:00Z
0.0577612420820404;0.006083363645563;0.0031006377229889;5.119;18.667816666666663;2022-12-10T07:00:00Z
0.0559876762272426;0.0058663693044831;0.0030091440401519;20.119;70.0;2022-12-10T08:00:00Z
0.0532004974892167;0.0055476297754733;0.0028095632678273;0.1199999999999999;70.0;2022-12-10T09:00:00Z
0.0495817951923109;0.0049217010957706;0.0025676179359643;0.0;70.0;2022-12-10T10:00:00Z
0.0453754963912507;0.0045078165789409;0.0023339641141976;0.0;70.00005;2022-12-10T11:00:00Z
0.0408413488513221;0.0037490707901613;0.0020365512231698;0.0;195.0017;2022-12-10T12:00:00Z
0.036301052738466;0.0031704205276768;0.0017320072320743;0.0;875.0006666666666;2022-12-10T13:00:00Z
0.0320781106937551;0.0025939292302845;0.0014918264090037;0.0;63.00111666666666;2022-12-10T14:00:00Z
0.0284519424682965;0.0019433228888553;0.001203850678229;0.0;54.001266666666666;2022-12-10T15:00:00Z
0.0256684654555432;0.0014920109793636;0.0011131127834855;0.0;175.66773333333333;2022-12-10T16:00:00Z
0.0239254378618706;0.0014851358854565;0.0009639583790171;0.0;44.16803333333333;2022-12-10T17:00:00Z
0.0233464073687692;0.0013028870441411;0.0009316155295369;0.0;78.13355;2022-12-10T18:00:00Z
0.023933880540574;0.0014046694139661;0.0009867067620545;0.0;91.00008333333331;2022-12-10T19:00:00Z
0.0256974458563834;0.0015280307613841;0.0011260440428995;0.0;60.86711666666666;2022-12-10T20:00:00Z
0.0284630215910001;0.0020739581586593;0.0012779058587131;0.0;49.26746666666666;2022-12-10T21:00:00Z
0.0320933075712229;0.0024776030462231;0.0015067606741494;0.0;85.53423333333333;2022-12-10T22:00:00Z
0.0363116211107685;0.0030402797524211;0.0017429916210876;0.0;35.685133333333326;2022-12-10T23:00:00Z
0.0408269533772556;0.0038260104562414;0.0020427822402972;0.0;34.06721666666667;2022-12-11T00:00:00Z
0.0453599952328365;0.004367029277906;0.0023357448116317;0.0;35.0;2022-12-11T01:00:00Z
0.0496011738997937;0.0048594871299505;0.0025704528780464;0.0;33.71693333333333;2022-12-11T02:00:00Z
0.0531919934677737;0.0055599784550056;0.0028157202912836;0.0;29.63358333333333;2022-12-11T03:00:00Z
0.055996806411126;0.005871906026767;0.0029443469154455;0.0;25.20045;2022-12-11T04:00:00Z
0.0577293034436216;0.0062287314155998;0.0030742635137303;0.0;34.8837;2022-12-11T05:00:00Z
0.0583293469125303;0.0063016701142228;0.0031200444193029;0.0;29.70065;2022-12-11T06:00:00Z
0.0577489728220296;0.0062455361806613;0.0030599182990745;5.119;39.600333333333325;2022-12-11T07:00:00Z
0.0560033353929202;0.0059367525033625;0.0029626764552889;20.119;69.0001;2022-12-11T08:00:00Z
0.0531949410706878;0.0054320468992587;0.0028190697796493;0.1199999999999999;51.50035;2022-12-11T09:00:00Z
0.049579273267054;0.0048608943020439;0.0025935175885494;0.0;28.0007;2022-12-11T10:00:00Z
0.0453511062725073;0.0044877636616928;0.0023285844306475;0.0;43.16783333333334;2022-12-11T11:00:00Z
0.0408494867948405;0.0039461042612939;0.0020275279143304;0.0;67.0013;2022-12-11T12:00:00Z
0.0363036099479351;0.0031021109789605;0.0017542959866881;0.0;632.50085;2022-12-11T13:00:00Z
0.0320877727507436;0.0025615154179257;0.0014642612252553;0.0;210.66793333333328;2022-12-11T14:00:00Z
0.0284778135900877;0.0020136031925123;0.0012702877476398;0.0;61.00115;2022-12-11T15:00:00Z
0.0256719264847431;0.0015396178355618;0.0010704574156452;0.0;70.001;2022-12-11T16:00:00Z
0.0239311223630125;0.0012054451001319;0.0009894733215232;0.0;335.55111666666664;2022-12-11T17:00:00Z
0.0233416502097961;0.0013945941603918;0.0009250483023452;0.0;80.78473333333332;2022-12-11T18:00:00Z
0.0239223008014752;0.0012190592823683;0.0009653987917238;0.0;77.71723333333334;2022-12-11T19:00:00Z
0.0256966148907142;0.0014724389927567;0.0010829047695115;0.0;75.48365000000001;2022-12-11T20:00:00Z
0.0284622541182391;0.0020232496611207;0.0012761249901642;0.0;65.55075;2022-12-11T21:00:00Z
0.0320947323779161;0.0023715409050344;0.0014905732134539;0.0;129.76825000000002;2022-12-11T22:00:00Z
0.0363038958961982;0.0031650400922574;0.001744910861813;0.0;20.88445;2022-12-11T23:00:00Z
0.0408251364000144;0.0037200784905693;0.0020104612690561;0.0;22.634283333333332;2022-12-12T00:00:00Z
0.0453625401793493;0.0042726295208392;0.0023152457642165;0.0;43.40018333333333;2022-12-12T01:00:00Z
0.0495861259836087;0.0048934811072576;0.0025819170759064;0.0;45.61688333333333;2022-12-12T02:00:00Z
0.0532098451147678;0.0054857562721493;0.0028222520565013;0.0;28.58398333333333;2022-12-12T03:00:00Z
0.0559919484571725;0.005909851433218;0.0030000804501609;0.0;26.833566666666663;2022-12-12T04:00:00Z
0.0577347094930082;0.0061878428007273;0.003054057411264;0.0;25.55035;2022-12-12T05:00:00Z
0.0583388354061877;0.0064606745084685;0.0031237799114656;0.0;28.733833333333333;2022-12-12T06:00:00Z
0.057739693642857;0.0060466929945403;0.0031278640123659;5.119;16.267233333333326;2022-12-12T07:00:00Z
0.0559972685277577;0.0057607346415219;0.003005462148857;20.119;29.667233333333332;2022-12-12T08:00:00Z
0.0532174367937773;0.005529286738463;0.0027933519882371;0.1199999999999999;67.83355;2022-12-12T09:00:00Z
0.049593918644244;0.0050369652197926;0.0025736134931453;0.0;63.000616666666666;2022-12-12T10:00:00Z
0.0453630866136614;0.0041771811712833;0.0022958786311601;0.0;36.00106666666667;2022-12-12T11:00:00Z
0.0408428864151019;0.0038047518054529;0.002041649995362;0.0;113.16795;2022-12-12T12:00:00Z
0.0362890431814699;0.0031106770489207;0.0017580047282109;0.0;68.50115;2022-12-12T13:00:00Z
0.0320839577577745;0.0025375193973567;0.001472524755928;0.0;69.50105;2022-12-12T14:00:00Z
0.0284584190813769;0.0019415928841322;0.0012906637266278;0.0;386.33405;2022-12-12T15:00:00Z
0.0256798630865264;0.0015800045194789;0.0010691316671289;0.0;203.3342;2022-12-12T16:00:00Z
0.0239393926893962;0.0012386812232701;0.0009785929297769;0.0;323.03418333333326;2022-12-12T17:00:00Z
0.0233320261732619;0.0012709561522117;0.0009329799632288;0.0;92.75025;2022-12-12T18:00:00Z
0.0239208702335377;0.0011648292876056;0.0009392754264455;0.0;86.5171;2022-12-12T19:00:00Z
0.0256699078004254;0.0017236956105893;0.0010715303183342;0.0;85.83385;2022-12-12T20:00:00Z
0.0284598297594315;0.0018252592318361;0.001259432156453;0.0;89.83358333333332;2022-12-12T21:00:00Z
0.0320658028412788;0.002530258236114;0.0014629854623801;0.0;69.18496666666667;2022-12-12T22:00:00Z
0.0362948976272756;0.0030700860915379;0.0017599588445925;0.0;9.103283333333332;2022-12-12T23:00:00Z
0.040830168138472;0.003517377258996;0.0020166956295071;0.0;22.866866666666663;2022-12-13T00:00:00Z
0.0453824613865702;0.004590320864329;0.002328053849724;0.0;29.75018333333333;2022-12-13T01:00:00Z
0.0495747050703365;0.0051139545876793;0.0025538316988482;0.0;31.73348333333333;2022-12-13T02:00:00Z
0.0532150436358293;0.0055432777599576;0.0028141697041275;0.0;35.35;2022-12-13T03:00:00Z
0.0560046408037151;0.0059722647104233;0.0029641812468574;0.0;36.63348333333333;2022-12-13T04:00:00Z
0.0577354541526149;0.0061358518555111;0.0031240042946864;0.0;36.40015;2022-12-13T05:00:00Z
0.0583031833311506;0.0062665707577712;0.003114719241906;0.0;27.30025;2022-12-13T06:00:00Z
0.0577375392907182;0.0064190433039336;0.003058079855104;25.118;10.75135;2022-12-13T07:00:00Z
0.0559741120994525;0.0058747163621521;0.002982597659649;0.1199999999999999;53.50098333333333;2022-12-13T08:00:00Z
0.0532054318313574;0.0055813657039534;0.0028121834731118;0.1199999999999999;58.0002;2022-12-13T09:00:00Z
0.0495814449094168;0.0050911766603137;0.0025919469566757;0.0;70.0;2022-12-13T10:00:00Z
0.045367061081264;0.004454719262837;0.002319070976914;0.0;68.83345;2022-12-13T11:00:00Z
0.0408268458814115;0.0035768997540437;0.002026155897842;0.0;56.00203333333333;2022-12-13T12:00:00Z
0.0362848174983995;0.0031600871175956;0.0017627902564699;0.0;482.3350833333333;2022-12-13T13:00:00Z
0.0320854534015024;0.0025306763324154;0.0014715437698735;0.0;530.3347333333334;2022-12-13T14:00:00Z
0.028441463822445;0.0019172797024912;0.0012533115555184;0.0;70.001;2022-12-13T15:00:00Z
0.0256909765549938;0.0016559314421691;0.0010944606702108;0.0;53.001283333333326;2022-12-13T16:00:00Z
0.0239354776690882;0.0013426549078827;0.0009866931712745;0.0;51.401333333333326;2022-12-13T17:00:00Z
0.0233541423438549;0.0015695757531826;0.0009243799180631;0.0;88.43398333333334;2022-12-13T18:00:00Z
0.0239279735040477;0.0011798645114577;0.0009754883719446;0.0;75.81715;2022-12-13T19:00:00Z
0.0256783697285747;0.0016955630384086;0.0010494796788013;0.0;61.01761666666666;2022-12-13T20:00:00Z
0.0284642708748276;0.0021092566010741;0.0012716063637137;0.0;83.98405000000001;2022-12-13T21:00:00Z
0.0320784513013341;0.0025925646563394;0.0014826477417679;0.0;52.13456666666666;2022-12-13T22:00:00Z
0.036313173918675;0.0031404002675178;0.0017912419749739;0.0;78.23471666666667;2022-12-13T23:00:00Z
0.0408300931453797;0.0038318529039584;0.0020413092945427;0.0;23.10013333333333;2022-12-14T00:00:00Z
0.0453646791212811;0.0044838458707415;0.0022905991174939;0.0;34.533516666666664;2022-12-14T01:00:00Z
0.0495847469984884;0.0050565063495889;0.0025974121770983;0.0;35.0;2022-12-14T02:00:00Z
0.0532023642290589;0.0055494272321418;0.0027836439368413;0.0;34.65005;2022-12-14T03:00:00Z
0.0559998061875339;0.0059788484629699;0.0029895704428107;0.0;33.95;2022-12-14T04:00:00Z
0.0577278011849577;0.0063534722917864;0.0030962598568424;0.0;33.1335;2022-12-14T05:00:00Z
0.0583236874119939;0.0063396722558505;0.0031274551887052;0.0;31.26688333333333;2022-12-14T06:00:00Z
0.0577422628990812;0.0061613282944287;0.0030679968428164;0.1199999999999999;4.7834;2022-12-14T07:00:00Z
0.0559979120617417;0.0059830964568033;0.0030116981940179;20.119;6.5010666666666665;2022-12-14T08:00:00Z
0.0532122547691008;0.0055385092697209;0.0028040708035085;5.118999999999999;51.00048333333333;2022-12-14T09:00:00Z
0.0495804191811379;0.005005587886716;0.0025913756662205;0.0;28.000783333333327;2022-12-14T10:00:00Z
0.0453555587279683;0.004362665533939;0.0022820348215646;0.0;68.66671666666667;2022-12-14T11:00:00Z
0.0408334946715888;0.0036203648681159;0.0020140912342725;0.0;61.33436666666666;2022-12-14T12:00:00Z
0.0363222923653219;0.0030520692847154;0.0017498963638204;0.0;67.6679;2022-12-14T13:00:00Z
0.03208243149565;0.0026887218483777;0.0014895238907585;0.0;69.6677;2022-12-14T14:00:00Z
0.0284603469573087;0.0020218924790004;0.0012710949760294;0.0;136.3343;2022-12-14T15:00:00Z
0.0256776380100351;0.0014886496052903;0.0010553970226683;0.0;367.66766666666666;2022-12-14T16:00:00Z
0.0239254660801616;0.0012568664189074;0.0009493780954989;0.0;56.13464999999999;2022-12-14T17:00:00Z
0.0233304987977633;0.001263877097313;0.0009168497677268;0.0;84.46694999999998;2022-12-14T18:00:00Z
0.0239469958011007;0.0013480763847834;0.0009575485391048;0.0;62.13395;2022-12-14T19:00:00Z
0.0256720926276576;0.0016516013236985;0.0010543670641207;0.0;80.70033333333333;2022-12-14T20:00:00Z
0.0284817921630029;0.0021507667901677;0.0012649723866499;0.0;59.0008;2022-12-14T21:00:00Z
0.0320692461960872;0.0024666318351473;0.0014689557699594;0.0;123.21778333333332;2022-12-14T22:00:00Z
0.036308076546492;0.0029725839077141;0.0017862916397183;0.0;761.7175166666667;2022-12-14T23:00:00Z
0.0408282001015231;0.0037091973757675;0.0020603359204696;0.0;16.10025;2022-12-15T00:00:00Z
0.0453498273760354;0.0043926012030589;0.002308594365244;0.0;27.3001;2022-12-15T01:00:00Z
0.0495888675787253;0.0051540955793422;0.0025656488084815;0.0;27.7667;2022-12-15T02:00:00Z
0.0532145739836924;0.0055036602331663;0.0027659604636941;0.0;32.4334;2022-12-15T03:00:00Z
0.0559792584055367;0.006075155246008;0.0029976658081322;0.0;35.0;2022-12-15T04:00:00Z
0.0577377264273439;0.0060622698696576;0.0031023174317637;0.0;34.883849999999995;2022-12-15T05:00:00Z
0.0583209027766212;0.0060404650922655;0.0031406102731814;0.0;30.217266666666667;2022-12-15T06:00:00Z
0.0577250446730927;0.0060811267634045;0.0030946526187939;20.119;8.350866666666665;2022-12-15T07:00:00Z
0.0559774557376016;0.0058256991041451;0.0029533928764025;5.119;24.001600000000003;2022-12-15T08:00:00Z
0.0532123148729836;0.005573969877801;0.00282623520462;0.1199999999999999;1.1685499999999995;2022-12-15T09:00:00Z
0.0495896700841786;0.0050090028822044;0.0025838978556781;0.0;34.167333333333325;2022-12-15T10:00:00Z
0.0453638206495369;0.0043847684008261;0.0023231572134091;0.0;41.83456666666665;2022-12-15T11:00:00Z
0.0408346607373977;0.003806620647685;0.0020127480408444;0.0;88.33431666666665;2022-12-15T12:00:00Z
0.0362937090245993;0.0029305960120387;0.0017155408592159;0.0;520.00055;2022-12-15T13:00:00Z
0.0320803009183594;0.0025233126842773;0.0015207318316494;0.0;236.0009;2022-12-15T14:00:00Z
0.0284556154917152;0.0020081235605551;0.0012231720746208;0.0;235.6676;2022-12-15T15:00:00Z
0.0256675407787534;0.0014583934340056;0.0011124358948783;0.0;70.001;2022-12-15T16:00:00Z
0.0239341898346759;0.0012788729033453;0.000951841362591;0.0;156.48425;2022-12-15T17:00:00Z
0.0233420199566606;0.001244537388485;0.0009023648990902;0.0;251.60086666666663;2022-12-15T18:00:00Z
0.0239268612108431;0.0013291287931904;0.000951055778401;0.0;86.21705;2022-12-15T19:00:00Z
0.0256682295272009;0.0016239551724139;0.001093266375116;0.0;91.11673333333334;2022-12-15T20:00:00Z
0.0284595900286189;0.0016915385115101;0.0012813601069828;0.0;91.0;2022-12-15T21:00:00Z
0.0320833874543039;0.0024221266242316;0.0014620697032769;0.0;74.66814999999998;2022-12-15T22:00:00Z
0.0363259375915565;0.0032954316054647;0.0017320671322241;0.0;14.0523;2022-12-15T23:00:00Z
0.040830150145386;0.0037012412930776;0.0020193025237363;0.0;0.0;2022-12-16T00:00:00Z
0.0453583910748178;0.0043782057555642;0.0023386723437451;0.0;0.0;2022-12-16T01:00:00Z
0.0495817132729577;0.0050576405276645;0.002595226960251;0.0;0.0;2022-12-16T02:00:00Z
0.0532139293163407;0.0053159932190536;0.0027805022518666;0.0;0.0;2022-12-16T03:00:00Z
0.0559948205348224;0.006014321282411;0.0029862545467654;0.0;0.0;2022-12-16T04:00:00Z
0.0577167893496408;0.0062838202745782;0.0030728466703428;0.0;0.0;2022-12-16T05:00:00Z
0.0583404608827319;0.0062466001342598;0.0031571197113895;0.0;0.0;2022-12-16T06:00:00Z
0.0577409893594427;0.006215320312134;0.0030664597419635;20.119;0.0;2022-12-16T07:00:00Z
0.0559753441400793;0.0059796697485544;0.002971541039368;0.1199999999999999;0.0;2022-12-16T08:00:00Z
0.0531978764258655;0.0056389189988321;0.0028205029955019;5.118999999999999;0.0;2022-12-16T09:00:00Z
0.0495847706409038;0.0050614532571045;0.0025648592421516;0.0;0.0;2022-12-16T10:00:00Z
0.0453561994432622;0.0043404555852142;0.0022809616789665;0.0;0.0;2022-12-16T11:00:00Z
0.0408371910429816;0.0036969292563847;0.0020173716213143;0.0;0.0;2022-12-16T12:00:00Z
0.0363037962494262;0.0031433850686464;0.0017127205613483;0.0;0.0;2022-12-16T13:00:00Z
0.0321032950006669;0.0025061280447532;0.0014693580983761;0.0;0.0;2022-12-16T14:00:00Z
0.028447901416368;0.0020598489682109;0.0012673365301733;0.0;0.0;2022-12-16T15:00:00Z
0.0256673023130434;0.0015870097268078;0.0010792503264605;0.0;0.0;2022-12-16T16:00:00Z
0.0239219006318243;0.0013156419708897;0.0009745645740018;0.0;0.0;2022-12-16T17:00:00Z
0.0233338243989575;0.0012198079587964;0.0009321490695508;0.0;0.0;2022-12-16T18:00:00Z
0.0239377377920061;0.0013711401559368;0.0009411001011786;0.0;0.0;2022-12-16T19:00:00Z
0.0256793207795442;0.0016757280328002;0.0010846557465014;0.0;0.0;2022-12-16T20:00:00Z
0.0284579154525367;0.001973224566981;0.0012450505991517;0.0;0.0;2022-12-16T21:00:00Z
0.0320805229864457;0.0024584494513875;0.0014739044602186;0.0;0.0;2022-12-16T22:00:00Z
0.0363026955834076;0.003112467013187;0.0017399164831012;0.0;0.0;2022-12-16T23:00:00Z
0.0408242804216471;0.0037285170360318;0.002052071052516;0.0;26.4839;2022-12-17T00:00:00Z
0.0453723995781924;0.0044794670690144;0.0023009079026277;0.0;29.050183333333333;2022-12-17T01:00:00Z
0.0495740936307792;0.0050580189237239;0.0025456344928659;0.0;31.966716666666663;2022-12-17T02:00:00Z
0.0532185462519157;0.0055107620956339;0.0027594207035218;0.0;29.75093333333333;2022-12-17T03:00:00Z
0.0559904802341108;0.0059379819496679;0.0029790442093134;0.0;39.9003;2022-12-17T04:00:00Z
0.0577470791978781;0.0060683164213062;0.0030659001428594;0.0;37.33363333333333;2022-12-17T05:00:00Z
0.0583418944461882;0.0060801661788523;0.0031209715684663;0.0;23.56718333333333;2022-12-17T06:00:00Z
0.0577522430683817;0.0062395834996516;0.0030642888440832;0.1199999999999999;7.950733333333335;2022-12-17T07:00:00Z
0.0559776795430137;0.0058202945235659;0.0029511545235586;0.1199999999999999;62.167366666666666;2022-12-17T08:00:00Z
0.0532128707195062;0.0053528380301804;0.002766357392006;25.118;17.000883333333334;2022-12-17T09:00:00Z
0.0495876252930286;0.0048420192571669;0.0025693674309749;0.0;30.000666666666667;2022-12-17T10:00:00Z
0.0453711148470879;0.0043664370493455;0.0023539189310945;0.0;25.00083333333333;2022-12-17T11:00:00Z
0.0408103465133178;0.0037541686765449;0.0020135297281572;0.0;62.00113333333333;2022-12-17T12:00:00Z
0.0363068984353224;0.0032541649766644;0.0017537651268709;0.0;70.001;2022-12-17T13:00:00Z
0.0320897874450154;0.0023224140229546;0.0014815530282556;0.0;54.001266666666666;2022-12-17T14:00:00Z
0.0284690291203379;0.0021645100282524;0.0012766713493315;0.0;65.00108333333334;2022-12-17T15:00:00Z
0.0256760718093876;0.0015199854431943;0.0010584439612836;0.0;53.001283333333326;2022-12-17T16:00:00Z
0.0239259610099876;0.0014506404196256;0.0009917879210738;0.0;403.31751666666656;2022-12-17T17:00:00Z
0.0233467137118199;0.0013188320668003;0.0009705169540045;0.0;76.78425;2022-12-17T18:00:00Z
0.0239313295239891;0.0012497724423405;0.0010011808954158;0.0;80.1178;2022-12-17T19:00:00Z
0.0256607032067517;0.0013772193568666;0.0010676222302097;0.0;84.05034999999998;2022-12-17T20:00:00Z
0.0284490611434059;0.0018304835343968;0.0012507310531956;0.0;76.86759999999998;2022-12-17T21:00:00Z
0.0320927487039635;0.002582793946794;0.0014600860623665;0.0;285.5181666666666;2022-12-17T22:00:00Z
0.0363035147289311;0.0030867807576265;0.001729834971509;0.0;556.2684333333333;2022-12-17T23:00:00Z
0.0408433152666981;0.0037366945204255;0.0020007556976342;0.0;27.533516666666667;2022-12-18T00:00:00Z
0.0453823275284395;0.0044577352477735;0.0022878872227529;0.0;28.46668333333333;2022-12-18T01:00:00Z
0.0495732632568229;0.0050007024800168;0.0025727815380748;0.0;31.50013333333333;2022-12-18T02:00:00Z
0.0532033597665554;0.0055692864966481;0.0028128146012662;0.0;34.766866666666665;2022-12-18T03:00:00Z
0.0559899766080931;0.0059245645632196;0.0030045739096308;0.0;33.48351666666667;2022-12-18T04:00:00Z
0.0577530490076813;0.0061005273214089;0.003097726481337;0.0;30.80013333333333;2022-12-18T05:00:00Z
0.0583293194112904;0.0063460677396904;0.0031181937440292;0.0;26.950216666666662;2022-12-18T06:00:00Z
0.057723498108113;0.0061780547038357;0.0031040748954006;0.1199999999999999;13.766766666666664;2022-12-18T07:00:00Z
0.0559915783112571;0.0058293329824124;0.0029611923062564;25.118;42.66726666666667;2022-12-18T08:00:00Z
0.0532159631244257;0.0053615731440889;0.0027938603029778;0.1199999999999999;62.00013333333333;2022-12-18T09:00:00Z
0.0495746354617467;0.0051083266107457;0.0025807517464441;0.0;57.00021666666667;2022-12-18T10:00:00Z
0.0453696993585126;0.0043778402742258;0.0023378519101606;0.0;98.33378333333334;2022-12-18T11:00:00Z
0.0408403602813212;0.0036381405682038;0.0019887384654793;0.0;586.66755;2022-12-18T12:00:00Z
0.0363192939165628;0.0033084208574156;0.0017675151161819;0.0;158.66803333333334;2022-12-18T13:00:00Z
0.0320722875839909;0.002477904384803;0.0015113564098028;0.0;322.6676333333333;2022-12-18T14:00:00Z
0.0284602641979129;0.0020319358891355;0.0012579733462951;0.0;54.001266666666666;2022-12-18T15:00:00Z
0.025656569993219;0.0015983235442106;0.0010849765644387;0.0;57.00121666666666;2022-12-18T16:00:00Z
0.0239094073724339;0.0013623840304871;0.0009611285290168;0.0;66.11801666666668;2022-12-18T17:00:00Z
0.0233179674765741;0.0012969517273871;0.0009403867293013;0.0;77.18418333333332;2022-12-18T18:00:00Z
0.0239295287382908;0.0013215518752827;0.0009675517316382;0.0;62.2679;2022-12-18T19:00:00Z
0.0256794906759135;0.0014321465015598;0.0010826676198998;0.0;69.73403333333334;2022-12-18T20:00:00Z
0.0284619333612491;0.0021135594297301;0.001238528103209;0.0;74.28414999999998;2022-12-18T21:00:00Z
0.0320748795117179;0.0024569565338061;0.0014898353998893;0.0;71.95186666666666;2022-12-18T22:00:00Z
0.0363153333109083;0.0030490590163319;0.0017352602661704;0.0;15.351583333333334;2022-12-18T23:00:00Z
0.0408334001886148;0.0037879887588699;0.0020324321159531;0.0;12.716999999999999;2022-12-19T00:00:00Z
0.0453658495193113;0.0044107281228466;0.0022876932054118;0.0;29.050366666666665;2022-12-19T01:00:00Z
0.0495775876289903;0.0049694777042504;0.002583151540617;0.0;42.233583333333335;2022-12-19T02:00:00Z
0.053204864594029;0.005425534094796;0.0028331418401388;0.0;42.00001666666667;2022-12-19T03:00:00Z
0.0559962048264544;0.0058920395018798;0.0029493114695272;0.0;47.25;2022-12-19T04:00:00Z
0.0577481614281482;0.0060525286370696;0.0030668512078831;0.0;36.40016666666666;2022-12-19T05:00:00Z
0.0583459507910174;0.0062754306594474;0.003127376904017;0.0;27.533816666666663;2022-12-19T06:00:00Z
0.0577377722721283;0.0062189912978625;0.0030572506136118;20.119;7.46805;2022-12-19T07:00:00Z
0.0559918931543707;0.0058779451892896;0.0029505475959239;0.1199999999999999;23.00078333333333;2022-12-19T08:00:00Z
0.0532219358320665;0.00552345214529;0.0028311226091497;5.119;67.00005;2022-12-19T09:00:00Z
0.0495897882950083;0.0050954642044711;0.0025978258602689;0.0;32.00063333333333;2022-12-19T10:00:00Z
0.0453611828375721;0.0044660653231968;0.002341527712782;0.0;62.00013333333333;2022-12-19T11:00:00Z
0.0408290915404938;0.0037294350749271;0.0020562523362362;0.0;70.00091666666667;2022-12-19T12:00:00Z
0.0363030547183894;0.0030670302340576;0.0017308620537812;0.0;50.00133333333333;2022-12-19T13:00:00Z
0.0320881784967702;0.0024794744022753;0.0014953969843761;0.0;58.0012;2022-12-19T14:00:00Z
0.0284471053819769;0.0020672092678121;0.0012552873499708;0.0;70.001;2022-12-19T15:00:00Z
0.0256700247573678;0.0013664443229848;0.0011101754412697;0.0;553.33385;2022-12-19T16:00:00Z
0.0239136962302811;0.0012922481651393;0.0009491714111177;0.0;91.80056666666665;2022-12-19T17:00:00Z
0.0233369912780989;0.0011863738310185;0.0009489977500769;0.0;79.98363333333333;2022-12-19T18:00:00Z
0.0239476885626013;0.0013123995404426;0.0009934305707143;0.0;78.40123333333332;2022-12-19T19:00:00Z
0.0256868926299091;0.0016680243442714;0.0010842163204996;0.0;79.20053333333334;2022-12-19T20:00:00Z
0.0284525071027517;0.001940669596333;0.0012577650063923;0.0;168.8516833333333;2022-12-19T21:00:00Z
0.0320771773378414;0.0025597215488021;0.0014888313473167;0.0;162.93505;2022-12-19T22:00:00Z
0.0363034764163234;0.0033304648214322;0.0017650873424412;0.0;96.53513333333335;2022-12-19T23:00:00Z
0.0408443138868247;0.0036998377738303;0.002035807552224;0.0;17.150616666666668;2022-12-20T00:00:00Z
0.0453729291339025;0.0044457089932371;0.0023188032415538;0.0;30.217033333333333;2022-12-20T01:00:00Z
0.0495786697086065;0.0049346235859229;0.0025741571402779;0.0;32.6669;2022-12-20T02:00:00Z
0.0531933365604205;0.0053859562835971;0.0027889421408887;0.0;35.23355;2022-12-20T03:00:00Z
0.0559894814704787;0.0060573767736275;0.0029645054134872;0.0;34.65003333333333;2022-12-20T04:00:00Z
0.0577407149730803;0.0061364370472129;0.0030727353248322;0.0;34.41675;2022-12-20T05:00:00Z
0.0583327009767604;0.0062544704026448;0.0031137872545556;0.0;31.616983333333334;2022-12-20T06:00:00Z
0.0577381120214692;0.0060512890717943;0.0030769744873395;0.1199999999999999;12.067766666666667;2022-12-20T07:00:00Z
0.0559705996102622;0.0059316961098228;0.0029880517227437;25.118;12.667733333333333;2022-12-20T08:00:00Z
0.0532141148234654;0.0053962709007253;0.0028094270237655;0.1199999999999999;13.334583333333333;2022-12-20T09:00:00Z
0.0495829192839098;0.0049235257383001;0.0025697113025283;0.0;47.16720000000001;2022-12-20T10:00:00Z
0.0453657014053153;0.0044478665258075;0.0023381727115219;0.0;39.00051666666666;2022-12-20T11:00:00Z
0.0408126073491652;0.0036815204947671;0.0020027915502262;0.0;69.83433333333333;2022-12-20T12:00:00Z
0.0363003404174762;0.0030506795734948;0.0017406836474439;0.0;220.50175;2022-12-20T13:00:00Z
0.0320939750283609;0.0025201915853625;0.0014982382910818;0.0;3.6693;2022-12-20T14:00:00Z
0.0284595844851176;0.0021980966515653;0.0012377220177151;0.0;37.50175;2022-12-20T15:00:00Z
0.0256882198399516;0.0015829714279129;0.0010682835982882;0.0;66.3347;2022-12-20T16:00:00Z
0.0239379726805489;0.001444403808852;0.0010022611645745;0.0;74.73478333333334;2022-12-20T17:00:00Z
0.0233378266451502;0.0012077816080483;0.0009570749587295;0.0;87.73411666666665;2022-12-20T18:00:00Z
0.0239356376148308;0.0012513124458521;0.0010303507215027;0.0;83.65016666666665;2022-12-20T19:00:00Z
0.0256836712517354;0.0015528114754078;0.0010617442868268;0.0;86.45031666666665;2022-12-20T20:00:00Z
0.0284375045592635;0.0019438138396699;0.0012328014062376;0.0;81.83396666666665;2022-12-20T21:00:00Z
0.0320809100755275;0.0025754694915138;0.0014695322451606;0.0;611.3339166666667;2022-12-20T22:00:00Z
0.0363090054140435;0.0029295994898114;0.0017613282974517;0.0;422.9675;2022-12-20T23:00:00Z
0.0408306957094781;0.0037681492042144;0.0020140760033966;0.0;31.85025;2022-12-21T00:00:00Z
0.0453564398745956;0.0045498803991;0.0023223220913853;0.0;37.80016666666666;2022-12-21T01:00:00Z
0.0495879250872256;0.0048881781037065;0.0026000428821401;0.0;44.8001;2022-12-21T02:00:00Z
0.0532179261918557;0.005670492884714;0.0027857602343386;0.0;31.38338333333333;2022-12-21T03:00:00Z
0.0559875426726659;0.0059975630227858;0.0030039154431854;0.0;30.450216666666662;2022-12-21T04:00:00Z
0.0577409544212126;0.0062284391749737;0.0030964379897989;0.0;40.60021666666666;2022-12-21T05:00:00Z
0.0583348270478117;0.0061657265710805;0.003158787304809;0.0;34.06695;2022-12-21T06:00:00Z
0.0577198849482675;0.0060905711242426;0.0031292639784392;20.119;16.50025;2022-12-21T07:00:00Z
0.0559787415105359;0.005874636677122;0.0029782713908085;0.1199999999999999;33.000616666666666;2022-12-21T08:00:00Z
0.0531972311599668;0.0055479403173029;0.0027848013106957;5.119;51.000316666666656;2022-12-21T09:00:00Z
0.0495730899042311;0.0049695459682288;0.0025265903991282;0.0;37.00055;2022-12-21T10:00:00Z
0.0453544933489905;0.0044223295352926;0.0023098224722466;0.0;70.0;2022-12-21T11:00:00Z
0.0408211930979768;0.0037119638723192;0.0020321725514216;0.0;70.00085;2022-12-21T12:00:00Z
0.0362990661642209;0.0029322573299078;0.0017770355475562;0.0;63.83485;2022-12-21T13:00:00Z
0.0320867232886871;0.0024191788375055;0.0014656532906164;0.0;142.33526666666663;2022-12-21T14:00:00Z
0.0284820216904051;0.0019528011140922;0.0012777246335343;0.0;704.8345999999999;2022-12-21T15:00:00Z
0.0256604734866497;0.00160829565297;0.0010829814809553;0.0;141.83448333333337;2022-12-21T16:00:00Z
0.0239143086788711;0.0013553572904582;0.0010081394787508;0.0;60.00151666666667;2022-12-21T17:00:00Z
0.0233345905277194;0.0011580558252402;0.0009654392327237;0.0;81.9835;2022-12-21T18:00:00Z
0.0239248705709737;0.0012502435294159;0.0010032995001137;0.0;87.36695;2022-12-21T19:00:00Z
0.0256723173470432;0.0015847429677588;0.0010321717394586;0.0;82.0509;2022-12-21T20:00:00Z
0.028470281919016;0.0019625511046941;0.0012388173443576;0.0;67.00088333333333;2022-12-21T21:00:00Z
0.0320712286554098;0.002300764825644;0.0014312357892206;0.0;44.0686;2022-12-21T22:00:00Z
0.0363110805266977;0.0031859396056893;0.0017882850697853;0.0;40.23451666666666;2022-12-21T23:00:00Z
0.0408229744715285;0.0036618168131292;0.0020147767329555;0.0;21.934466666666665;2022-12-22T00:00:00Z
0.0453605634740595;0.004314595040801;0.0023159673903942;0.0;27.53368333333333;2022-12-22T01:00:00Z
0.0495693763476986;0.0049438036882324;0.0025755974812337;0.0;27.88335;2022-12-22T02:00:00Z
0.0532266550349274;0.0054762791703357;0.0028059040895632;0.0;29.28363333333333;2022-12-22T03:00:00Z
0.0559885053089521;0.0060466965354828;0.0030012713287602;0.0;33.1336;2022-12-22T04:00:00Z
0.0577431296588509;0.0058730214934462;0.0030901347985698;0.0;35.46685;2022-12-22T05:00:00Z
0.0583315113986146;0.0061408018981518;0.0031476165324382;0.0;29.05056666666667;2022-12-22T06:00:00Z
0.0577297439875034;0.0061289942528384;0.0030824660671301;0.1199999999999999;7.2842166666666675;2022-12-22T07:00:00Z
0.0559791484666301;0.0060207629691209;0.0029959698319845;25.117999999999995;63.5004;2022-12-22T08:00:00Z
0.0531996770431553;0.0054999788938467;0.0028195573942049;0.1199999999999999;40.66751666666666;2022-12-22T09:00:00Z
0.0495804698389238;0.0050308016105533;0.0025541439082011;0.0;67.00005;2022-12-22T10:00:00Z
0.0453516981734994;0.0045056993668355;0.0022822210127043;0.0;131.00074999999998;2022-12-22T11:00:00Z
0.0408398750190346;0.0035714803060071;0.0020091086593108;0.0;283.1682833333333;2022-12-22T12:00:00Z
0.0363167160805087;0.0031411827220889;0.0017522557178168;0.0;66.668;2022-12-22T13:00:00Z
0.0320754365979816;0.002397053064017;0.0015038311601779;0.0;70.001;2022-12-22T14:00:00Z
0.0284615075021263;0.0018538847677061;0.0012446485850589;0.0;70.001;2022-12-22T15:00:00Z
0.0256867274753775;0.0016971540565206;0.0010938422464203;0.0;28.335416666666667;2022-12-22T16:00:00Z
0.02391156327554;0.0012355621591721;0.00095361882107;0.0;14.985316666666664;2022-12-22T17:00:00Z
0.023317388002287;0.0012281210542595;0.0009127473405054;0.0;31.701416666666663;2022-12-22T18:00:00Z
0.0239343886363326;0.0011602354623376;0.0009165541075867;0.0;82.6003;2022-12-22T19:00:00Z
0.0256809248169934;0.0017007236543907;0.0011038275713471;0.0;67.134;2022-12-22T20:00:00Z
0.0284499126734636;0.0019343377247535;0.0012769565908167;0.0;87.55078333333331;2022-12-22T21:00:00Z
0.0320795544723906;0.0024872568551575;0.0014809368097993;0.0;574.68445;2022-12-22T22:00:00Z
0.0363037418058223;0.0031010091368766;0.0017597328992813;0.0;209.2845;2022-12-22T23:00:00Z
0.0408334721964624;0.003882270186528;0.0020193795084989;0.0;0.0;2022-12-23T00:00:00Z
0.0453455391896509;0.0044172741280684;0.0023291868442198;0.0;0.0;2022-12-23T01:00:00Z
0.0495659063632572;0.0048540569653592;0.002584981867999;0.0;0.0;2022-12-23T02:00:00Z
0.0532339502362305;0.0055785735567672;0.0027585718563645;0.0;0.0;2022-12-23T03:00:00Z
0.0559807001205204;0.0060814521560474;0.0029412774828834;0.0;0.0;2022-12-23T04:00:00Z
0.0577468904898139;0.006068519858333;0.0030687995702567;0.0;0.0;2022-12-23T05:00:00Z
0.0583320745690075;0.0061601645676186;0.0031225265740033;0.0;0.0;2022-12-23T06:00:00Z
0.0577339194048893;0.0062323796409627;0.0031169759420868;0.1199999999999999;0.0;2022-12-23T07:00:00Z
0.0559958561834781;0.0059636689716642;0.0029702839687102;0.1199999999999999;0.0;2022-12-23T08:00:00Z
0.0532204093971953;0.0054088948525807;0.0028356540642058;25.118;0.0;2022-12-23T09:00:00Z
0.0495675744104085;0.0048693849266835;0.0025463278853686;0.0;0.0;2022-12-23T10:00:00Z
0.0453577003821118;0.004417104790442;0.0023287034680093;0.0;0.0;2022-12-23T11:00:00Z
0.0408381768135932;0.0037477345143261;0.0020156916135252;0.0;0.0;2022-12-23T12:00:00Z
0.0363309790194495;0.0032419440531823;0.0017461201914095;0.0;0.0;2022-12-23T13:00:00Z
0.0320902884022558;0.0024344040768597;0.0014801208988357;0.0;0.0;2022-12-23T14:00:00Z
0.028468008503137;0.0020521737379228;0.0012664107323071;0.0;0.0;2022-12-23T15:00:00Z
0.0256773289691723;0.001559018703603;0.001065812018756;0.0;0.0;2022-12-23T16:00:00Z
0.0239297207246979;0.0012931362272894;0.0010055681421498;0.0;0.0;2022-12-23T17:00:00Z
0.0233298316936998;0.0012717111332922;0.0009801813725725;0.0;0.0;2022-12-23T18:00:00Z
0.0239422476651306;0.0013303240137563;0.000993020021376;0.0;0.0;2022-12-23T19:00:00Z
0.0256599310689258;0.0015455403693734;0.001061341405352;0.0;0.0;2022-12-23T20:00:00Z
0.0284506853160293;0.0020654902356145;0.0012797854194503;0.0;0.0;2022-12-23T21:00:00Z
0.0320983101074974;0.002526464317771;0.0014846594767329;0.0;0.0;2022-12-23T22:00:00Z
0.0363221531374196;0.0029558058279505;0.0017216617442058;0.0;0.0;2022-12-23T23:00:00Z
0.0408228887900891;0.003652824757814;0.0020285055578768;0.0;30.10038333333333;2022-12-24T00:00:00Z
0.0453536044465653;0.0043490223518974;0.0023209844521283;0.0;30.683466666666668;2022-12-24T01:00:00Z
0.0495804883996919;0.0051200073493571;0.002567630954774;0.0;33.01695;2022-12-24T02:00:00Z
0.0532168669691236;0.0053779553025896;0.0028257985308165;0.0;34.53346666666666;2022-12-24T03:00:00Z
0.0559765117004479;0.005871574526267;0.0029853358575585;0.0;26.7172;2022-12-24T04:00:00Z
0.0577385850471625;0.0062519016175979;0.0030979665899441;0.0;27.416816666666666;2022-12-24T05:00:00Z
0.0583362435659578;0.0061267363731092;0.0031099705738562;0.0;25.933966666666663;2022-12-24T06:00:00Z
0.0577345811298599;0.0063600088368706;0.00309084753549;25.118;55.667583333333326;2022-12-24T07:00:00Z
0.0559886452597329;0.0059831634302594;0.0029512627475945;0.1199999999999999;62.0008;2022-12-24T08:00:00Z
0.0532066430821387;0.0055753054522534;0.0028415172828877;0.1199999999999999;42.00046666666666;2022-12-24T09:00:00Z
0.0495945525163616;0.0050750217769537;0.0025948855810185;0.0;12.000966666666667;2022-12-24T10:00:00Z
0.0453618330479386;0.0043668260079101;0.0023032334818377;0.0;70.0;2022-12-24T11:00:00Z
0.0408482201292578;0.0035870986169374;0.0020326729476063;0.0;255.6678833333333;2022-12-24T12:00:00Z
0.0362886679563875;0.0030993224544632;0.0017176829903731;0.0;556.3345833333333;2022-12-24T13:00:00Z
0.0320795266796238;0.0024500486882318;0.0015200092902741;0.0;65.00108333333334;2022-12-24T14:00:00Z
0.0284353994376615;0.0018760263995205;0.001275123402896;0.0;70.001;2022-12-24T15:00:00Z
0.0256698804583615;0.0015798598358027;0.0011247395707363;0.0;70.001;2022-12-24T16:00:00Z
0.0239345525536206;0.0012450762359411;0.0009769700703556;0.0;44.6679;2022-12-24T17:00:00Z
0.0233224662945065;0.0014247797696134;0.0009470241228187;0.0;40.71756666666667;2022-12-24T18:00:00Z
0.0239499222384418;0.0014228682492403;0.0010167746265161;0.0;65.20058333333333;2022-12-24T19:00:00Z
0.0256867230308368;0.0016333788940127;0.0011051350794073;0.0;54.83413333333333;2022-12-24T20:00:00Z
0.0284509084232655;0.0020875561261022;0.0012649855626779;0.0;58.41725;2022-12-24T21:00:00Z
0.032101788046125;0.0024681904993228;0.0015102282410323;0.0;318.13533333333334;2022-12-24T22:00:00Z
0.0362940428400687;0.0030341847120652;0.0017399525216346;0.0;20.08535;2022-12-24T23:00:00Z
0.0408240319472035;0.0037286519955763;0.0020621982912259;0.0;20.300316666666667;2022-12-25T00:00:00Z
0.0453485305699271;0.0043771007762129;0.0023290491999915;0.0;34.41705;2022-12-25T01:00:00Z
0.0495692949178096;0.0049559639199359;0.0025918435981461;0.0;45.733416666666656;2022-12-25T02:00:00Z
0.0531930417005032;0.0054959731853707;0.0028054501207687;0.0;42.816783333333326;2022-12-25T03:00:00Z
0.0559788540491632;0.0058370814603094;0.0029839637171706;0.0;38.26676666666666;2022-12-25T04:00:00Z
0.0577258734075561;0.0061327080082466;0.0030833607837344;0.0;37.56701666666667;2022-12-25T05:00:00Z
0.058319912642152;0.0060564336910106;0.0031142864035793;0.0;25.6671;2022-12-25T06:00:00Z
0.0577585560688754;0.0060489694961944;0.0030898399403995;5.118999999999999;1.0001833333333334;2022-12-25T07:00:00Z
0.0559779959462928;0.0058994967608917;0.0029722686375199;0.1199999999999999;51.500616666666666;2022-12-25T08:00:00Z
0.0532146750131455;0.0057468489777215;0.0027852902495201;20.119;34.501216666666664;2022-12-25T09:00:00Z
0.0495767807792714;0.0049075022775497;0.002616743508972;0.0;9.16775;2022-12-25T10:00:00Z
0.0453514772914035;0.0045314230300443;0.0023547705237917;0.0;83.00073333333333;2022-12-25T11:00:00Z
0.0408412849231677;0.0037497922656259;0.0020435212331611;0.0;187.33446666666663;2022-12-25T12:00:00Z
0.036310980634031;0.0031917183147059;0.0016924573943482;0.0;52.1682;2022-12-25T13:00:00Z
0.032076621373217;0.0026176011542154;0.0014537075982795;0.0;70.001;2022-12-25T14:00:00Z
0.0284725943552511;0.0019884680809897;0.0012418966362346;0.0;62.6684;2022-12-25T15:00:00Z
0.0256829765875101;0.0015419791373506;0.0010891883053676;0.0;179.5016;2022-12-25T16:00:00Z
0.0239370391119868;0.0014056157835051;0.0009404691507472;0.0;753.3335;2022-12-25T17:00:00Z
0.0233371731345531;0.001198785820668;0.0009625727335158;0.0;37.18418333333334;2022-12-25T18:00:00Z
0.0239366327874064;0.0012454378483967;0.0009837728177629;0.0;72.88353333333333;2022-12-25T19:00:00Z
0.0256901830777923;0.001441397919156;0.0010785516790018;0.0;84.0;2022-12-25T20:00:00Z
0.0284586139670466;0.0017745506222261;0.0012320189972223;0.0;92.2834333333333;2022-12-25T21:00:00Z
0.0320741492965075;0.0024089049152573;0.0014481235772357;0.0;91.13441666666665;2022-12-25T22:00:00Z
0.0363180952334775;0.0030788618444583;0.0017658971571702;0.0;45.33571666666666;2022-12-25T23:00:00Z
0.0408246665807232;0.0036852152975311;0.0020360488102331;0.0;23.216766666666665;2022-12-26T00:00:00Z
0.0453525811553393;0.0044608980159314;0.002284244072408;0.0;31.383483333333327;2022-12-26T01:00:00Z
0.0495978327322507;0.0049356706843214;0.002560049966186;0.0;28.816733333333328;2022-12-26T02:00:00Z
0.0532104997957512;0.0054105330597718;0.002827625005297;0.0;28.35;2022-12-26T03:00:00Z
0.0559846902991257;0.005926272123688;0.0029577976011487;0.0;33.48356666666667;2022-12-26T04:00:00Z
0.0577598514609511;0.0062486004519898;0.0030728120462343;0.0;37.45006666666666;2022-12-26T05:00:00Z
0.0583219231529599;0.006215524157745;0.0030928089906969;0.0;28.5835;2022-12-26T06:00:00Z
0.057742818244392;0.0061831717637621;0.0031023433709861;0.1199999999999999;9.466716666666665;2022-12-26T07:00:00Z
0.0559994668837945;0.0058688137830021;0.0029399176400905;25.118;60.1671;2022-12-26T08:00:00Z
0.0531989624269829;0.0055873468065803;0.002807242550987;0.1199999999999999;54.8336;2022-12-26T09:00:00Z
0.0495945571623189;0.0050918155351946;0.0025803549288475;0.0;70.0;2022-12-26T10:00:00Z
0.0453703045161192;0.0045478405368408;0.0023006159804975;0.0;70.0;2022-12-26T11:00:00Z
0.0408354833873008;0.0036739947682389;0.0020423759852747;0.0;68.00073333333333;2022-12-26T12:00:00Z
0.0363014784390592;0.0030972767971618;0.0017547258384023;0.0;628.3340166666667;2022-12-26T13:00:00Z
0.0320839624485857;0.0025699519074213;0.0014974778688086;0.0;513.0006666666666;2022-12-26T14:00:00Z
0.028460362883032;0.001891712859114;0.0012961639740041;0.0;52.0013;2022-12-26T15:00:00Z
0.0256749750013604;0.0016051092186473;0.001080091060213;0.0;46.8349;2022-12-26T16:00:00Z
0.0239199112174058;0.0011497808035345;0.00097123346055;0.0;63.001283333333326;2022-12-26T17:00:00Z
0.0233376050157429;0.0012412249610221;0.0009492680834255;0.0;68.16695;2022-12-26T18:00:00Z
0.023926536520705;0.0015553268876429;0.0009819568072757;0.0;77.00011666666667;2022-12-26T19:00:00Z
0.0256732575387037;0.001609123517364;0.001095018520838;0.0;72.80091666666665;2022-12-26T20:00:00Z
0.0284523207077952;0.0019783516355388;0.0012570794595757;0.0;86.91725000000001;2022-12-26T21:00:00Z
0.0320733216920946;0.0023971663702961;0.001519435167121;0.0;52.38473333333333;2022-12-26T22:00:00Z
0.0363110728568312;0.0032275275571989;0.001742045236593;0.0;122.85168333333334;2022-12-26T23:00:00Z
0.0408226774020419;0.0038749800187539;0.0020488627514607;0.0;34.300483333333325;2022-12-27T00:00:00Z
0.0453633523772194;0.0043684614708814;0.0023165600892814;0.0;34.533649999999994;2022-12-27T01:00:00Z
0.0495850166207402;0.0050556987208693;0.0025817572579533;0.0;28.58355;2022-12-27T02:00:00Z
0.0532125940589485;0.0056209843472203;0.0028263937604689;0.0;40.25001666666667;2022-12-27T03:00:00Z
0.0559851888903939;0.0059339460296209;0.0029924106419115;0.0;34.06681666666667;2022-12-27T04:00:00Z
0.0577339734757451;0.0062830706865765;0.0030934343347969;0.0;32.78375;2022-12-27T05:00:00Z
0.0583307796460992;0.0063992677473393;0.0031516411828412;0.0;31.6172;2022-12-27T06:00:00Z
0.0577385843185875;0.0062644472785763;0.0031166201828469;5.119;15.668;2022-12-27T07:00:00Z
0.0559903704177109;0.005820399758783;0.0029428415481221;0.1199999999999999;4.3349;2022-12-27T08:00:00Z
0.0532154406583921;0.0056794198503052;0.0027931353787483;20.119;22.667566666666666;2022-12-27T09:00:00Z
0.0496004291836133;0.005112923016734;0.0026033248707117;0.0;47.66731666666666;2022-12-27T10:00:00Z
0.0453685518984309;0.0043539301833793;0.0022935062383122;0.0;53.00039999999999;2022-12-27T11:00:00Z
0.0408370371863158;0.0037340311052142;0.002020451649304;0.0;68.00103333333334;2022-12-27T12:00:00Z
0.0362946617104297;0.0029801415148624;0.0017542388377611;0.0;46.501683333333325;2022-12-27T13:00:00Z
0.0320814780749814;0.0024573468829476;0.0014624799102923;0.0;64.83485;2022-12-27T14:00:00Z
0.0284506411054799;0.0018752507869328;0.0012480950479582;0.0;203.5021333333333;2022-12-27T15:00:00Z
0.0256785263203201;0.0015891857506213;0.0011062891287716;0.0;919.0012166666666;2022-12-27T16:00:00Z
0.0239405286535905;0.0012476307407422;0.0009748865464198;0.0;45.717633333333325;2022-12-27T17:00:00Z
0.023334974618472;0.0011445132531747;0.0009181301042675;0.0;85.80021666666667;2022-12-27T18:00:00Z
0.0239187387109341;0.0014026830412727;0.0010055986158311;0.0;76.45018333333334;2022-12-27T19:00:00Z
0.0256573154927362;0.0018177540226123;0.0011149853522891;0.0;91.0;2022-12-27T20:00:00Z
0.0284720182668901;0.002081608910749;0.0012540814286108;0.0;77.28356666666666;2022-12-27T21:00:00Z
0.0320820657150864;0.0024716492357753;0.0014698797616178;0.0;89.81799999999998;2022-12-27T22:00:00Z
0.0363022985037923;0.0029556299627072;0.0017450734927933;0.0;74.5013333333333;2022-12-27T23:00:00Z
0.0408259268391224;0.0039222652425633;0.0020055080187944;0.0;19.71685;2022-12-28T00:00:00Z
0.0453494010694808;0.0045313041488304;0.0022985856169541;0.0;34.65011666666667;2022-12-28T01:00:00Z
0.0495866949310449;0.004944545211305;0.0025909779559469;0.0;32.5502;2022-12-28T02:00:00Z
0.0532149613968595;0.0052985693911784;0.0027844533936614;0.0;32.900133333333336;2022-12-28T03:00:00Z
0.0559802824911775;0.0060313593620926;0.0030139727099328;0.0;36.16676666666666;2022-12-28T04:00:00Z
0.0577396042513619;0.006099932065952;0.0030766279920951;0.0;34.883383333333335;2022-12-28T05:00:00Z
0.0583408363102764;0.00619406045983;0.0031238539977774;0.0;25.20043333333333;2022-12-28T06:00:00Z
0.057740163107083;0.0061961085845518;0.0030752095243858;20.119;29.617766666666668;2022-12-28T07:00:00Z
0.0559741963781613;0.0061342258397767;0.0029641607340353;0.1199999999999999;60.3343;2022-12-28T08:00:00Z
0.0531990339518554;0.0055383795389376;0.0027592260662389;5.119;67.83355;2022-12-28T09:00:00Z
0.0495758922567909;0.0050447005491115;0.0025807510742763;0.0;69.83335;2022-12-28T10:00:00Z
0.0453635413940002;0.004406212132885;0.0023137663859742;0.0;70.00041666666667;2022-12-28T11:00:00Z
0.0408301742056415;0.0037512525684908;0.0020235734330157;0.0;179.5016;2022-12-28T12:00:00Z
0.0363005647445145;0.0029853027563072;0.0017203988638642;0.0;318.00156666666663;2022-12-28T13:00:00Z
0.0320840720458143;0.0023399324730887;0.0015111854127332;0.0;70.001;2022-12-28T14:00:00Z
0.0284662924911809;0.001932870076362;0.0012777057085704;0.0;68.6678;2022-12-28T15:00:00Z
0.0256890131089029;0.0013863190065508;0.0010928370370308;0.0;312.66815;2022-12-28T16:00:00Z
0.0239146025464964;0.0014280403669214;0.000962359447095;0.0;187.6347333333333;2022-12-28T17:00:00Z
0.0233404540627997;0.0014026500221669;0.0009376186635022;0.0;86.81674999999998;2022-12-28T18:00:00Z
0.0239215647160362;0.001138982600852;0.0009569974531375;0.0;84.93338333333331;2022-12-28T19:00:00Z
0.02566863340595;0.0015642505513012;0.0010758390505534;0.0;91.0;2022-12-28T20:00:00Z
0.0284565465343885;0.001925565837141;0.001256062177684;0.0;43.68416666666666;2022-12-28T21:00:00Z
0.0320778349864611;0.0024312092812021;0.0014806847368419;0.0;31.6354;2022-12-28T22:00:00Z
0.036334755305288;0.0030454280162314;0.0017687639059233;0.0;19.91815;2022-12-28T23:00:00Z
0.0408404375233535;0.0038114767956606;0.0019965521981987;0.0;30.566733333333328;2022-12-29T00:00:00Z
0.04536907586589;0.004553635311381;0.0023302255655895;0.0;36.8668;2022-12-29T01:00:00Z
0.0495933887201939;0.0049925701406819;0.0025656484472531;0.0;34.65026666666667;2022-12-29T02:00:00Z
0.0532156389619656;0.0056812866190355;0.0027615118793087;0.0;28.11673333333333;2022-12-29T03:00:00Z
0.0559964033279425;0.0059080438806085;0.0029650751453914;0.0;27.883366666666667;2022-12-29T04:00:00Z
0.0577267432156809;0.0060302369335469;0.0031140884242816;0.0;28.46675;2022-12-29T05:00:00Z
0.0583449774080734;0.0063464785835319;0.0031565326673236;0.0;23.684416666666667;2022-12-29T06:00:00Z
0.0577401076295568;0.005936861931342;0.003102759648453;20.119;7.83465;2022-12-29T07:00:00Z
0.0559845575567583;0.0058635923924704;0.0029584606378502;5.119;62.83371666666665;2022-12-29T08:00:00Z
0.0532289215024856;0.0054063482374741;0.002820424724066;0.1199999999999999;28.0007;2022-12-29T09:00:00Z
0.049580245494282;0.0049292376417829;0.0025546717036513;0.0;43.00045;2022-12-29T10:00:00Z
0.0453558858255798;0.0044407664926584;0.0023505079039996;0.0;70.00041666666667;2022-12-29T11:00:00Z
0.0408183773543713;0.0037684561712991;0.0020282751486309;0.0;420.00065;2022-12-29T12:00:00Z
0.0362980188756542;0.0030272301535865;0.001743954380297;0.0;70.001;2022-12-29T13:00:00Z
0.0320728742348957;0.0024816620170941;0.0014843656241988;0.0;70.001;2022-12-29T14:00:00Z
0.0284669888864188;0.0019380915530582;0.0012301496968915;0.0;307.6678833333333;2022-12-29T15:00:00Z
0.0256885452263409;0.0015167154021287;0.0010738606449861;0.0;70.001;2022-12-29T16:00:00Z
0.0239487845043735;0.0012877871189312;0.0009860164515082;0.0;523.9672333333333;2022-12-29T17:00:00Z
0.0233360622467066;0.0012805022810865;0.0009400819998456;0.0;81.31761666666665;2022-12-29T18:00:00Z
0.0239426272999283;0.0012259475882249;0.0009852733768711;0.0;84.95048333333334;2022-12-29T19:00:00Z
0.0256619558451879;0.0015267524047561;0.0011012626783227;0.0;86.11721666666665;2022-12-29T20:00:00Z
0.0284545752264736;0.0021043677559096;0.0012423512961896;0.0;80.50076666666665;2022-12-29T21:00:00Z
0.0320636104207149;0.0024304212525994;0.0014700449673718;0.0;23.16905;2022-12-29T22:00:00Z
0.0362916207708273;0.0030965188465865;0.0017420118318303;0.0;16.301583333333333;2022-12-29T23:00:00Z
0.0408317091786315;0.0037522400011782;0.0020121693145568;0.0;0.0;2022-12-30T00:00:00Z
0.0453664672471445;0.0046414289902843;0.0022925617320696;0.0;0.0;2022-12-30T01:00:00Z
0.0495833757216594;0.0050498821805737;0.0025964267696754;0.0;0.0;2022-12-30T02:00:00Z
0.0532044487456672;0.0053762528610693;0.002805433652142;0.0;0.0;2022-12-30T03:00:00Z
0.0559913851661012;0.0057687213996778;0.0029946603967948;0.0;0.0;2022-12-30T04:00:00Z
0.057734120317724;0.0062594350642525;0.0031120184262053;0.0;0.0;2022-12-30T05:00:00Z
0.0583363650440371;0.0062504069023554;0.0031170401226683;0.0;0.0;2022-12-30T06:00:00Z
0.0577466886682008;0.006298046570999;0.0030917418227991;25.118;0.0;2022-12-30T07:00:00Z
0.055974713101007;0.0057985528665717;0.0030080750227156;0.1199999999999999;0.0;2022-12-30T08:00:00Z
0.0532009117712044;0.0056169624127166;0.0027611080593369;0.1199999999999999;0.0;2022-12-30T09:00:00Z
0.0496006209191229;0.0050246926164866;0.002584646466217;0.0;0.0;2022-12-30T10:00:00Z
0.045371560106407;0.0044212847694676;0.0023035075101244;0.0;0.0;2022-12-30T11:00:00Z
0.0408291112946959;0.0036538016336037;0.0020218120519896;0.0;0.0;2022-12-30T12:00:00Z
0.0362856223605572;0.0030945998632257;0.0017614174045089;0.0;0.0;2022-12-30T13:00:00Z
0.0320780374242107;0.0023909426823969;0.0014607311523599;0.0;0.0;2022-12-30T14:00:00Z
0.0284549779351852;0.0020536779739842;0.0012705074688429;0.0;0.0;2022-12-30T15:00:00Z
0.0256543674946696;0.0015863632797801;0.0010481893893417;0.0;0.0;2022-12-30T16:00:00Z
0.0239257587723394;0.00124681395531;0.0009731632499086;0.0;0.0;2022-12-30T17:00:00Z
0.023330549856944;0.0013867195371514;0.000942212395028;0.0;0.0;2022-12-30T18:00:00Z
0.0239264330847519;0.0013901444146919;0.0009887153421064;0.0;0.0;2022-12-30T19:00:00Z
0.0256903513818782;0.0016070209253866;0.0010929363277873;0.0;0.0;2022-12-30T20:00:00Z
0.0284411468444696;0.0018785377795458;0.0012751278061456;0.0;0.0;2022-12-30T21:00:00Z
0.0320683368915133;0.0024818099731419;0.0014837399358271;0.0;0.0;2022-12-30T22:00:00Z
0.0362925171003369;0.0030654104898359;0.0017380563271992;0.0;0.0;2022-12-30T23:00:00Z
0.0408281292145659;0.0035856549285153;0.0020404447125349;0.0;29.40033333333333;2022-12-31T00:00:00Z
0.0453699842523517;0.0044570452768916;0.0023284766538948;0.0;35.46691666666666;2022-12-31T01:00:00Z
0.0495863995985146;0.0049707761177385;0.0025825485440734;0.0;29.05053333333333;2022-12-31T02:00:00Z
0.0532134714067207;0.0054792494297333;0.0028327983326188;0.0;25.90031666666667;2022-12-31T03:00:00Z
0.0559832430657602;0.0059047680312338;0.0029529269611141;0.0;27.18383333333333;2022-12-31T04:00:00Z
0.0577475482527235;0.0059183064003729;0.0030595309219988;0.0;35.117866666666664;2022-12-31T05:00:00Z
0.0583244759533733;0.0063339015462211;0.0031564698442812;0.0;42.985116666666656;2022-12-31T06:00:00Z
0.0577323057222624;0.0060756475936375;0.0030749382538717;20.119;80.08405;2022-12-31T07:00:00Z
0.055988186877658;0.0058594485848845;0.0030225039435492;5.118999999999999;63.6673;2022-12-31T08:00:00Z
0.0532044654551715;0.0054803823741453;0.0027883846658717;0.1199999999999999;64.3339;2022-12-31T09:00:00Z
0.0495782884474431;0.0049266911997981;0.0025860330642805;0.0;70.0;2022-12-31T10:00:00Z
0.0453666416962098;0.0045147055307819;0.002327252294032;0.0;70.00025;2022-12-31T11:00:00Z
0.0408400730284041;0.0038760508678367;0.0020383822648074;0.0;70.001;2022-12-31T12:00:00Z
0.0363026448371964;0.0031199152339911;0.0017475733980803;0.0;312.00166666666667;2022-12-31T13:00:00Z
0.0320684052133337;0.0024452122535384;0.0014705064668796;0.0;10.001999999999997;2022-12-31T14:00:00Z
0.0284440952521661;0.0020445701597221;0.0012730298594004;0.0;785.6669666666666;2022-12-31T15:00:00Z
0.0256842389040372;0.001473688547964;0.0010532294501879;0.0;70.001;2022-12-31T16:00:00Z
0.023933237551699;0.0013121310208264;0.0010149720224954;0.0;71.25188333333334;2022-12-31T17:00:00Z
0.023334391356625;0.0011426586888151;0.0009484429074391;0.0;87.46733333333334;2022-12-31T18:00:00Z
0.0239176621199398;0.0013169255901876;0.0009639251868866;0.0;44.7176;2022-12-31T19:00:00Z
0.0256848286007939;0.0016640214102791;0.001071367616305;0.0;26.80128333333333;2022-12-31T20:00:00Z
0.0284812052726016;0.0019646681396114;0.0012649750307804;0.0;85.28373333333333;2022-12-31T21:00:00Z
0.0320688436183956;0.0024572038851168;0.0014963783056431;0.0;65.9026;2022-12-31T22:00:00Z
0.0363027756650794;0.0029338260721569;0.0017939347147814;0.0;155.5858333333333;2022-12-31T23:00:00Z
