wind-speed-profile;river-flow-profile;timeindex
6.0628930952653795;1;2022-01-01T00:00:00Z
5.9351725823136166;1;2022-01-01T01:00:00Z
5.836353407888351;1;2022-01-01T02:00:00Z
5.992790538792713;1;2022-01-01T03:00:00Z
5.648037030752396;1;2022-01-01T04:00:00Z
5.307509098445234;1;2022-01-01T05:00:00Z
5.5546072757836;1;2022-01-01T06:00:00Z
5.419986855631513;1;2022-01-01T07:00:00Z
5.331990627582249;1;2022-01-01T08:00:00Z
5.358456237465153;1;2022-01-01T09:00:00Z
4.963808889785618;1;2022-01-01T10:00:00Z
4.641231191412192;1;2022-01-01T11:00:00Z
4.505483085328473;1;2022-01-01T12:00:00Z
4.157252472467317;1;2022-01-01T13:00:00Z
3.574767541488106;1;2022-01-01T14:00:00Z
3.4571577321557285;1;2022-01-01T15:00:00Z
2.9692221351527226;1;2022-01-01T16:00:00Z
2.791883227057257;1;2022-01-01T17:00:00Z
2.8313419164687526;1;2022-01-01T18:00:00Z
3.0030493379238;1;2022-01-01T19:00:00Z
3.1656811284162933;1;2022-01-01T20:00:00Z
3.0071162362696646;1;2022-01-01T21:00:00Z
3.8664053860772225;1;2022-01-01T22:00:00Z
4.10930510796324;1;2022-01-01T23:00:00Z
3.9759983009603985;1;2022-01-02T00:00:00Z
3.8120964435579667;1;2022-01-02T01:00:00Z
4.283725220149527;1;2022-01-02T02:00:00Z
4.529152530545164;1;2022-01-02T03:00:00Z
4.478906306490489;1;2022-01-02T04:00:00Z
4.082419473567511;1;2022-01-02T05:00:00Z
3.9481600628761293;1;2022-01-02T06:00:00Z
4.214079981126807;1;2022-01-02T07:00:00Z
4.5177936744089475;1;2022-01-02T08:00:00Z
4.669282030009533;1;2022-01-02T09:00:00Z
5.523828626044027;1;2022-01-02T10:00:00Z
4.352995727046492;1;2022-01-02T11:00:00Z
3.460652596792944;1;2022-01-02T12:00:00Z
6.013609710668705;1;2022-01-02T13:00:00Z
6.786655318953199;1;2022-01-02T14:00:00Z
6.852518077210997;1;2022-01-02T15:00:00Z
7.321398297660569;1;2022-01-02T16:00:00Z
7.238386948341145;1;2022-01-02T17:00:00Z
7.729092773159266;1;2022-01-02T18:00:00Z
7.680989800034479;1;2022-01-02T19:00:00Z
6.874753361853076;1;2022-01-02T20:00:00Z
6.677876246030077;1;2022-01-02T21:00:00Z
5.732919143506918;1;2022-01-02T22:00:00Z
4.952646654773114;1;2022-01-02T23:00:00Z
4.464091084222288;1;2022-01-03T00:00:00Z
4.692265014153751;1;2022-01-03T01:00:00Z
5.743227665209067;1;2022-01-03T02:00:00Z
6.255732809096509;1;2022-01-03T03:00:00Z
7.819664615393129;1;2022-01-03T04:00:00Z
8.41729149728219;1;2022-01-03T05:00:00Z
8.627796013753803;1;2022-01-03T06:00:00Z
7.372537608124593;1;2022-01-03T07:00:00Z
6.644496217408745;1;2022-01-03T08:00:00Z
6.104867994766915;1;2022-01-03T09:00:00Z
6.315752992794177;1;2022-01-03T10:00:00Z
6.425569698408635;1;2022-01-03T11:00:00Z
6.570984314296297;1;2022-01-03T12:00:00Z
6.2870496174190915;1;2022-01-03T13:00:00Z
6.154685184216696;1;2022-01-03T14:00:00Z
5.701735232545579;1;2022-01-03T15:00:00Z
5.5164597425763215;1;2022-01-03T16:00:00Z
5.222425447326051;1;2022-01-03T17:00:00Z
5.5247752153672804;1;2022-01-03T18:00:00Z
4.631955672292458;1;2022-01-03T19:00:00Z
4.934308330037675;1;2022-01-03T20:00:00Z
5.131138874395189;1;2022-01-03T21:00:00Z
5.019362511007577;1;2022-01-03T22:00:00Z
4.623559492570832;1;2022-01-03T23:00:00Z
4.6035185673277645;1;2022-01-04T00:00:00Z
4.770553923709691;1;2022-01-04T01:00:00Z
4.380568194108862;1;2022-01-04T02:00:00Z
3.758422732763321;1;2022-01-04T03:00:00Z
3.6901931497676723;1;2022-01-04T04:00:00Z
3.3607193455943074;1;2022-01-04T05:00:00Z
3.321815280578631;1;2022-01-04T06:00:00Z
2.9898888983024876;1;2022-01-04T07:00:00Z
3.213357981679291;1;2022-01-04T08:00:00Z
3.1675181659826657;1;2022-01-04T09:00:00Z
3.155271707994842;1;2022-01-04T10:00:00Z
3.090320482621962;1;2022-01-04T11:00:00Z
3.0337192671007625;1;2022-01-04T12:00:00Z
3.0875866289326788;1;2022-01-04T13:00:00Z
3.6580852598996563;1;2022-01-04T14:00:00Z
3.6847535980826733;1;2022-01-04T15:00:00Z
4.2149073208017835;1;2022-01-04T16:00:00Z
4.552275322827854;1;2022-01-04T17:00:00Z
4.431241219305207;1;2022-01-04T18:00:00Z
4.161040008770338;1;2022-01-04T19:00:00Z
3.866126265636067;1;2022-01-04T20:00:00Z
3.8870966849991038;1;2022-01-04T21:00:00Z
3.7262374746283093;1;2022-01-04T22:00:00Z
3.057554081692226;1;2022-01-04T23:00:00Z
2.2525586864066427;1;2022-01-05T00:00:00Z
3.020347185292578;1;2022-01-05T01:00:00Z
3.5004560094344885;1;2022-01-05T02:00:00Z
3.5507419708262984;1;2022-01-05T03:00:00Z
3.674037166177471;1;2022-01-05T04:00:00Z
3.99508501312246;1;2022-01-05T05:00:00Z
4.3298595101118185;1;2022-01-05T06:00:00Z
4.731468364919184;1;2022-01-05T07:00:00Z
5.294976634903865;1;2022-01-05T08:00:00Z
5.845150759238388;1;2022-01-05T09:00:00Z
5.264562832575333;1;2022-01-05T10:00:00Z
6.090050484042856;1;2022-01-05T11:00:00Z
7.11657851522787;1;2022-01-05T12:00:00Z
7.116513110390271;1;2022-01-05T13:00:00Z
7.337402051992691;1;2022-01-05T14:00:00Z
6.89563317769753;1;2022-01-05T15:00:00Z
6.520212264600427;1;2022-01-05T16:00:00Z
6.207336273667985;1;2022-01-05T17:00:00Z
6.390651560404201;1;2022-01-05T18:00:00Z
6.675107558130933;1;2022-01-05T19:00:00Z
6.675812120081705;1;2022-01-05T20:00:00Z
6.296121651512176;1;2022-01-05T21:00:00Z
4.890644813723874;1;2022-01-05T22:00:00Z
4.843460165044705;1;2022-01-05T23:00:00Z
5.0639010587336175;1;2022-01-06T00:00:00Z
5.6691163362463834;1;2022-01-06T01:00:00Z
6.060460645251544;1;2022-01-06T02:00:00Z
5.941377015289362;1;2022-01-06T03:00:00Z
5.438918418203494;1;2022-01-06T04:00:00Z
4.9822396574255405;1;2022-01-06T05:00:00Z
4.685931141516925;1;2022-01-06T06:00:00Z
4.870767633931369;1;2022-01-06T07:00:00Z
5.082979208495052;1;2022-01-06T08:00:00Z
5.139622928559595;1;2022-01-06T09:00:00Z
4.6287330427792694;1;2022-01-06T10:00:00Z
4.6121763282704515;1;2022-01-06T11:00:00Z
4.081857910992856;1;2022-01-06T12:00:00Z
3.1744005052325632;1;2022-01-06T13:00:00Z
2.303040136378007;1;2022-01-06T14:00:00Z
1.7793485840879846;1;2022-01-06T15:00:00Z
1.9322460256680027;1;2022-01-06T16:00:00Z
2.0429082975886317;1;2022-01-06T17:00:00Z
2.467243950381354;1;2022-01-06T18:00:00Z
2.838502236634309;1;2022-01-06T19:00:00Z
3.0191846023141324;1;2022-01-06T20:00:00Z
2.993406748351235;1;2022-01-06T21:00:00Z
3.275820434078884;1;2022-01-06T22:00:00Z
3.370336370224077;1;2022-01-06T23:00:00Z
3.37488316134735;1;2022-01-07T00:00:00Z
3.46243199271825;1;2022-01-07T01:00:00Z
3.4929586239855652;1;2022-01-07T02:00:00Z
3.6575336154770692;1;2022-01-07T03:00:00Z
3.92194670078074;1;2022-01-07T04:00:00Z
4.152440068217354;1;2022-01-07T05:00:00Z
4.383084421799823;1;2022-01-07T06:00:00Z
4.6916307009506095;1;2022-01-07T07:00:00Z
5.011228484762475;1;2022-01-07T08:00:00Z
5.383062831353312;1;2022-01-07T09:00:00Z
5.491823041688216;1;2022-01-07T10:00:00Z
5.467397219882081;1;2022-01-07T11:00:00Z
4.610907302559164;1;2022-01-07T12:00:00Z
5.31406629018395;1;2022-01-07T13:00:00Z
4.771107767055065;1;2022-01-07T14:00:00Z
4.48407752723933;1;2022-01-07T15:00:00Z
4.089439602776626;1;2022-01-07T16:00:00Z
4.028546828416279;1;2022-01-07T17:00:00Z
3.9059964732333268;1;2022-01-07T18:00:00Z
3.774306955911679;1;2022-01-07T19:00:00Z
3.785143246247135;1;2022-01-07T20:00:00Z
3.661252381695052;1;2022-01-07T21:00:00Z
3.7812773477283916;1;2022-01-07T22:00:00Z
3.800341403276353;1;2022-01-07T23:00:00Z
4.101549276142946;1;2022-01-08T00:00:00Z
4.207087756177919;1;2022-01-08T01:00:00Z
3.8173737731248263;1;2022-01-08T02:00:00Z
3.6759089213294733;1;2022-01-08T03:00:00Z
3.901914785028292;1;2022-01-08T04:00:00Z
3.2920974201605597;1;2022-01-08T05:00:00Z
2.8948836445467188;1;2022-01-08T06:00:00Z
3.054771254687626;1;2022-01-08T07:00:00Z
3.091238356363311;1;2022-01-08T08:00:00Z
3.0920335153137692;1;2022-01-08T09:00:00Z
3.109261234533254;1;2022-01-08T10:00:00Z
3.4198571181069943;1;2022-01-08T11:00:00Z
4.289998448495527;1;2022-01-08T12:00:00Z
3.807177017065541;1;2022-01-08T13:00:00Z
2.9305324997613043;1;2022-01-08T14:00:00Z
2.7700884189273784;1;2022-01-08T15:00:00Z
3.211789697832642;1;2022-01-08T16:00:00Z
3.2043295276332384;1;2022-01-08T17:00:00Z
3.2326672667427436;1;2022-01-08T18:00:00Z
3.826946207017857;1;2022-01-08T19:00:00Z
3.988522240434336;1;2022-01-08T20:00:00Z
4.198968368640871;1;2022-01-08T21:00:00Z
4.896033909152847;1;2022-01-08T22:00:00Z
5.079095038178586;1;2022-01-08T23:00:00Z
5.414599528245622;1;2022-01-09T00:00:00Z
5.454107642799506;1;2022-01-09T01:00:00Z
5.298915399734909;1;2022-01-09T02:00:00Z
5.257522052864042;1;2022-01-09T03:00:00Z
5.2610308805085495;1;2022-01-09T04:00:00Z
5.259137292508195;1;2022-01-09T05:00:00Z
5.274077349166206;1;2022-01-09T06:00:00Z
5.032556505670731;1;2022-01-09T07:00:00Z
4.8879999007109465;1;2022-01-09T08:00:00Z
4.901762653828404;1;2022-01-09T09:00:00Z
3.9540097341746594;1;2022-01-09T10:00:00Z
3.7077381711051527;1;2022-01-09T11:00:00Z
3.610348934217366;1;2022-01-09T12:00:00Z
3.135195278752934;1;2022-01-09T13:00:00Z
2.9239846445307474;1;2022-01-09T14:00:00Z
2.360966567284838;1;2022-01-09T15:00:00Z
1.9011755733766227;1;2022-01-09T16:00:00Z
1.8649107270041132;1;2022-01-09T17:00:00Z
1.9704843927201015;1;2022-01-09T18:00:00Z
2.0633218757543457;1;2022-01-09T19:00:00Z
1.7749528477494674;1;2022-01-09T20:00:00Z
1.554155575373571;1;2022-01-09T21:00:00Z
2.475840070553562;1;2022-01-09T22:00:00Z
2.4646015736153255;1;2022-01-09T23:00:00Z
2.157807564220522;1;2022-01-10T00:00:00Z
1.849701579532614;1;2022-01-10T01:00:00Z
2.2260648155328755;1;2022-01-10T02:00:00Z
2.6611021383880424;1;2022-01-10T03:00:00Z
2.2804334990688613;1;2022-01-10T04:00:00Z
2.0157100612790373;1;2022-01-10T05:00:00Z
1.532328259571928;1;2022-01-10T06:00:00Z
1.2713127720768804;1;2022-01-10T07:00:00Z
0.9879839616168999;1;2022-01-10T08:00:00Z
1.349306109540579;1;2022-01-10T09:00:00Z
1.2468387479914878;1;2022-01-10T10:00:00Z
1.2830729488661714;1;2022-01-10T11:00:00Z
1.3052822418605012;1;2022-01-10T12:00:00Z
1.4799458171549056;1;2022-01-10T13:00:00Z
1.9516332891188457;1;2022-01-10T14:00:00Z
2.2244416396361983;1;2022-01-10T15:00:00Z
2.564755469766262;1;2022-01-10T16:00:00Z
2.7103763376192243;1;2022-01-10T17:00:00Z
2.8018237443984724;1;2022-01-10T18:00:00Z
2.8964213492749904;1;2022-01-10T19:00:00Z
2.768039830398632;1;2022-01-10T20:00:00Z
2.853281631806424;1;2022-01-10T21:00:00Z
2.8655081333130243;1;2022-01-10T22:00:00Z
2.8459587429541617;1;2022-01-10T23:00:00Z
2.8835377411684404;1;2022-01-11T00:00:00Z
2.927142873868028;1;2022-01-11T01:00:00Z
2.9911312794859417;1;2022-01-11T02:00:00Z
3.1232105033636874;1;2022-01-11T03:00:00Z
2.92150844029549;1;2022-01-11T04:00:00Z
2.5670597376586386;1;2022-01-11T05:00:00Z
2.315503358314672;1;2022-01-11T06:00:00Z
2.2951816698221776;1;2022-01-11T07:00:00Z
2.4948833189318282;1;2022-01-11T08:00:00Z
2.7120273490032747;1;2022-01-11T09:00:00Z
2.5732280789095423;1;2022-01-11T10:00:00Z
2.477724727147121;1;2022-01-11T11:00:00Z
2.232208769196804;1;2022-01-11T12:00:00Z
2.058482836249128;1;2022-01-11T13:00:00Z
2.01475615152088;1;2022-01-11T14:00:00Z
1.6268406666359791;1;2022-01-11T15:00:00Z
1.5227979505565756;1;2022-01-11T16:00:00Z
1.3365340222974686;1;2022-01-11T17:00:00Z
1.7847500314334015;1;2022-01-11T18:00:00Z
2.167535464372206;1;2022-01-11T19:00:00Z
2.0408325471088453;1;2022-01-11T20:00:00Z
2.115125987570459;1;2022-01-11T21:00:00Z
2.5374297043899126;1;2022-01-11T22:00:00Z
2.4793362308354445;1;2022-01-11T23:00:00Z
2.2845143966147874;1;2022-01-12T00:00:00Z
2.5292753551253737;1;2022-01-12T01:00:00Z
2.354295919817536;1;2022-01-12T02:00:00Z
2.2555831849553694;1;2022-01-12T03:00:00Z
2.3142717884480066;1;2022-01-12T04:00:00Z
2.144816364088648;1;2022-01-12T05:00:00Z
2.5492110890269877;1;2022-01-12T06:00:00Z
2.600826332872239;1;2022-01-12T07:00:00Z
2.791112817073246;1;2022-01-12T08:00:00Z
2.9029462212326385;1;2022-01-12T09:00:00Z
2.862300176697951;1;2022-01-12T10:00:00Z
2.757174995817772;1;2022-01-12T11:00:00Z
2.895803514964037;1;2022-01-12T12:00:00Z
2.7226995610033633;1;2022-01-12T13:00:00Z
2.6633722211557087;1;2022-01-12T14:00:00Z
2.6508511628203335;1;2022-01-12T15:00:00Z
2.6772348815749916;1;2022-01-12T16:00:00Z
3.1117455346357588;1;2022-01-12T17:00:00Z
2.9163633269424296;1;2022-01-12T18:00:00Z
3.2196146356890845;1;2022-01-12T19:00:00Z
3.83055394783269;1;2022-01-12T20:00:00Z
3.9276436389903644;1;2022-01-12T21:00:00Z
3.8220403934346403;1;2022-01-12T22:00:00Z
4.024039343495546;1;2022-01-12T23:00:00Z
4.362306400224373;1;2022-01-13T00:00:00Z
4.726439313816982;1;2022-01-13T01:00:00Z
4.776770044305968;1;2022-01-13T02:00:00Z
4.8085515895536215;1;2022-01-13T03:00:00Z
4.848643219990955;1;2022-01-13T04:00:00Z
4.928740232403259;1;2022-01-13T05:00:00Z
5.049199191293976;1;2022-01-13T06:00:00Z
5.068725885865471;1;2022-01-13T07:00:00Z
5.139346291213171;1;2022-01-13T08:00:00Z
5.393589409606883;1;2022-01-13T09:00:00Z
4.822203250792908;1;2022-01-13T10:00:00Z
5.44062442920182;1;2022-01-13T11:00:00Z
5.074357823829348;1;2022-01-13T12:00:00Z
5.740988561594524;1;2022-01-13T13:00:00Z
5.699711092475377;1;2022-01-13T14:00:00Z
5.482610100391843;1;2022-01-13T15:00:00Z
5.446576227135538;1;2022-01-13T16:00:00Z
5.422747948661456;1;2022-01-13T17:00:00Z
5.586037210075268;1;2022-01-13T18:00:00Z
5.588051541650407;1;2022-01-13T19:00:00Z
5.6442947725206265;1;2022-01-13T20:00:00Z
5.727195768840439;1;2022-01-13T21:00:00Z
5.084526960898475;1;2022-01-13T22:00:00Z
5.185730715957119;1;2022-01-13T23:00:00Z
5.175679908094559;1;2022-01-14T00:00:00Z
5.106323536518972;1;2022-01-14T01:00:00Z
5.2120027464536065;1;2022-01-14T02:00:00Z
5.4450084442580655;1;2022-01-14T03:00:00Z
5.72375886637721;1;2022-01-14T04:00:00Z
5.994920328958844;1;2022-01-14T05:00:00Z
6.185612202833678;1;2022-01-14T06:00:00Z
6.267546798909691;1;2022-01-14T07:00:00Z
6.339268744733575;1;2022-01-14T08:00:00Z
6.453241733194257;1;2022-01-14T09:00:00Z
5.958684392009052;1;2022-01-14T10:00:00Z
6.2159162265251835;1;2022-01-14T11:00:00Z
7.048355069922504;1;2022-01-14T12:00:00Z
6.535263170862162;1;2022-01-14T13:00:00Z
6.161892033941245;1;2022-01-14T14:00:00Z
5.803418400697892;1;2022-01-14T15:00:00Z
5.389377650480775;1;2022-01-14T16:00:00Z
4.864807399621087;1;2022-01-14T17:00:00Z
4.472630503354773;1;2022-01-14T18:00:00Z
4.055099548247933;1;2022-01-14T19:00:00Z
3.4945375550749582;1;2022-01-14T20:00:00Z
3.074621517517462;1;2022-01-14T21:00:00Z
2.6295494566620246;1;2022-01-14T22:00:00Z
2.5588409170503055;1;2022-01-14T23:00:00Z
2.664248866064914;1;2022-01-15T00:00:00Z
2.8375492215566553;1;2022-01-15T01:00:00Z
2.9769687285786834;1;2022-01-15T02:00:00Z
2.9857463260509864;1;2022-01-15T03:00:00Z
3.026232737715432;1;2022-01-15T04:00:00Z
2.960233590226178;1;2022-01-15T05:00:00Z
3.012102685498128;1;2022-01-15T06:00:00Z
2.9313577516524782;1;2022-01-15T07:00:00Z
2.8043780249802825;1;2022-01-15T08:00:00Z
2.650669720294844;1;2022-01-15T09:00:00Z
2.110919614347249;1;2022-01-15T10:00:00Z
2.140873336701188;1;2022-01-15T11:00:00Z
2.361112843209743;1;2022-01-15T12:00:00Z
2.355730047246709;1;2022-01-15T13:00:00Z
2.2015197899658627;1;2022-01-15T14:00:00Z
1.2732589387358162;1;2022-01-15T15:00:00Z
1.203477949048846;1;2022-01-15T16:00:00Z
1.4394909123905297;1;2022-01-15T17:00:00Z
1.6664016032029747;1;2022-01-15T18:00:00Z
1.6445270746483363;1;2022-01-15T19:00:00Z
1.6707259959017235;1;2022-01-15T20:00:00Z
1.6525874949610408;1;2022-01-15T21:00:00Z
1.3903619720818083;1;2022-01-15T22:00:00Z
1.6661623086422657;1;2022-01-15T23:00:00Z
1.6957673312007038;1;2022-01-16T00:00:00Z
1.885388308565391;1;2022-01-16T01:00:00Z
2.371334292004747;1;2022-01-16T02:00:00Z
2.739920091790064;1;2022-01-16T03:00:00Z
2.9433768768355106;1;2022-01-16T04:00:00Z
2.8626221419781577;1;2022-01-16T05:00:00Z
2.596175400594433;1;2022-01-16T06:00:00Z
2.9370307564243285;1;2022-01-16T07:00:00Z
3.1178012237443653;1;2022-01-16T08:00:00Z
3.385360553700327;1;2022-01-16T09:00:00Z
3.5423481335190377;1;2022-01-16T10:00:00Z
4.517178510448085;1;2022-01-16T11:00:00Z
5.689564431603323;1;2022-01-16T12:00:00Z
5.203441120989532;1;2022-01-16T13:00:00Z
5.222709173217;1;2022-01-16T14:00:00Z
4.8312131144470944;1;2022-01-16T15:00:00Z
5.0728879206298085;1;2022-01-16T16:00:00Z
5.261269244494647;1;2022-01-16T17:00:00Z
5.480238353315827;1;2022-01-16T18:00:00Z
6.0912836617455985;1;2022-01-16T19:00:00Z
6.392394597908206;1;2022-01-16T20:00:00Z
6.849777865101524;1;2022-01-16T21:00:00Z
6.830501232859665;1;2022-01-16T22:00:00Z
6.960940684470224;1;2022-01-16T23:00:00Z
7.034519204327551;1;2022-01-17T00:00:00Z
7.376231599220749;1;2022-01-17T01:00:00Z
7.687197528856477;1;2022-01-17T02:00:00Z
8.037874423231951;1;2022-01-17T03:00:00Z
8.649204184257314;1;2022-01-17T04:00:00Z
8.964307834697994;1;2022-01-17T05:00:00Z
9.33688059692856;1;2022-01-17T06:00:00Z
10.102643985427154;1;2022-01-17T07:00:00Z
10.03952033523711;1;2022-01-17T08:00:00Z
9.296333585865685;1;2022-01-17T09:00:00Z
8.677039048747861;1;2022-01-17T10:00:00Z
7.6378023151955565;1;2022-01-17T11:00:00Z
6.178189774408406;1;2022-01-17T12:00:00Z
5.853854684258889;1;2022-01-17T13:00:00Z
5.78024668964306;1;2022-01-17T14:00:00Z
5.5715807346482045;1;2022-01-17T15:00:00Z
5.012520785369419;1;2022-01-17T16:00:00Z
4.567106538441472;1;2022-01-17T17:00:00Z
4.0930601502066715;1;2022-01-17T18:00:00Z
3.6734382685680758;1;2022-01-17T19:00:00Z
3.764468984288454;1;2022-01-17T20:00:00Z
3.79530224569124;1;2022-01-17T21:00:00Z
3.7350143867700565;1;2022-01-17T22:00:00Z
3.665147554898743;1;2022-01-17T23:00:00Z
3.4269093024265116;1;2022-01-18T00:00:00Z
3.336440348103583;1;2022-01-18T01:00:00Z
3.2944540419033346;1;2022-01-18T02:00:00Z
3.422018283639724;1;2022-01-18T03:00:00Z
3.3508601324228735;1;2022-01-18T04:00:00Z
3.000003628529806;1;2022-01-18T05:00:00Z
3.1420955187202826;1;2022-01-18T06:00:00Z
3.171223354837105;1;2022-01-18T07:00:00Z
2.886023553309556;1;2022-01-18T08:00:00Z
2.767380207023748;1;2022-01-18T09:00:00Z
2.715953166687432;1;2022-01-18T10:00:00Z
2.5906193746733788;1;2022-01-18T11:00:00Z
2.6993995454411794;1;2022-01-18T12:00:00Z
2.5964867365094757;1;2022-01-18T13:00:00Z
2.2103194773537775;1;2022-01-18T14:00:00Z
2.008651843779609;1;2022-01-18T15:00:00Z
2.4330158328666003;1;2022-01-18T16:00:00Z
2.602142124106943;1;2022-01-18T17:00:00Z
2.800841074710884;1;2022-01-18T18:00:00Z
2.836032613339799;1;2022-01-18T19:00:00Z
2.898531049136237;1;2022-01-18T20:00:00Z
3.2085831748815106;1;2022-01-18T21:00:00Z
3.4176293901238837;1;2022-01-18T22:00:00Z
3.326749979408205;1;2022-01-18T23:00:00Z
3.2452486729044345;1;2022-01-19T00:00:00Z
3.4170953916988185;1;2022-01-19T01:00:00Z
3.5118512403453352;1;2022-01-19T02:00:00Z
3.330805879216039;1;2022-01-19T03:00:00Z
3.146436274987038;1;2022-01-19T04:00:00Z
2.8842558809244165;1;2022-01-19T05:00:00Z
2.8032420234829267;1;2022-01-19T06:00:00Z
3.005414174184338;1;2022-01-19T07:00:00Z
3.45796203969069;1;2022-01-19T08:00:00Z
4.218958388355131;1;2022-01-19T09:00:00Z
3.995289079098462;1;2022-01-19T10:00:00Z
3.8195532491701667;1;2022-01-19T11:00:00Z
4.234056148564587;1;2022-01-19T12:00:00Z
4.769912813632349;1;2022-01-19T13:00:00Z
4.993404290943613;1;2022-01-19T14:00:00Z
4.995296294250015;1;2022-01-19T15:00:00Z
4.943979241913076;1;2022-01-19T16:00:00Z
5.345451637315401;1;2022-01-19T17:00:00Z
6.010474600032029;1;2022-01-19T18:00:00Z
6.203135261664034;1;2022-01-19T19:00:00Z
6.2629848918152256;1;2022-01-19T20:00:00Z
6.588245274391231;1;2022-01-19T21:00:00Z
6.795853588015919;1;2022-01-19T22:00:00Z
7.058995668266138;1;2022-01-19T23:00:00Z
7.631951050013456;1;2022-01-20T00:00:00Z
7.851202891643395;1;2022-01-20T01:00:00Z
7.006092271990292;1;2022-01-20T02:00:00Z
7.0940013632994265;1;2022-01-20T03:00:00Z
7.393345920378855;1;2022-01-20T04:00:00Z
8.131292609277667;1;2022-01-20T05:00:00Z
8.665924043176224;1;2022-01-20T06:00:00Z
8.40349219666287;1;2022-01-20T07:00:00Z
7.523312481396854;1;2022-01-20T08:00:00Z
7.708651604648165;1;2022-01-20T09:00:00Z
6.152362222969411;1;2022-01-20T10:00:00Z
7.076981921704061;1;2022-01-20T11:00:00Z
7.50241531790658;1;2022-01-20T12:00:00Z
7.015581788931601;1;2022-01-20T13:00:00Z
6.196329036387655;1;2022-01-20T14:00:00Z
5.548698614250567;1;2022-01-20T15:00:00Z
5.145527338127271;1;2022-01-20T16:00:00Z
5.276714070342728;1;2022-01-20T17:00:00Z
5.697025843517893;1;2022-01-20T18:00:00Z
5.941075251085735;1;2022-01-20T19:00:00Z
6.126682023650344;1;2022-01-20T20:00:00Z
6.107616058970797;1;2022-01-20T21:00:00Z
6.112606499028854;1;2022-01-20T22:00:00Z
5.9809225579110885;1;2022-01-20T23:00:00Z
5.908055630052698;1;2022-01-21T00:00:00Z
5.979218505397387;1;2022-01-21T01:00:00Z
5.897405032041379;1;2022-01-21T02:00:00Z
5.447743689291244;1;2022-01-21T03:00:00Z
5.264394584717224;1;2022-01-21T04:00:00Z
5.236051183208903;1;2022-01-21T05:00:00Z
4.993407282980066;1;2022-01-21T06:00:00Z
4.980426764425816;1;2022-01-21T07:00:00Z
5.0891537114871594;1;2022-01-21T08:00:00Z
4.703745346922771;1;2022-01-21T09:00:00Z
4.5949886882559206;1;2022-01-21T10:00:00Z
5.129277209065811;1;2022-01-21T11:00:00Z
5.625049238302176;1;2022-01-21T12:00:00Z
5.30973361581562;1;2022-01-21T13:00:00Z
5.308839635010147;1;2022-01-21T14:00:00Z
5.022446330450683;1;2022-01-21T15:00:00Z
5.311537955684249;1;2022-01-21T16:00:00Z
5.376647726987421;1;2022-01-21T17:00:00Z
5.187355970229088;1;2022-01-21T18:00:00Z
5.1523790516034875;1;2022-01-21T19:00:00Z
4.987180557072041;1;2022-01-21T20:00:00Z
4.697789239951142;1;2022-01-21T21:00:00Z
5.0844436171838465;1;2022-01-21T22:00:00Z
4.446305436371104;1;2022-01-21T23:00:00Z
4.3907096496938784;1;2022-01-22T00:00:00Z
4.592673681682597;1;2022-01-22T01:00:00Z
4.5449699766701155;1;2022-01-22T02:00:00Z
4.506034363101607;1;2022-01-22T03:00:00Z
4.372618098272193;1;2022-01-22T04:00:00Z
4.239782111187697;1;2022-01-22T05:00:00Z
3.6763939381619704;1;2022-01-22T06:00:00Z
3.167826237227527;1;2022-01-22T07:00:00Z
2.650985838091732;1;2022-01-22T08:00:00Z
2.7612733742524656;1;2022-01-22T09:00:00Z
2.599507801542723;1;2022-01-22T10:00:00Z
2.006824386985849;1;2022-01-22T11:00:00Z
1.7492067262030842;1;2022-01-22T12:00:00Z
2.059353799479023;1;2022-01-22T13:00:00Z
1.8026361077686508;1;2022-01-22T14:00:00Z
1.7231983206120618;1;2022-01-22T15:00:00Z
2.16026157350316;1;2022-01-22T16:00:00Z
1.3908728703165347;1;2022-01-22T17:00:00Z
1.3830545495061666;1;2022-01-22T18:00:00Z
1.3346543376943438;1;2022-01-22T19:00:00Z
1.2946847900621845;1;2022-01-22T20:00:00Z
1.3175742406180873;1;2022-01-22T21:00:00Z
1.6809639523152782;1;2022-01-22T22:00:00Z
2.0608842766090736;1;2022-01-22T23:00:00Z
2.8116386634504247;1;2022-01-23T00:00:00Z
3.1052268697917005;1;2022-01-23T01:00:00Z
3.205811512672255;1;2022-01-23T02:00:00Z
3.2578114174112334;1;2022-01-23T03:00:00Z
3.4024583068318046;1;2022-01-23T04:00:00Z
3.373276610077705;1;2022-01-23T05:00:00Z
3.435543833469984;1;2022-01-23T06:00:00Z
3.523234839706913;1;2022-01-23T07:00:00Z
3.413530921175355;1;2022-01-23T08:00:00Z
3.0427818999249037;1;2022-01-23T09:00:00Z
2.7472827289202613;1;2022-01-23T10:00:00Z
2.845112461144477;1;2022-01-23T11:00:00Z
3.19886555678934;1;2022-01-23T12:00:00Z
3.0561376725540543;1;2022-01-23T13:00:00Z
2.3432786428242327;1;2022-01-23T14:00:00Z
1.9631620296693084;1;2022-01-23T15:00:00Z
1.866414588957623;1;2022-01-23T16:00:00Z
1.9597100381446668;1;2022-01-23T17:00:00Z
2.2029883014684324;1;2022-01-23T18:00:00Z
2.398720319612874;1;2022-01-23T19:00:00Z
2.2678366637653786;1;2022-01-23T20:00:00Z
1.9030498284558142;1;2022-01-23T21:00:00Z
1.5044074259590698;1;2022-01-23T22:00:00Z
1.259262746896532;1;2022-01-23T23:00:00Z
1.331410442787905;1;2022-01-24T00:00:00Z
1.5538088305344784;1;2022-01-24T01:00:00Z
1.745673221397461;1;2022-01-24T02:00:00Z
1.915311261105378;1;2022-01-24T03:00:00Z
1.9239857819481716;1;2022-01-24T04:00:00Z
1.9146209418067652;1;2022-01-24T05:00:00Z
1.9436788071829234;1;2022-01-24T06:00:00Z
1.7733873680101986;1;2022-01-24T07:00:00Z
1.6287400765060989;1;2022-01-24T08:00:00Z
1.8520740859035596;1;2022-01-24T09:00:00Z
2.147364491015887;1;2022-01-24T10:00:00Z
2.4228414667921903;1;2022-01-24T11:00:00Z
2.537036786993099;1;2022-01-24T12:00:00Z
2.787220005743587;1;2022-01-24T13:00:00Z
2.348544349176962;1;2022-01-24T14:00:00Z
2.118513075064039;1;2022-01-24T15:00:00Z
1.7984700566536123;1;2022-01-24T16:00:00Z
1.6933690058185589;1;2022-01-24T17:00:00Z
1.662160353217254;1;2022-01-24T18:00:00Z
1.6804606164200342;1;2022-01-24T19:00:00Z
1.8387236790174653;1;2022-01-24T20:00:00Z
1.9695605793005972;1;2022-01-24T21:00:00Z
2.2887060928459038;1;2022-01-24T22:00:00Z
2.437139198668899;1;2022-01-24T23:00:00Z
2.3997348892074335;1;2022-01-25T00:00:00Z
2.5531662597383913;1;2022-01-25T01:00:00Z
2.6897621581826185;1;2022-01-25T02:00:00Z
2.8127600242890995;1;2022-01-25T03:00:00Z
2.8786226092917544;1;2022-01-25T04:00:00Z
2.942154717900517;1;2022-01-25T05:00:00Z
2.8845616208225353;1;2022-01-25T06:00:00Z
2.8829251015533623;1;2022-01-25T07:00:00Z
3.1476001413631622;1;2022-01-25T08:00:00Z
3.781649553674904;1;2022-01-25T09:00:00Z
3.971226767347515;1;2022-01-25T10:00:00Z
4.137353957153813;1;2022-01-25T11:00:00Z
3.8582245016885444;1;2022-01-25T12:00:00Z
4.053114512033544;1;2022-01-25T13:00:00Z
3.761660494567834;1;2022-01-25T14:00:00Z
3.5858474588094347;1;2022-01-25T15:00:00Z
3.62237021106799;1;2022-01-25T16:00:00Z
3.7510481055829983;1;2022-01-25T17:00:00Z
3.7180209748092024;1;2022-01-25T18:00:00Z
3.700148436074771;1;2022-01-25T19:00:00Z
3.728212763015151;1;2022-01-25T20:00:00Z
3.7442727264272975;1;2022-01-25T21:00:00Z
3.533463727934688;1;2022-01-25T22:00:00Z
3.8008754082518412;1;2022-01-25T23:00:00Z
3.939189974017806;1;2022-01-26T00:00:00Z
4.102549969526201;1;2022-01-26T01:00:00Z
4.245389061451757;1;2022-01-26T02:00:00Z
4.1734231597209694;1;2022-01-26T03:00:00Z
3.9020554056142194;1;2022-01-26T04:00:00Z
3.9833476728021657;1;2022-01-26T05:00:00Z
4.194639400021995;1;2022-01-26T06:00:00Z
4.1367170983291315;1;2022-01-26T07:00:00Z
4.167685102820584;1;2022-01-26T08:00:00Z
4.581396278243637;1;2022-01-26T09:00:00Z
4.760931362858678;1;2022-01-26T10:00:00Z
5.724810089736053;1;2022-01-26T11:00:00Z
5.3585232623699035;1;2022-01-26T12:00:00Z
4.930503542369244;1;2022-01-26T13:00:00Z
5.715192061762151;1;2022-01-26T14:00:00Z
5.267668573177646;1;2022-01-26T15:00:00Z
5.330666461012716;1;2022-01-26T16:00:00Z
5.571062521971608;1;2022-01-26T17:00:00Z
5.689707775273229;1;2022-01-26T18:00:00Z
5.415940018742193;1;2022-01-26T19:00:00Z
5.303719315117918;1;2022-01-26T20:00:00Z
5.29471510298943;1;2022-01-26T21:00:00Z
5.176332600915617;1;2022-01-26T22:00:00Z
5.343652731447453;1;2022-01-26T23:00:00Z
5.517918376442183;1;2022-01-27T00:00:00Z
5.760230005000994;1;2022-01-27T01:00:00Z
6.148312877360072;1;2022-01-27T02:00:00Z
6.4968795267343555;1;2022-01-27T03:00:00Z
6.668438191526162;1;2022-01-27T04:00:00Z
6.802267671091782;1;2022-01-27T05:00:00Z
6.947517291367438;1;2022-01-27T06:00:00Z
7.129932498481917;1;2022-01-27T07:00:00Z
7.345188552018029;1;2022-01-27T08:00:00Z
7.388585248251914;1;2022-01-27T09:00:00Z
6.796079543065266;1;2022-01-27T10:00:00Z
6.867679901916797;1;2022-01-27T11:00:00Z
7.233032637556838;1;2022-01-27T12:00:00Z
7.317286646233451;1;2022-01-27T13:00:00Z
7.550361989350393;1;2022-01-27T14:00:00Z
7.621903638396939;1;2022-01-27T15:00:00Z
7.667776640991152;1;2022-01-27T16:00:00Z
7.4920867280605945;1;2022-01-27T17:00:00Z
7.706048171029574;1;2022-01-27T18:00:00Z
7.618342804963687;1;2022-01-27T19:00:00Z
7.8879957449654;1;2022-01-27T20:00:00Z
8.321158973125685;1;2022-01-27T21:00:00Z
8.546726224223198;1;2022-01-27T22:00:00Z
8.728097539454017;1;2022-01-27T23:00:00Z
8.87133039158457;1;2022-01-28T00:00:00Z
9.060641372930892;1;2022-01-28T01:00:00Z
8.873825938488716;1;2022-01-28T02:00:00Z
8.492092987504053;1;2022-01-28T03:00:00Z
8.277826712180051;1;2022-01-28T04:00:00Z
8.190970941270505;1;2022-01-28T05:00:00Z
7.968782143715972;1;2022-01-28T06:00:00Z
7.214349816419821;1;2022-01-28T07:00:00Z
7.25221945972171;1;2022-01-28T08:00:00Z
7.268584652294058;1;2022-01-28T09:00:00Z
6.7932489873681385;1;2022-01-28T10:00:00Z
6.733741899128306;1;2022-01-28T11:00:00Z
6.290723880507841;1;2022-01-28T12:00:00Z
6.073688872426503;1;2022-01-28T13:00:00Z
5.542778403536785;1;2022-01-28T14:00:00Z
5.524066642054055;1;2022-01-28T15:00:00Z
5.048367454253325;1;2022-01-28T16:00:00Z
4.5598831999702;1;2022-01-28T17:00:00Z
3.902819062840082;1;2022-01-28T18:00:00Z
3.690943401896219;1;2022-01-28T19:00:00Z
4.09354485668876;1;2022-01-28T20:00:00Z
3.599301366175347;1;2022-01-28T21:00:00Z
3.213272818760967;1;2022-01-28T22:00:00Z
3.020361528702936;1;2022-01-28T23:00:00Z
3.7016674491319503;1;2022-01-29T00:00:00Z
4.108323903908286;1;2022-01-29T01:00:00Z
4.301795769038388;1;2022-01-29T02:00:00Z
4.732106805817645;1;2022-01-29T03:00:00Z
5.286548413288553;1;2022-01-29T04:00:00Z
5.647584722444144;1;2022-01-29T05:00:00Z
6.0519809014612225;1;2022-01-29T06:00:00Z
6.059219941365096;1;2022-01-29T07:00:00Z
6.24142202121359;1;2022-01-29T08:00:00Z
6.506290995983938;1;2022-01-29T09:00:00Z
7.301239307830583;1;2022-01-29T10:00:00Z
7.1924222837702585;1;2022-01-29T11:00:00Z
7.4461315957811;1;2022-01-29T12:00:00Z
7.54555725750534;1;2022-01-29T13:00:00Z
8.253463009542044;1;2022-01-29T14:00:00Z
8.255677207213017;1;2022-01-29T15:00:00Z
9.00562561958024;1;2022-01-29T16:00:00Z
9.43180523158252;1;2022-01-29T17:00:00Z
10.092042555636878;1;2022-01-29T18:00:00Z
10.484545871282144;1;2022-01-29T19:00:00Z
10.691325953325778;1;2022-01-29T20:00:00Z
10.853668707162809;1;2022-01-29T21:00:00Z
11.45563405326224;1;2022-01-29T22:00:00Z
11.560821343306998;1;2022-01-29T23:00:00Z
11.569721253194913;1;2022-01-30T00:00:00Z
11.598888472466184;1;2022-01-30T01:00:00Z
12.039826190865023;1;2022-01-30T02:00:00Z
11.977030272284665;1;2022-01-30T03:00:00Z
12.16295043674066;1;2022-01-30T04:00:00Z
12.313056772444947;1;2022-01-30T05:00:00Z
12.26389294208077;1;2022-01-30T06:00:00Z
12.2491813072077;1;2022-01-30T07:00:00Z
12.031971946881628;1;2022-01-30T08:00:00Z
11.597698057608222;1;2022-01-30T09:00:00Z
9.844982783739606;1;2022-01-30T10:00:00Z
11.074576858146264;1;2022-01-30T11:00:00Z
9.644950756559275;1;2022-01-30T12:00:00Z
8.685664177480168;1;2022-01-30T13:00:00Z
8.294832597003923;1;2022-01-30T14:00:00Z
8.010000405210647;1;2022-01-30T15:00:00Z
7.537012009078715;1;2022-01-30T16:00:00Z
7.074547327005182;1;2022-01-30T17:00:00Z
6.971445152941907;1;2022-01-30T18:00:00Z
6.81560808785659;1;2022-01-30T19:00:00Z
6.421818241940463;1;2022-01-30T20:00:00Z
6.131677251939416;1;2022-01-30T21:00:00Z
5.445047086192375;1;2022-01-30T22:00:00Z
5.058155100847428;1;2022-01-30T23:00:00Z
5.1109806882318045;1;2022-01-31T00:00:00Z
4.805882551125552;1;2022-01-31T01:00:00Z
4.230666008033004;1;2022-01-31T02:00:00Z
4.416705418265455;1;2022-01-31T03:00:00Z
3.879350019374295;1;2022-01-31T04:00:00Z
2.829017846004146;1;2022-01-31T05:00:00Z
2.75450439726793;1;2022-01-31T06:00:00Z
2.70497129862543;1;2022-01-31T07:00:00Z
2.8220467549036625;1;2022-01-31T08:00:00Z
2.715081766406854;1;2022-01-31T09:00:00Z
1.6125516422430761;1;2022-01-31T10:00:00Z
1.610372644406449;1;2022-01-31T11:00:00Z
1.2716453175840872;1;2022-01-31T12:00:00Z
1.3586050648638803;1;2022-01-31T13:00:00Z
1.5810869996483619;1;2022-01-31T14:00:00Z
1.433462114239846;1;2022-01-31T15:00:00Z
1.8740099186091144;1;2022-01-31T16:00:00Z
2.252862086992312;1;2022-01-31T17:00:00Z
2.2111750606213656;1;2022-01-31T18:00:00Z
2.126587797417696;1;2022-01-31T19:00:00Z
2.2686384648036686;1;2022-01-31T20:00:00Z
1.937636073704583;1;2022-01-31T21:00:00Z
2.746122407970598;1;2022-01-31T22:00:00Z
3.070535751263674;1;2022-01-31T23:00:00Z
3.3352357924358804;1;2022-02-01T00:00:00Z
3.6502840962838237;1;2022-02-01T01:00:00Z
4.061456443885345;1;2022-02-01T02:00:00Z
3.892890555007714;1;2022-02-01T03:00:00Z
3.8603026346480998;1;2022-02-01T04:00:00Z
4.407661088116222;1;2022-02-01T05:00:00Z
4.921744711263681;1;2022-02-01T06:00:00Z
5.424142967948952;1;2022-02-01T07:00:00Z
5.51773245406263;1;2022-02-01T08:00:00Z
5.209442543543571;1;2022-02-01T09:00:00Z
6.546540601832082;1;2022-02-01T10:00:00Z
6.231087167759999;1;2022-02-01T11:00:00Z
6.918048742414004;1;2022-02-01T12:00:00Z
6.47855457488497;1;2022-02-01T13:00:00Z
6.798595601186029;1;2022-02-01T14:00:00Z
7.478735543747825;1;2022-02-01T15:00:00Z
7.609120970124995;1;2022-02-01T16:00:00Z
7.82020357170034;1;2022-02-01T17:00:00Z
7.7124252464459015;1;2022-02-01T18:00:00Z
7.991248714010857;1;2022-02-01T19:00:00Z
8.38569535011563;1;2022-02-01T20:00:00Z
8.384121805659206;1;2022-02-01T21:00:00Z
7.954766283839907;1;2022-02-01T22:00:00Z
8.036669615292276;1;2022-02-01T23:00:00Z
7.8505078545583835;1;2022-02-02T00:00:00Z
7.687010015418487;1;2022-02-02T01:00:00Z
7.485896932201477;1;2022-02-02T02:00:00Z
7.762811969163348;1;2022-02-02T03:00:00Z
8.197859004227821;1;2022-02-02T04:00:00Z
8.155437537879077;1;2022-02-02T05:00:00Z
7.873950864517351;1;2022-02-02T06:00:00Z
7.949346046100116;1;2022-02-02T07:00:00Z
8.02486540281269;1;2022-02-02T08:00:00Z
8.446753518857586;1;2022-02-02T09:00:00Z
8.682077285198261;1;2022-02-02T10:00:00Z
8.631015117339999;1;2022-02-02T11:00:00Z
8.832355062642723;1;2022-02-02T12:00:00Z
8.42136465071447;1;2022-02-02T13:00:00Z
7.319369772992318;1;2022-02-02T14:00:00Z
6.341378861554989;1;2022-02-02T15:00:00Z
5.5096951691331295;1;2022-02-02T16:00:00Z
4.5116460776688685;1;2022-02-02T17:00:00Z
4.3370309586146245;1;2022-02-02T18:00:00Z
4.53236749168583;1;2022-02-02T19:00:00Z
4.349974543760744;1;2022-02-02T20:00:00Z
4.140278747765056;1;2022-02-02T21:00:00Z
4.1268550728571345;1;2022-02-02T22:00:00Z
3.635104002903383;1;2022-02-02T23:00:00Z
3.306277487450208;1;2022-02-03T00:00:00Z
3.8438298667987385;1;2022-02-03T01:00:00Z
3.699737727707568;1;2022-02-03T02:00:00Z
3.4999785181433194;1;2022-02-03T03:00:00Z
3.4501373463541833;1;2022-02-03T04:00:00Z
3.61471918417906;1;2022-02-03T05:00:00Z
3.7560276431656656;1;2022-02-03T06:00:00Z
3.760366141306212;1;2022-02-03T07:00:00Z
3.8494098669819703;1;2022-02-03T08:00:00Z
3.805544218028916;1;2022-02-03T09:00:00Z
3.8629428720133268;1;2022-02-03T10:00:00Z
3.981229967241992;1;2022-02-03T11:00:00Z
3.9159803322637927;1;2022-02-03T12:00:00Z
3.6673642418381442;1;2022-02-03T13:00:00Z
3.7688003325961894;1;2022-02-03T14:00:00Z
4.006858982023802;1;2022-02-03T15:00:00Z
3.8825585145480876;1;2022-02-03T16:00:00Z
3.8330295749802787;1;2022-02-03T17:00:00Z
3.6869749331773356;1;2022-02-03T18:00:00Z
3.618949188460195;1;2022-02-03T19:00:00Z
3.6108134043793014;1;2022-02-03T20:00:00Z
3.5500181286641874;1;2022-02-03T21:00:00Z
3.5801371557160158;1;2022-02-03T22:00:00Z
3.5966518197767057;1;2022-02-03T23:00:00Z
3.3202875857918994;1;2022-02-04T00:00:00Z
3.307125380597109;1;2022-02-04T01:00:00Z
3.4789603934217865;1;2022-02-04T02:00:00Z
3.672637781165565;1;2022-02-04T03:00:00Z
3.7438216485948788;1;2022-02-04T04:00:00Z
3.8380395670452816;1;2022-02-04T05:00:00Z
3.741236278191584;1;2022-02-04T06:00:00Z
3.9400571747363125;1;2022-02-04T07:00:00Z
4.073928548987012;1;2022-02-04T08:00:00Z
4.704811804268694;1;2022-02-04T09:00:00Z
4.817005184936339;1;2022-02-04T10:00:00Z
4.567927991520624;1;2022-02-04T11:00:00Z
4.37768722319497;1;2022-02-04T12:00:00Z
5.353700733743992;1;2022-02-04T13:00:00Z
5.959004880022421;1;2022-02-04T14:00:00Z
5.795063636009829;1;2022-02-04T15:00:00Z
5.702150748819135;1;2022-02-04T16:00:00Z
6.033675908593881;1;2022-02-04T17:00:00Z
6.570881517929153;1;2022-02-04T18:00:00Z
6.943884783936013;1;2022-02-04T19:00:00Z
6.894891510271337;1;2022-02-04T20:00:00Z
7.044774721368624;1;2022-02-04T21:00:00Z
8.980257486555919;1;2022-02-04T22:00:00Z
8.678977732444991;1;2022-02-04T23:00:00Z
6.834788310324184;1;2022-02-05T00:00:00Z
6.900940220859934;1;2022-02-05T01:00:00Z
6.825509672433579;1;2022-02-05T02:00:00Z
6.682651482899788;1;2022-02-05T03:00:00Z
6.677742826301848;1;2022-02-05T04:00:00Z
6.698475780699179;1;2022-02-05T05:00:00Z
6.756088155478921;1;2022-02-05T06:00:00Z
6.69776251192733;1;2022-02-05T07:00:00Z
6.749923815802103;1;2022-02-05T08:00:00Z
7.12516061872881;1;2022-02-05T09:00:00Z
6.534101084916388;1;2022-02-05T10:00:00Z
6.435968352732235;1;2022-02-05T11:00:00Z
6.198670313533445;1;2022-02-05T12:00:00Z
6.823487488168308;1;2022-02-05T13:00:00Z
6.487919770424455;1;2022-02-05T14:00:00Z
5.96663677086703;1;2022-02-05T15:00:00Z
5.909124279870936;1;2022-02-05T16:00:00Z
6.12013006158872;1;2022-02-05T17:00:00Z
6.342058735750853;1;2022-02-05T18:00:00Z
6.337147790863285;1;2022-02-05T19:00:00Z
6.106559101215784;1;2022-02-05T20:00:00Z
6.244560801807508;1;2022-02-05T21:00:00Z
6.637285212143257;1;2022-02-05T22:00:00Z
6.826201267837733;1;2022-02-05T23:00:00Z
6.894763739230885;1;2022-02-06T00:00:00Z
7.223521036342595;1;2022-02-06T01:00:00Z
7.441585666400328;1;2022-02-06T02:00:00Z
7.534309241233137;1;2022-02-06T03:00:00Z
7.712403990191176;1;2022-02-06T04:00:00Z
8.0447978807527;1;2022-02-06T05:00:00Z
7.970837249284047;1;2022-02-06T06:00:00Z
8.15939753627528;1;2022-02-06T07:00:00Z
8.221798111925704;1;2022-02-06T08:00:00Z
8.203347719210715;1;2022-02-06T09:00:00Z
8.305955505990942;1;2022-02-06T10:00:00Z
7.89737811808071;1;2022-02-06T11:00:00Z
7.813465736006322;1;2022-02-06T12:00:00Z
8.34134588414297;1;2022-02-06T13:00:00Z
9.560529998262693;1;2022-02-06T14:00:00Z
9.456939203283113;1;2022-02-06T15:00:00Z
9.260502443908546;1;2022-02-06T16:00:00Z
8.699881586528797;1;2022-02-06T17:00:00Z
8.075757370604641;1;2022-02-06T18:00:00Z
7.1738155466067735;1;2022-02-06T19:00:00Z
6.122152159411124;1;2022-02-06T20:00:00Z
6.118360282308028;1;2022-02-06T21:00:00Z
5.65747756952722;1;2022-02-06T22:00:00Z
6.5499987223595815;1;2022-02-06T23:00:00Z
7.657826826912448;1;2022-02-07T00:00:00Z
6.884920370769168;1;2022-02-07T01:00:00Z
6.912569044912927;1;2022-02-07T02:00:00Z
7.2557551511561735;1;2022-02-07T03:00:00Z
6.781965453004253;1;2022-02-07T04:00:00Z
6.5216939449180185;1;2022-02-07T05:00:00Z
6.795503150353758;1;2022-02-07T06:00:00Z
6.5937837298589494;1;2022-02-07T07:00:00Z
6.535017882586704;1;2022-02-07T08:00:00Z
5.4727711371216365;1;2022-02-07T09:00:00Z
7.238653403720986;1;2022-02-07T10:00:00Z
8.359627120060429;1;2022-02-07T11:00:00Z
8.13248874585971;1;2022-02-07T12:00:00Z
8.547139775829793;1;2022-02-07T13:00:00Z
7.674959955409009;1;2022-02-07T14:00:00Z
7.08816860905991;1;2022-02-07T15:00:00Z
6.36273058733273;1;2022-02-07T16:00:00Z
6.301431772000145;1;2022-02-07T17:00:00Z
6.517037583946795;1;2022-02-07T18:00:00Z
6.614452470535684;1;2022-02-07T19:00:00Z
6.492599704107619;1;2022-02-07T20:00:00Z
6.33894515601541;1;2022-02-07T21:00:00Z
5.457823382494814;1;2022-02-07T22:00:00Z
4.779340803526981;1;2022-02-07T23:00:00Z
4.680907569438758;1;2022-02-08T00:00:00Z
4.6381413233152955;1;2022-02-08T01:00:00Z
4.577350004407548;1;2022-02-08T02:00:00Z
4.812164475051016;1;2022-02-08T03:00:00Z
4.801118209416322;1;2022-02-08T04:00:00Z
4.938125839143105;1;2022-02-08T05:00:00Z
5.231261136956197;1;2022-02-08T06:00:00Z
5.461124540603654;1;2022-02-08T07:00:00Z
5.694693741533864;1;2022-02-08T08:00:00Z
6.136715314694333;1;2022-02-08T09:00:00Z
6.935926986511364;1;2022-02-08T10:00:00Z
6.65995885474454;1;2022-02-08T11:00:00Z
6.7183416308775685;1;2022-02-08T12:00:00Z
6.927495841164485;1;2022-02-08T13:00:00Z
6.806017863821765;1;2022-02-08T14:00:00Z
6.932047707913232;1;2022-02-08T15:00:00Z
6.799197749624194;1;2022-02-08T16:00:00Z
6.430972855819912;1;2022-02-08T17:00:00Z
6.125632594174517;1;2022-02-08T18:00:00Z
5.727730866841704;1;2022-02-08T19:00:00Z
5.612286439412157;1;2022-02-08T20:00:00Z
5.551311097457804;1;2022-02-08T21:00:00Z
5.39914875892102;1;2022-02-08T22:00:00Z
5.21016707666028;1;2022-02-08T23:00:00Z
5.002032049149769;1;2022-02-09T00:00:00Z
5.030911697846052;1;2022-02-09T01:00:00Z
5.313068755861665;1;2022-02-09T02:00:00Z
5.581862060100414;1;2022-02-09T03:00:00Z
5.5011760564354155;1;2022-02-09T04:00:00Z
5.374784521398638;1;2022-02-09T05:00:00Z
5.404303984841552;1;2022-02-09T06:00:00Z
5.389141238038408;1;2022-02-09T07:00:00Z
5.656669698345037;1;2022-02-09T08:00:00Z
5.783720515303199;1;2022-02-09T09:00:00Z
5.35386214484194;1;2022-02-09T10:00:00Z
4.921866935269638;1;2022-02-09T11:00:00Z
4.515298964923537;1;2022-02-09T12:00:00Z
5.423703398583155;1;2022-02-09T13:00:00Z
5.6946881963346705;1;2022-02-09T14:00:00Z
5.263347159225087;1;2022-02-09T15:00:00Z
5.1423231500936755;1;2022-02-09T16:00:00Z
5.3051472832043265;1;2022-02-09T17:00:00Z
5.291510710549649;1;2022-02-09T18:00:00Z
5.277730232065964;1;2022-02-09T19:00:00Z
5.103086222890058;1;2022-02-09T20:00:00Z
4.8875877937129815;1;2022-02-09T21:00:00Z
4.495821517978143;1;2022-02-09T22:00:00Z
4.4374319639795345;1;2022-02-09T23:00:00Z
4.26520428472884;1;2022-02-10T00:00:00Z
4.216591218354618;1;2022-02-10T01:00:00Z
3.990801524139516;1;2022-02-10T02:00:00Z
3.337619798976723;1;2022-02-10T03:00:00Z
2.8564531164861946;1;2022-02-10T04:00:00Z
2.9212380766242685;1;2022-02-10T05:00:00Z
2.8863765185745804;1;2022-02-10T06:00:00Z
3.0697290494842755;1;2022-02-10T07:00:00Z
3.6304234436245757;1;2022-02-10T08:00:00Z
3.8253725669671717;1;2022-02-10T09:00:00Z
3.776581073975967;1;2022-02-10T10:00:00Z
3.7830587918607614;1;2022-02-10T11:00:00Z
4.3534665938042965;1;2022-02-10T12:00:00Z
3.53282749580727;1;2022-02-10T13:00:00Z
4.883622240620207;1;2022-02-10T14:00:00Z
3.661134752460775;1;2022-02-10T15:00:00Z
3.390707911312708;1;2022-02-10T16:00:00Z
2.8968480932443152;1;2022-02-10T17:00:00Z
2.7699939831058034;1;2022-02-10T18:00:00Z
3.146177879056401;1;2022-02-10T19:00:00Z
3.6893463166773977;1;2022-02-10T20:00:00Z
3.7915525267391237;1;2022-02-10T21:00:00Z
3.8265825848819515;1;2022-02-10T22:00:00Z
3.4844938149116538;1;2022-02-10T23:00:00Z
3.256435459544936;1;2022-02-11T00:00:00Z
2.7342319284604595;1;2022-02-11T01:00:00Z
2.8052572035291177;1;2022-02-11T02:00:00Z
3.098703303390288;1;2022-02-11T03:00:00Z
3.400523500222267;1;2022-02-11T04:00:00Z
3.332487163378904;1;2022-02-11T05:00:00Z
3.207793014978356;1;2022-02-11T06:00:00Z
2.8899326385714748;1;2022-02-11T07:00:00Z
3.384976494553326;1;2022-02-11T08:00:00Z
4.636835077398369;1;2022-02-11T09:00:00Z
3.9751214958255408;1;2022-02-11T10:00:00Z
3.99117923028479;1;2022-02-11T11:00:00Z
4.016748027964098;1;2022-02-11T12:00:00Z
3.92403491830627;1;2022-02-11T13:00:00Z
3.3152138363843973;1;2022-02-11T14:00:00Z
2.796242178139077;1;2022-02-11T15:00:00Z
2.8906760543918253;1;2022-02-11T16:00:00Z
3.4315170796451104;1;2022-02-11T17:00:00Z
4.398622927777678;1;2022-02-11T18:00:00Z
5.137551756092962;1;2022-02-11T19:00:00Z
4.7045825088970705;1;2022-02-11T20:00:00Z
4.4959592031328395;1;2022-02-11T21:00:00Z
3.250848265414453;1;2022-02-11T22:00:00Z
2.4511260535910075;1;2022-02-11T23:00:00Z
2.482011676762055;1;2022-02-12T00:00:00Z
2.443345022694577;1;2022-02-12T01:00:00Z
2.2814245118541567;1;2022-02-12T02:00:00Z
2.131019678942396;1;2022-02-12T03:00:00Z
2.182241787111124;1;2022-02-12T04:00:00Z
2.031463587193086;1;2022-02-12T05:00:00Z
1.9972004101915333;1;2022-02-12T06:00:00Z
2.2346885163941885;1;2022-02-12T07:00:00Z
2.7276676771374717;1;2022-02-12T08:00:00Z
2.8035280187049803;1;2022-02-12T09:00:00Z
2.851891309013221;1;2022-02-12T10:00:00Z
3.2624757668125612;1;2022-02-12T11:00:00Z
3.579675257785569;1;2022-02-12T12:00:00Z
3.677532517507177;1;2022-02-12T13:00:00Z
3.5555448553889946;1;2022-02-12T14:00:00Z
3.048114006737951;1;2022-02-12T15:00:00Z
2.9053763935533468;1;2022-02-12T16:00:00Z
3.211249612839412;1;2022-02-12T17:00:00Z
3.419999927947343;1;2022-02-12T18:00:00Z
3.6577467585323946;1;2022-02-12T19:00:00Z
3.927903480964213;1;2022-02-12T20:00:00Z
4.064835809258834;1;2022-02-12T21:00:00Z
4.210334407835659;1;2022-02-12T22:00:00Z
4.008382544909599;1;2022-02-12T23:00:00Z
3.858303440285773;1;2022-02-13T00:00:00Z
3.89111631754605;1;2022-02-13T01:00:00Z
3.970710521307925;1;2022-02-13T02:00:00Z
3.9682852712076007;1;2022-02-13T03:00:00Z
3.8873059486294053;1;2022-02-13T04:00:00Z
4.080244023616359;1;2022-02-13T05:00:00Z
4.355036583029067;1;2022-02-13T06:00:00Z
4.481405344066156;1;2022-02-13T07:00:00Z
4.505890769373131;1;2022-02-13T08:00:00Z
4.46618282911235;1;2022-02-13T09:00:00Z
4.322754892068962;1;2022-02-13T10:00:00Z
4.458430716458028;1;2022-02-13T11:00:00Z
4.493565805779938;1;2022-02-13T12:00:00Z
4.65882536708211;1;2022-02-13T13:00:00Z
4.705164354087051;1;2022-02-13T14:00:00Z
4.484151246145789;1;2022-02-13T15:00:00Z
4.173265728055392;1;2022-02-13T16:00:00Z
4.037863588752765;1;2022-02-13T17:00:00Z
4.478398671346967;1;2022-02-13T18:00:00Z
4.744471799234373;1;2022-02-13T19:00:00Z
5.2363467668809305;1;2022-02-13T20:00:00Z
5.04220908610829;1;2022-02-13T21:00:00Z
5.405744566787304;1;2022-02-13T22:00:00Z
5.296550987691537;1;2022-02-13T23:00:00Z
5.218716548788607;1;2022-02-14T00:00:00Z
5.355133241818429;1;2022-02-14T01:00:00Z
5.46210463946935;1;2022-02-14T02:00:00Z
5.5419193794532955;1;2022-02-14T03:00:00Z
5.548045677577056;1;2022-02-14T04:00:00Z
5.438950731144355;1;2022-02-14T05:00:00Z
5.296075956150529;1;2022-02-14T06:00:00Z
5.135139865489505;1;2022-02-14T07:00:00Z
5.375161509559552;1;2022-02-14T08:00:00Z
5.1273187469336605;1;2022-02-14T09:00:00Z
5.132238192060033;1;2022-02-14T10:00:00Z
5.430158297807557;1;2022-02-14T11:00:00Z
5.5083328663444675;1;2022-02-14T12:00:00Z
4.9697082971774424;1;2022-02-14T13:00:00Z
4.838185139318642;1;2022-02-14T14:00:00Z
4.777429451148607;1;2022-02-14T15:00:00Z
4.773384920917507;1;2022-02-14T16:00:00Z
4.8640135299002045;1;2022-02-14T17:00:00Z
4.76703391852588;1;2022-02-14T18:00:00Z
4.561439398393089;1;2022-02-14T19:00:00Z
4.279336702890553;1;2022-02-14T20:00:00Z
3.7923188439479922;1;2022-02-14T21:00:00Z
4.20261383409727;1;2022-02-14T22:00:00Z
3.296126152459614;1;2022-02-14T23:00:00Z
3.076694602371764;1;2022-02-15T00:00:00Z
3.26032723837272;1;2022-02-15T01:00:00Z
3.3868931426030535;1;2022-02-15T02:00:00Z
3.5585028476785707;1;2022-02-15T03:00:00Z
3.472406521129677;1;2022-02-15T04:00:00Z
3.726554160661899;1;2022-02-15T05:00:00Z
3.6462923914466807;1;2022-02-15T06:00:00Z
3.814823942399406;1;2022-02-15T07:00:00Z
4.059533401216485;1;2022-02-15T08:00:00Z
4.026101369081312;1;2022-02-15T09:00:00Z
4.859195902177604;1;2022-02-15T10:00:00Z
5.414124100866212;1;2022-02-15T11:00:00Z
5.443134367936294;1;2022-02-15T12:00:00Z
4.619975466177136;1;2022-02-15T13:00:00Z
3.652859629271413;1;2022-02-15T14:00:00Z
2.9801330317801518;1;2022-02-15T15:00:00Z
2.276634153607061;1;2022-02-15T16:00:00Z
3.0097574722411586;1;2022-02-15T17:00:00Z
3.643771670193222;1;2022-02-15T18:00:00Z
4.324389245730768;1;2022-02-15T19:00:00Z
4.86952664816348;1;2022-02-15T20:00:00Z
5.122996336400845;1;2022-02-15T21:00:00Z
6.320351900113161;1;2022-02-15T22:00:00Z
6.112860012426046;1;2022-02-15T23:00:00Z
6.253861976840837;1;2022-02-16T00:00:00Z
6.365681357345438;1;2022-02-16T01:00:00Z
6.43427624021433;1;2022-02-16T02:00:00Z
6.524787080798656;1;2022-02-16T03:00:00Z
6.242808739805006;1;2022-02-16T04:00:00Z
6.027550093651676;1;2022-02-16T05:00:00Z
5.853137432669689;1;2022-02-16T06:00:00Z
5.949656652421896;1;2022-02-16T07:00:00Z
6.243893907697509;1;2022-02-16T08:00:00Z
6.692414656905147;1;2022-02-16T09:00:00Z
6.37678036078107;1;2022-02-16T10:00:00Z
7.565406583618354;1;2022-02-16T11:00:00Z
8.080831164177868;1;2022-02-16T12:00:00Z
8.641467380788248;1;2022-02-16T13:00:00Z
8.268312264839128;1;2022-02-16T14:00:00Z
8.081325060883941;1;2022-02-16T15:00:00Z
7.995662208891776;1;2022-02-16T16:00:00Z
7.823659130959075;1;2022-02-16T17:00:00Z
7.648881874042428;1;2022-02-16T18:00:00Z
7.871678166514931;1;2022-02-16T19:00:00Z
8.095232419129422;1;2022-02-16T20:00:00Z
8.302076696644654;1;2022-02-16T21:00:00Z
9.753317229148548;1;2022-02-16T22:00:00Z
10.10452703768549;1;2022-02-16T23:00:00Z
10.927414418389011;1;2022-02-17T00:00:00Z
12.819734694140731;1;2022-02-17T01:00:00Z
11.852556093763756;1;2022-02-17T02:00:00Z
10.30472833456738;1;2022-02-17T03:00:00Z
9.573936074282603;1;2022-02-17T04:00:00Z
9.36687318966078;1;2022-02-17T05:00:00Z
10.03673415241042;1;2022-02-17T06:00:00Z
11.346355129160127;1;2022-02-17T07:00:00Z
12.38444955736369;1;2022-02-17T08:00:00Z
12.982948101239565;1;2022-02-17T09:00:00Z
12.630807298913416;1;2022-02-17T10:00:00Z
13.005619579942747;1;2022-02-17T11:00:00Z
11.560300210406332;1;2022-02-17T12:00:00Z
11.129327246101074;1;2022-02-17T13:00:00Z
10.50543474140329;1;2022-02-17T14:00:00Z
9.672490444134029;1;2022-02-17T15:00:00Z
9.554216047252517;1;2022-02-17T16:00:00Z
9.731013397209598;1;2022-02-17T17:00:00Z
8.989616456662763;1;2022-02-17T18:00:00Z
9.055243759475465;1;2022-02-17T19:00:00Z
8.874337431042312;1;2022-02-17T20:00:00Z
8.958302040048256;1;2022-02-17T21:00:00Z
8.578668199391016;1;2022-02-17T22:00:00Z
8.477751879817689;1;2022-02-17T23:00:00Z
8.340452004032077;1;2022-02-18T00:00:00Z
7.904335195603216;1;2022-02-18T01:00:00Z
7.312855025820854;1;2022-02-18T02:00:00Z
6.773754338301238;1;2022-02-18T03:00:00Z
5.88431568533707;1;2022-02-18T04:00:00Z
5.756309529127455;1;2022-02-18T05:00:00Z
5.386621533871438;1;2022-02-18T06:00:00Z
4.565960580758633;1;2022-02-18T07:00:00Z
4.096825575624075;1;2022-02-18T08:00:00Z
4.404819299376077;1;2022-02-18T09:00:00Z
4.845617794134552;1;2022-02-18T10:00:00Z
6.067937289835186;1;2022-02-18T11:00:00Z
5.670605806778012;1;2022-02-18T12:00:00Z
5.846126349291608;1;2022-02-18T13:00:00Z
6.911593056540145;1;2022-02-18T14:00:00Z
6.868469121999919;1;2022-02-18T15:00:00Z
7.54840816377498;1;2022-02-18T16:00:00Z
8.040472113053168;1;2022-02-18T17:00:00Z
8.53995917494401;1;2022-02-18T18:00:00Z
9.531157388941073;1;2022-02-18T19:00:00Z
10.832589228682867;1;2022-02-18T20:00:00Z
11.948103127081062;1;2022-02-18T21:00:00Z
11.618964000300707;1;2022-02-18T22:00:00Z
11.417820943237778;1;2022-02-18T23:00:00Z
11.163649170625952;1;2022-02-19T00:00:00Z
11.896225363056107;1;2022-02-19T01:00:00Z
12.300041471710097;1;2022-02-19T02:00:00Z
12.571662397254178;1;2022-02-19T03:00:00Z
12.715604853347278;1;2022-02-19T04:00:00Z
12.496887139005223;1;2022-02-19T05:00:00Z
12.111897347012663;1;2022-02-19T06:00:00Z
11.471946917861688;1;2022-02-19T07:00:00Z
9.78410130602536;1;2022-02-19T08:00:00Z
11.488650469359408;1;2022-02-19T09:00:00Z
7.668904280003315;1;2022-02-19T10:00:00Z
10.1815303310022;1;2022-02-19T11:00:00Z
9.50995516475963;1;2022-02-19T12:00:00Z
8.944288481786455;1;2022-02-19T13:00:00Z
8.907222637990314;1;2022-02-19T14:00:00Z
7.671404963171229;1;2022-02-19T15:00:00Z
6.6924582461718405;1;2022-02-19T16:00:00Z
5.9327040665881;1;2022-02-19T17:00:00Z
5.340749521490981;1;2022-02-19T18:00:00Z
5.413858951537434;1;2022-02-19T19:00:00Z
5.400382552600343;1;2022-02-19T20:00:00Z
5.327753001347189;1;2022-02-19T21:00:00Z
6.496583008933922;1;2022-02-19T22:00:00Z
5.847116412047545;1;2022-02-19T23:00:00Z
4.693020797135674;1;2022-02-20T00:00:00Z
4.722129920300402;1;2022-02-20T01:00:00Z
4.956418202059475;1;2022-02-20T02:00:00Z
4.482377807041602;1;2022-02-20T03:00:00Z
3.98733116297553;1;2022-02-20T04:00:00Z
4.092308921107334;1;2022-02-20T05:00:00Z
4.921114821339238;1;2022-02-20T06:00:00Z
5.242461219544124;1;2022-02-20T07:00:00Z
6.271013026816371;1;2022-02-20T08:00:00Z
6.008033952960137;1;2022-02-20T09:00:00Z
5.570475571919392;1;2022-02-20T10:00:00Z
5.646577403779294;1;2022-02-20T11:00:00Z
6.3081245139342474;1;2022-02-20T12:00:00Z
6.8041515078489;1;2022-02-20T13:00:00Z
6.741376219799132;1;2022-02-20T14:00:00Z
7.490668826082001;1;2022-02-20T15:00:00Z
7.887922690729198;1;2022-02-20T16:00:00Z
7.91755370504179;1;2022-02-20T17:00:00Z
7.8086049606181245;1;2022-02-20T18:00:00Z
8.290152419489244;1;2022-02-20T19:00:00Z
8.141204675560703;1;2022-02-20T20:00:00Z
8.018757691404753;1;2022-02-20T21:00:00Z
9.206210370398196;1;2022-02-20T22:00:00Z
9.274412298657952;1;2022-02-20T23:00:00Z
9.098142386272453;1;2022-02-21T00:00:00Z
9.465380715600643;1;2022-02-21T01:00:00Z
9.905656844402223;1;2022-02-21T02:00:00Z
10.44282298131917;1;2022-02-21T03:00:00Z
9.548836506277535;1;2022-02-21T04:00:00Z
9.172143813309964;1;2022-02-21T05:00:00Z
9.042723290333676;1;2022-02-21T06:00:00Z
8.844505979759205;1;2022-02-21T07:00:00Z
7.85676219018853;1;2022-02-21T08:00:00Z
7.9808424116866545;1;2022-02-21T09:00:00Z
6.5429422384854705;1;2022-02-21T10:00:00Z
8.656382842589645;1;2022-02-21T11:00:00Z
8.792059728150564;1;2022-02-21T12:00:00Z
9.178785006620258;1;2022-02-21T13:00:00Z
8.33207794391115;1;2022-02-21T14:00:00Z
7.162091919258656;1;2022-02-21T15:00:00Z
6.709027412642655;1;2022-02-21T16:00:00Z
6.300154426451374;1;2022-02-21T17:00:00Z
5.625737773829766;1;2022-02-21T18:00:00Z
5.042831209571379;1;2022-02-21T19:00:00Z
5.490660407684473;1;2022-02-21T20:00:00Z
5.987617712276947;1;2022-02-21T21:00:00Z
6.382071373887152;1;2022-02-21T22:00:00Z
6.242057368586195;1;2022-02-21T23:00:00Z
6.03663757418293;1;2022-02-22T00:00:00Z
5.876530572384022;1;2022-02-22T01:00:00Z
5.744085601744858;1;2022-02-22T02:00:00Z
6.211306967732355;1;2022-02-22T03:00:00Z
7.242972902013232;1;2022-02-22T04:00:00Z
7.018309747704114;1;2022-02-22T05:00:00Z
6.644111813547117;1;2022-02-22T06:00:00Z
6.253961922393051;1;2022-02-22T07:00:00Z
6.152644264551061;1;2022-02-22T08:00:00Z
7.9596768082553;1;2022-02-22T09:00:00Z
6.763971165121891;1;2022-02-22T10:00:00Z
7.060021291702717;1;2022-02-22T11:00:00Z
6.576036951961776;1;2022-02-22T12:00:00Z
6.9686350623516775;1;2022-02-22T13:00:00Z
5.906379010706461;1;2022-02-22T14:00:00Z
5.014578336002016;1;2022-02-22T15:00:00Z
4.565474853341374;1;2022-02-22T16:00:00Z
5.1778154727056105;1;2022-02-22T17:00:00Z
5.483807309713342;1;2022-02-22T18:00:00Z
5.706997652515107;1;2022-02-22T19:00:00Z
5.8749455580189;1;2022-02-22T20:00:00Z
6.193898786095001;1;2022-02-22T21:00:00Z
6.830789067639047;1;2022-02-22T22:00:00Z
7.348769832333752;1;2022-02-22T23:00:00Z
8.205605966486315;1;2022-02-23T00:00:00Z
7.786428231625942;1;2022-02-23T01:00:00Z
7.251906866614387;1;2022-02-23T02:00:00Z
6.706644477153869;1;2022-02-23T03:00:00Z
6.584539626033243;1;2022-02-23T04:00:00Z
6.490009914044482;1;2022-02-23T05:00:00Z
6.4627000625089615;1;2022-02-23T06:00:00Z
6.418956625640753;1;2022-02-23T07:00:00Z
5.8500590405556645;1;2022-02-23T08:00:00Z
8.620351088317955;1;2022-02-23T09:00:00Z
7.609823083739591;1;2022-02-23T10:00:00Z
7.844234890330672;1;2022-02-23T11:00:00Z
7.102866572955051;1;2022-02-23T12:00:00Z
6.402431513326319;1;2022-02-23T13:00:00Z
4.667711497519663;1;2022-02-23T14:00:00Z
4.103639826677899;1;2022-02-23T15:00:00Z
3.1108318186105266;1;2022-02-23T16:00:00Z
2.6053912953188134;1;2022-02-23T17:00:00Z
2.930663206054677;1;2022-02-23T18:00:00Z
3.215185635136059;1;2022-02-23T19:00:00Z
2.963976391497606;1;2022-02-23T20:00:00Z
3.1066140229171872;1;2022-02-23T21:00:00Z
3.4412626806523074;1;2022-02-23T22:00:00Z
3.4711947386811595;1;2022-02-23T23:00:00Z
3.5516796872305116;1;2022-02-24T00:00:00Z
3.842531050983889;1;2022-02-24T01:00:00Z
4.038381686510811;1;2022-02-24T02:00:00Z
4.188581684442736;1;2022-02-24T03:00:00Z
4.300649754521953;1;2022-02-24T04:00:00Z
4.595948899330966;1;2022-02-24T05:00:00Z
4.730755698503163;1;2022-02-24T06:00:00Z
4.885244577444878;1;2022-02-24T07:00:00Z
4.566189331127623;1;2022-02-24T08:00:00Z
4.422631476281226;1;2022-02-24T09:00:00Z
4.748827416908046;1;2022-02-24T10:00:00Z
4.975751155743112;1;2022-02-24T11:00:00Z
5.833803476436013;1;2022-02-24T12:00:00Z
6.984452526883571;1;2022-02-24T13:00:00Z
5.886415613015989;1;2022-02-24T14:00:00Z
6.082373132075307;1;2022-02-24T15:00:00Z
6.1307506138993375;1;2022-02-24T16:00:00Z
6.489149909627013;1;2022-02-24T17:00:00Z
6.641275280679653;1;2022-02-24T18:00:00Z
6.926706341946585;1;2022-02-24T19:00:00Z
7.260315256591988;1;2022-02-24T20:00:00Z
8.5108968303043;1;2022-02-24T21:00:00Z
6.895869178042584;1;2022-02-24T22:00:00Z
7.096521044865917;1;2022-02-24T23:00:00Z
6.6907600781923895;1;2022-02-25T00:00:00Z
5.9474287267337;1;2022-02-25T01:00:00Z
6.070787672266425;1;2022-02-25T02:00:00Z
6.08297955864481;1;2022-02-25T03:00:00Z
5.838079789164263;1;2022-02-25T04:00:00Z
5.715042494988314;1;2022-02-25T05:00:00Z
5.6304526705276245;1;2022-02-25T06:00:00Z
5.790366999099806;1;2022-02-25T07:00:00Z
5.2568388065680125;1;2022-02-25T08:00:00Z
6.346849930040634;1;2022-02-25T09:00:00Z
7.196219093761315;1;2022-02-25T10:00:00Z
7.31461972060356;1;2022-02-25T11:00:00Z
7.188072095011559;1;2022-02-25T12:00:00Z
6.9768496648929155;1;2022-02-25T13:00:00Z
7.169397450380532;1;2022-02-25T14:00:00Z
6.413324548017514;1;2022-02-25T15:00:00Z
5.507110978367703;1;2022-02-25T16:00:00Z
5.061484922019669;1;2022-02-25T17:00:00Z
5.470810742252804;1;2022-02-25T18:00:00Z
5.449136444939603;1;2022-02-25T19:00:00Z
4.897673072907388;1;2022-02-25T20:00:00Z
4.695121718884556;1;2022-02-25T21:00:00Z
4.169793011677809;1;2022-02-25T22:00:00Z
4.154983844523412;1;2022-02-25T23:00:00Z
4.4145902978088545;1;2022-02-26T00:00:00Z
4.44513181933961;1;2022-02-26T01:00:00Z
4.30934596067351;1;2022-02-26T02:00:00Z
4.3364588828089;1;2022-02-26T03:00:00Z
3.955207213224709;1;2022-02-26T04:00:00Z
3.3849396771260194;1;2022-02-26T05:00:00Z
3.2733275009944593;1;2022-02-26T06:00:00Z
3.5442411269107343;1;2022-02-26T07:00:00Z
3.5834065706442466;1;2022-02-26T08:00:00Z
4.410626398465954;1;2022-02-26T09:00:00Z
3.950727829315163;1;2022-02-26T10:00:00Z
3.7015560424830216;1;2022-02-26T11:00:00Z
3.3908172906501908;1;2022-02-26T12:00:00Z
3.148338999110337;1;2022-02-26T13:00:00Z
3.0493722206754614;1;2022-02-26T14:00:00Z
2.5839769589084467;1;2022-02-26T15:00:00Z
1.5286953418409874;1;2022-02-26T16:00:00Z
1.8197191483739412;1;2022-02-26T17:00:00Z
2.0455770346853863;1;2022-02-26T18:00:00Z
2.308755633244939;1;2022-02-26T19:00:00Z
2.657064047726778;1;2022-02-26T20:00:00Z
2.689158921608517;1;2022-02-26T21:00:00Z
2.4808052990852207;1;2022-02-26T22:00:00Z
1.9479652456679306;1;2022-02-26T23:00:00Z
1.8247182420107024;1;2022-02-27T00:00:00Z
1.7030604563140679;1;2022-02-27T01:00:00Z
1.8552638624229885;1;2022-02-27T02:00:00Z
1.7972515609376378;1;2022-02-27T03:00:00Z
1.7966774368126532;1;2022-02-27T04:00:00Z
1.7956831945564087;1;2022-02-27T05:00:00Z
1.8553112131791416;1;2022-02-27T06:00:00Z
2.270676834853543;1;2022-02-27T07:00:00Z
2.3980164170666685;1;2022-02-27T08:00:00Z
2.401410335614987;1;2022-02-27T09:00:00Z
2.064668844423674;1;2022-02-27T10:00:00Z
1.8283436978071865;1;2022-02-27T11:00:00Z
1.7257615758275018;1;2022-02-27T12:00:00Z
1.5870681092967311;1;2022-02-27T13:00:00Z
1.618006442490472;1;2022-02-27T14:00:00Z
1.6585782815848187;1;2022-02-27T15:00:00Z
1.5259854971511653;1;2022-02-27T16:00:00Z
1.5390003793458549;1;2022-02-27T17:00:00Z
1.595078020562079;1;2022-02-27T18:00:00Z
1.6469194736744268;1;2022-02-27T19:00:00Z
1.5652590859119968;1;2022-02-27T20:00:00Z
1.434104144691182;1;2022-02-27T21:00:00Z
2.166905465128186;1;2022-02-27T22:00:00Z
1.8260438130317465;1;2022-02-27T23:00:00Z
1.4936466299537399;1;2022-02-28T00:00:00Z
1.4846467977586402;1;2022-02-28T01:00:00Z
1.473357032160407;1;2022-02-28T02:00:00Z
1.5448728664545213;1;2022-02-28T03:00:00Z
1.4330365771632325;1;2022-02-28T04:00:00Z
0.9488281307133625;1;2022-02-28T05:00:00Z
0.8688395259024201;1;2022-02-28T06:00:00Z
1.1185196375046673;1;2022-02-28T07:00:00Z
1.2314321214645862;1;2022-02-28T08:00:00Z
1.5514721065502104;1;2022-02-28T09:00:00Z
1.9865700214973714;1;2022-02-28T10:00:00Z
2.2405885792187563;1;2022-02-28T11:00:00Z
2.4325382910632833;1;2022-02-28T12:00:00Z
2.1965204164666012;1;2022-02-28T13:00:00Z
2.225993536282927;1;2022-02-28T14:00:00Z
2.4703031031143072;1;2022-02-28T15:00:00Z
2.0011076279671234;1;2022-02-28T16:00:00Z
2.3462247579767075;1;2022-02-28T17:00:00Z
2.7582512578357403;1;2022-02-28T18:00:00Z
2.80029705888783;1;2022-02-28T19:00:00Z
3.000671961759188;1;2022-02-28T20:00:00Z
3.277779787902289;1;2022-02-28T21:00:00Z
3.6671608814616357;1;2022-02-28T22:00:00Z
3.6123791721322527;1;2022-02-28T23:00:00Z
3.4387312791763045;1;2022-03-01T00:00:00Z
3.2143433052878994;1;2022-03-01T01:00:00Z
2.9406698291862803;1;2022-03-01T02:00:00Z
2.815157245697495;1;2022-03-01T03:00:00Z
3.081321903682261;1;2022-03-01T04:00:00Z
3.32391683737954;1;2022-03-01T05:00:00Z
3.3187194078332607;1;2022-03-01T06:00:00Z
3.4664092627884866;1;2022-03-01T07:00:00Z
3.310159303357213;1;2022-03-01T08:00:00Z
3.240213959878763;1;2022-03-01T09:00:00Z
2.9318159790395386;1;2022-03-01T10:00:00Z
2.819638698550741;1;2022-03-01T11:00:00Z
2.921703640023691;1;2022-03-01T12:00:00Z
2.778649980975051;1;2022-03-01T13:00:00Z
2.4328371689036814;1;2022-03-01T14:00:00Z
1.7009913819156384;1;2022-03-01T15:00:00Z
1.885551594252488;1;2022-03-01T16:00:00Z
2.2580575773450997;1;2022-03-01T17:00:00Z
2.039951269281372;1;2022-03-01T18:00:00Z
1.9665593342457603;1;2022-03-01T19:00:00Z
2.155608366812043;1;2022-03-01T20:00:00Z
1.8434164074271693;1;2022-03-01T21:00:00Z
1.8556801756468246;1;2022-03-01T22:00:00Z
1.691890089661035;1;2022-03-01T23:00:00Z
1.6438309496921457;1;2022-03-02T00:00:00Z
1.7576860147696383;1;2022-03-02T01:00:00Z
1.7528346572686693;1;2022-03-02T02:00:00Z
1.4953405091115821;1;2022-03-02T03:00:00Z
1.4168457470152975;1;2022-03-02T04:00:00Z
1.354959222045829;1;2022-03-02T05:00:00Z
1.5015002494547667;1;2022-03-02T06:00:00Z
2.1307924096024036;1;2022-03-02T07:00:00Z
1.4899028333470912;1;2022-03-02T08:00:00Z
1.1016901278079163;1;2022-03-02T09:00:00Z
1.0955713983937272;1;2022-03-02T10:00:00Z
0.9675539802192533;1;2022-03-02T11:00:00Z
1.1831590474641218;1;2022-03-02T12:00:00Z
1.197202493020877;1;2022-03-02T13:00:00Z
1.047453115095978;1;2022-03-02T14:00:00Z
0.5947334264319183;1;2022-03-02T15:00:00Z
1.2196953723236237;1;2022-03-02T16:00:00Z
1.405882188979562;1;2022-03-02T17:00:00Z
1.0493845717800268;1;2022-03-02T18:00:00Z
1.1575283256726658;1;2022-03-02T19:00:00Z
0.7437753671194903;1;2022-03-02T20:00:00Z
0.37703120024331516;1;2022-03-02T21:00:00Z
0.35396262420058;1;2022-03-02T22:00:00Z
0.9930801765502363;1;2022-03-02T23:00:00Z
1.4337201947181608;1;2022-03-03T00:00:00Z
1.9775161787047857;1;2022-03-03T01:00:00Z
2.2744445500911006;1;2022-03-03T02:00:00Z
2.132845421697345;1;2022-03-03T03:00:00Z
1.8878874358056383;1;2022-03-03T04:00:00Z
1.8922325056084692;1;2022-03-03T05:00:00Z
1.9783705007471737;1;2022-03-03T06:00:00Z
2.407684192661061;1;2022-03-03T07:00:00Z
2.846445190323739;1;2022-03-03T08:00:00Z
2.8296838274548337;1;2022-03-03T09:00:00Z
2.90052056924592;1;2022-03-03T10:00:00Z
2.619655354909899;1;2022-03-03T11:00:00Z
2.801491117773049;1;2022-03-03T12:00:00Z
2.876383119799778;1;2022-03-03T13:00:00Z
3.02687911520163;1;2022-03-03T14:00:00Z
2.486306999682979;1;2022-03-03T15:00:00Z
1.4075243210841404;1;2022-03-03T16:00:00Z
1.480896581093023;1;2022-03-03T17:00:00Z
1.7387751982079969;1;2022-03-03T18:00:00Z
1.9319866476903769;1;2022-03-03T19:00:00Z
2.1020709559357185;1;2022-03-03T20:00:00Z
2.057026603268453;1;2022-03-03T21:00:00Z
2.400371829057964;1;2022-03-03T22:00:00Z
2.0253424446680133;1;2022-03-03T23:00:00Z
2.081843365592023;1;2022-03-04T00:00:00Z
1.943019565679343;1;2022-03-04T01:00:00Z
2.391300523283276;1;2022-03-04T02:00:00Z
1.939050325861199;1;2022-03-04T03:00:00Z
1.7325726357045645;1;2022-03-04T04:00:00Z
1.8098261113513718;1;2022-03-04T05:00:00Z
2.0520724925826945;1;2022-03-04T06:00:00Z
2.5654988784616304;1;2022-03-04T07:00:00Z
3.122440892673476;1;2022-03-04T08:00:00Z
3.7488767920435313;1;2022-03-04T09:00:00Z
3.416119118563762;1;2022-03-04T10:00:00Z
3.0124733257629748;1;2022-03-04T11:00:00Z
2.8069449295430777;1;2022-03-04T12:00:00Z
2.4522047522452572;1;2022-03-04T13:00:00Z
2.345341709655304;1;2022-03-04T14:00:00Z
1.7973454298315248;1;2022-03-04T15:00:00Z
1.180686937264891;1;2022-03-04T16:00:00Z
1.3493968338537206;1;2022-03-04T17:00:00Z
1.3913676353205056;1;2022-03-04T18:00:00Z
1.4183161511197708;1;2022-03-04T19:00:00Z
1.3097017914110272;1;2022-03-04T20:00:00Z
1.32205226163659;1;2022-03-04T21:00:00Z
1.3161220839170906;1;2022-03-04T22:00:00Z
1.4298899832153362;1;2022-03-04T23:00:00Z
1.7249998383288916;1;2022-03-05T00:00:00Z
1.802164274139305;1;2022-03-05T01:00:00Z
2.046371854552904;1;2022-03-05T02:00:00Z
2.1588060195433347;1;2022-03-05T03:00:00Z
2.121421053921276;1;2022-03-05T04:00:00Z
2.0211173200147448;1;2022-03-05T05:00:00Z
2.0413467435760686;1;2022-03-05T06:00:00Z
2.208447234520853;1;2022-03-05T07:00:00Z
2.078131202593941;1;2022-03-05T08:00:00Z
1.7490727435681381;1;2022-03-05T09:00:00Z
1.6331208237995147;1;2022-03-05T10:00:00Z
1.2803136056216151;1;2022-03-05T11:00:00Z
1.4018810606537235;1;2022-03-05T12:00:00Z
1.9529767651132515;1;2022-03-05T13:00:00Z
2.3366362771264453;1;2022-03-05T14:00:00Z
2.1838982559629936;1;2022-03-05T15:00:00Z
2.1418896589060132;1;2022-03-05T16:00:00Z
2.2299833241423594;1;2022-03-05T17:00:00Z
2.417284995670023;1;2022-03-05T18:00:00Z
2.235509839647972;1;2022-03-05T19:00:00Z
1.743479914424242;1;2022-03-05T20:00:00Z
1.4669697905461467;1;2022-03-05T21:00:00Z
1.3888992741214092;1;2022-03-05T22:00:00Z
1.2947715556021773;1;2022-03-05T23:00:00Z
1.501137991122173;1;2022-03-06T00:00:00Z
1.2765197987278154;1;2022-03-06T01:00:00Z
1.5088399752129786;1;2022-03-06T02:00:00Z
1.4078820521290767;1;2022-03-06T03:00:00Z
1.3843612526357374;1;2022-03-06T04:00:00Z
1.3044978401048593;1;2022-03-06T05:00:00Z
1.392414744635661;1;2022-03-06T06:00:00Z
1.7765615385369429;1;2022-03-06T07:00:00Z
1.637531785253437;1;2022-03-06T08:00:00Z
1.9024026804085905;1;2022-03-06T09:00:00Z
2.293094945190726;1;2022-03-06T10:00:00Z
2.31854011780594;1;2022-03-06T11:00:00Z
2.4617744314065573;1;2022-03-06T12:00:00Z
3.0019268791074705;1;2022-03-06T13:00:00Z
2.9588938738865083;1;2022-03-06T14:00:00Z
2.67134439383911;1;2022-03-06T15:00:00Z
2.3060196535795745;1;2022-03-06T16:00:00Z
1.4850545009307725;1;2022-03-06T17:00:00Z
1.2929620390121697;1;2022-03-06T18:00:00Z
1.529407901150401;1;2022-03-06T19:00:00Z
1.452937843229885;1;2022-03-06T20:00:00Z
1.5037718385972487;1;2022-03-06T21:00:00Z
1.6207808234223955;1;2022-03-06T22:00:00Z
1.3996101393828855;1;2022-03-06T23:00:00Z
1.6320067481465612;1;2022-03-07T00:00:00Z
1.6216704512703255;1;2022-03-07T01:00:00Z
1.7174571569801846;1;2022-03-07T02:00:00Z
2.1503383867206303;1;2022-03-07T03:00:00Z
2.3177195595467706;1;2022-03-07T04:00:00Z
2.7441152001710427;1;2022-03-07T05:00:00Z
2.8035393575452163;1;2022-03-07T06:00:00Z
3.195901309803269;1;2022-03-07T07:00:00Z
3.0879165400065274;1;2022-03-07T08:00:00Z
3.1815450276073984;1;2022-03-07T09:00:00Z
2.773761398314391;1;2022-03-07T10:00:00Z
2.821180698095326;1;2022-03-07T11:00:00Z
3.2152317256348155;1;2022-03-07T12:00:00Z
3.4893946043588344;1;2022-03-07T13:00:00Z
3.584090096003727;1;2022-03-07T14:00:00Z
2.9354112317600487;1;2022-03-07T15:00:00Z
2.2041667099500852;1;2022-03-07T16:00:00Z
2.426170619326342;1;2022-03-07T17:00:00Z
2.463551084944148;1;2022-03-07T18:00:00Z
2.4979998304349986;1;2022-03-07T19:00:00Z
2.588677013280109;1;2022-03-07T20:00:00Z
2.362777463663952;1;2022-03-07T21:00:00Z
2.322555937354551;1;2022-03-07T22:00:00Z
2.2046814759535707;1;2022-03-07T23:00:00Z
2.3449407231516766;1;2022-03-08T00:00:00Z
1.8873377810161263;1;2022-03-08T01:00:00Z
1.8630154326009056;1;2022-03-08T02:00:00Z
1.889030928432906;1;2022-03-08T03:00:00Z
1.3707534248224298;1;2022-03-08T04:00:00Z
1.2775828922290864;1;2022-03-08T05:00:00Z
1.3540591884304636;1;2022-03-08T06:00:00Z
0.820294388697075;1;2022-03-08T07:00:00Z
0.19806397050121125;1;2022-03-08T08:00:00Z
0.29102170864493504;1;2022-03-08T09:00:00Z
0.32729648330160094;1;2022-03-08T10:00:00Z
0.05402220349035829;1;2022-03-08T11:00:00Z
0.6851716757325775;1;2022-03-08T12:00:00Z
0.7669372949126547;1;2022-03-08T13:00:00Z
0.6207908515659932;1;2022-03-08T14:00:00Z
0.3917005302209735;1;2022-03-08T15:00:00Z
0.4846533126542625;1;2022-03-08T16:00:00Z
0.7949487350075904;1;2022-03-08T17:00:00Z
1.1534409553303615;1;2022-03-08T18:00:00Z
1.2887037339270542;1;2022-03-08T19:00:00Z
0.9224365155570438;1;2022-03-08T20:00:00Z
0.21349744864021433;1;2022-03-08T21:00:00Z
0.8250122777501807;1;2022-03-08T22:00:00Z
1.6419703012466664;1;2022-03-08T23:00:00Z
2.175832616446038;1;2022-03-09T00:00:00Z
2.1541855062278197;1;2022-03-09T01:00:00Z
1.9695981348446927;1;2022-03-09T02:00:00Z
2.057444610330799;1;2022-03-09T03:00:00Z
2.2441825584456323;1;2022-03-09T04:00:00Z
2.165871226460663;1;2022-03-09T05:00:00Z
2.0087981008250626;1;2022-03-09T06:00:00Z
1.6223643552643525;1;2022-03-09T07:00:00Z
0.7268564954100181;1;2022-03-09T08:00:00Z
0.5178437851639653;1;2022-03-09T09:00:00Z
0.5560963730254157;1;2022-03-09T10:00:00Z
0.866412207116082;1;2022-03-09T11:00:00Z
1.3688554379636073;1;2022-03-09T12:00:00Z
1.6210179903544966;1;2022-03-09T13:00:00Z
1.7988166653767927;1;2022-03-09T14:00:00Z
1.3232640005239835;1;2022-03-09T15:00:00Z
2.341260504305633;1;2022-03-09T16:00:00Z
2.6684272992636693;1;2022-03-09T17:00:00Z
2.4112986496202815;1;2022-03-09T18:00:00Z
2.5409191023812725;1;2022-03-09T19:00:00Z
2.324298361317352;1;2022-03-09T20:00:00Z
2.122639674765954;1;2022-03-09T21:00:00Z
2.109385039034022;1;2022-03-09T22:00:00Z
2.054315695908068;1;2022-03-09T23:00:00Z
2.0167153571246743;1;2022-03-10T00:00:00Z
2.077021074408135;1;2022-03-10T01:00:00Z
2.2074568646772206;1;2022-03-10T02:00:00Z
2.232611081322705;1;2022-03-10T03:00:00Z
2.2759486029835507;1;2022-03-10T04:00:00Z
2.4314959901719884;1;2022-03-10T05:00:00Z
2.75618168172575;1;2022-03-10T06:00:00Z
3.5056401790718694;1;2022-03-10T07:00:00Z
3.6870184825597714;1;2022-03-10T08:00:00Z
4.155619554821258;1;2022-03-10T09:00:00Z
3.968399368256996;1;2022-03-10T10:00:00Z
4.393922821428038;1;2022-03-10T11:00:00Z
4.505210536505502;1;2022-03-10T12:00:00Z
4.571332425387333;1;2022-03-10T13:00:00Z
4.636622228938765;1;2022-03-10T14:00:00Z
4.172356084483082;1;2022-03-10T15:00:00Z
3.9886201117854596;1;2022-03-10T16:00:00Z
4.34983473710518;1;2022-03-10T17:00:00Z
4.964139110349633;1;2022-03-10T18:00:00Z
5.3024227887061395;1;2022-03-10T19:00:00Z
5.411054228913057;1;2022-03-10T20:00:00Z
5.451821096062236;1;2022-03-10T21:00:00Z
5.788560030094796;1;2022-03-10T22:00:00Z
5.60614990803568;1;2022-03-10T23:00:00Z
5.552189042999675;1;2022-03-11T00:00:00Z
5.401984247899632;1;2022-03-11T01:00:00Z
5.269272910727154;1;2022-03-11T02:00:00Z
5.202002923613105;1;2022-03-11T03:00:00Z
5.121956630981437;1;2022-03-11T04:00:00Z
5.186689839737732;1;2022-03-11T05:00:00Z
5.444599325754352;1;2022-03-11T06:00:00Z
5.264462544393399;1;2022-03-11T07:00:00Z
6.251664203341613;1;2022-03-11T08:00:00Z
6.455380968095446;1;2022-03-11T09:00:00Z
5.886453317546983;1;2022-03-11T10:00:00Z
6.05397657104982;1;2022-03-11T11:00:00Z
6.289771546521581;1;2022-03-11T12:00:00Z
6.349125950112519;1;2022-03-11T13:00:00Z
6.360191361793454;1;2022-03-11T14:00:00Z
6.009470366921765;1;2022-03-11T15:00:00Z
6.033859948214733;1;2022-03-11T16:00:00Z
6.157730722366681;1;2022-03-11T17:00:00Z
6.348781166056877;1;2022-03-11T18:00:00Z
6.256504145912135;1;2022-03-11T19:00:00Z
6.010811054958732;1;2022-03-11T20:00:00Z
5.8056132698064005;1;2022-03-11T21:00:00Z
5.765129295136205;1;2022-03-11T22:00:00Z
5.366558484156243;1;2022-03-11T23:00:00Z
5.203543373227478;1;2022-03-12T00:00:00Z
5.159692575948254;1;2022-03-12T01:00:00Z
4.9607389761979235;1;2022-03-12T02:00:00Z
4.703900087048396;1;2022-03-12T03:00:00Z
4.712668147379416;1;2022-03-12T04:00:00Z
4.637784723728957;1;2022-03-12T05:00:00Z
4.381054889429817;1;2022-03-12T06:00:00Z
4.501262849416735;1;2022-03-12T07:00:00Z
4.405336776242678;1;2022-03-12T08:00:00Z
4.762056222907669;1;2022-03-12T09:00:00Z
3.982736330825347;1;2022-03-12T10:00:00Z
4.001796016293832;1;2022-03-12T11:00:00Z
4.239832412197999;1;2022-03-12T12:00:00Z
4.609772230769175;1;2022-03-12T13:00:00Z
4.845176331160553;1;2022-03-12T14:00:00Z
4.338133388030869;1;2022-03-12T15:00:00Z
4.215237729352929;1;2022-03-12T16:00:00Z
4.056341984108241;1;2022-03-12T17:00:00Z
4.336280028297174;1;2022-03-12T18:00:00Z
4.704253253302926;1;2022-03-12T19:00:00Z
4.506659095213847;1;2022-03-12T20:00:00Z
3.9843639960193076;1;2022-03-12T21:00:00Z
4.021335783207728;1;2022-03-12T22:00:00Z
3.6056763995480607;1;2022-03-12T23:00:00Z
3.3828398882135273;1;2022-03-13T00:00:00Z
3.4311946113575;1;2022-03-13T01:00:00Z
3.4314746517900154;1;2022-03-13T02:00:00Z
3.6005049040270642;1;2022-03-13T03:00:00Z
3.850524343870577;1;2022-03-13T04:00:00Z
4.028936169583316;1;2022-03-13T05:00:00Z
4.282718996858183;1;2022-03-13T06:00:00Z
4.568101041536463;1;2022-03-13T07:00:00Z
4.371536998808955;1;2022-03-13T08:00:00Z
4.600683040062823;1;2022-03-13T09:00:00Z
4.24250700004293;1;2022-03-13T10:00:00Z
4.404685326993066;1;2022-03-13T11:00:00Z
4.663802111097942;1;2022-03-13T12:00:00Z
4.744146375948079;1;2022-03-13T13:00:00Z
4.665612231914308;1;2022-03-13T14:00:00Z
4.14160143669549;1;2022-03-13T15:00:00Z
4.311162507218029;1;2022-03-13T16:00:00Z
4.8723472043867035;1;2022-03-13T17:00:00Z
5.606539989247267;1;2022-03-13T18:00:00Z
5.6966151529823055;1;2022-03-13T19:00:00Z
5.244173502390392;1;2022-03-13T20:00:00Z
4.905469991446922;1;2022-03-13T21:00:00Z
4.7299749887085145;1;2022-03-13T22:00:00Z
4.299718423202485;1;2022-03-13T23:00:00Z
4.219023166458686;1;2022-03-14T00:00:00Z
4.205955109092543;1;2022-03-14T01:00:00Z
4.171013358089059;1;2022-03-14T02:00:00Z
4.00660731051477;1;2022-03-14T03:00:00Z
3.9526833252642626;1;2022-03-14T04:00:00Z
4.067805215492272;1;2022-03-14T05:00:00Z
4.2370684837482955;1;2022-03-14T06:00:00Z
4.477546706296698;1;2022-03-14T07:00:00Z
4.308699396028925;1;2022-03-14T08:00:00Z
4.323149526402786;1;2022-03-14T09:00:00Z
3.9237335571536986;1;2022-03-14T10:00:00Z
3.3153734261974974;1;2022-03-14T11:00:00Z
3.04453867007165;1;2022-03-14T12:00:00Z
3.378230133989516;1;2022-03-14T13:00:00Z
3.7750008988928068;1;2022-03-14T14:00:00Z
3.5205251090537524;1;2022-03-14T15:00:00Z
3.378871158381591;1;2022-03-14T16:00:00Z
2.914701338734254;1;2022-03-14T17:00:00Z
3.507856154152831;1;2022-03-14T18:00:00Z
3.476244745222261;1;2022-03-14T19:00:00Z
3.453054225978417;1;2022-03-14T20:00:00Z
3.2769092265860125;1;2022-03-14T21:00:00Z
3.0531635068322704;1;2022-03-14T22:00:00Z
3.5097240837213786;1;2022-03-14T23:00:00Z
3.561241212493465;1;2022-03-15T00:00:00Z
2.9173596508445323;1;2022-03-15T01:00:00Z
2.803330167466617;1;2022-03-15T02:00:00Z
2.747793322557943;1;2022-03-15T03:00:00Z
2.322137346706766;1;2022-03-15T04:00:00Z
2.086508521940432;1;2022-03-15T05:00:00Z
1.9671236842993993;1;2022-03-15T06:00:00Z
1.817581707139868;1;2022-03-15T07:00:00Z
1.9689655862901267;1;2022-03-15T08:00:00Z
2.017334214794803;1;2022-03-15T09:00:00Z
1.5299883909100416;1;2022-03-15T10:00:00Z
1.8158786738846855;1;2022-03-15T11:00:00Z
1.071459788151059;1;2022-03-15T12:00:00Z
0.5248587161642929;1;2022-03-15T13:00:00Z
0.9198015970373021;1;2022-03-15T14:00:00Z
1.2263836913970991;1;2022-03-15T15:00:00Z
1.3343579257153027;1;2022-03-15T16:00:00Z
1.505785948509339;1;2022-03-15T17:00:00Z
1.9612999133047357;1;2022-03-15T18:00:00Z
1.5721551859339484;1;2022-03-15T19:00:00Z
1.6573106029657263;1;2022-03-15T20:00:00Z
2.0874679796044266;1;2022-03-15T21:00:00Z
2.976788003246884;1;2022-03-15T22:00:00Z
2.790785163994263;1;2022-03-15T23:00:00Z
2.8141133886941696;1;2022-03-16T00:00:00Z
2.636788316131342;1;2022-03-16T01:00:00Z
2.833435250236917;1;2022-03-16T02:00:00Z
2.7323212331382405;1;2022-03-16T03:00:00Z
2.45796056629467;1;2022-03-16T04:00:00Z
2.3634934973139385;1;2022-03-16T05:00:00Z
2.6764227105206353;1;2022-03-16T06:00:00Z
3.6344058875585614;1;2022-03-16T07:00:00Z
3.6584086211695865;1;2022-03-16T08:00:00Z
2.876111058420025;1;2022-03-16T09:00:00Z
2.7219432444734055;1;2022-03-16T10:00:00Z
2.607581868135589;1;2022-03-16T11:00:00Z
2.5303019040664054;1;2022-03-16T12:00:00Z
2.6717372011688583;1;2022-03-16T13:00:00Z
2.673205241309349;1;2022-03-16T14:00:00Z
2.459422437030787;1;2022-03-16T15:00:00Z
2.1006103704786074;1;2022-03-16T16:00:00Z
2.230962202933137;1;2022-03-16T17:00:00Z
2.615936735008684;1;2022-03-16T18:00:00Z
2.817402374861607;1;2022-03-16T19:00:00Z
3.326082040043913;1;2022-03-16T20:00:00Z
3.951680910909986;1;2022-03-16T21:00:00Z
3.4293722508436315;1;2022-03-16T22:00:00Z
3.3381900561883944;1;2022-03-16T23:00:00Z
3.5057048027963504;1;2022-03-17T00:00:00Z
3.3971183134061387;1;2022-03-17T01:00:00Z
3.630670643027889;1;2022-03-17T02:00:00Z
3.5081989478783324;1;2022-03-17T03:00:00Z
3.252661347237701;1;2022-03-17T04:00:00Z
3.7831669764512394;1;2022-03-17T05:00:00Z
3.931482573657744;1;2022-03-17T06:00:00Z
3.5081685102119105;1;2022-03-17T07:00:00Z
3.7407780714373144;1;2022-03-17T08:00:00Z
4.474519120365421;1;2022-03-17T09:00:00Z
4.531723201794221;1;2022-03-17T10:00:00Z
4.475452026155874;1;2022-03-17T11:00:00Z
4.610822400314646;1;2022-03-17T12:00:00Z
4.462043350435069;1;2022-03-17T13:00:00Z
3.402652759837455;1;2022-03-17T14:00:00Z
1.8049477353273227;1;2022-03-17T15:00:00Z
1.5870966704650251;1;2022-03-17T16:00:00Z
1.4000790325390655;1;2022-03-17T17:00:00Z
0.41460356722789293;1;2022-03-17T18:00:00Z
1.2705604889484803;1;2022-03-17T19:00:00Z
3.3847882580400306;1;2022-03-17T20:00:00Z
4.061856219481266;1;2022-03-17T21:00:00Z
3.724446900823329;1;2022-03-17T22:00:00Z
3.691076482229968;1;2022-03-17T23:00:00Z
3.577504102266484;1;2022-03-18T00:00:00Z
3.5617643596633672;1;2022-03-18T01:00:00Z
3.4985607768814324;1;2022-03-18T02:00:00Z
3.3898127646056255;1;2022-03-18T03:00:00Z
3.41747515604922;1;2022-03-18T04:00:00Z
3.2632264409658833;1;2022-03-18T05:00:00Z
3.1800145387875327;1;2022-03-18T06:00:00Z
3.1492312264935967;1;2022-03-18T07:00:00Z
3.0447083621450575;1;2022-03-18T08:00:00Z
2.7815843928138615;1;2022-03-18T09:00:00Z
2.3980095636293903;1;2022-03-18T10:00:00Z
2.0502303887556406;1;2022-03-18T11:00:00Z
2.1913205037947354;1;2022-03-18T12:00:00Z
2.6372938941518407;1;2022-03-18T13:00:00Z
3.0005113628011455;1;2022-03-18T14:00:00Z
3.0862318557878687;1;2022-03-18T15:00:00Z
2.489909357925685;1;2022-03-18T16:00:00Z
2.1555025545607704;1;2022-03-18T17:00:00Z
2.3797366736558145;1;2022-03-18T18:00:00Z
2.5634632613987187;1;2022-03-18T19:00:00Z
2.5673529760679137;1;2022-03-18T20:00:00Z
2.4557343308642112;1;2022-03-18T21:00:00Z
2.7928029165374393;1;2022-03-18T22:00:00Z
3.24470125013399;1;2022-03-18T23:00:00Z
3.5958559222813338;1;2022-03-19T00:00:00Z
3.51242727776473;1;2022-03-19T01:00:00Z
3.4588416183121398;1;2022-03-19T02:00:00Z
3.275946103235394;1;2022-03-19T03:00:00Z
3.181878432057699;1;2022-03-19T04:00:00Z
3.036233754396061;1;2022-03-19T05:00:00Z
3.2846507950883526;1;2022-03-19T06:00:00Z
3.574866320245259;1;2022-03-19T07:00:00Z
4.230365620792695;1;2022-03-19T08:00:00Z
4.653236979073541;1;2022-03-19T09:00:00Z
5.9947882952509906;1;2022-03-19T10:00:00Z
5.924156511331041;1;2022-03-19T11:00:00Z
5.9047420799156;1;2022-03-19T12:00:00Z
5.778004673384319;1;2022-03-19T13:00:00Z
5.868918413466886;1;2022-03-19T14:00:00Z
5.737316552195751;1;2022-03-19T15:00:00Z
5.1041257885138185;1;2022-03-19T16:00:00Z
4.567390716259774;1;2022-03-19T17:00:00Z
4.488893827939856;1;2022-03-19T18:00:00Z
4.569720711762616;1;2022-03-19T19:00:00Z
4.683720657573428;1;2022-03-19T20:00:00Z
4.838989866664419;1;2022-03-19T21:00:00Z
5.476594122617926;1;2022-03-19T22:00:00Z
5.4719176926753;1;2022-03-19T23:00:00Z
5.386946186140952;1;2022-03-20T00:00:00Z
5.114156836724756;1;2022-03-20T01:00:00Z
4.986799693122916;1;2022-03-20T02:00:00Z
5.018869224093308;1;2022-03-20T03:00:00Z
5.15575122116399;1;2022-03-20T04:00:00Z
5.100394665523324;1;2022-03-20T05:00:00Z
5.159626559849521;1;2022-03-20T06:00:00Z
5.014022854304402;1;2022-03-20T07:00:00Z
5.783603423166768;1;2022-03-20T08:00:00Z
5.693901865187914;1;2022-03-20T09:00:00Z
5.115187937451224;1;2022-03-20T10:00:00Z
5.2424010378460615;1;2022-03-20T11:00:00Z
5.521265117233027;1;2022-03-20T12:00:00Z
5.801186947380974;1;2022-03-20T13:00:00Z
5.903311905305599;1;2022-03-20T14:00:00Z
5.673138034967183;1;2022-03-20T15:00:00Z
4.903487903985114;1;2022-03-20T16:00:00Z
4.841754673544746;1;2022-03-20T17:00:00Z
5.05209048240454;1;2022-03-20T18:00:00Z
5.051693104943558;1;2022-03-20T19:00:00Z
4.7970381510209785;1;2022-03-20T20:00:00Z
4.420796850381149;1;2022-03-20T21:00:00Z
4.413342155128766;1;2022-03-20T22:00:00Z
3.91171789307696;1;2022-03-20T23:00:00Z
3.6711992190306835;1;2022-03-21T00:00:00Z
3.8853776732119814;1;2022-03-21T01:00:00Z
3.9528093007079894;1;2022-03-21T02:00:00Z
3.81027179134562;1;2022-03-21T03:00:00Z
3.850703079288237;1;2022-03-21T04:00:00Z
3.932750861713037;1;2022-03-21T05:00:00Z
4.068302804569898;1;2022-03-21T06:00:00Z
4.225664168080882;1;2022-03-21T07:00:00Z
4.185832414899073;1;2022-03-21T08:00:00Z
4.718721800308714;1;2022-03-21T09:00:00Z
4.421339148616554;1;2022-03-21T10:00:00Z
4.368914195100026;1;2022-03-21T11:00:00Z
4.355475949158111;1;2022-03-21T12:00:00Z
4.306258343019231;1;2022-03-21T13:00:00Z
4.1821984228242;1;2022-03-21T14:00:00Z
3.812562792474562;1;2022-03-21T15:00:00Z
2.7289703194968307;1;2022-03-21T16:00:00Z
2.2357310506393064;1;2022-03-21T17:00:00Z
2.4138070943944228;1;2022-03-21T18:00:00Z
2.4841098153578427;1;2022-03-21T19:00:00Z
2.822815976264963;1;2022-03-21T20:00:00Z
3.173514830522813;1;2022-03-21T21:00:00Z
3.33320616911043;1;2022-03-21T22:00:00Z
3.139439340035039;1;2022-03-21T23:00:00Z
2.90235559058215;1;2022-03-22T00:00:00Z
2.78940146554523;1;2022-03-22T01:00:00Z
2.5429041178882335;1;2022-03-22T02:00:00Z
2.394220808627706;1;2022-03-22T03:00:00Z
2.531685940116454;1;2022-03-22T04:00:00Z
2.578394889907683;1;2022-03-22T05:00:00Z
2.7241085086355166;1;2022-03-22T06:00:00Z
3.1069255330309593;1;2022-03-22T07:00:00Z
2.9773046959169807;1;2022-03-22T08:00:00Z
2.9918296912102473;1;2022-03-22T09:00:00Z
2.672529124113631;1;2022-03-22T10:00:00Z
2.4853157787968874;1;2022-03-22T11:00:00Z
2.4021029445375577;1;2022-03-22T12:00:00Z
2.4226073500428913;1;2022-03-22T13:00:00Z
2.376253133734534;1;2022-03-22T14:00:00Z
1.9812069550153597;1;2022-03-22T15:00:00Z
1.690032238148101;1;2022-03-22T16:00:00Z
2.517668828803618;1;2022-03-22T17:00:00Z
2.3948910320277332;1;2022-03-22T18:00:00Z
2.349760212468624;1;2022-03-22T19:00:00Z
2.364809465354493;1;2022-03-22T20:00:00Z
2.3536434464273057;1;2022-03-22T21:00:00Z
2.349589732068581;1;2022-03-22T22:00:00Z
2.303151698914153;1;2022-03-22T23:00:00Z
2.367411465777585;1;2022-03-23T00:00:00Z
2.3980727823676835;1;2022-03-23T01:00:00Z
2.0690427832552967;1;2022-03-23T02:00:00Z
1.6964826492292726;1;2022-03-23T03:00:00Z
1.2556499275725574;1;2022-03-23T04:00:00Z
1.3415869472645474;1;2022-03-23T05:00:00Z
1.3064467710387053;1;2022-03-23T06:00:00Z
1.4997098615736815;1;2022-03-23T07:00:00Z
1.0362046861008551;1;2022-03-23T08:00:00Z
1.0502702261847559;1;2022-03-23T09:00:00Z
1.2533810034733268;1;2022-03-23T10:00:00Z
1.342231983378782;1;2022-03-23T11:00:00Z
1.5168969481819476;1;2022-03-23T12:00:00Z
1.9004092628054712;1;2022-03-23T13:00:00Z
2.4214612760085164;1;2022-03-23T14:00:00Z
2.6492295871297777;1;2022-03-23T15:00:00Z
2.6398319580604586;1;2022-03-23T16:00:00Z
3.0748739798754716;1;2022-03-23T17:00:00Z
3.4640520903000613;1;2022-03-23T18:00:00Z
3.4572180986237218;1;2022-03-23T19:00:00Z
3.225431690985038;1;2022-03-23T20:00:00Z
2.8286308929215536;1;2022-03-23T21:00:00Z
2.397174383901773;1;2022-03-23T22:00:00Z
2.1778324098544775;1;2022-03-23T23:00:00Z
2.110311700085737;1;2022-03-24T00:00:00Z
2.143642977055455;1;2022-03-24T01:00:00Z
2.147452699873521;1;2022-03-24T02:00:00Z
2.0722751528419905;1;2022-03-24T03:00:00Z
1.9886925704734424;1;2022-03-24T04:00:00Z
1.9328513025820486;1;2022-03-24T05:00:00Z
1.973968169268367;1;2022-03-24T06:00:00Z
1.6704487834700656;1;2022-03-24T07:00:00Z
1.232984229018287;1;2022-03-24T08:00:00Z
0.7942102825393146;1;2022-03-24T09:00:00Z
0.6893749874539349;1;2022-03-24T10:00:00Z
0.8348446620340273;1;2022-03-24T11:00:00Z
1.2414551233652147;1;2022-03-24T12:00:00Z
1.5731800216896676;1;2022-03-24T13:00:00Z
1.7585937376128968;1;2022-03-24T14:00:00Z
1.7977805452349305;1;2022-03-24T15:00:00Z
1.2291610084589006;1;2022-03-24T16:00:00Z
2.279118541365777;1;2022-03-24T17:00:00Z
2.4759607832768045;1;2022-03-24T18:00:00Z
2.3992720046758698;1;2022-03-24T19:00:00Z
2.3119940083497066;1;2022-03-24T20:00:00Z
2.331857752376634;1;2022-03-24T21:00:00Z
2.3994059610008853;1;2022-03-24T22:00:00Z
2.5593794827037524;1;2022-03-24T23:00:00Z
2.054279574399886;1;2022-03-25T00:00:00Z
1.2165846681486394;1;2022-03-25T01:00:00Z
0.852980702063362;1;2022-03-25T02:00:00Z
1.3037791082748171;1;2022-03-25T03:00:00Z
1.913668041879425;1;2022-03-25T04:00:00Z
2.0839565618081384;1;2022-03-25T05:00:00Z
1.458848360950886;1;2022-03-25T06:00:00Z
1.826936879378307;1;2022-03-25T07:00:00Z
1.7093317391028184;1;2022-03-25T08:00:00Z
2.2390134909443278;1;2022-03-25T09:00:00Z
2.0594536312985317;1;2022-03-25T10:00:00Z
2.2530083910152032;1;2022-03-25T11:00:00Z
2.5841009996362243;1;2022-03-25T12:00:00Z
2.932440314675501;1;2022-03-25T13:00:00Z
2.841957059971683;1;2022-03-25T14:00:00Z
2.692737498063101;1;2022-03-25T15:00:00Z
1.7388643715355787;1;2022-03-25T16:00:00Z
2.0939706545978054;1;2022-03-25T17:00:00Z
2.3974223287873127;1;2022-03-25T18:00:00Z
2.369276002224178;1;2022-03-25T19:00:00Z
2.281260584319732;1;2022-03-25T20:00:00Z
2.2458740183719943;1;2022-03-25T21:00:00Z
2.389461586895512;1;2022-03-25T22:00:00Z
2.3660861027289215;1;2022-03-25T23:00:00Z
2.3998202912525666;1;2022-03-26T00:00:00Z
2.741311762209611;1;2022-03-26T01:00:00Z
2.9819416919454644;1;2022-03-26T02:00:00Z
3.095862880018844;1;2022-03-26T03:00:00Z
3.263735590950517;1;2022-03-26T04:00:00Z
3.544691888714277;1;2022-03-26T05:00:00Z
4.101036934222893;1;2022-03-26T06:00:00Z
4.344604616101839;1;2022-03-26T07:00:00Z
4.733177751429492;1;2022-03-26T08:00:00Z
5.136186396100204;1;2022-03-26T09:00:00Z
4.920240625179121;1;2022-03-26T10:00:00Z
5.4875177056080995;1;2022-03-26T11:00:00Z
5.968848554025506;1;2022-03-26T12:00:00Z
5.7788850255046915;1;2022-03-26T13:00:00Z
5.388064946627868;1;2022-03-26T14:00:00Z
4.947076599674411;1;2022-03-26T15:00:00Z
4.053946153639033;1;2022-03-26T16:00:00Z
3.2131280695860935;1;2022-03-26T17:00:00Z
2.433202018628497;1;2022-03-26T18:00:00Z
2.005704435754519;1;2022-03-26T19:00:00Z
1.4498121690479082;1;2022-03-26T20:00:00Z
1.4159251191151134;1;2022-03-26T21:00:00Z
1.4555338268955542;1;2022-03-26T22:00:00Z
1.7990024977818246;1;2022-03-26T23:00:00Z
2.14050743315215;1;2022-03-27T00:00:00Z
1.8542467426460743;1;2022-03-27T01:00:00Z
1.3510231364031366;1;2022-03-27T02:00:00Z
1.5147408175943742;1;2022-03-27T03:00:00Z
1.4876023954866924;1;2022-03-27T04:00:00Z
1.3199613986523069;1;2022-03-27T05:00:00Z
1.0759084843945312;1;2022-03-27T06:00:00Z
0.8301546909653963;1;2022-03-27T07:00:00Z
0.865412927879626;1;2022-03-27T08:00:00Z
1.1808321748756796;1;2022-03-27T09:00:00Z
1.4673546155255228;1;2022-03-27T10:00:00Z
1.7397873821166279;1;2022-03-27T11:00:00Z
1.7857422419709033;1;2022-03-27T12:00:00Z
2.121730837891538;1;2022-03-27T13:00:00Z
2.434792090971864;1;2022-03-27T14:00:00Z
2.5375054401590273;1;2022-03-27T15:00:00Z
1.8410830971560237;1;2022-03-27T16:00:00Z
2.1540395270956547;1;2022-03-27T17:00:00Z
2.6805569598461743;1;2022-03-27T18:00:00Z
2.5947166939979294;1;2022-03-27T19:00:00Z
2.541954361260516;1;2022-03-27T20:00:00Z
2.5082730724027695;1;2022-03-27T21:00:00Z
2.5777905940945316;1;2022-03-27T22:00:00Z
2.744647808717259;1;2022-03-27T23:00:00Z
2.840772844297152;1;2022-03-28T00:00:00Z
2.8799573647931545;1;2022-03-28T01:00:00Z
2.86051725872855;1;2022-03-28T02:00:00Z
2.8326956387998883;1;2022-03-28T03:00:00Z
2.6755147874176437;1;2022-03-28T04:00:00Z
2.6799558135436863;1;2022-03-28T05:00:00Z
3.124043453464903;1;2022-03-28T06:00:00Z
3.3702210714699974;1;2022-03-28T07:00:00Z
3.490245884477887;1;2022-03-28T08:00:00Z
3.4830829012349174;1;2022-03-28T09:00:00Z
3.3602079024824625;1;2022-03-28T10:00:00Z
3.7334357244167036;1;2022-03-28T11:00:00Z
4.242721316412762;1;2022-03-28T12:00:00Z
4.187560988547334;1;2022-03-28T13:00:00Z
3.9418582505467015;1;2022-03-28T14:00:00Z
3.9076883684044215;1;2022-03-28T15:00:00Z
3.400215705919125;1;2022-03-28T16:00:00Z
3.1082190888787937;1;2022-03-28T17:00:00Z
2.943823913227723;1;2022-03-28T18:00:00Z
2.7081575708481505;1;2022-03-28T19:00:00Z
2.6984152603201004;1;2022-03-28T20:00:00Z
3.119643858764431;1;2022-03-28T21:00:00Z
2.9843650874178826;1;2022-03-28T22:00:00Z
3.1688142443832223;1;2022-03-28T23:00:00Z
3.1317151050539316;1;2022-03-29T00:00:00Z
3.1401459806725573;1;2022-03-29T01:00:00Z
2.8878921526302936;1;2022-03-29T02:00:00Z
2.861038652556635;1;2022-03-29T03:00:00Z
3.0592740616679897;1;2022-03-29T04:00:00Z
3.1701521620313375;1;2022-03-29T05:00:00Z
4.263707443138134;1;2022-03-29T06:00:00Z
4.158821820418976;1;2022-03-29T07:00:00Z
4.031791589181003;1;2022-03-29T08:00:00Z
3.985727365335495;1;2022-03-29T09:00:00Z
3.9971755874513817;1;2022-03-29T10:00:00Z
4.481128695090865;1;2022-03-29T11:00:00Z
4.666637291851624;1;2022-03-29T12:00:00Z
4.969867631110388;1;2022-03-29T13:00:00Z
5.197123062453612;1;2022-03-29T14:00:00Z
4.94706633170312;1;2022-03-29T15:00:00Z
4.28593842172365;1;2022-03-29T16:00:00Z
3.1688422475952622;1;2022-03-29T17:00:00Z
2.2170494179619156;1;2022-03-29T18:00:00Z
1.7943917720573195;1;2022-03-29T19:00:00Z
1.8616998997818457;1;2022-03-29T20:00:00Z
1.902968515827258;1;2022-03-29T21:00:00Z
1.329436918620436;1;2022-03-29T22:00:00Z
1.4921065157038946;1;2022-03-29T23:00:00Z
1.5902284133187146;1;2022-03-30T00:00:00Z
1.5689954649346323;1;2022-03-30T01:00:00Z
1.467039192165693;1;2022-03-30T02:00:00Z
2.2450395485516084;1;2022-03-30T03:00:00Z
1.961954174852036;1;2022-03-30T04:00:00Z
1.6430745531530155;1;2022-03-30T05:00:00Z
1.5014122649207093;1;2022-03-30T06:00:00Z
1.797780814115503;1;2022-03-30T07:00:00Z
1.9328007335083892;1;2022-03-30T08:00:00Z
2.3138276478359505;1;2022-03-30T09:00:00Z
1.8010095387352694;1;2022-03-30T10:00:00Z
1.8348540538935745;1;2022-03-30T11:00:00Z
2.3114152131344294;1;2022-03-30T12:00:00Z
2.4384619671143186;1;2022-03-30T13:00:00Z
2.8233878100421004;1;2022-03-30T14:00:00Z
3.1349268828191437;1;2022-03-30T15:00:00Z
3.101684566184856;1;2022-03-30T16:00:00Z
2.599530865047682;1;2022-03-30T17:00:00Z
2.397528850779502;1;2022-03-30T18:00:00Z
2.411114297937295;1;2022-03-30T19:00:00Z
2.7061014224095348;1;2022-03-30T20:00:00Z
3.15988249446399;1;2022-03-30T21:00:00Z
4.175968250363268;1;2022-03-30T22:00:00Z
4.054239527825031;1;2022-03-30T23:00:00Z
3.9927862780007093;1;2022-03-31T00:00:00Z
4.025397744966974;1;2022-03-31T01:00:00Z
3.940773395235754;1;2022-03-31T02:00:00Z
4.058452380036996;1;2022-03-31T03:00:00Z
4.117313724422788;1;2022-03-31T04:00:00Z
4.232959977648455;1;2022-03-31T05:00:00Z
4.538240105516011;1;2022-03-31T06:00:00Z
5.063692825743235;1;2022-03-31T07:00:00Z
5.267070137335944;1;2022-03-31T08:00:00Z
5.397073413854694;1;2022-03-31T09:00:00Z
5.138819824153903;1;2022-03-31T10:00:00Z
4.86525797654974;1;2022-03-31T11:00:00Z
5.167827380001108;1;2022-03-31T12:00:00Z
5.296145243453073;1;2022-03-31T13:00:00Z
5.785838811050814;1;2022-03-31T14:00:00Z
6.21689118158178;1;2022-03-31T15:00:00Z
5.7390320291342904;1;2022-03-31T16:00:00Z
5.346529005888208;1;2022-03-31T17:00:00Z
5.337374798068698;1;2022-03-31T18:00:00Z
5.61965975720102;1;2022-03-31T19:00:00Z
6.041196417662825;1;2022-03-31T20:00:00Z
6.254616011233831;1;2022-03-31T21:00:00Z
5.973409136750595;1;2022-03-31T22:00:00Z
6.052669292262214;1;2022-03-31T23:00:00Z
5.836249616376269;1;2022-04-01T00:00:00Z
5.997002570069557;1;2022-04-01T01:00:00Z
5.8809153675339205;1;2022-04-01T02:00:00Z
5.662596708443384;1;2022-04-01T03:00:00Z
5.173035679015731;1;2022-04-01T04:00:00Z
5.973252170884171;1;2022-04-01T05:00:00Z
5.681730149915697;1;2022-04-01T06:00:00Z
6.3842029902386015;1;2022-04-01T07:00:00Z
6.638551298024911;1;2022-04-01T08:00:00Z
6.776219994844853;1;2022-04-01T09:00:00Z
6.833731551094878;1;2022-04-01T10:00:00Z
6.952094771557072;1;2022-04-01T11:00:00Z
6.707365976900652;1;2022-04-01T12:00:00Z
6.322080263424388;1;2022-04-01T13:00:00Z
6.221382704518384;1;2022-04-01T14:00:00Z
6.285212134536492;1;2022-04-01T15:00:00Z
6.098427457579722;1;2022-04-01T16:00:00Z
5.793734488151017;1;2022-04-01T17:00:00Z
6.292790208231557;1;2022-04-01T18:00:00Z
6.539503491614479;1;2022-04-01T19:00:00Z
6.398676938819638;1;2022-04-01T20:00:00Z
6.192535676561424;1;2022-04-01T21:00:00Z
6.042651063288092;1;2022-04-01T22:00:00Z
5.605493282205167;1;2022-04-01T23:00:00Z
5.25337067136797;1;2022-04-02T00:00:00Z
5.062945113894965;1;2022-04-02T01:00:00Z
4.930106013428127;1;2022-04-02T02:00:00Z
4.904644224737772;1;2022-04-02T03:00:00Z
4.795867590523694;1;2022-04-02T04:00:00Z
4.751653899047082;1;2022-04-02T05:00:00Z
4.461206586043647;1;2022-04-02T06:00:00Z
5.3653087213885176;1;2022-04-02T07:00:00Z
6.660264199651706;1;2022-04-02T08:00:00Z
6.65547012852318;1;2022-04-02T09:00:00Z
5.932749384333849;1;2022-04-02T10:00:00Z
6.181038077578865;1;2022-04-02T11:00:00Z
6.346423517077433;1;2022-04-02T12:00:00Z
6.6827181776044755;1;2022-04-02T13:00:00Z
6.532389811862755;1;2022-04-02T14:00:00Z
6.349244053130145;1;2022-04-02T15:00:00Z
6.24797723521108;1;2022-04-02T16:00:00Z
5.651366308385491;1;2022-04-02T17:00:00Z
5.313979751923389;1;2022-04-02T18:00:00Z
4.77018013227742;1;2022-04-02T19:00:00Z
4.2581589008564675;1;2022-04-02T20:00:00Z
3.7273062299223065;1;2022-04-02T21:00:00Z
3.2781194557995432;1;2022-04-02T22:00:00Z
2.97061000201419;1;2022-04-02T23:00:00Z
2.7358622159568124;1;2022-04-03T00:00:00Z
2.6297696849601793;1;2022-04-03T01:00:00Z
2.409585729954945;1;2022-04-03T02:00:00Z
2.2621411792924677;1;2022-04-03T03:00:00Z
2.3549634344252093;1;2022-04-03T04:00:00Z
2.6050794926081666;1;2022-04-03T05:00:00Z
2.9354821175454595;1;2022-04-03T06:00:00Z
3.01579774092351;1;2022-04-03T07:00:00Z
3.2824975344930456;1;2022-04-03T08:00:00Z
3.7488809328137602;1;2022-04-03T09:00:00Z
3.968128734941415;1;2022-04-03T10:00:00Z
4.141032206246051;1;2022-04-03T11:00:00Z
4.311272042618148;1;2022-04-03T12:00:00Z
4.504320471739654;1;2022-04-03T13:00:00Z
4.356529172911677;1;2022-04-03T14:00:00Z
4.736300870164941;1;2022-04-03T15:00:00Z
4.1430209453003775;1;2022-04-03T16:00:00Z
3.00431258150292;1;2022-04-03T17:00:00Z
3.165599486517942;1;2022-04-03T18:00:00Z
3.635634160490459;1;2022-04-03T19:00:00Z
4.0101403696165425;1;2022-04-03T20:00:00Z
4.385077797357015;1;2022-04-03T21:00:00Z
4.308805074136124;1;2022-04-03T22:00:00Z
4.208621441799424;1;2022-04-03T23:00:00Z
4.104548098232233;1;2022-04-04T00:00:00Z
4.459389866428543;1;2022-04-04T01:00:00Z
4.75487196805842;1;2022-04-04T02:00:00Z
4.965597326013742;1;2022-04-04T03:00:00Z
4.972344491727574;1;2022-04-04T04:00:00Z
5.065888821468673;1;2022-04-04T05:00:00Z
5.5438830326075585;1;2022-04-04T06:00:00Z
5.726135249964041;1;2022-04-04T07:00:00Z
6.975924172059027;1;2022-04-04T08:00:00Z
7.6959708796200035;1;2022-04-04T09:00:00Z
8.38843072498785;1;2022-04-04T10:00:00Z
8.852285723043043;1;2022-04-04T11:00:00Z
10.288150970562612;1;2022-04-04T12:00:00Z
9.90577255186013;1;2022-04-04T13:00:00Z
9.699281057611348;1;2022-04-04T14:00:00Z
9.683595180216303;1;2022-04-04T15:00:00Z
9.678503638409168;1;2022-04-04T16:00:00Z
9.447695450473246;1;2022-04-04T17:00:00Z
9.051240260020363;1;2022-04-04T18:00:00Z
8.735766820112458;1;2022-04-04T19:00:00Z
8.747215130138084;1;2022-04-04T20:00:00Z
8.59683671035192;1;2022-04-04T21:00:00Z
7.7825205180677886;1;2022-04-04T22:00:00Z
7.235814223039973;1;2022-04-04T23:00:00Z
7.013959397570817;1;2022-04-05T00:00:00Z
6.810087912730512;1;2022-04-05T01:00:00Z
6.395900983192371;1;2022-04-05T02:00:00Z
5.3114672874094655;1;2022-04-05T03:00:00Z
4.943518729495068;1;2022-04-05T04:00:00Z
4.526473340870123;1;2022-04-05T05:00:00Z
5.281930955117471;1;2022-04-05T06:00:00Z
5.013530474437122;1;2022-04-05T07:00:00Z
5.712439682042846;1;2022-04-05T08:00:00Z
6.852075677743972;1;2022-04-05T09:00:00Z
5.963080471565295;1;2022-04-05T10:00:00Z
6.197089398838785;1;2022-04-05T11:00:00Z
6.232156870628999;1;2022-04-05T12:00:00Z
6.576722940136389;1;2022-04-05T13:00:00Z
6.6918030418058665;1;2022-04-05T14:00:00Z
4.218903934452417;1;2022-04-05T15:00:00Z
3.2552370370575496;1;2022-04-05T16:00:00Z
3.070789842436054;1;2022-04-05T17:00:00Z
2.963967058019309;1;2022-04-05T18:00:00Z
3.2002362651488103;1;2022-04-05T19:00:00Z
3.802216140570718;1;2022-04-05T20:00:00Z
3.8245384005824343;1;2022-04-05T21:00:00Z
2.8917165265342377;1;2022-04-05T22:00:00Z
2.879407261035115;1;2022-04-05T23:00:00Z
3.4333412384032838;1;2022-04-06T00:00:00Z
4.745316218505055;1;2022-04-06T01:00:00Z
5.461194163158648;1;2022-04-06T02:00:00Z
6.451767782742248;1;2022-04-06T03:00:00Z
6.301550790512638;1;2022-04-06T04:00:00Z
5.619462706419901;1;2022-04-06T05:00:00Z
5.525170426819469;1;2022-04-06T06:00:00Z
5.770911549810912;1;2022-04-06T07:00:00Z
5.8174643638144445;1;2022-04-06T08:00:00Z
8.508355133939416;1;2022-04-06T09:00:00Z
7.028289140567175;1;2022-04-06T10:00:00Z
6.620994877483579;1;2022-04-06T11:00:00Z
5.798594860328669;1;2022-04-06T12:00:00Z
5.81934949836988;1;2022-04-06T13:00:00Z
6.7706628687587385;1;2022-04-06T14:00:00Z
5.884319921053239;1;2022-04-06T15:00:00Z
5.146225057335689;1;2022-04-06T16:00:00Z
4.796907822157945;1;2022-04-06T17:00:00Z
4.720476601242783;1;2022-04-06T18:00:00Z
4.7537737178854345;1;2022-04-06T19:00:00Z
4.919097387119804;1;2022-04-06T20:00:00Z
4.942479201812512;1;2022-04-06T21:00:00Z
5.042622071764756;1;2022-04-06T22:00:00Z
5.353858017728986;1;2022-04-06T23:00:00Z
5.3707818956489914;1;2022-04-07T00:00:00Z
5.183109415524328;1;2022-04-07T01:00:00Z
5.285624402284443;1;2022-04-07T02:00:00Z
5.527607932824593;1;2022-04-07T03:00:00Z
5.608661583359264;1;2022-04-07T04:00:00Z
5.99516650505329;1;2022-04-07T05:00:00Z
6.635556685997359;1;2022-04-07T06:00:00Z
7.024678592250525;1;2022-04-07T07:00:00Z
8.594417174715153;1;2022-04-07T08:00:00Z
9.515891472675754;1;2022-04-07T09:00:00Z
8.107554456886382;1;2022-04-07T10:00:00Z
8.450896984074955;1;2022-04-07T11:00:00Z
9.290081557616759;1;2022-04-07T12:00:00Z
9.516608321906865;1;2022-04-07T13:00:00Z
9.257699256429687;1;2022-04-07T14:00:00Z
8.286497263708842;1;2022-04-07T15:00:00Z
8.10412516576759;1;2022-04-07T16:00:00Z
6.928576296818279;1;2022-04-07T17:00:00Z
6.180800513912377;1;2022-04-07T18:00:00Z
6.6950851408953165;1;2022-04-07T19:00:00Z
7.311234432608722;1;2022-04-07T20:00:00Z
8.221542666499245;1;2022-04-07T21:00:00Z
8.246571437397916;1;2022-04-07T22:00:00Z
8.666300054258448;1;2022-04-07T23:00:00Z
9.346408371095471;1;2022-04-08T00:00:00Z
9.200537341760576;1;2022-04-08T01:00:00Z
8.438659291872563;1;2022-04-08T02:00:00Z
7.888082115409368;1;2022-04-08T03:00:00Z
7.146989945577301;1;2022-04-08T04:00:00Z
7.240204483780726;1;2022-04-08T05:00:00Z
7.314448236764666;1;2022-04-08T06:00:00Z
6.870516742439059;1;2022-04-08T07:00:00Z
6.627081462288661;1;2022-04-08T08:00:00Z
6.630846629284278;1;2022-04-08T09:00:00Z
7.648717232886622;1;2022-04-08T10:00:00Z
7.251089376811156;1;2022-04-08T11:00:00Z
7.317854641221758;1;2022-04-08T12:00:00Z
6.713939126725734;1;2022-04-08T13:00:00Z
6.773747295352779;1;2022-04-08T14:00:00Z
5.926731083914966;1;2022-04-08T15:00:00Z
4.433128646150063;1;2022-04-08T16:00:00Z
4.053545653973045;1;2022-04-08T17:00:00Z
3.575136132705249;1;2022-04-08T18:00:00Z
3.1699431528669506;1;2022-04-08T19:00:00Z
2.7141467106548967;1;2022-04-08T20:00:00Z
2.9025319912792886;1;2022-04-08T21:00:00Z
2.514720356625605;1;2022-04-08T22:00:00Z
2.4171042419183233;1;2022-04-08T23:00:00Z
3.309990053001919;1;2022-04-09T00:00:00Z
3.7099648212694833;1;2022-04-09T01:00:00Z
4.269840726406158;1;2022-04-09T02:00:00Z
5.010637337473721;1;2022-04-09T03:00:00Z
5.051331662940337;1;2022-04-09T04:00:00Z
4.883641467174125;1;2022-04-09T05:00:00Z
5.029277870024758;1;2022-04-09T06:00:00Z
6.751420511915765;1;2022-04-09T07:00:00Z
6.992682936320449;1;2022-04-09T08:00:00Z
6.878126535122616;1;2022-04-09T09:00:00Z
6.851185045257332;1;2022-04-09T10:00:00Z
6.680063522612799;1;2022-04-09T11:00:00Z
6.94191914425783;1;2022-04-09T12:00:00Z
7.404611641941169;1;2022-04-09T13:00:00Z
7.462086050676722;1;2022-04-09T14:00:00Z
7.276671586005845;1;2022-04-09T15:00:00Z
6.6506735597209525;1;2022-04-09T16:00:00Z
6.421099158994778;1;2022-04-09T17:00:00Z
4.95593714314646;1;2022-04-09T18:00:00Z
4.82470206070399;1;2022-04-09T19:00:00Z
5.039234785110359;1;2022-04-09T20:00:00Z
5.22759199571429;1;2022-04-09T21:00:00Z
5.362586529706689;1;2022-04-09T22:00:00Z
5.27241288389515;1;2022-04-09T23:00:00Z
5.23817099010497;1;2022-04-10T00:00:00Z
5.491497854977757;1;2022-04-10T01:00:00Z
5.6445994268166855;1;2022-04-10T02:00:00Z
5.379774751238678;1;2022-04-10T03:00:00Z
5.266324348923989;1;2022-04-10T04:00:00Z
5.264580827670931;1;2022-04-10T05:00:00Z
6.228760489279321;1;2022-04-10T06:00:00Z
6.506635867074781;1;2022-04-10T07:00:00Z
6.512098530328916;1;2022-04-10T08:00:00Z
5.867247296725701;1;2022-04-10T09:00:00Z
6.67178778901851;1;2022-04-10T10:00:00Z
6.5597597222251425;1;2022-04-10T11:00:00Z
6.194934715434656;1;2022-04-10T12:00:00Z
5.8475581498491;1;2022-04-10T13:00:00Z
6.2037737460558375;1;2022-04-10T14:00:00Z
5.799766679933587;1;2022-04-10T15:00:00Z
5.464474480972406;1;2022-04-10T16:00:00Z
4.425099141023378;1;2022-04-10T17:00:00Z
4.266688922696106;1;2022-04-10T18:00:00Z
3.8113486960731318;1;2022-04-10T19:00:00Z
3.668241545385133;1;2022-04-10T20:00:00Z
3.7614394010526975;1;2022-04-10T21:00:00Z
4.071009332966403;1;2022-04-10T22:00:00Z
3.8529760339316534;1;2022-04-10T23:00:00Z
3.8735026641202595;1;2022-04-11T00:00:00Z
3.7719693401697603;1;2022-04-11T01:00:00Z
3.777822804186263;1;2022-04-11T02:00:00Z
3.495623732350579;1;2022-04-11T03:00:00Z
3.334355257986146;1;2022-04-11T04:00:00Z
3.2196768305437558;1;2022-04-11T05:00:00Z
3.2355101082365945;1;2022-04-11T06:00:00Z
3.5243785349831462;1;2022-04-11T07:00:00Z
3.734903301356852;1;2022-04-11T08:00:00Z
3.8219259334050735;1;2022-04-11T09:00:00Z
4.467067293158113;1;2022-04-11T10:00:00Z
4.453787305958875;1;2022-04-11T11:00:00Z
4.227328055773385;1;2022-04-11T12:00:00Z
3.7728326786277275;1;2022-04-11T13:00:00Z
3.597873996209938;1;2022-04-11T14:00:00Z
3.0750175610128365;1;2022-04-11T15:00:00Z
2.312808006618543;1;2022-04-11T16:00:00Z
1.2082874018563914;1;2022-04-11T17:00:00Z
1.3658286741202894;1;2022-04-11T18:00:00Z
1.243597360884261;1;2022-04-11T19:00:00Z
1.0018738060613015;1;2022-04-11T20:00:00Z
0.8812823576227607;1;2022-04-11T21:00:00Z
2.2395961159302424;1;2022-04-11T22:00:00Z
2.129391221831067;1;2022-04-11T23:00:00Z
2.0092620980363476;1;2022-04-12T00:00:00Z
1.8527249921520215;1;2022-04-12T01:00:00Z
1.8648171807753877;1;2022-04-12T02:00:00Z
1.821406052574149;1;2022-04-12T03:00:00Z
1.9539937767612334;1;2022-04-12T04:00:00Z
2.258492361704516;1;2022-04-12T05:00:00Z
2.7141929808959757;1;2022-04-12T06:00:00Z
2.3746401971788345;1;2022-04-12T07:00:00Z
2.819303954091362;1;2022-04-12T08:00:00Z
3.662219543350375;1;2022-04-12T09:00:00Z
3.916377419844175;1;2022-04-12T10:00:00Z
3.647610846529293;1;2022-04-12T11:00:00Z
3.347426635888173;1;2022-04-12T12:00:00Z
3.6826187827973027;1;2022-04-12T13:00:00Z
3.327804241776574;1;2022-04-12T14:00:00Z
3.2055748405727176;1;2022-04-12T15:00:00Z
3.3027191991648164;1;2022-04-12T16:00:00Z
3.6226723284960904;1;2022-04-12T17:00:00Z
3.7708796098646644;1;2022-04-12T18:00:00Z
3.8451994578393327;1;2022-04-12T19:00:00Z
4.245602050509291;1;2022-04-12T20:00:00Z
4.322223564923853;1;2022-04-12T21:00:00Z
4.597952432307483;1;2022-04-12T22:00:00Z
4.050254609699936;1;2022-04-12T23:00:00Z
3.550336658527845;1;2022-04-13T00:00:00Z
3.9900063663934375;1;2022-04-13T01:00:00Z
3.974322273312426;1;2022-04-13T02:00:00Z
3.508234958914722;1;2022-04-13T03:00:00Z
3.7689885194693162;1;2022-04-13T04:00:00Z
3.9860891953833373;1;2022-04-13T05:00:00Z
4.154891052589319;1;2022-04-13T06:00:00Z
4.178284502321655;1;2022-04-13T07:00:00Z
3.883361062458147;1;2022-04-13T08:00:00Z
3.7430609470077214;1;2022-04-13T09:00:00Z
3.2930320904088477;1;2022-04-13T10:00:00Z
3.55122229914207;1;2022-04-13T11:00:00Z
3.5341038086543657;1;2022-04-13T12:00:00Z
2.7325344851612905;1;2022-04-13T13:00:00Z
2.377935043861292;1;2022-04-13T14:00:00Z
2.6256205343170627;1;2022-04-13T15:00:00Z
1.9087679658914423;1;2022-04-13T16:00:00Z
1.7823916403715692;1;2022-04-13T17:00:00Z
2.0226278445471464;1;2022-04-13T18:00:00Z
2.1043413600550256;1;2022-04-13T19:00:00Z
2.2344882324291655;1;2022-04-13T20:00:00Z
2.5157114402692686;1;2022-04-13T21:00:00Z
2.156970713895141;1;2022-04-13T22:00:00Z
2.069454319571696;1;2022-04-13T23:00:00Z
2.1646646641800653;1;2022-04-14T00:00:00Z
2.5392505134972896;1;2022-04-14T01:00:00Z
1.8054864698301993;1;2022-04-14T02:00:00Z
2.9136694062953272;1;2022-04-14T03:00:00Z
3.9027844072128675;1;2022-04-14T04:00:00Z
3.772443737564473;1;2022-04-14T05:00:00Z
3.072925380448314;1;2022-04-14T06:00:00Z
2.497721660399007;1;2022-04-14T07:00:00Z
2.6928503992134356;1;2022-04-14T08:00:00Z
3.1149041639679913;1;2022-04-14T09:00:00Z
2.896312904678428;1;2022-04-14T10:00:00Z
1.6118949594057792;1;2022-04-14T11:00:00Z
2.3802967219312787;1;2022-04-14T12:00:00Z
3.87163356672647;1;2022-04-14T13:00:00Z
2.6711082531310546;1;2022-04-14T14:00:00Z
2.519763454814325;1;2022-04-14T15:00:00Z
2.110122072976526;1;2022-04-14T16:00:00Z
1.0210042412492286;1;2022-04-14T17:00:00Z
1.724195208217742;1;2022-04-14T18:00:00Z
2.3278114655010813;1;2022-04-14T19:00:00Z
2.589203468547575;1;2022-04-14T20:00:00Z
2.448301960747864;1;2022-04-14T21:00:00Z
2.833887132392523;1;2022-04-14T22:00:00Z
3.2168663344955477;1;2022-04-14T23:00:00Z
3.0506224798259236;1;2022-04-15T00:00:00Z
3.2225708268175732;1;2022-04-15T01:00:00Z
3.471890359736631;1;2022-04-15T02:00:00Z
3.672007030340159;1;2022-04-15T03:00:00Z
3.653748181864532;1;2022-04-15T04:00:00Z
3.7408767471525755;1;2022-04-15T05:00:00Z
4.10507335786925;1;2022-04-15T06:00:00Z
4.807520878913747;1;2022-04-15T07:00:00Z
5.1667077688748915;1;2022-04-15T08:00:00Z
5.457316293338251;1;2022-04-15T09:00:00Z
4.696278060829485;1;2022-04-15T10:00:00Z
5.206937890332244;1;2022-04-15T11:00:00Z
4.95716718840474;1;2022-04-15T12:00:00Z
4.993764737460396;1;2022-04-15T13:00:00Z
4.3566750105007666;1;2022-04-15T14:00:00Z
4.407317265809731;1;2022-04-15T15:00:00Z
5.2413899033237055;1;2022-04-15T16:00:00Z
5.395584711979056;1;2022-04-15T17:00:00Z
5.128317148402433;1;2022-04-15T18:00:00Z
5.042060595049055;1;2022-04-15T19:00:00Z
5.080184964184132;1;2022-04-15T20:00:00Z
5.346160501559748;1;2022-04-15T21:00:00Z
5.5568278165303;1;2022-04-15T22:00:00Z
5.388707540835932;1;2022-04-15T23:00:00Z
5.241911868019443;1;2022-04-16T00:00:00Z
5.060739972515807;1;2022-04-16T01:00:00Z
4.761877232250142;1;2022-04-16T02:00:00Z
4.377767846677241;1;2022-04-16T03:00:00Z
3.9448682352246105;1;2022-04-16T04:00:00Z
3.9066404626983995;1;2022-04-16T05:00:00Z
4.309140832048419;1;2022-04-16T06:00:00Z
4.671272325306546;1;2022-04-16T07:00:00Z
4.511479029175617;1;2022-04-16T08:00:00Z
4.282787787036086;1;2022-04-16T09:00:00Z
3.5902658574614232;1;2022-04-16T10:00:00Z
3.8178410478931726;1;2022-04-16T11:00:00Z
4.08196306697773;1;2022-04-16T12:00:00Z
4.065955891614122;1;2022-04-16T13:00:00Z
4.05938105319302;1;2022-04-16T14:00:00Z
3.9736434890510677;1;2022-04-16T15:00:00Z
3.9724838095410293;1;2022-04-16T16:00:00Z
3.4337279182128286;1;2022-04-16T17:00:00Z
3.219224831362607;1;2022-04-16T18:00:00Z
3.3412728314157185;1;2022-04-16T19:00:00Z
3.1621935520586493;1;2022-04-16T20:00:00Z
2.842017332715039;1;2022-04-16T21:00:00Z
2.5170698948760064;1;2022-04-16T22:00:00Z
2.1462382890514493;1;2022-04-16T23:00:00Z
2.0226590276988774;1;2022-04-17T00:00:00Z
1.858907036094695;1;2022-04-17T01:00:00Z
1.6613859048804116;1;2022-04-17T02:00:00Z
2.245881036567788;1;2022-04-17T03:00:00Z
1.839641341505556;1;2022-04-17T04:00:00Z
1.1653535528079997;1;2022-04-17T05:00:00Z
1.4661561770581732;1;2022-04-17T06:00:00Z
1.370151758950674;1;2022-04-17T07:00:00Z
1.5337569853215607;1;2022-04-17T08:00:00Z
1.7817721025746869;1;2022-04-17T09:00:00Z
2.0026715944219213;1;2022-04-17T10:00:00Z
2.6113508425852867;1;2022-04-17T11:00:00Z
2.7713400323983217;1;2022-04-17T12:00:00Z
2.88439016488426;1;2022-04-17T13:00:00Z
2.8906418278295662;1;2022-04-17T14:00:00Z
2.773968661856001;1;2022-04-17T15:00:00Z
2.7685185651161963;1;2022-04-17T16:00:00Z
2.1117754140344274;1;2022-04-17T17:00:00Z
2.469118672536678;1;2022-04-17T18:00:00Z
2.9284494334437814;1;2022-04-17T19:00:00Z
2.6001410727477996;1;2022-04-17T20:00:00Z
2.2963270647854888;1;2022-04-17T21:00:00Z
2.2691750266323027;1;2022-04-17T22:00:00Z
1.9269521558625977;1;2022-04-17T23:00:00Z
1.9424865403790395;1;2022-04-18T00:00:00Z
1.962052644694757;1;2022-04-18T01:00:00Z
1.8678037473430567;1;2022-04-18T02:00:00Z
1.843772698934926;1;2022-04-18T03:00:00Z
1.918295042670252;1;2022-04-18T04:00:00Z
2.056428530304238;1;2022-04-18T05:00:00Z
2.0270773177571715;1;2022-04-18T06:00:00Z
1.907403919642183;1;2022-04-18T07:00:00Z
1.723582984323946;1;2022-04-18T08:00:00Z
1.6945345630588597;1;2022-04-18T09:00:00Z
2.030039972771437;1;2022-04-18T10:00:00Z
2.1382179632466456;1;2022-04-18T11:00:00Z
2.4807393121910004;1;2022-04-18T12:00:00Z
2.8694180021760904;1;2022-04-18T13:00:00Z
3.0479799661313813;1;2022-04-18T14:00:00Z
3.1109322447621617;1;2022-04-18T15:00:00Z
3.198860473626249;1;2022-04-18T16:00:00Z
2.6112236564223914;1;2022-04-18T17:00:00Z
2.6181917784597184;1;2022-04-18T18:00:00Z
2.9616851778244175;1;2022-04-18T19:00:00Z
3.0106447877805116;1;2022-04-18T20:00:00Z
3.0673571352480713;1;2022-04-18T21:00:00Z
2.9667505448751585;1;2022-04-18T22:00:00Z
2.634503855959339;1;2022-04-18T23:00:00Z
2.7686377134686055;1;2022-04-19T00:00:00Z
3.144597645202956;1;2022-04-19T01:00:00Z
3.472691373595157;1;2022-04-19T02:00:00Z
3.5003035495372417;1;2022-04-19T03:00:00Z
3.2959296848190567;1;2022-04-19T04:00:00Z
3.615634723039478;1;2022-04-19T05:00:00Z
3.8227957718294343;1;2022-04-19T06:00:00Z
3.905600834912604;1;2022-04-19T07:00:00Z
4.017842711751761;1;2022-04-19T08:00:00Z
4.37630732715335;1;2022-04-19T09:00:00Z
4.348894180573117;1;2022-04-19T10:00:00Z
4.6681339878585435;1;2022-04-19T11:00:00Z
5.355745795175438;1;2022-04-19T12:00:00Z
5.099668446446192;1;2022-04-19T13:00:00Z
4.792100082963916;1;2022-04-19T14:00:00Z
4.457722250988767;1;2022-04-19T15:00:00Z
3.8757398228304245;1;2022-04-19T16:00:00Z
2.8720197591272787;1;2022-04-19T17:00:00Z
2.3408969477743926;1;2022-04-19T18:00:00Z
2.5975376895189357;1;2022-04-19T19:00:00Z
2.7893701263289747;1;2022-04-19T20:00:00Z
2.6850058527809866;1;2022-04-19T21:00:00Z
1.598313280445604;1;2022-04-19T22:00:00Z
1.8615523243045757;1;2022-04-19T23:00:00Z
1.380903629161084;1;2022-04-20T00:00:00Z
1.9300917127890318;1;2022-04-20T01:00:00Z
1.933102458912381;1;2022-04-20T02:00:00Z
1.7816822246072932;1;2022-04-20T03:00:00Z
2.4436697644455916;1;2022-04-20T04:00:00Z
2.648041457304666;1;2022-04-20T05:00:00Z
2.6042565174537198;1;2022-04-20T06:00:00Z
2.8104664322269626;1;2022-04-20T07:00:00Z
3.193845605728704;1;2022-04-20T08:00:00Z
3.5559812188921707;1;2022-04-20T09:00:00Z
2.4161329095333177;1;2022-04-20T10:00:00Z
1.3105600261436108;1;2022-04-20T11:00:00Z
2.6697011955222503;1;2022-04-20T12:00:00Z
4.691254287182501;1;2022-04-20T13:00:00Z
5.023794217287377;1;2022-04-20T14:00:00Z
4.703690408011567;1;2022-04-20T15:00:00Z
4.812824003263849;1;2022-04-20T16:00:00Z
4.545929770688189;1;2022-04-20T17:00:00Z
4.078807800546029;1;2022-04-20T18:00:00Z
3.8184926662019705;1;2022-04-20T19:00:00Z
3.7888424162154872;1;2022-04-20T20:00:00Z
3.801315075715727;1;2022-04-20T21:00:00Z
3.2070852837007884;1;2022-04-20T22:00:00Z
3.220842830383977;1;2022-04-20T23:00:00Z
2.730722228044911;1;2022-04-21T00:00:00Z
2.862146405508678;1;2022-04-21T01:00:00Z
3.0084748198457927;1;2022-04-21T02:00:00Z
2.838223447753393;1;2022-04-21T03:00:00Z
2.655898167384488;1;2022-04-21T04:00:00Z
2.669694140720079;1;2022-04-21T05:00:00Z
2.782260015674178;1;2022-04-21T06:00:00Z
2.936613585872967;1;2022-04-21T07:00:00Z
3.9771074469278593;1;2022-04-21T08:00:00Z
4.4636063232308985;1;2022-04-21T09:00:00Z
3.575491229128858;1;2022-04-21T10:00:00Z
3.8776615386260445;1;2022-04-21T11:00:00Z
4.256020385769453;1;2022-04-21T12:00:00Z
3.8747738870975827;1;2022-04-21T13:00:00Z
3.3962011439546678;1;2022-04-21T14:00:00Z
2.483015874428421;1;2022-04-21T15:00:00Z
2.216891260764651;1;2022-04-21T16:00:00Z
1.920197675239029;1;2022-04-21T17:00:00Z
1.4694692732443502;1;2022-04-21T18:00:00Z
1.5913654611954575;1;2022-04-21T19:00:00Z
1.9993299318410382;1;2022-04-21T20:00:00Z
2.4420253209545018;1;2022-04-21T21:00:00Z
2.1842616105886186;1;2022-04-21T22:00:00Z
2.2970713536991316;1;2022-04-21T23:00:00Z
2.6826829212238006;1;2022-04-22T00:00:00Z
2.7936611141404315;1;2022-04-22T01:00:00Z
2.617146051490755;1;2022-04-22T02:00:00Z
2.3660383380775434;1;2022-04-22T03:00:00Z
2.400163210613201;1;2022-04-22T04:00:00Z
2.5059811019518645;1;2022-04-22T05:00:00Z
3.0546667172903836;1;2022-04-22T06:00:00Z
3.7590661897649964;1;2022-04-22T07:00:00Z
4.789434771875017;1;2022-04-22T08:00:00Z
5.183549155144272;1;2022-04-22T09:00:00Z
4.27742430055062;1;2022-04-22T10:00:00Z
5.7759712019979395;1;2022-04-22T11:00:00Z
5.7672201432897126;1;2022-04-22T12:00:00Z
5.6562246990335545;1;2022-04-22T13:00:00Z
5.8297325077505;1;2022-04-22T14:00:00Z
5.4580272477671175;1;2022-04-22T15:00:00Z
4.81742255092339;1;2022-04-22T16:00:00Z
4.499890251816257;1;2022-04-22T17:00:00Z
4.455930098950132;1;2022-04-22T18:00:00Z
4.309371206157591;1;2022-04-22T19:00:00Z
4.133326222321171;1;2022-04-22T20:00:00Z
3.737518701303183;1;2022-04-22T21:00:00Z
3.809867471046225;1;2022-04-22T22:00:00Z
3.398583666419655;1;2022-04-22T23:00:00Z
3.1969261213738203;1;2022-04-23T00:00:00Z
3.309120012448383;1;2022-04-23T01:00:00Z
3.225454117641302;1;2022-04-23T02:00:00Z
3.1728615672182205;1;2022-04-23T03:00:00Z
3.1703222316904536;1;2022-04-23T04:00:00Z
3.2242367432283157;1;2022-04-23T05:00:00Z
2.885625306176597;1;2022-04-23T06:00:00Z
2.776051663458646;1;2022-04-23T07:00:00Z
2.995261005487607;1;2022-04-23T08:00:00Z
3.3111242338194575;1;2022-04-23T09:00:00Z
3.8390061402471805;1;2022-04-23T10:00:00Z
4.1802014554584845;1;2022-04-23T11:00:00Z
4.356180443445966;1;2022-04-23T12:00:00Z
4.204585343543053;1;2022-04-23T13:00:00Z
4.064362452408196;1;2022-04-23T14:00:00Z
3.9792105154929938;1;2022-04-23T15:00:00Z
3.6031848560856985;1;2022-04-23T16:00:00Z
3.29256005761778;1;2022-04-23T17:00:00Z
3.7629202133255135;1;2022-04-23T18:00:00Z
4.36746195420335;1;2022-04-23T19:00:00Z
4.815211189166277;1;2022-04-23T20:00:00Z
4.804493559630131;1;2022-04-23T21:00:00Z
4.513098183252262;1;2022-04-23T22:00:00Z
4.194117508797824;1;2022-04-23T23:00:00Z
4.155150459788035;1;2022-04-24T00:00:00Z
4.305528690631026;1;2022-04-24T01:00:00Z
4.191683240859591;1;2022-04-24T02:00:00Z
3.9392599816500047;1;2022-04-24T03:00:00Z
4.035355850403979;1;2022-04-24T04:00:00Z
4.089581947812843;1;2022-04-24T05:00:00Z
3.8095043947331546;1;2022-04-24T06:00:00Z
3.920896071530077;1;2022-04-24T07:00:00Z
4.119254324544188;1;2022-04-24T08:00:00Z
4.1803908534190946;1;2022-04-24T09:00:00Z
5.286153744188285;1;2022-04-24T10:00:00Z
5.6037965910153025;1;2022-04-24T11:00:00Z
5.400804084879659;1;2022-04-24T12:00:00Z
5.421502055674457;1;2022-04-24T13:00:00Z
5.375355891698708;1;2022-04-24T14:00:00Z
4.866440943552651;1;2022-04-24T15:00:00Z
4.110891465190083;1;2022-04-24T16:00:00Z
3.6039851940934975;1;2022-04-24T17:00:00Z
3.8055417061891936;1;2022-04-24T18:00:00Z
3.796561446763706;1;2022-04-24T19:00:00Z
3.5252061852418484;1;2022-04-24T20:00:00Z
3.5925867483453353;1;2022-04-24T21:00:00Z
4.357969493365661;1;2022-04-24T22:00:00Z
4.123938068404889;1;2022-04-24T23:00:00Z
4.19854100988084;1;2022-04-25T00:00:00Z
4.421798801724641;1;2022-04-25T01:00:00Z
4.304459129003495;1;2022-04-25T02:00:00Z
4.135692805662848;1;2022-04-25T03:00:00Z
4.091640108909366;1;2022-04-25T04:00:00Z
3.6832059876572143;1;2022-04-25T05:00:00Z
4.390392886676109;1;2022-04-25T06:00:00Z
4.0019506666265;1;2022-04-25T07:00:00Z
4.048948243694319;1;2022-04-25T08:00:00Z
4.049131999541019;1;2022-04-25T09:00:00Z
2.666557558452697;1;2022-04-25T10:00:00Z
2.9605175856419215;1;2022-04-25T11:00:00Z
3.0203034536560778;1;2022-04-25T12:00:00Z
3.1678591251478125;1;2022-04-25T13:00:00Z
3.276921871655033;1;2022-04-25T14:00:00Z
3.164131089835195;1;2022-04-25T15:00:00Z
3.07090064054966;1;2022-04-25T16:00:00Z
2.8860704682691276;1;2022-04-25T17:00:00Z
3.0748870316385153;1;2022-04-25T18:00:00Z
2.5983310655433685;1;2022-04-25T19:00:00Z
1.948155096217188;1;2022-04-25T20:00:00Z
1.590752507465071;1;2022-04-25T21:00:00Z
1.6840719631855723;1;2022-04-25T22:00:00Z
1.6937582024118039;1;2022-04-25T23:00:00Z
1.9926629725943017;1;2022-04-26T00:00:00Z
1.7623014964797872;1;2022-04-26T01:00:00Z
1.809239475654552;1;2022-04-26T02:00:00Z
2.0924491350443604;1;2022-04-26T03:00:00Z
1.6996790598100724;1;2022-04-26T04:00:00Z
1.9341158376702776;1;2022-04-26T05:00:00Z
1.5326542559483847;1;2022-04-26T06:00:00Z
1.4839684886926987;1;2022-04-26T07:00:00Z
1.453764585666809;1;2022-04-26T08:00:00Z
1.6143493720413127;1;2022-04-26T09:00:00Z
1.088722733005103;1;2022-04-26T10:00:00Z
1.2282887359188326;1;2022-04-26T11:00:00Z
0.9308829535433203;1;2022-04-26T12:00:00Z
0.49004054824607796;1;2022-04-26T13:00:00Z
0.5261128900698261;1;2022-04-26T14:00:00Z
0.8925756710521485;1;2022-04-26T15:00:00Z
1.3320564916794104;1;2022-04-26T16:00:00Z
1.061792927470962;1;2022-04-26T17:00:00Z
1.6966813207667635;1;2022-04-26T18:00:00Z
1.703716518805671;1;2022-04-26T19:00:00Z
1.593156401499968;1;2022-04-26T20:00:00Z
1.6308173996589197;1;2022-04-26T21:00:00Z
3.1417579467503614;1;2022-04-26T22:00:00Z
2.4997857255495197;1;2022-04-26T23:00:00Z
2.5940919696060867;1;2022-04-27T00:00:00Z
2.1576624424368136;1;2022-04-27T01:00:00Z
2.6284138475227485;1;2022-04-27T02:00:00Z
2.690100362104723;1;2022-04-27T03:00:00Z
2.3576299209135687;1;2022-04-27T04:00:00Z
2.3324854760418305;1;2022-04-27T05:00:00Z
2.1027389348088086;1;2022-04-27T06:00:00Z
1.9799150222785047;1;2022-04-27T07:00:00Z
2.1014197112855704;1;2022-04-27T08:00:00Z
2.2927027898722656;1;2022-04-27T09:00:00Z
2.116418008324795;1;2022-04-27T10:00:00Z
2.9394906616008942;1;2022-04-27T11:00:00Z
3.136413039299978;1;2022-04-27T12:00:00Z
3.52188871932495;1;2022-04-27T13:00:00Z
3.5577986764019647;1;2022-04-27T14:00:00Z
3.2847003855979158;1;2022-04-27T15:00:00Z
3.0466043257742053;1;2022-04-27T16:00:00Z
2.1805651017285403;1;2022-04-27T17:00:00Z
1.909893753048218;1;2022-04-27T18:00:00Z
2.1924692443357365;1;2022-04-27T19:00:00Z
2.115507010113367;1;2022-04-27T20:00:00Z
2.0448178545205593;1;2022-04-27T21:00:00Z
1.9075480345986784;1;2022-04-27T22:00:00Z
1.7091481351297326;1;2022-04-27T23:00:00Z
2.1008400815212878;1;2022-04-28T00:00:00Z
1.9535302955386171;1;2022-04-28T01:00:00Z
1.8065592289645764;1;2022-04-28T02:00:00Z
1.7794772749437735;1;2022-04-28T03:00:00Z
1.6301037251979655;1;2022-04-28T04:00:00Z
1.964879211550622;1;2022-04-28T05:00:00Z
1.7431008914105703;1;2022-04-28T06:00:00Z
1.69785549553102;1;2022-04-28T07:00:00Z
1.4677858455580817;1;2022-04-28T08:00:00Z
2.2541948048533618;1;2022-04-28T09:00:00Z
2.244199411115166;1;2022-04-28T10:00:00Z
2.4770613221058957;1;2022-04-28T11:00:00Z
2.5021118589379006;1;2022-04-28T12:00:00Z
2.6307694601502285;1;2022-04-28T13:00:00Z
2.83059538915281;1;2022-04-28T14:00:00Z
3.007503917932463;1;2022-04-28T15:00:00Z
3.1685310414596044;1;2022-04-28T16:00:00Z
2.5997391468921522;1;2022-04-28T17:00:00Z
1.8443562111264455;1;2022-04-28T18:00:00Z
1.7071398266700117;1;2022-04-28T19:00:00Z
1.718263679787174;1;2022-04-28T20:00:00Z
2.0281840987612947;1;2022-04-28T21:00:00Z
2.1585449119032565;1;2022-04-28T22:00:00Z
2.4469676055167846;1;2022-04-28T23:00:00Z
2.3689077559192757;1;2022-04-29T00:00:00Z
2.2136554369683434;1;2022-04-29T01:00:00Z
2.1240282558624846;1;2022-04-29T02:00:00Z
2.1441569582036117;1;2022-04-29T03:00:00Z
2.0736292800404432;1;2022-04-29T04:00:00Z
1.2774703316566833;1;2022-04-29T05:00:00Z
0.7971734677073442;1;2022-04-29T06:00:00Z
0.6766800073648033;1;2022-04-29T07:00:00Z
0.2597300520371442;1;2022-04-29T08:00:00Z
0.550321401432043;1;2022-04-29T09:00:00Z
0.40327581209379554;1;2022-04-29T10:00:00Z
0.5614704266722856;1;2022-04-29T11:00:00Z
0.345065389722839;1;2022-04-29T12:00:00Z
0.32071826876102394;1;2022-04-29T13:00:00Z
0.5527635761124448;1;2022-04-29T14:00:00Z
0.5246647585172994;1;2022-04-29T15:00:00Z
0.5523419581884991;1;2022-04-29T16:00:00Z
0.6803530479035429;1;2022-04-29T17:00:00Z
1.4604413406945524;1;2022-04-29T18:00:00Z
2.071467487293753;1;2022-04-29T19:00:00Z
2.179591459839195;1;2022-04-29T20:00:00Z
1.996587582579533;1;2022-04-29T21:00:00Z
1.9969997349956283;1;2022-04-29T22:00:00Z
1.9879349131960777;1;2022-04-29T23:00:00Z
1.874212585558438;1;2022-04-30T00:00:00Z
2.005670531012423;1;2022-04-30T01:00:00Z
1.985288063102816;1;2022-04-30T02:00:00Z
2.164006190552974;1;2022-04-30T03:00:00Z
1.3395663720398163;1;2022-04-30T04:00:00Z
0.33805995935026417;1;2022-04-30T05:00:00Z
0.3126816910744715;1;2022-04-30T06:00:00Z
0.46882408990910923;1;2022-04-30T07:00:00Z
0.4959990117971967;1;2022-04-30T08:00:00Z
0.6579180398416429;1;2022-04-30T09:00:00Z
0.7054792550420175;1;2022-04-30T10:00:00Z
0.43711202553943745;1;2022-04-30T11:00:00Z
0.4901361521641636;1;2022-04-30T12:00:00Z
0.5818598420163366;1;2022-04-30T13:00:00Z
0.3194353586090456;1;2022-04-30T14:00:00Z
0.6121810222694637;1;2022-04-30T15:00:00Z
1.4062885588482799;1;2022-04-30T16:00:00Z
1.8114353344681484;1;2022-04-30T17:00:00Z
2.372166565185679;1;2022-04-30T18:00:00Z
2.3278256694791803;1;2022-04-30T19:00:00Z
2.3364160386129607;1;2022-04-30T20:00:00Z
2.5032492973104206;1;2022-04-30T21:00:00Z
3.4140790300669517;1;2022-04-30T22:00:00Z
3.477163052805871;1;2022-04-30T23:00:00Z
3.2342628832551115;1;2022-05-01T00:00:00Z
3.0069002840538017;1;2022-05-01T01:00:00Z
2.77031066890706;1;2022-05-01T02:00:00Z
2.5837672493513266;1;2022-05-01T03:00:00Z
2.5902197070028734;1;2022-05-01T04:00:00Z
2.845169147233228;1;2022-05-01T05:00:00Z
2.702546108349884;1;2022-05-01T06:00:00Z
2.823689675662576;1;2022-05-01T07:00:00Z
2.747923441391974;1;2022-05-01T08:00:00Z
2.6474203419545215;1;2022-05-01T09:00:00Z
2.6466566545889982;1;2022-05-01T10:00:00Z
2.940371298762211;1;2022-05-01T11:00:00Z
3.1259456313273706;1;2022-05-01T12:00:00Z
3.2505819722392126;1;2022-05-01T13:00:00Z
3.2685661721638577;1;2022-05-01T14:00:00Z
3.149531110517345;1;2022-05-01T15:00:00Z
3.0462818938462224;1;2022-05-01T16:00:00Z
2.901499235569464;1;2022-05-01T17:00:00Z
2.477967916543808;1;2022-05-01T18:00:00Z
2.4176962007340133;1;2022-05-01T19:00:00Z
2.3265117187698325;1;2022-05-01T20:00:00Z
2.1716037532578962;1;2022-05-01T21:00:00Z
2.0374298705939586;1;2022-05-01T22:00:00Z
1.8467647890385144;1;2022-05-01T23:00:00Z
1.7553153049172494;1;2022-05-02T00:00:00Z
1.7478394897318392;1;2022-05-02T01:00:00Z
1.555292933257319;1;2022-05-02T02:00:00Z
1.740786007621138;1;2022-05-02T03:00:00Z
1.2271079815973038;1;2022-05-02T04:00:00Z
1.7520556095423405;1;2022-05-02T05:00:00Z
1.464983400031518;1;2022-05-02T06:00:00Z
1.3629928479694395;1;2022-05-02T07:00:00Z
1.2568580209705233;1;2022-05-02T08:00:00Z
1.3670354926105464;1;2022-05-02T09:00:00Z
1.1795833658872836;1;2022-05-02T10:00:00Z
0.9889398189408488;1;2022-05-02T11:00:00Z
1.935088255938648;1;2022-05-02T12:00:00Z
2.5943337331278977;1;2022-05-02T13:00:00Z
2.9272596957733574;1;2022-05-02T14:00:00Z
3.2551774047722146;1;2022-05-02T15:00:00Z
3.522445080803491;1;2022-05-02T16:00:00Z
3.447804420836684;1;2022-05-02T17:00:00Z
2.4792529486667845;1;2022-05-02T18:00:00Z
1.7357539467080147;1;2022-05-02T19:00:00Z
2.206388201790221;1;2022-05-02T20:00:00Z
2.1519906716231882;1;2022-05-02T21:00:00Z
1.826879451767431;1;2022-05-02T22:00:00Z
1.8542268009947522;1;2022-05-02T23:00:00Z
1.815301738860277;1;2022-05-03T00:00:00Z
1.7352382309708863;1;2022-05-03T01:00:00Z
1.670582548140919;1;2022-05-03T02:00:00Z
1.6980991081414056;1;2022-05-03T03:00:00Z
1.719371744750747;1;2022-05-03T04:00:00Z
1.9615966323921463;1;2022-05-03T05:00:00Z
1.462637852460797;1;2022-05-03T06:00:00Z
1.5022668297816453;1;2022-05-03T07:00:00Z
1.8899701119378036;1;2022-05-03T08:00:00Z
1.9943646220138915;1;2022-05-03T09:00:00Z
2.2285611700585504;1;2022-05-03T10:00:00Z
2.0341122462998764;1;2022-05-03T11:00:00Z
2.6965349208911755;1;2022-05-03T12:00:00Z
3.530490928500466;1;2022-05-03T13:00:00Z
3.6310310175931955;1;2022-05-03T14:00:00Z
4.03688286558964;1;2022-05-03T15:00:00Z
3.8889110478599007;1;2022-05-03T16:00:00Z
3.276140224131099;1;2022-05-03T17:00:00Z
2.2356514380154255;1;2022-05-03T18:00:00Z
1.7633039138818687;1;2022-05-03T19:00:00Z
1.7298440317608308;1;2022-05-03T20:00:00Z
1.635516517502161;1;2022-05-03T21:00:00Z
1.7429427790099135;1;2022-05-03T22:00:00Z
1.761542069619662;1;2022-05-03T23:00:00Z
1.8268546407216755;1;2022-05-04T00:00:00Z
1.4052564949828086;1;2022-05-04T01:00:00Z
1.2265969056632409;1;2022-05-04T02:00:00Z
0.9448311094837426;1;2022-05-04T03:00:00Z
0.7377363687571695;1;2022-05-04T04:00:00Z
0.6325400063078496;1;2022-05-04T05:00:00Z
0.1891262273752742;1;2022-05-04T06:00:00Z
0.5958724367001224;1;2022-05-04T07:00:00Z
0.8771803466677176;1;2022-05-04T08:00:00Z
1.3608567073347089;1;2022-05-04T09:00:00Z
0.4832395933488794;1;2022-05-04T10:00:00Z
1.2292697024060462;1;2022-05-04T11:00:00Z
1.2656262356194026;1;2022-05-04T12:00:00Z
0.8294982911691974;1;2022-05-04T13:00:00Z
0.12405338450078808;1;2022-05-04T14:00:00Z
0.8193080850110185;1;2022-05-04T15:00:00Z
1.3270854607372664;1;2022-05-04T16:00:00Z
1.5496194932806648;1;2022-05-04T17:00:00Z
1.5484610495053992;1;2022-05-04T18:00:00Z
1.5679775383792054;1;2022-05-04T19:00:00Z
1.6453144672777382;1;2022-05-04T20:00:00Z
1.6352958608563102;1;2022-05-04T21:00:00Z
1.4454419957940972;1;2022-05-04T22:00:00Z
1.1561427041970782;1;2022-05-04T23:00:00Z
1.7113150438694538;1;2022-05-05T00:00:00Z
1.9063404337148189;1;2022-05-05T01:00:00Z
1.9196624266299427;1;2022-05-05T02:00:00Z
1.8034313628484402;1;2022-05-05T03:00:00Z
2.054440778342796;1;2022-05-05T04:00:00Z
2.5395334945961285;1;2022-05-05T05:00:00Z
2.190249156932459;1;2022-05-05T06:00:00Z
2.153045418169413;1;2022-05-05T07:00:00Z
2.6605592741859443;1;2022-05-05T08:00:00Z
3.1083546531729724;1;2022-05-05T09:00:00Z
2.647356801833334;1;2022-05-05T10:00:00Z
2.07940751203178;1;2022-05-05T11:00:00Z
2.3760132494910953;1;2022-05-05T12:00:00Z
2.8710939896389642;1;2022-05-05T13:00:00Z
2.9140266661207077;1;2022-05-05T14:00:00Z
3.0296387581653366;1;2022-05-05T15:00:00Z
3.0772377163263993;1;2022-05-05T16:00:00Z
3.056432536613206;1;2022-05-05T17:00:00Z
2.1499582307823806;1;2022-05-05T18:00:00Z
2.1864270261745755;1;2022-05-05T19:00:00Z
2.256918546033155;1;2022-05-05T20:00:00Z
2.238079336948876;1;2022-05-05T21:00:00Z
2.8807015668834217;1;2022-05-05T22:00:00Z
2.5538408069799394;1;2022-05-05T23:00:00Z
1.8426084361848265;1;2022-05-06T00:00:00Z
1.8357325151024706;1;2022-05-06T01:00:00Z
1.354857568433557;1;2022-05-06T02:00:00Z
0.8177079731086353;1;2022-05-06T03:00:00Z
0.9773178841537212;1;2022-05-06T04:00:00Z
0.9465425628790646;1;2022-05-06T05:00:00Z
0.6105935641119757;1;2022-05-06T06:00:00Z
0.7405434716139898;1;2022-05-06T07:00:00Z
0.9514705927135129;1;2022-05-06T08:00:00Z
1.5204847563452537;1;2022-05-06T09:00:00Z
1.527861181040812;1;2022-05-06T10:00:00Z
1.6787452988475648;1;2022-05-06T11:00:00Z
1.6239493922938602;1;2022-05-06T12:00:00Z
1.877811277591096;1;2022-05-06T13:00:00Z
1.769728712964924;1;2022-05-06T14:00:00Z
1.8387558428748714;1;2022-05-06T15:00:00Z
2.0500287374391446;1;2022-05-06T16:00:00Z
1.4500820621032562;1;2022-05-06T17:00:00Z
1.1294586638791104;1;2022-05-06T18:00:00Z
0.6124972562811302;1;2022-05-06T19:00:00Z
0.12476204225913393;1;2022-05-06T20:00:00Z
1.126140900208425;1;2022-05-06T21:00:00Z
1.9447863413185271;1;2022-05-06T22:00:00Z
2.3465543016160653;1;2022-05-06T23:00:00Z
2.6236512751551846;1;2022-05-07T00:00:00Z
2.2441404816005903;1;2022-05-07T01:00:00Z
2.276569218503795;1;2022-05-07T02:00:00Z
2.17546134001205;1;2022-05-07T03:00:00Z
2.112305005197297;1;2022-05-07T04:00:00Z
2.691565520011004;1;2022-05-07T05:00:00Z
2.5037790761238266;1;2022-05-07T06:00:00Z
2.625106884402254;1;2022-05-07T07:00:00Z
2.7142857688674917;1;2022-05-07T08:00:00Z
2.6104727281379794;1;2022-05-07T09:00:00Z
2.9245140786672983;1;2022-05-07T10:00:00Z
3.3710016200358766;1;2022-05-07T11:00:00Z
3.156875516257418;1;2022-05-07T12:00:00Z
2.3838597859420005;1;2022-05-07T13:00:00Z
1.8065242217441766;1;2022-05-07T14:00:00Z
2.3785742152132254;1;2022-05-07T15:00:00Z
2.724696351356598;1;2022-05-07T16:00:00Z
2.422077776591195;1;2022-05-07T17:00:00Z
2.1963923989657763;1;2022-05-07T18:00:00Z
2.541098253629975;1;2022-05-07T19:00:00Z
2.383540797946367;1;2022-05-07T20:00:00Z
2.188102007647583;1;2022-05-07T21:00:00Z
2.5698772793608318;1;2022-05-07T22:00:00Z
2.3773776039262917;1;2022-05-07T23:00:00Z
2.312704801026288;1;2022-05-08T00:00:00Z
2.199402447456852;1;2022-05-08T01:00:00Z
2.089622557171563;1;2022-05-08T02:00:00Z
2.5062914794987345;1;2022-05-08T03:00:00Z
2.9047803016471767;1;2022-05-08T04:00:00Z
2.7840467790655303;1;2022-05-08T05:00:00Z
2.4746306530942483;1;2022-05-08T06:00:00Z
2.2571760046449327;1;2022-05-08T07:00:00Z
2.27727015503059;1;2022-05-08T08:00:00Z
2.685891236949088;1;2022-05-08T09:00:00Z
2.98412316734242;1;2022-05-08T10:00:00Z
3.1522829116326068;1;2022-05-08T11:00:00Z
3.268185522483133;1;2022-05-08T12:00:00Z
3.3304901921341385;1;2022-05-08T13:00:00Z
3.374028186608357;1;2022-05-08T14:00:00Z
3.5169668075215346;1;2022-05-08T15:00:00Z
3.4792552530078593;1;2022-05-08T16:00:00Z
3.245771240678169;1;2022-05-08T17:00:00Z
2.8309871103281847;1;2022-05-08T18:00:00Z
3.0750812233440796;1;2022-05-08T19:00:00Z
3.514834642875606;1;2022-05-08T20:00:00Z
3.504311927342361;1;2022-05-08T21:00:00Z
3.2039350681155905;1;2022-05-08T22:00:00Z
2.8365800206075638;1;2022-05-08T23:00:00Z
2.601898559353358;1;2022-05-09T00:00:00Z
2.527010740414296;1;2022-05-09T01:00:00Z
2.4445992136381434;1;2022-05-09T02:00:00Z
2.21376491712495;1;2022-05-09T03:00:00Z
2.454274353282043;1;2022-05-09T04:00:00Z
2.668243695187561;1;2022-05-09T05:00:00Z
2.6371714205385337;1;2022-05-09T06:00:00Z
2.4202812490792374;1;2022-05-09T07:00:00Z
2.4544503779757405;1;2022-05-09T08:00:00Z
2.4680223681532127;1;2022-05-09T09:00:00Z
2.3008466264130254;1;2022-05-09T10:00:00Z
2.1629760710909887;1;2022-05-09T11:00:00Z
2.1888133960737366;1;2022-05-09T12:00:00Z
2.1847002733112797;1;2022-05-09T13:00:00Z
2.112033105229008;1;2022-05-09T14:00:00Z
1.966591856401467;1;2022-05-09T15:00:00Z
1.9442715469086707;1;2022-05-09T16:00:00Z
1.9597416500623306;1;2022-05-09T17:00:00Z
1.502107754689703;1;2022-05-09T18:00:00Z
2.0273454116117984;1;2022-05-09T19:00:00Z
2.456626261073059;1;2022-05-09T20:00:00Z
3.1636732193757617;1;2022-05-09T21:00:00Z
3.832041292064333;1;2022-05-09T22:00:00Z
3.6710113644118327;1;2022-05-09T23:00:00Z
3.3209393864064385;1;2022-05-10T00:00:00Z
2.8041397422504044;1;2022-05-10T01:00:00Z
2.8378672128106066;1;2022-05-10T02:00:00Z
2.388666070685836;1;2022-05-10T03:00:00Z
2.548927998731829;1;2022-05-10T04:00:00Z
3.0646086163981705;1;2022-05-10T05:00:00Z
2.304192441817911;1;2022-05-10T06:00:00Z
2.3505441629021915;1;2022-05-10T07:00:00Z
2.7539399877270334;1;2022-05-10T08:00:00Z
3.20761911345707;1;2022-05-10T09:00:00Z
2.9826721778084786;1;2022-05-10T10:00:00Z
2.941959565475558;1;2022-05-10T11:00:00Z
2.9884909445415686;1;2022-05-10T12:00:00Z
4.002508588241161;1;2022-05-10T13:00:00Z
3.780124175953655;1;2022-05-10T14:00:00Z
3.5983589121714274;1;2022-05-10T15:00:00Z
3.4678996895165604;1;2022-05-10T16:00:00Z
2.421451432797876;1;2022-05-10T17:00:00Z
2.2508206147451943;1;2022-05-10T18:00:00Z
2.5972921826787396;1;2022-05-10T19:00:00Z
3.1006146429267534;1;2022-05-10T20:00:00Z
3.6082781532061814;1;2022-05-10T21:00:00Z
3.0635837156303642;1;2022-05-10T22:00:00Z
3.0866395831450117;1;2022-05-10T23:00:00Z
3.051692388215464;1;2022-05-11T00:00:00Z
1.8289579181739926;1;2022-05-11T01:00:00Z
1.0942091817437263;1;2022-05-11T02:00:00Z
1.0657010377434026;1;2022-05-11T03:00:00Z
1.076858293037676;1;2022-05-11T04:00:00Z
0.9489395429897073;1;2022-05-11T05:00:00Z
1.0568507466373125;1;2022-05-11T06:00:00Z
2.3103557292655705;1;2022-05-11T07:00:00Z
3.5790347762952646;1;2022-05-11T08:00:00Z
4.316115352391657;1;2022-05-11T09:00:00Z
5.050988286232155;1;2022-05-11T10:00:00Z
5.7014168474664055;1;2022-05-11T11:00:00Z
6.240740728224464;1;2022-05-11T12:00:00Z
5.807271507445038;1;2022-05-11T13:00:00Z
7.05436966601505;1;2022-05-11T14:00:00Z
7.151428119364553;1;2022-05-11T15:00:00Z
6.355180699995986;1;2022-05-11T16:00:00Z
5.19690606613773;1;2022-05-11T17:00:00Z
4.830526542438034;1;2022-05-11T18:00:00Z
4.289586372792697;1;2022-05-11T19:00:00Z
4.065030023741545;1;2022-05-11T20:00:00Z
3.8885914745683254;1;2022-05-11T21:00:00Z
3.13820363359247;1;2022-05-11T22:00:00Z
2.716478271199868;1;2022-05-11T23:00:00Z
3.21622344946685;1;2022-05-12T00:00:00Z
2.5398689639937277;1;2022-05-12T01:00:00Z
3.724712055176628;1;2022-05-12T02:00:00Z
6.113082462839493;1;2022-05-12T03:00:00Z
5.945090516930382;1;2022-05-12T04:00:00Z
8.010132199660546;1;2022-05-12T05:00:00Z
7.7759482663545585;1;2022-05-12T06:00:00Z
7.595941875032418;1;2022-05-12T07:00:00Z
7.477397098315957;1;2022-05-12T08:00:00Z
6.712626433991814;1;2022-05-12T09:00:00Z
5.339845811370452;1;2022-05-12T10:00:00Z
5.066796221702756;1;2022-05-12T11:00:00Z
5.093144042454673;1;2022-05-12T12:00:00Z
5.464634165062428;1;2022-05-12T13:00:00Z
5.587876386524203;1;2022-05-12T14:00:00Z
5.3681070530980355;1;2022-05-12T15:00:00Z
4.510680578224687;1;2022-05-12T16:00:00Z
4.208778277612465;1;2022-05-12T17:00:00Z
3.028596445279148;1;2022-05-12T18:00:00Z
2.1506653042294364;1;2022-05-12T19:00:00Z
1.9708427516275806;1;2022-05-12T20:00:00Z
1.9484990388362704;1;2022-05-12T21:00:00Z
2.722964584813579;1;2022-05-12T22:00:00Z
2.741824023150928;1;2022-05-12T23:00:00Z
2.885322305591245;1;2022-05-13T00:00:00Z
2.7628275464803673;1;2022-05-13T01:00:00Z
2.6241029316943165;1;2022-05-13T02:00:00Z
2.1318611538965655;1;2022-05-13T03:00:00Z
2.2041876313428057;1;2022-05-13T04:00:00Z
2.3935440052992716;1;2022-05-13T05:00:00Z
2.7881149961558584;1;2022-05-13T06:00:00Z
3.3893621768820705;1;2022-05-13T07:00:00Z
5.2121755527800255;1;2022-05-13T08:00:00Z
5.837428328377605;1;2022-05-13T09:00:00Z
5.217136995534728;1;2022-05-13T10:00:00Z
5.769713819549299;1;2022-05-13T11:00:00Z
6.442219556786304;1;2022-05-13T12:00:00Z
6.701811099057362;1;2022-05-13T13:00:00Z
6.548567276186357;1;2022-05-13T14:00:00Z
6.467135544696805;1;2022-05-13T15:00:00Z
6.0739783233678475;1;2022-05-13T16:00:00Z
5.5688331760319345;1;2022-05-13T17:00:00Z
4.0991892718109;1;2022-05-13T18:00:00Z
3.3827880678420277;1;2022-05-13T19:00:00Z
2.941976494823487;1;2022-05-13T20:00:00Z
2.596311512633848;1;2022-05-13T21:00:00Z
3.194110902551441;1;2022-05-13T22:00:00Z
3.3956828012506786;1;2022-05-13T23:00:00Z
3.012899432884318;1;2022-05-14T00:00:00Z
2.63494802787463;1;2022-05-14T01:00:00Z
2.859059899590741;1;2022-05-14T02:00:00Z
3.2160130400017795;1;2022-05-14T03:00:00Z
3.589772526041672;1;2022-05-14T04:00:00Z
3.6868405138327205;1;2022-05-14T05:00:00Z
4.652003001365451;1;2022-05-14T06:00:00Z
5.398467023166437;1;2022-05-14T07:00:00Z
6.481629625932992;1;2022-05-14T08:00:00Z
6.695005853675527;1;2022-05-14T09:00:00Z
5.957067090617303;1;2022-05-14T10:00:00Z
5.7348864998217355;1;2022-05-14T11:00:00Z
6.1924384583540695;1;2022-05-14T12:00:00Z
5.643270465808002;1;2022-05-14T13:00:00Z
5.265926975718684;1;2022-05-14T14:00:00Z
5.177185547231122;1;2022-05-14T15:00:00Z
4.559367447897166;1;2022-05-14T16:00:00Z
4.486869351820924;1;2022-05-14T17:00:00Z
4.132775305776914;1;2022-05-14T18:00:00Z
3.5512505076476213;1;2022-05-14T19:00:00Z
2.9483580447948556;1;2022-05-14T20:00:00Z
2.4300713698207703;1;2022-05-14T21:00:00Z
2.012752531250298;1;2022-05-14T22:00:00Z
1.8199101049022635;1;2022-05-14T23:00:00Z
1.8048661825526005;1;2022-05-15T00:00:00Z
1.7638225613165583;1;2022-05-15T01:00:00Z
2.0094622003160705;1;2022-05-15T02:00:00Z
1.9410494879418456;1;2022-05-15T03:00:00Z
1.6024827700533923;1;2022-05-15T04:00:00Z
1.8730726195593832;1;2022-05-15T05:00:00Z
1.928983924038658;1;2022-05-15T06:00:00Z
1.7390373541405981;1;2022-05-15T07:00:00Z
1.7861329086679911;1;2022-05-15T08:00:00Z
1.7625696290948376;1;2022-05-15T09:00:00Z
1.1807497588626479;1;2022-05-15T10:00:00Z
1.0599106476907976;1;2022-05-15T11:00:00Z
1.286035574654735;1;2022-05-15T12:00:00Z
1.1490954607741253;1;2022-05-15T13:00:00Z
1.1538535628548128;1;2022-05-15T14:00:00Z
1.18772888973922;1;2022-05-15T15:00:00Z
1.4814746380542092;1;2022-05-15T16:00:00Z
1.8550608142747211;1;2022-05-15T17:00:00Z
1.2164307852709537;1;2022-05-15T18:00:00Z
1.9386670480800372;1;2022-05-15T19:00:00Z
2.3310850522583557;1;2022-05-15T20:00:00Z
2.990035962951458;1;2022-05-15T21:00:00Z
3.646739390615358;1;2022-05-15T22:00:00Z
3.2862359723877073;1;2022-05-15T23:00:00Z
3.018925519851489;1;2022-05-16T00:00:00Z
2.972583787285814;1;2022-05-16T01:00:00Z
2.872136732058164;1;2022-05-16T02:00:00Z
2.6193491069848136;1;2022-05-16T03:00:00Z
3.0794690325961276;1;2022-05-16T04:00:00Z
3.3746533540262367;1;2022-05-16T05:00:00Z
3.1669778897259473;1;2022-05-16T06:00:00Z
3.2013211311860297;1;2022-05-16T07:00:00Z
3.113363145842417;1;2022-05-16T08:00:00Z
2.847965777194412;1;2022-05-16T09:00:00Z
2.8280766590266992;1;2022-05-16T10:00:00Z
2.701651837793309;1;2022-05-16T11:00:00Z
3.029996744667232;1;2022-05-16T12:00:00Z
2.766576192890334;1;2022-05-16T13:00:00Z
2.5785357608880806;1;2022-05-16T14:00:00Z
3.0335606474512775;1;2022-05-16T15:00:00Z
3.3743836685566704;1;2022-05-16T16:00:00Z
3.670993764784032;1;2022-05-16T17:00:00Z
4.155569697046214;1;2022-05-16T18:00:00Z
4.567635390379041;1;2022-05-16T19:00:00Z
4.193915537208707;1;2022-05-16T20:00:00Z
3.7975036556325668;1;2022-05-16T21:00:00Z
3.976081840437858;1;2022-05-16T22:00:00Z
3.3772774111532646;1;2022-05-16T23:00:00Z
3.1024610491018656;1;2022-05-17T00:00:00Z
1.6573638014153422;1;2022-05-17T01:00:00Z
0.6068138165894854;1;2022-05-17T02:00:00Z
1.2334473997861422;1;2022-05-17T03:00:00Z
1.4369603808452736;1;2022-05-17T04:00:00Z
1.3687885310859749;1;2022-05-17T05:00:00Z
1.4017484170754106;1;2022-05-17T06:00:00Z
0.8457982273311522;1;2022-05-17T07:00:00Z
0.6835081722512975;1;2022-05-17T08:00:00Z
1.2893842716448611;1;2022-05-17T09:00:00Z
1.2504444815103186;1;2022-05-17T10:00:00Z
1.9225341475801079;1;2022-05-17T11:00:00Z
2.2874202964994983;1;2022-05-17T12:00:00Z
1.7969979449071734;1;2022-05-17T13:00:00Z
1.2991854079890979;1;2022-05-17T14:00:00Z
0.9337652516169848;1;2022-05-17T15:00:00Z
0.8662444553382935;1;2022-05-17T16:00:00Z
1.1464632869290101;1;2022-05-17T17:00:00Z
0.9798086475272892;1;2022-05-17T18:00:00Z
1.2952877729089936;1;2022-05-17T19:00:00Z
1.0739267816645532;1;2022-05-17T20:00:00Z
1.0955562073487448;1;2022-05-17T21:00:00Z
3.3099451360089276;1;2022-05-17T22:00:00Z
4.601186670477958;1;2022-05-17T23:00:00Z
5.189047881260178;1;2022-05-18T00:00:00Z
5.177828678606916;1;2022-05-18T01:00:00Z
5.146853403835752;1;2022-05-18T02:00:00Z
5.122288834421969;1;2022-05-18T03:00:00Z
4.864099627156215;1;2022-05-18T04:00:00Z
4.369759059319506;1;2022-05-18T05:00:00Z
4.358828513398379;1;2022-05-18T06:00:00Z
4.199070889812317;1;2022-05-18T07:00:00Z
4.083483000368513;1;2022-05-18T08:00:00Z
4.41422669840725;1;2022-05-18T09:00:00Z
3.956786706180365;1;2022-05-18T10:00:00Z
4.084555261091161;1;2022-05-18T11:00:00Z
4.133415538935675;1;2022-05-18T12:00:00Z
4.015700969972631;1;2022-05-18T13:00:00Z
4.049080282941472;1;2022-05-18T14:00:00Z
3.567620880918917;1;2022-05-18T15:00:00Z
3.21847954598019;1;2022-05-18T16:00:00Z
3.14444498647373;1;2022-05-18T17:00:00Z
2.9317230089033868;1;2022-05-18T18:00:00Z
3.0900328999596756;1;2022-05-18T19:00:00Z
3.2159008178272668;1;2022-05-18T20:00:00Z
3.3466074675675053;1;2022-05-18T21:00:00Z
3.6911209248155927;1;2022-05-18T22:00:00Z
3.510032113011224;1;2022-05-18T23:00:00Z
3.3737504521410093;1;2022-05-19T00:00:00Z
3.120112506593232;1;2022-05-19T01:00:00Z
2.850349073378199;1;2022-05-19T02:00:00Z
2.758759648888364;1;2022-05-19T03:00:00Z
2.571851298025852;1;2022-05-19T04:00:00Z
3.050598593209748;1;2022-05-19T05:00:00Z
3.2293392650973587;1;2022-05-19T06:00:00Z
3.4597236655880463;1;2022-05-19T07:00:00Z
3.5999684406291754;1;2022-05-19T08:00:00Z
3.6031607182354413;1;2022-05-19T09:00:00Z
3.928198964851231;1;2022-05-19T10:00:00Z
4.146639216650999;1;2022-05-19T11:00:00Z
3.984164394385423;1;2022-05-19T12:00:00Z
3.8017481174530787;1;2022-05-19T13:00:00Z
3.9267295438145724;1;2022-05-19T14:00:00Z
4.42572820991307;1;2022-05-19T15:00:00Z
4.237655162144097;1;2022-05-19T16:00:00Z
3.7121855667634307;1;2022-05-19T17:00:00Z
2.5410685472293513;1;2022-05-19T18:00:00Z
2.2295769850053984;1;2022-05-19T19:00:00Z
2.206100541278493;1;2022-05-19T20:00:00Z
2.143312629558443;1;2022-05-19T21:00:00Z
3.921981080461238;1;2022-05-19T22:00:00Z
4.788326803780398;1;2022-05-19T23:00:00Z
4.643920185536761;1;2022-05-20T00:00:00Z
4.479874322346133;1;2022-05-20T01:00:00Z
4.41284532146997;1;2022-05-20T02:00:00Z
3.3843164209528744;1;2022-05-20T03:00:00Z
3.890136802404091;1;2022-05-20T04:00:00Z
4.6638429034195505;1;2022-05-20T05:00:00Z
4.02450648734552;1;2022-05-20T06:00:00Z
4.003552565536756;1;2022-05-20T07:00:00Z
3.8013997614759565;1;2022-05-20T08:00:00Z
4.030540042620564;1;2022-05-20T09:00:00Z
4.602696596769128;1;2022-05-20T10:00:00Z
2.8851614615661805;1;2022-05-20T11:00:00Z
3.2032623078692706;1;2022-05-20T12:00:00Z
3.3841280719185725;1;2022-05-20T13:00:00Z
2.857108583807377;1;2022-05-20T14:00:00Z
2.272519103598728;1;2022-05-20T15:00:00Z
2.0032892981111794;1;2022-05-20T16:00:00Z
1.6177037711934028;1;2022-05-20T17:00:00Z
1.9147226845774579;1;2022-05-20T18:00:00Z
0.1894274871090359;1;2022-05-20T19:00:00Z
1.9642979611971596;1;2022-05-20T20:00:00Z
2.5743881696595077;1;2022-05-20T21:00:00Z
2.056167514265462;1;2022-05-20T22:00:00Z
5.857097054011246;1;2022-05-20T23:00:00Z
8.93859432561212;1;2022-05-21T00:00:00Z
9.662835248307426;1;2022-05-21T01:00:00Z
8.76239596813262;1;2022-05-21T02:00:00Z
8.238373429104454;1;2022-05-21T03:00:00Z
7.150279603551946;1;2022-05-21T04:00:00Z
6.832614997358534;1;2022-05-21T05:00:00Z
7.355769133228223;1;2022-05-21T06:00:00Z
8.68241267582895;1;2022-05-21T07:00:00Z
8.536045702039305;1;2022-05-21T08:00:00Z
8.579501607400053;1;2022-05-21T09:00:00Z
6.942580796817141;1;2022-05-21T10:00:00Z
6.9584139089585175;1;2022-05-21T11:00:00Z
6.867117068392212;1;2022-05-21T12:00:00Z
7.546153392631379;1;2022-05-21T13:00:00Z
7.354409026633714;1;2022-05-21T14:00:00Z
7.1369625890821435;1;2022-05-21T15:00:00Z
6.369495857662887;1;2022-05-21T16:00:00Z
5.070236768472644;1;2022-05-21T17:00:00Z
4.557244081801085;1;2022-05-21T18:00:00Z
4.005311644465319;1;2022-05-21T19:00:00Z
3.884198512590406;1;2022-05-21T20:00:00Z
4.135495461644435;1;2022-05-21T21:00:00Z
4.15223846373615;1;2022-05-21T22:00:00Z
4.042112188540935;1;2022-05-21T23:00:00Z
3.6046932746286324;1;2022-05-22T00:00:00Z
3.4704800641103413;1;2022-05-22T01:00:00Z
3.3681646800168035;1;2022-05-22T02:00:00Z
3.168787116298239;1;2022-05-22T03:00:00Z
3.1200916017736606;1;2022-05-22T04:00:00Z
3.7381556210065723;1;2022-05-22T05:00:00Z
4.2542291182632335;1;2022-05-22T06:00:00Z
4.014846524181961;1;2022-05-22T07:00:00Z
4.075705448599497;1;2022-05-22T08:00:00Z
3.8807174152537214;1;2022-05-22T09:00:00Z
3.30191077295854;1;2022-05-22T10:00:00Z
3.3310020483152267;1;2022-05-22T11:00:00Z
3.3885653834300573;1;2022-05-22T12:00:00Z
3.1019934089819072;1;2022-05-22T13:00:00Z
2.533237034090284;1;2022-05-22T14:00:00Z
2.299987008306959;1;2022-05-22T15:00:00Z
2.1124967194015274;1;2022-05-22T16:00:00Z
1.813617198424856;1;2022-05-22T17:00:00Z
0.9547398165417679;1;2022-05-22T18:00:00Z
1.1817734384594345;1;2022-05-22T19:00:00Z
1.5027238701089267;1;2022-05-22T20:00:00Z
1.8068558937417911;1;2022-05-22T21:00:00Z
2.8338517472791422;1;2022-05-22T22:00:00Z
2.4952865881127577;1;2022-05-22T23:00:00Z
2.4344384844401934;1;2022-05-23T00:00:00Z
2.8720913007729454;1;2022-05-23T01:00:00Z
2.81536600648549;1;2022-05-23T02:00:00Z
2.9811908390317066;1;2022-05-23T03:00:00Z
3.4201331930872194;1;2022-05-23T04:00:00Z
3.460852700467075;1;2022-05-23T05:00:00Z
3.9192249126020755;1;2022-05-23T06:00:00Z
4.374019326097862;1;2022-05-23T07:00:00Z
4.841819652047265;1;2022-05-23T08:00:00Z
5.249207028188394;1;2022-05-23T09:00:00Z
4.531732551726565;1;2022-05-23T10:00:00Z
4.57486645059728;1;2022-05-23T11:00:00Z
4.91916468460341;1;2022-05-23T12:00:00Z
5.105407903890702;1;2022-05-23T13:00:00Z
5.089751413999017;1;2022-05-23T14:00:00Z
5.133944510984895;1;2022-05-23T15:00:00Z
4.984394199419928;1;2022-05-23T16:00:00Z
4.798346691057853;1;2022-05-23T17:00:00Z
4.778787625906697;1;2022-05-23T18:00:00Z
5.0121790908876855;1;2022-05-23T19:00:00Z
5.3761862647433745;1;2022-05-23T20:00:00Z
5.903458433376127;1;2022-05-23T21:00:00Z
5.426122298303828;1;2022-05-23T22:00:00Z
5.970013084585812;1;2022-05-23T23:00:00Z
6.651008414121565;1;2022-05-24T00:00:00Z
5.623623212524751;1;2022-05-24T01:00:00Z
4.953964806848688;1;2022-05-24T02:00:00Z
3.879605739993628;1;2022-05-24T03:00:00Z
3.263072780483884;1;2022-05-24T04:00:00Z
3.471388090003567;1;2022-05-24T05:00:00Z
3.096027670466316;1;2022-05-24T06:00:00Z
5.398847249473378;1;2022-05-24T07:00:00Z
5.375230535499387;1;2022-05-24T08:00:00Z
4.846601987639724;1;2022-05-24T09:00:00Z
3.88030668185612;1;2022-05-24T10:00:00Z
2.9904221140348493;1;2022-05-24T11:00:00Z
2.893354195943844;1;2022-05-24T12:00:00Z
5.396006184182953;1;2022-05-24T13:00:00Z
4.4663980804833905;1;2022-05-24T14:00:00Z
4.139172642328745;1;2022-05-24T15:00:00Z
3.848003062525444;1;2022-05-24T16:00:00Z
3.257179497958868;1;2022-05-24T17:00:00Z
2.9985053461489675;1;2022-05-24T18:00:00Z
2.70524661217257;1;2022-05-24T19:00:00Z
2.619152757788149;1;2022-05-24T20:00:00Z
2.3736887946762253;1;2022-05-24T21:00:00Z
2.1064192974864557;1;2022-05-24T22:00:00Z
2.981870639766383;1;2022-05-24T23:00:00Z
2.6422922399016318;1;2022-05-25T00:00:00Z
1.8789073959949691;1;2022-05-25T01:00:00Z
1.6850723856110292;1;2022-05-25T02:00:00Z
1.4298078417165863;1;2022-05-25T03:00:00Z
1.3329993933261552;1;2022-05-25T04:00:00Z
1.5683152502158881;1;2022-05-25T05:00:00Z
1.9522706317115555;1;2022-05-25T06:00:00Z
1.9577800042480993;1;2022-05-25T07:00:00Z
2.4706895285039865;1;2022-05-25T08:00:00Z
2.9825303053603656;1;2022-05-25T09:00:00Z
3.263581906615182;1;2022-05-25T10:00:00Z
3.746599636789268;1;2022-05-25T11:00:00Z
3.899376980620609;1;2022-05-25T12:00:00Z
4.017744813861092;1;2022-05-25T13:00:00Z
4.166395672751025;1;2022-05-25T14:00:00Z
4.2793808097183135;1;2022-05-25T15:00:00Z
4.2736492814186855;1;2022-05-25T16:00:00Z
4.052636063987574;1;2022-05-25T17:00:00Z
2.8093535957427327;1;2022-05-25T18:00:00Z
1.835843141990169;1;2022-05-25T19:00:00Z
2.4263749711223395;1;2022-05-25T20:00:00Z
2.786965179544835;1;2022-05-25T21:00:00Z
3.1009337838700084;1;2022-05-25T22:00:00Z
2.0088625894149903;1;2022-05-25T23:00:00Z
1.8651871007156116;1;2022-05-26T00:00:00Z
2.898739053758454;1;2022-05-26T01:00:00Z
4.143087856414765;1;2022-05-26T02:00:00Z
4.797393596058461;1;2022-05-26T03:00:00Z
4.722353875046694;1;2022-05-26T04:00:00Z
4.4837903077096595;1;2022-05-26T05:00:00Z
5.422211210148295;1;2022-05-26T06:00:00Z
6.7161971684947295;1;2022-05-26T07:00:00Z
6.424922922906718;1;2022-05-26T08:00:00Z
7.263687410529498;1;2022-05-26T09:00:00Z
7.268789450872849;1;2022-05-26T10:00:00Z
7.152109480434622;1;2022-05-26T11:00:00Z
7.43654573338632;1;2022-05-26T12:00:00Z
7.636460574551442;1;2022-05-26T13:00:00Z
7.594165893941532;1;2022-05-26T14:00:00Z
7.388621444615349;1;2022-05-26T15:00:00Z
6.901600650498798;1;2022-05-26T16:00:00Z
5.807509899424779;1;2022-05-26T17:00:00Z
4.685555730815875;1;2022-05-26T18:00:00Z
4.335977681186369;1;2022-05-26T19:00:00Z
4.839357059547887;1;2022-05-26T20:00:00Z
4.535539409043193;1;2022-05-26T21:00:00Z
3.6627761108868917;1;2022-05-26T22:00:00Z
4.315913913038624;1;2022-05-26T23:00:00Z
5.350489664553987;1;2022-05-27T00:00:00Z
5.8617964820799795;1;2022-05-27T01:00:00Z
6.072287652613906;1;2022-05-27T02:00:00Z
5.687045766997706;1;2022-05-27T03:00:00Z
5.565194643109303;1;2022-05-27T04:00:00Z
4.849243462398872;1;2022-05-27T05:00:00Z
4.4710042085418475;1;2022-05-27T06:00:00Z
4.498800774820477;1;2022-05-27T07:00:00Z
5.273036018991647;1;2022-05-27T08:00:00Z
5.85259608172246;1;2022-05-27T09:00:00Z
8.247003752314827;1;2022-05-27T10:00:00Z
8.64550145242268;1;2022-05-27T11:00:00Z
8.093599731922927;1;2022-05-27T12:00:00Z
8.91257287550807;1;2022-05-27T13:00:00Z
8.912344592567187;1;2022-05-27T14:00:00Z
7.767286464257003;1;2022-05-27T15:00:00Z
7.466383757250162;1;2022-05-27T16:00:00Z
8.184783001544963;1;2022-05-27T17:00:00Z
5.861147621533119;1;2022-05-27T18:00:00Z
6.269484195182929;1;2022-05-27T19:00:00Z
6.864696710924218;1;2022-05-27T20:00:00Z
7.363521479922597;1;2022-05-27T21:00:00Z
6.653727488472819;1;2022-05-27T22:00:00Z
6.4112467169668745;1;2022-05-27T23:00:00Z
6.462821981013435;1;2022-05-28T00:00:00Z
6.775300575063819;1;2022-05-28T01:00:00Z
6.692360293012873;1;2022-05-28T02:00:00Z
6.687483679697348;1;2022-05-28T03:00:00Z
7.153087691966416;1;2022-05-28T04:00:00Z
7.790357739202212;1;2022-05-28T05:00:00Z
7.929955135864929;1;2022-05-28T06:00:00Z
7.8280798483807565;1;2022-05-28T07:00:00Z
8.286452002545971;1;2022-05-28T08:00:00Z
8.29590776924377;1;2022-05-28T09:00:00Z
7.9380174543158;1;2022-05-28T10:00:00Z
7.755291743434134;1;2022-05-28T11:00:00Z
7.479654684329861;1;2022-05-28T12:00:00Z
7.00771295503484;1;2022-05-28T13:00:00Z
8.397552633779842;1;2022-05-28T14:00:00Z
7.620064057549238;1;2022-05-28T15:00:00Z
7.5868932138670715;1;2022-05-28T16:00:00Z
6.351827959992711;1;2022-05-28T17:00:00Z
5.293681951489009;1;2022-05-28T18:00:00Z
4.662827705086496;1;2022-05-28T19:00:00Z
4.487338630547254;1;2022-05-28T20:00:00Z
4.30531864675393;1;2022-05-28T21:00:00Z
4.065080188003778;1;2022-05-28T22:00:00Z
3.823561516392022;1;2022-05-28T23:00:00Z
3.982559734690191;1;2022-05-29T00:00:00Z
4.039778800955282;1;2022-05-29T01:00:00Z
3.634253988632064;1;2022-05-29T02:00:00Z
3.1328026675046043;1;2022-05-29T03:00:00Z
3.181476486652505;1;2022-05-29T04:00:00Z
3.817637056771178;1;2022-05-29T05:00:00Z
3.897048612282644;1;2022-05-29T06:00:00Z
3.7883457607810707;1;2022-05-29T07:00:00Z
3.6691464668121947;1;2022-05-29T08:00:00Z
4.0103771140766415;1;2022-05-29T09:00:00Z
3.5807402311035808;1;2022-05-29T10:00:00Z
3.817477789498387;1;2022-05-29T11:00:00Z
3.5262965955935446;1;2022-05-29T12:00:00Z
3.029643620297995;1;2022-05-29T13:00:00Z
2.7246100247581606;1;2022-05-29T14:00:00Z
2.556313802578336;1;2022-05-29T15:00:00Z
2.967191585486106;1;2022-05-29T16:00:00Z
2.679287825298123;1;2022-05-29T17:00:00Z
2.247246057009719;1;2022-05-29T18:00:00Z
1.372006471527252;1;2022-05-29T19:00:00Z
1.7397457573778066;1;2022-05-29T20:00:00Z
2.1279834449412043;1;2022-05-29T21:00:00Z
2.0307763127405773;1;2022-05-29T22:00:00Z
2.5816126517239084;1;2022-05-29T23:00:00Z
2.6427967591223442;1;2022-05-30T00:00:00Z
2.0596322905706836;1;2022-05-30T01:00:00Z
1.9044894989299965;1;2022-05-30T02:00:00Z
1.6857565918085544;1;2022-05-30T03:00:00Z
2.360065506544305;1;2022-05-30T04:00:00Z
2.883663781958917;1;2022-05-30T05:00:00Z
3.1847975948813807;1;2022-05-30T06:00:00Z
3.4188305761728146;1;2022-05-30T07:00:00Z
3.397881131044525;1;2022-05-30T08:00:00Z
3.307288900220932;1;2022-05-30T09:00:00Z
3.684157712836086;1;2022-05-30T10:00:00Z
3.7105435635618633;1;2022-05-30T11:00:00Z
4.191671904433775;1;2022-05-30T12:00:00Z
3.816805827987141;1;2022-05-30T13:00:00Z
4.022280926123069;1;2022-05-30T14:00:00Z
4.159574507653019;1;2022-05-30T15:00:00Z
4.348615194430771;1;2022-05-30T16:00:00Z
3.4635715896338324;1;2022-05-30T17:00:00Z
2.9462290779462688;1;2022-05-30T18:00:00Z
2.3049113465522693;1;2022-05-30T19:00:00Z
1.9420860916729652;1;2022-05-30T20:00:00Z
1.6800385416890058;1;2022-05-30T21:00:00Z
1.0639396755954975;1;2022-05-30T22:00:00Z
1.2853052588430167;1;2022-05-30T23:00:00Z
1.2606880753242509;1;2022-05-31T00:00:00Z
1.3385082512820234;1;2022-05-31T01:00:00Z
1.217681000009549;1;2022-05-31T02:00:00Z
1.1144448448595472;1;2022-05-31T03:00:00Z
1.401090516203911;1;2022-05-31T04:00:00Z
1.5360391740976147;1;2022-05-31T05:00:00Z
1.3556936700959556;1;2022-05-31T06:00:00Z
1.0729443222929176;1;2022-05-31T07:00:00Z
1.273335970075316;1;2022-05-31T08:00:00Z
1.782327329590928;1;2022-05-31T09:00:00Z
1.7172394401140485;1;2022-05-31T10:00:00Z
2.585599071924186;1;2022-05-31T11:00:00Z
2.363062733844585;1;2022-05-31T12:00:00Z
2.328872995083019;1;2022-05-31T13:00:00Z
2.8121416952642475;1;2022-05-31T14:00:00Z
1.512669339349873;1;2022-05-31T15:00:00Z
1.5729867845413763;1;2022-05-31T16:00:00Z
1.2391180305557732;1;2022-05-31T17:00:00Z
0.6690944382169213;1;2022-05-31T18:00:00Z
2.1178844858774557;1;2022-05-31T19:00:00Z
2.542674512092135;1;2022-05-31T20:00:00Z
2.4168065437542574;1;2022-05-31T21:00:00Z
1.3183992289133495;1;2022-05-31T22:00:00Z
1.4180175143418707;1;2022-05-31T23:00:00Z
2.627179702956742;1;2022-06-01T00:00:00Z
2.3944200483208324;1;2022-06-01T01:00:00Z
2.1413618461804003;1;2022-06-01T02:00:00Z
2.4558381317771074;1;2022-06-01T03:00:00Z
2.7946684684572474;1;2022-06-01T04:00:00Z
2.4650562181191114;1;2022-06-01T05:00:00Z
2.08141708711288;1;2022-06-01T06:00:00Z
2.3736399336018805;1;2022-06-01T07:00:00Z
2.6140082739514736;1;2022-06-01T08:00:00Z
3.351564364006458;1;2022-06-01T09:00:00Z
3.0715303222138375;1;2022-06-01T10:00:00Z
4.15167479767004;1;2022-06-01T11:00:00Z
5.149072780782694;1;2022-06-01T12:00:00Z
5.25887954731642;1;2022-06-01T13:00:00Z
5.215805687739393;1;2022-06-01T14:00:00Z
5.005380567622569;1;2022-06-01T15:00:00Z
4.5982182306647665;1;2022-06-01T16:00:00Z
2.399241241151032;1;2022-06-01T17:00:00Z
1.1525797515852325;1;2022-06-01T18:00:00Z
1.4513349564617066;1;2022-06-01T19:00:00Z
2.2315056480360953;1;2022-06-01T20:00:00Z
2.4422934566230916;1;2022-06-01T21:00:00Z
2.7860394091168685;1;2022-06-01T22:00:00Z
3.1056124457821688;1;2022-06-01T23:00:00Z
2.688195113139771;1;2022-06-02T00:00:00Z
2.968796693454381;1;2022-06-02T01:00:00Z
3.2770079484852093;1;2022-06-02T02:00:00Z
3.3768417587415223;1;2022-06-02T03:00:00Z
3.1624750267596653;1;2022-06-02T04:00:00Z
3.4195165456502474;1;2022-06-02T05:00:00Z
3.580802951055767;1;2022-06-02T06:00:00Z
3.630723983593748;1;2022-06-02T07:00:00Z
4.15093011666067;1;2022-06-02T08:00:00Z
4.569238624439142;1;2022-06-02T09:00:00Z
4.1332941063308315;1;2022-06-02T10:00:00Z
4.2149059815164325;1;2022-06-02T11:00:00Z
4.59090832684019;1;2022-06-02T12:00:00Z
4.6083760089250205;1;2022-06-02T13:00:00Z
4.55614098082578;1;2022-06-02T14:00:00Z
4.325743248614066;1;2022-06-02T15:00:00Z
4.091052043625685;1;2022-06-02T16:00:00Z
3.628058715247596;1;2022-06-02T17:00:00Z
2.752524309667227;1;2022-06-02T18:00:00Z
1.5270708784607363;1;2022-06-02T19:00:00Z
2.0002295783581263;1;2022-06-02T20:00:00Z
1.8006450831891883;1;2022-06-02T21:00:00Z
0.9630106346449191;1;2022-06-02T22:00:00Z
1.0463400486043937;1;2022-06-02T23:00:00Z
0.964730921215944;1;2022-06-03T00:00:00Z
1.0050516520945978;1;2022-06-03T01:00:00Z
0.3513932780760531;1;2022-06-03T02:00:00Z
0.767833483112161;1;2022-06-03T03:00:00Z
1.0676561845935444;1;2022-06-03T04:00:00Z
1.15153919200769;1;2022-06-03T05:00:00Z
1.0312571692063732;1;2022-06-03T06:00:00Z
1.4975597340674491;1;2022-06-03T07:00:00Z
1.7771145059639553;1;2022-06-03T08:00:00Z
1.7245688701277035;1;2022-06-03T09:00:00Z
1.9512650310342476;1;2022-06-03T10:00:00Z
1.9673787555153148;1;2022-06-03T11:00:00Z
2.1736333523805;1;2022-06-03T12:00:00Z
1.5434833384425808;1;2022-06-03T13:00:00Z
1.3116440963807463;1;2022-06-03T14:00:00Z
1.507367482006844;1;2022-06-03T15:00:00Z
0.8996105292902833;1;2022-06-03T16:00:00Z
1.0960975768352135;1;2022-06-03T17:00:00Z
1.7763528724807502;1;2022-06-03T18:00:00Z
2.4803973182694574;1;2022-06-03T19:00:00Z
3.2045520027803587;1;2022-06-03T20:00:00Z
3.2914352676866803;1;2022-06-03T21:00:00Z
4.137462207722679;1;2022-06-03T22:00:00Z
2.79115251842357;1;2022-06-03T23:00:00Z
2.1768691655179606;1;2022-06-04T00:00:00Z
2.4513956173003617;1;2022-06-04T01:00:00Z
2.545609128099719;1;2022-06-04T02:00:00Z
3.1717234286022986;1;2022-06-04T03:00:00Z
3.9099959914296814;1;2022-06-04T04:00:00Z
3.7025898852303194;1;2022-06-04T05:00:00Z
3.816479112767326;1;2022-06-04T06:00:00Z
3.728498294520491;1;2022-06-04T07:00:00Z
3.862533339109026;1;2022-06-04T08:00:00Z
4.062134976707141;1;2022-06-04T09:00:00Z
4.156740441673929;1;2022-06-04T10:00:00Z
4.1243411185130645;1;2022-06-04T11:00:00Z
4.3444547932686595;1;2022-06-04T12:00:00Z
4.341224565891803;1;2022-06-04T13:00:00Z
3.750440290974823;1;2022-06-04T14:00:00Z
3.5085285854514;1;2022-06-04T15:00:00Z
3.37254120844544;1;2022-06-04T16:00:00Z
4.319098440683553;1;2022-06-04T17:00:00Z
4.125888207848496;1;2022-06-04T18:00:00Z
3.826148054985701;1;2022-06-04T19:00:00Z
3.293287021341424;1;2022-06-04T20:00:00Z
3.1089239077871222;1;2022-06-04T21:00:00Z
3.4856467553175237;1;2022-06-04T22:00:00Z
3.3051113564111474;1;2022-06-04T23:00:00Z
2.8811006048943675;1;2022-06-05T00:00:00Z
2.646376505218815;1;2022-06-05T01:00:00Z
2.5260520373261652;1;2022-06-05T02:00:00Z
2.3642256412555276;1;2022-06-05T03:00:00Z
2.3001718534135787;1;2022-06-05T04:00:00Z
2.510487492413788;1;2022-06-05T05:00:00Z
2.5558267265298156;1;2022-06-05T06:00:00Z
2.795935725562573;1;2022-06-05T07:00:00Z
2.8815434250487137;1;2022-06-05T08:00:00Z
2.4261082626769763;1;2022-06-05T09:00:00Z
2.9316873667703947;1;2022-06-05T10:00:00Z
3.549135807780251;1;2022-06-05T11:00:00Z
3.2139997796013704;1;2022-06-05T12:00:00Z
3.736382943489304;1;2022-06-05T13:00:00Z
4.319272066199216;1;2022-06-05T14:00:00Z
4.292469305868405;1;2022-06-05T15:00:00Z
4.334186943032475;1;2022-06-05T16:00:00Z
4.262260664559474;1;2022-06-05T17:00:00Z
3.4193471893339447;1;2022-06-05T18:00:00Z
3.933300852304075;1;2022-06-05T19:00:00Z
4.030345734502998;1;2022-06-05T20:00:00Z
3.8217554209927362;1;2022-06-05T21:00:00Z
5.066643664659353;1;2022-06-05T22:00:00Z
4.45598479059479;1;2022-06-05T23:00:00Z
3.476172767865433;1;2022-06-06T00:00:00Z
2.770076373951312;1;2022-06-06T01:00:00Z
2.278978090361063;1;2022-06-06T02:00:00Z
2.834030478878817;1;2022-06-06T03:00:00Z
2.7359522992195133;1;2022-06-06T04:00:00Z
2.611714009081311;1;2022-06-06T05:00:00Z
2.8777938741258495;1;2022-06-06T06:00:00Z
3.248748023047219;1;2022-06-06T07:00:00Z
4.3580615999742465;1;2022-06-06T08:00:00Z
3.578183966770783;1;2022-06-06T09:00:00Z
2.9539383129804238;1;2022-06-06T10:00:00Z
3.166844736152679;1;2022-06-06T11:00:00Z
3.103750484377459;1;2022-06-06T12:00:00Z
2.486369001971931;1;2022-06-06T13:00:00Z
2.6712925477304936;1;2022-06-06T14:00:00Z
3.151249664270709;1;2022-06-06T15:00:00Z
4.223259462351571;1;2022-06-06T16:00:00Z
4.646002222970553;1;2022-06-06T17:00:00Z
2.759774802916504;1;2022-06-06T18:00:00Z
1.5266706329437751;1;2022-06-06T19:00:00Z
1.3296292013794928;1;2022-06-06T20:00:00Z
1.8005433186782747;1;2022-06-06T21:00:00Z
2.3163890945108245;1;2022-06-06T22:00:00Z
2.5884744129171726;1;2022-06-06T23:00:00Z
2.2910522385397103;1;2022-06-07T00:00:00Z
2.032609732357708;1;2022-06-07T01:00:00Z
2.1688660931896293;1;2022-06-07T02:00:00Z
2.278899966135128;1;2022-06-07T03:00:00Z
1.947241291351875;1;2022-06-07T04:00:00Z
1.5757658145377904;1;2022-06-07T05:00:00Z
1.1522657902314044;1;2022-06-07T06:00:00Z
1.2236776142028087;1;2022-06-07T07:00:00Z
1.599637124832789;1;2022-06-07T08:00:00Z
2.7150897318039826;1;2022-06-07T09:00:00Z
2.728575746303989;1;2022-06-07T10:00:00Z
2.858176866630351;1;2022-06-07T11:00:00Z
4.364456124087446;1;2022-06-07T12:00:00Z
4.13328061988299;1;2022-06-07T13:00:00Z
3.611209945086738;1;2022-06-07T14:00:00Z
3.501167274945031;1;2022-06-07T15:00:00Z
3.4006889985848723;1;2022-06-07T16:00:00Z
3.061275199811988;1;2022-06-07T17:00:00Z
1.56199156427903;1;2022-06-07T18:00:00Z
1.6074558243067563;1;2022-06-07T19:00:00Z
0.8829518182542098;1;2022-06-07T20:00:00Z
1.2350856423517336;1;2022-06-07T21:00:00Z
1.6844746140958808;1;2022-06-07T22:00:00Z
1.5599570980959854;1;2022-06-07T23:00:00Z
1.8698479870491458;1;2022-06-08T00:00:00Z
2.214586016771976;1;2022-06-08T01:00:00Z
1.899490262590002;1;2022-06-08T02:00:00Z
2.099213021857028;1;2022-06-08T03:00:00Z
2.498844243178609;1;2022-06-08T04:00:00Z
2.011671429599018;1;2022-06-08T05:00:00Z
1.141731538141429;1;2022-06-08T06:00:00Z
1.3823151342298028;1;2022-06-08T07:00:00Z
2.292465318012899;1;2022-06-08T08:00:00Z
3.1721233596707648;1;2022-06-08T09:00:00Z
2.9423349771024205;1;2022-06-08T10:00:00Z
3.689908414565094;1;2022-06-08T11:00:00Z
3.590472820055566;1;2022-06-08T12:00:00Z
3.238284362952899;1;2022-06-08T13:00:00Z
3.1274311035897138;1;2022-06-08T14:00:00Z
2.71462720868227;1;2022-06-08T15:00:00Z
2.4261623765635902;1;2022-06-08T16:00:00Z
0.7691306315836137;1;2022-06-08T17:00:00Z
0.2863012511849693;1;2022-06-08T18:00:00Z
1.033801985664952;1;2022-06-08T19:00:00Z
1.6160596840966146;1;2022-06-08T20:00:00Z
1.8945437085208483;1;2022-06-08T21:00:00Z
1.8743557993724222;1;2022-06-08T22:00:00Z
2.340049622197468;1;2022-06-08T23:00:00Z
2.046987545988484;1;2022-06-09T00:00:00Z
1.634206811071015;1;2022-06-09T01:00:00Z
2.8667244696883496;1;2022-06-09T02:00:00Z
3.3712229364382593;1;2022-06-09T03:00:00Z
3.048202454003424;1;2022-06-09T04:00:00Z
3.0496139522826042;1;2022-06-09T05:00:00Z
3.6322758368078616;1;2022-06-09T06:00:00Z
3.448946037804764;1;2022-06-09T07:00:00Z
3.35279942297565;1;2022-06-09T08:00:00Z
3.500459999302691;1;2022-06-09T09:00:00Z
3.4435296985483848;1;2022-06-09T10:00:00Z
2.8869026544685243;1;2022-06-09T11:00:00Z
2.217523120167406;1;2022-06-09T12:00:00Z
2.4221168259367927;1;2022-06-09T13:00:00Z
2.378358236535456;1;2022-06-09T14:00:00Z
2.5014600324307574;1;2022-06-09T15:00:00Z
2.3174863137550905;1;2022-06-09T16:00:00Z
2.342480713116925;1;2022-06-09T17:00:00Z
1.7077372003609665;1;2022-06-09T18:00:00Z
1.6854192536924866;1;2022-06-09T19:00:00Z
1.9698285369744168;1;2022-06-09T20:00:00Z
2.3166660512428505;1;2022-06-09T21:00:00Z
3.2751856363851344;1;2022-06-09T22:00:00Z
3.894338099526985;1;2022-06-09T23:00:00Z
3.858178195094036;1;2022-06-10T00:00:00Z
3.9271648789271523;1;2022-06-10T01:00:00Z
3.8561969203494484;1;2022-06-10T02:00:00Z
3.4946422879705734;1;2022-06-10T03:00:00Z
3.3779321931879025;1;2022-06-10T04:00:00Z
3.582824148476287;1;2022-06-10T05:00:00Z
3.79955522479197;1;2022-06-10T06:00:00Z
4.260863447897202;1;2022-06-10T07:00:00Z
4.75481814560855;1;2022-06-10T08:00:00Z
4.843510681293981;1;2022-06-10T09:00:00Z
3.965449050295922;1;2022-06-10T10:00:00Z
4.123709163155588;1;2022-06-10T11:00:00Z
3.932454500484705;1;2022-06-10T12:00:00Z
3.6979814276270475;1;2022-06-10T13:00:00Z
3.4164989197525815;1;2022-06-10T14:00:00Z
3.182213769986354;1;2022-06-10T15:00:00Z
3.062823164990226;1;2022-06-10T16:00:00Z
2.9325176943981623;1;2022-06-10T17:00:00Z
1.9292595940775108;1;2022-06-10T18:00:00Z
1.8450987157102812;1;2022-06-10T19:00:00Z
1.6027339196555892;1;2022-06-10T20:00:00Z
1.3869555382497185;1;2022-06-10T21:00:00Z
0.8613765061310991;1;2022-06-10T22:00:00Z
1.2209831184560147;1;2022-06-10T23:00:00Z
1.3341023523851332;1;2022-06-11T00:00:00Z
1.6810739698094814;1;2022-06-11T01:00:00Z
2.0474473698950457;1;2022-06-11T02:00:00Z
2.099292603574721;1;2022-06-11T03:00:00Z
1.695877082354281;1;2022-06-11T04:00:00Z
2.321790423337003;1;2022-06-11T05:00:00Z
1.8543158267146505;1;2022-06-11T06:00:00Z
2.1523031949830362;1;2022-06-11T07:00:00Z
3.1520480621387694;1;2022-06-11T08:00:00Z
3.5425005714634366;1;2022-06-11T09:00:00Z
3.7231096599828293;1;2022-06-11T10:00:00Z
3.766803948258099;1;2022-06-11T11:00:00Z
4.0745330876850705;1;2022-06-11T12:00:00Z
4.2161007146852665;1;2022-06-11T13:00:00Z
4.262610611893461;1;2022-06-11T14:00:00Z
4.3276573957283615;1;2022-06-11T15:00:00Z
4.207208147585044;1;2022-06-11T16:00:00Z
3.2252478591814207;1;2022-06-11T17:00:00Z
1.894961308601719;1;2022-06-11T18:00:00Z
1.5234594961400723;1;2022-06-11T19:00:00Z
1.5185035900426411;1;2022-06-11T20:00:00Z
1.3482896513386433;1;2022-06-11T21:00:00Z
1.2185871420150796;1;2022-06-11T22:00:00Z
1.1638774249806965;1;2022-06-11T23:00:00Z
1.2580455519006686;1;2022-06-12T00:00:00Z
1.5443401233402312;1;2022-06-12T01:00:00Z
1.5351015292382095;1;2022-06-12T02:00:00Z
0.8432921458043561;1;2022-06-12T03:00:00Z
0.5014098677187373;1;2022-06-12T04:00:00Z
0.36310038889487406;1;2022-06-12T05:00:00Z
0.8085954605363017;1;2022-06-12T06:00:00Z
1.0391004361612974;1;2022-06-12T07:00:00Z
0.6024792966720908;1;2022-06-12T08:00:00Z
0.38124900998070627;1;2022-06-12T09:00:00Z
1.9511393004670823;1;2022-06-12T10:00:00Z
1.9644030660854068;1;2022-06-12T11:00:00Z
2.5247978280494334;1;2022-06-12T12:00:00Z
2.8855023028953424;1;2022-06-12T13:00:00Z
3.029202405206531;1;2022-06-12T14:00:00Z
3.4927517931180603;1;2022-06-12T15:00:00Z
3.7922550952254954;1;2022-06-12T16:00:00Z
3.7155521421743254;1;2022-06-12T17:00:00Z
2.320377069014898;1;2022-06-12T18:00:00Z
1.9076777685406114;1;2022-06-12T19:00:00Z
2.0468242319141168;1;2022-06-12T20:00:00Z
2.807994275307977;1;2022-06-12T21:00:00Z
3.298445832381117;1;2022-06-12T22:00:00Z
4.134819025883713;1;2022-06-12T23:00:00Z
3.9908059441996806;1;2022-06-13T00:00:00Z
4.319619932541329;1;2022-06-13T01:00:00Z
4.494262983050511;1;2022-06-13T02:00:00Z
3.9200391770986496;1;2022-06-13T03:00:00Z
3.1937947213281177;1;2022-06-13T04:00:00Z
3.2630447124325617;1;2022-06-13T05:00:00Z
4.437678363460785;1;2022-06-13T06:00:00Z
4.769855810838934;1;2022-06-13T07:00:00Z
4.635652934257888;1;2022-06-13T08:00:00Z
5.420007152432423;1;2022-06-13T09:00:00Z
4.996756903975351;1;2022-06-13T10:00:00Z
5.021338961155718;1;2022-06-13T11:00:00Z
5.636038103668139;1;2022-06-13T12:00:00Z
6.571715733822565;1;2022-06-13T13:00:00Z
5.638814166394427;1;2022-06-13T14:00:00Z
5.369554984516048;1;2022-06-13T15:00:00Z
5.96339442319188;1;2022-06-13T16:00:00Z
5.7787641189905266;1;2022-06-13T17:00:00Z
4.866484632204003;1;2022-06-13T18:00:00Z
3.721776539014122;1;2022-06-13T19:00:00Z
3.3413445711839342;1;2022-06-13T20:00:00Z
3.1391292612703863;1;2022-06-13T21:00:00Z
3.2611677314218093;1;2022-06-13T22:00:00Z
3.260997596630914;1;2022-06-13T23:00:00Z
3.6093313689143645;1;2022-06-14T00:00:00Z
4.049521917490225;1;2022-06-14T01:00:00Z
3.9800878451581805;1;2022-06-14T02:00:00Z
3.7055063982870693;1;2022-06-14T03:00:00Z
3.3506021631591874;1;2022-06-14T04:00:00Z
3.9845601558970545;1;2022-06-14T05:00:00Z
4.092585242037852;1;2022-06-14T06:00:00Z
4.757526343305877;1;2022-06-14T07:00:00Z
5.052913119141951;1;2022-06-14T08:00:00Z
4.8954885463269715;1;2022-06-14T09:00:00Z
4.269887117564759;1;2022-06-14T10:00:00Z
3.9554649496989467;1;2022-06-14T11:00:00Z
4.018477712332855;1;2022-06-14T12:00:00Z
4.29197689683668;1;2022-06-14T13:00:00Z
4.2147154621822835;1;2022-06-14T14:00:00Z
4.062348560348834;1;2022-06-14T15:00:00Z
3.7166577099400846;1;2022-06-14T16:00:00Z
3.4949635820070473;1;2022-06-14T17:00:00Z
2.9086384207450977;1;2022-06-14T18:00:00Z
2.038870730388177;1;2022-06-14T19:00:00Z
1.6193900039029139;1;2022-06-14T20:00:00Z
1.5491486959625818;1;2022-06-14T21:00:00Z
1.205222747219143;1;2022-06-14T22:00:00Z
1.164049296206381;1;2022-06-14T23:00:00Z
1.436891004489644;1;2022-06-15T00:00:00Z
1.6900130714920925;1;2022-06-15T01:00:00Z
2.39626744398344;1;2022-06-15T02:00:00Z
1.572436705468963;1;2022-06-15T03:00:00Z
0.6881420744691574;1;2022-06-15T04:00:00Z
0.7642568435551341;1;2022-06-15T05:00:00Z
0.9143894428781439;1;2022-06-15T06:00:00Z
1.5298193996901541;1;2022-06-15T07:00:00Z
1.7210653826830544;1;2022-06-15T08:00:00Z
1.1808731322103094;1;2022-06-15T09:00:00Z
1.3701601634514347;1;2022-06-15T10:00:00Z
0.030698184589840586;1;2022-06-15T11:00:00Z
0.3066185173184618;1;2022-06-15T12:00:00Z
0.5434879390862787;1;2022-06-15T13:00:00Z
0.7579599340265349;1;2022-06-15T14:00:00Z
1.137778397913084;1;2022-06-15T15:00:00Z
1.5066315408608963;1;2022-06-15T16:00:00Z
1.693461454224805;1;2022-06-15T17:00:00Z
2.116083684081024;1;2022-06-15T18:00:00Z
2.82944484998686;1;2022-06-15T19:00:00Z
3.3925139430432996;1;2022-06-15T20:00:00Z
3.2795820038742494;1;2022-06-15T21:00:00Z
2.1673959585434943;1;2022-06-15T22:00:00Z
1.932828446967486;1;2022-06-15T23:00:00Z
1.9110885195016574;1;2022-06-16T00:00:00Z
2.120214498315614;1;2022-06-16T01:00:00Z
1.9087657462024243;1;2022-06-16T02:00:00Z
2.0169417050852254;1;2022-06-16T03:00:00Z
2.7035901665310056;1;2022-06-16T04:00:00Z
2.8502936402521866;1;2022-06-16T05:00:00Z
2.96410659279859;1;2022-06-16T06:00:00Z
3.177655403213342;1;2022-06-16T07:00:00Z
3.294683475516504;1;2022-06-16T08:00:00Z
3.11933958314332;1;2022-06-16T09:00:00Z
3.452115551095098;1;2022-06-16T10:00:00Z
4.074533492785718;1;2022-06-16T11:00:00Z
3.936694145468865;1;2022-06-16T12:00:00Z
3.434633773483531;1;2022-06-16T13:00:00Z
4.1068147784497055;1;2022-06-16T14:00:00Z
4.815082037214695;1;2022-06-16T15:00:00Z
5.182860820017719;1;2022-06-16T16:00:00Z
4.916235609233563;1;2022-06-16T17:00:00Z
4.589225687605065;1;2022-06-16T18:00:00Z
3.8530805231713914;1;2022-06-16T19:00:00Z
3.121965556494812;1;2022-06-16T20:00:00Z
2.1393256843177904;1;2022-06-16T21:00:00Z
2.8399098024220475;1;2022-06-16T22:00:00Z
1.698574432500327;1;2022-06-16T23:00:00Z
1.805031139191742;1;2022-06-17T00:00:00Z
1.8462821265450362;1;2022-06-17T01:00:00Z
2.6927112498169974;1;2022-06-17T02:00:00Z
1.9957176216879866;1;2022-06-17T03:00:00Z
2.6280984363759963;1;2022-06-17T04:00:00Z
3.175612287218831;1;2022-06-17T05:00:00Z
2.348867961969525;1;2022-06-17T06:00:00Z
3.032245763742425;1;2022-06-17T07:00:00Z
3.8313939067671323;1;2022-06-17T08:00:00Z
3.0145244224113554;1;2022-06-17T09:00:00Z
2.4825058335809507;1;2022-06-17T10:00:00Z
2.101513748863551;1;2022-06-17T11:00:00Z
2.3715986065170513;1;2022-06-17T12:00:00Z
2.2768579817468035;1;2022-06-17T13:00:00Z
2.2417607774349593;1;2022-06-17T14:00:00Z
2.9843382137448913;1;2022-06-17T15:00:00Z
2.9964053310791243;1;2022-06-17T16:00:00Z
2.383685523935034;1;2022-06-17T17:00:00Z
1.4136608213775397;1;2022-06-17T18:00:00Z
1.8807856495613338;1;2022-06-17T19:00:00Z
1.183799660657943;1;2022-06-17T20:00:00Z
1.4314496816602422;1;2022-06-17T21:00:00Z
1.6048978105838427;1;2022-06-17T22:00:00Z
1.7600796165907127;1;2022-06-17T23:00:00Z
2.1431305937487846;1;2022-06-18T00:00:00Z
2.30784778422019;1;2022-06-18T01:00:00Z
2.5149830116797802;1;2022-06-18T02:00:00Z
3.005589691810254;1;2022-06-18T03:00:00Z
3.3816227729469053;1;2022-06-18T04:00:00Z
3.726651801609731;1;2022-06-18T05:00:00Z
3.8877794545763784;1;2022-06-18T06:00:00Z
3.9926485343893314;1;2022-06-18T07:00:00Z
3.9834087104716587;1;2022-06-18T08:00:00Z
4.286572196282909;1;2022-06-18T09:00:00Z
4.2514184201732075;1;2022-06-18T10:00:00Z
4.3830911008453715;1;2022-06-18T11:00:00Z
4.553858148979282;1;2022-06-18T12:00:00Z
5.035953829285518;1;2022-06-18T13:00:00Z
5.25016351915371;1;2022-06-18T14:00:00Z
4.539837855603382;1;2022-06-18T15:00:00Z
3.7495317933434804;1;2022-06-18T16:00:00Z
3.072832550124259;1;2022-06-18T17:00:00Z
2.2679577690103003;1;2022-06-18T18:00:00Z
2.079138185705082;1;2022-06-18T19:00:00Z
2.4810748490178143;1;2022-06-18T20:00:00Z
2.288026868353406;1;2022-06-18T21:00:00Z
2.0387650143725073;1;2022-06-18T22:00:00Z
2.123564138425169;1;2022-06-18T23:00:00Z
1.982709130999644;1;2022-06-19T00:00:00Z
2.365583162636448;1;2022-06-19T01:00:00Z
2.891022263799263;1;2022-06-19T02:00:00Z
3.1627728394954624;1;2022-06-19T03:00:00Z
3.3006418938776694;1;2022-06-19T04:00:00Z
3.1639725054363064;1;2022-06-19T05:00:00Z
3.5961321388822087;1;2022-06-19T06:00:00Z
4.092103600618546;1;2022-06-19T07:00:00Z
4.919515390616151;1;2022-06-19T08:00:00Z
6.492896002024698;1;2022-06-19T09:00:00Z
7.494467472138428;1;2022-06-19T10:00:00Z
6.382419683801483;1;2022-06-19T11:00:00Z
6.227313611705641;1;2022-06-19T12:00:00Z
5.309992389273347;1;2022-06-19T13:00:00Z
5.754952659447362;1;2022-06-19T14:00:00Z
5.679665810848996;1;2022-06-19T15:00:00Z
4.938972357270551;1;2022-06-19T16:00:00Z
5.889329970813152;1;2022-06-19T17:00:00Z
5.482722324100476;1;2022-06-19T18:00:00Z
4.683767096483374;1;2022-06-19T19:00:00Z
4.081260136790523;1;2022-06-19T20:00:00Z
4.124654553074667;1;2022-06-19T21:00:00Z
2.6257719370160286;1;2022-06-19T22:00:00Z
3.1273996916252376;1;2022-06-19T23:00:00Z
2.2596440930981267;1;2022-06-20T00:00:00Z
3.228771840905876;1;2022-06-20T01:00:00Z
2.8256425429009613;1;2022-06-20T02:00:00Z
1.8960771475617801;1;2022-06-20T03:00:00Z
1.8346830324109418;1;2022-06-20T04:00:00Z
2.637429479413128;1;2022-06-20T05:00:00Z
2.6583474475844318;1;2022-06-20T06:00:00Z
2.739890686052841;1;2022-06-20T07:00:00Z
2.6338925092886667;1;2022-06-20T08:00:00Z
1.8546787319555442;1;2022-06-20T09:00:00Z
1.3921618730503682;1;2022-06-20T10:00:00Z
2.074374428000419;1;2022-06-20T11:00:00Z
1.2199317441785626;1;2022-06-20T12:00:00Z
2.416450040543231;1;2022-06-20T13:00:00Z
3.272021900320677;1;2022-06-20T14:00:00Z
3.9960283573546937;1;2022-06-20T15:00:00Z
4.511064954715158;1;2022-06-20T16:00:00Z
4.8557057798147785;1;2022-06-20T17:00:00Z
4.917029303007659;1;2022-06-20T18:00:00Z
5.0168301493702465;1;2022-06-20T19:00:00Z
3.9125382402764948;1;2022-06-20T20:00:00Z
3.689030575358944;1;2022-06-20T21:00:00Z
3.83906023833495;1;2022-06-20T22:00:00Z
4.337137705930394;1;2022-06-20T23:00:00Z
4.6198097824696145;1;2022-06-21T00:00:00Z
4.713692110134062;1;2022-06-21T01:00:00Z
4.527988899309794;1;2022-06-21T02:00:00Z
4.712283979194143;1;2022-06-21T03:00:00Z
4.885228956018372;1;2022-06-21T04:00:00Z
5.5076576105166675;1;2022-06-21T05:00:00Z
4.747581867044158;1;2022-06-21T06:00:00Z
4.459223635519623;1;2022-06-21T07:00:00Z
4.810167747692923;1;2022-06-21T08:00:00Z
4.480996176192845;1;2022-06-21T09:00:00Z
3.832726799941539;1;2022-06-21T10:00:00Z
3.695994754990105;1;2022-06-21T11:00:00Z
3.6815339864514036;1;2022-06-21T12:00:00Z
3.6710241133375114;1;2022-06-21T13:00:00Z
3.188156905997007;1;2022-06-21T14:00:00Z
2.681909930871261;1;2022-06-21T15:00:00Z
2.36317399233693;1;2022-06-21T16:00:00Z
1.8701449609709362;1;2022-06-21T17:00:00Z
1.2844849525665445;1;2022-06-21T18:00:00Z
1.9457227773254684;1;2022-06-21T19:00:00Z
1.6640746527604102;1;2022-06-21T20:00:00Z
1.6684923227161388;1;2022-06-21T21:00:00Z
1.1749279170719082;1;2022-06-21T22:00:00Z
1.0960964825155646;1;2022-06-21T23:00:00Z
0.8743791805849094;1;2022-06-22T00:00:00Z
1.2006287161044238;1;2022-06-22T01:00:00Z
1.5239477833262365;1;2022-06-22T02:00:00Z
1.6315460004160323;1;2022-06-22T03:00:00Z
0.691103977574332;1;2022-06-22T04:00:00Z
0.3929443436519548;1;2022-06-22T05:00:00Z
0.3140058613383906;1;2022-06-22T06:00:00Z
0.9123698319707371;1;2022-06-22T07:00:00Z
0.969783736754301;1;2022-06-22T08:00:00Z
1.1400060220085941;1;2022-06-22T09:00:00Z
1.4372707839484564;1;2022-06-22T10:00:00Z
1.2716334625633112;1;2022-06-22T11:00:00Z
1.2195928212313205;1;2022-06-22T12:00:00Z
1.0252861089806171;1;2022-06-22T13:00:00Z
1.6672464826691191;1;2022-06-22T14:00:00Z
1.7603018163360487;1;2022-06-22T15:00:00Z
1.987718379424755;1;2022-06-22T16:00:00Z
2.013674103536852;1;2022-06-22T17:00:00Z
2.02871495922907;1;2022-06-22T18:00:00Z
2.536337322872866;1;2022-06-22T19:00:00Z
3.5772006029135923;1;2022-06-22T20:00:00Z
4.400121543036901;1;2022-06-22T21:00:00Z
3.8827858057133637;1;2022-06-22T22:00:00Z
3.7770624620861266;1;2022-06-22T23:00:00Z
3.6684660470368446;1;2022-06-23T00:00:00Z
3.338450825081546;1;2022-06-23T01:00:00Z
3.3125716021352725;1;2022-06-23T02:00:00Z
2.9818471072441857;1;2022-06-23T03:00:00Z
2.693010654898344;1;2022-06-23T04:00:00Z
2.3113249535103173;1;2022-06-23T05:00:00Z
1.9255218058428398;1;2022-06-23T06:00:00Z
1.6050931969352342;1;2022-06-23T07:00:00Z
1.4543280182761056;1;2022-06-23T08:00:00Z
1.5484823729715531;1;2022-06-23T09:00:00Z
1.4989546549814852;1;2022-06-23T10:00:00Z
1.5342327313140136;1;2022-06-23T11:00:00Z
1.95017352254112;1;2022-06-23T12:00:00Z
2.393205846734551;1;2022-06-23T13:00:00Z
2.588204196152202;1;2022-06-23T14:00:00Z
2.7732342122156832;1;2022-06-23T15:00:00Z
2.8517977163574595;1;2022-06-23T16:00:00Z
2.6739955103805646;1;2022-06-23T17:00:00Z
2.1082308784876846;1;2022-06-23T18:00:00Z
2.956097378059616;1;2022-06-23T19:00:00Z
3.9091222783226938;1;2022-06-23T20:00:00Z
4.325691206420322;1;2022-06-23T21:00:00Z
4.483699490389046;1;2022-06-23T22:00:00Z
4.180449733034045;1;2022-06-23T23:00:00Z
3.811810712718966;1;2022-06-24T00:00:00Z
3.5365924185351774;1;2022-06-24T01:00:00Z
3.6385310007123017;1;2022-06-24T02:00:00Z
3.6964984170251256;1;2022-06-24T03:00:00Z
4.046485579880841;1;2022-06-24T04:00:00Z
3.9687534763726355;1;2022-06-24T05:00:00Z
4.381640184675528;1;2022-06-24T06:00:00Z
4.353482966572218;1;2022-06-24T07:00:00Z
4.719714088359654;1;2022-06-24T08:00:00Z
5.2792746137121584;1;2022-06-24T09:00:00Z
4.869921306882059;1;2022-06-24T10:00:00Z
4.806865842472625;1;2022-06-24T11:00:00Z
5.075979749332848;1;2022-06-24T12:00:00Z
5.699653474595171;1;2022-06-24T13:00:00Z
5.706564281296785;1;2022-06-24T14:00:00Z
5.641730736486086;1;2022-06-24T15:00:00Z
4.300769854471014;1;2022-06-24T16:00:00Z
3.5626934223243825;1;2022-06-24T17:00:00Z
2.524573361671332;1;2022-06-24T18:00:00Z
1.9125943224398165;1;2022-06-24T19:00:00Z
1.9738170780365847;1;2022-06-24T20:00:00Z
1.6357853081605396;1;2022-06-24T21:00:00Z
2.033878668624516;1;2022-06-24T22:00:00Z
2.675088252005971;1;2022-06-24T23:00:00Z
2.7188423637417305;1;2022-06-25T00:00:00Z
2.265041283598895;1;2022-06-25T01:00:00Z
1.8397868962063364;1;2022-06-25T02:00:00Z
1.0888674775261111;1;2022-06-25T03:00:00Z
1.2009447073523005;1;2022-06-25T04:00:00Z
1.0899517191779586;1;2022-06-25T05:00:00Z
0.6135006561112565;1;2022-06-25T06:00:00Z
0.2887233761373769;1;2022-06-25T07:00:00Z
0.5540263677177265;1;2022-06-25T08:00:00Z
0.3890097209621048;1;2022-06-25T09:00:00Z
1.6749209153458056;1;2022-06-25T10:00:00Z
1.068872054309098;1;2022-06-25T11:00:00Z
0.8893632997103136;1;2022-06-25T12:00:00Z
0.5478770246284302;1;2022-06-25T13:00:00Z
0.3880832116527371;1;2022-06-25T14:00:00Z
0.265086628144349;1;2022-06-25T15:00:00Z
0.567745759866307;1;2022-06-25T16:00:00Z
0.5121087081248257;1;2022-06-25T17:00:00Z
0.9947704530527339;1;2022-06-25T18:00:00Z
0.6215089395415601;1;2022-06-25T19:00:00Z
1.0196220922455452;1;2022-06-25T20:00:00Z
1.0981245456082622;1;2022-06-25T21:00:00Z
1.2872648363447252;1;2022-06-25T22:00:00Z
1.4915034249187944;1;2022-06-25T23:00:00Z
1.291176745610175;1;2022-06-26T00:00:00Z
1.3793163362264749;1;2022-06-26T01:00:00Z
1.3506191481827092;1;2022-06-26T02:00:00Z
1.815744448808655;1;2022-06-26T03:00:00Z
2.1575298459406755;1;2022-06-26T04:00:00Z
2.150357143153221;1;2022-06-26T05:00:00Z
1.9888303599529602;1;2022-06-26T06:00:00Z
2.1465503096389993;1;2022-06-26T07:00:00Z
2.5134870792635473;1;2022-06-26T08:00:00Z
2.754402261824282;1;2022-06-26T09:00:00Z
3.527383968984698;1;2022-06-26T10:00:00Z
2.955336075201722;1;2022-06-26T11:00:00Z
2.5731705608806297;1;2022-06-26T12:00:00Z
2.959471914423798;1;2022-06-26T13:00:00Z
2.5401195668033982;1;2022-06-26T14:00:00Z
1.3797199496489942;1;2022-06-26T15:00:00Z
1.1104989440442907;1;2022-06-26T16:00:00Z
0.9632842192388098;1;2022-06-26T17:00:00Z
1.1775453743934021;1;2022-06-26T18:00:00Z
1.8335725743374502;1;2022-06-26T19:00:00Z
1.7349138637959813;1;2022-06-26T20:00:00Z
1.6401308458062713;1;2022-06-26T21:00:00Z
2.8677525875768897;1;2022-06-26T22:00:00Z
2.445300106785138;1;2022-06-26T23:00:00Z
3.4898046395602953;1;2022-06-27T00:00:00Z
2.709479186479913;1;2022-06-27T01:00:00Z
2.1788374935576655;1;2022-06-27T02:00:00Z
1.9662923640046943;1;2022-06-27T03:00:00Z
2.6713358248943706;1;2022-06-27T04:00:00Z
2.9875340483521136;1;2022-06-27T05:00:00Z
3.0973571057748486;1;2022-06-27T06:00:00Z
3.1266864124609333;1;2022-06-27T07:00:00Z
3.311207332874956;1;2022-06-27T08:00:00Z
3.874944210155898;1;2022-06-27T09:00:00Z
4.317533749435365;1;2022-06-27T10:00:00Z
4.402249969515848;1;2022-06-27T11:00:00Z
4.728884498931091;1;2022-06-27T12:00:00Z
4.28774448744874;1;2022-06-27T13:00:00Z
3.9770422722909085;1;2022-06-27T14:00:00Z
3.4434177964907584;1;2022-06-27T15:00:00Z
3.549840477961711;1;2022-06-27T16:00:00Z
3.6654196697148866;1;2022-06-27T17:00:00Z
3.1599536261360845;1;2022-06-27T18:00:00Z
3.3969534162867587;1;2022-06-27T19:00:00Z
3.731946853656005;1;2022-06-27T20:00:00Z
3.763453926937704;1;2022-06-27T21:00:00Z
5.49226891925721;1;2022-06-27T22:00:00Z
5.181396573361066;1;2022-06-27T23:00:00Z
3.362405902855394;1;2022-06-28T00:00:00Z
2.8928420044360528;1;2022-06-28T01:00:00Z
3.8002007631483345;1;2022-06-28T02:00:00Z
3.5502500032817346;1;2022-06-28T03:00:00Z
3.8896393608506865;1;2022-06-28T04:00:00Z
4.428134204464296;1;2022-06-28T05:00:00Z
3.934129330459383;1;2022-06-28T06:00:00Z
3.5115948713678273;1;2022-06-28T07:00:00Z
3.5225475408689655;1;2022-06-28T08:00:00Z
2.9618857791825;1;2022-06-28T09:00:00Z
2.7584006814574837;1;2022-06-28T10:00:00Z
2.1732255730281964;1;2022-06-28T11:00:00Z
1.8105469283328364;1;2022-06-28T12:00:00Z
1.9371092552690181;1;2022-06-28T13:00:00Z
1.642563427573415;1;2022-06-28T14:00:00Z
0.9896514595535785;1;2022-06-28T15:00:00Z
1.7715139487020366;1;2022-06-28T16:00:00Z
1.7500300471081303;1;2022-06-28T17:00:00Z
2.399132427938985;1;2022-06-28T18:00:00Z
2.774093554609455;1;2022-06-28T19:00:00Z
3.230774981737009;1;2022-06-28T20:00:00Z
3.3356635011472577;1;2022-06-28T21:00:00Z
3.15405522211696;1;2022-06-28T22:00:00Z
3.7424844772077055;1;2022-06-28T23:00:00Z
4.062695030431766;1;2022-06-29T00:00:00Z
3.9115847499415874;1;2022-06-29T01:00:00Z
3.4281363681301005;1;2022-06-29T02:00:00Z
3.813541973005038;1;2022-06-29T03:00:00Z
3.3154953326748484;1;2022-06-29T04:00:00Z
2.739720931150081;1;2022-06-29T05:00:00Z
3.2417354547886608;1;2022-06-29T06:00:00Z
3.7862469497904017;1;2022-06-29T07:00:00Z
3.99331053708292;1;2022-06-29T08:00:00Z
3.892430097675144;1;2022-06-29T09:00:00Z
2.4607219474788953;1;2022-06-29T10:00:00Z
3.4902873382240927;1;2022-06-29T11:00:00Z
3.3458389867422946;1;2022-06-29T12:00:00Z
3.463773114313885;1;2022-06-29T13:00:00Z
3.5396721690978867;1;2022-06-29T14:00:00Z
3.564336843027209;1;2022-06-29T15:00:00Z
3.2917482120066426;1;2022-06-29T16:00:00Z
3.0260196561163952;1;2022-06-29T17:00:00Z
2.9043032679150995;1;2022-06-29T18:00:00Z
2.638119319244592;1;2022-06-29T19:00:00Z
2.41245649877907;1;2022-06-29T20:00:00Z
2.18420139787673;1;2022-06-29T21:00:00Z
2.643704668488861;1;2022-06-29T22:00:00Z
3.155480480164173;1;2022-06-29T23:00:00Z
3.09050255623013;1;2022-06-30T00:00:00Z
2.245445110654917;1;2022-06-30T01:00:00Z
2.255701064964237;1;2022-06-30T02:00:00Z
1.7180989966375382;1;2022-06-30T03:00:00Z
2.569096723084257;1;2022-06-30T04:00:00Z
3.0176557096022374;1;2022-06-30T05:00:00Z
1.7630842875073418;1;2022-06-30T06:00:00Z
0.8787437061791011;1;2022-06-30T07:00:00Z
1.4143549590493742;1;2022-06-30T08:00:00Z
1.442038562976155;1;2022-06-30T09:00:00Z
1.9970194535686379;1;2022-06-30T10:00:00Z
1.7869406522720195;1;2022-06-30T11:00:00Z
1.3112576806015313;1;2022-06-30T12:00:00Z
1.2368882210046535;1;2022-06-30T13:00:00Z
0.7608438063720165;1;2022-06-30T14:00:00Z
0.8729738425310655;1;2022-06-30T15:00:00Z
1.6808566735196178;1;2022-06-30T16:00:00Z
2.230256635502706;1;2022-06-30T17:00:00Z
2.4567407709932687;1;2022-06-30T18:00:00Z
2.35259479421332;1;2022-06-30T19:00:00Z
2.7457931649110527;1;2022-06-30T20:00:00Z
2.511717157148736;1;2022-06-30T21:00:00Z
3.8967288500189934;1;2022-06-30T22:00:00Z
2.8169061668306723;1;2022-06-30T23:00:00Z
2.697483395391974;1;2022-07-01T00:00:00Z
3.5732069815031005;1;2022-07-01T01:00:00Z
3.8392302156117113;1;2022-07-01T02:00:00Z
2.0140994670002206;1;2022-07-01T03:00:00Z
1.7528234477690054;1;2022-07-01T04:00:00Z
2.919135093244982;1;2022-07-01T05:00:00Z
2.3905010541851435;1;2022-07-01T06:00:00Z
1.000188683279923;1;2022-07-01T07:00:00Z
1.8242354255785553;1;2022-07-01T08:00:00Z
3.763627728578115;1;2022-07-01T09:00:00Z
6.620903922890058;1;2022-07-01T10:00:00Z
6.332412071316432;1;2022-07-01T11:00:00Z
5.469552258032916;1;2022-07-01T12:00:00Z
4.245359224069623;1;2022-07-01T13:00:00Z
4.441144617521111;1;2022-07-01T14:00:00Z
5.47656227021127;1;2022-07-01T15:00:00Z
5.7720586687327335;1;2022-07-01T16:00:00Z
5.140191840507862;1;2022-07-01T17:00:00Z
4.830951668078557;1;2022-07-01T18:00:00Z
4.57947502823336;1;2022-07-01T19:00:00Z
3.989447385090991;1;2022-07-01T20:00:00Z
3.7103840493428164;1;2022-07-01T21:00:00Z
3.0852531823905927;1;2022-07-01T22:00:00Z
3.021332455600525;1;2022-07-01T23:00:00Z
2.680903385529377;1;2022-07-02T00:00:00Z
2.2879799789510598;1;2022-07-02T01:00:00Z
1.8431333777982375;1;2022-07-02T02:00:00Z
2.157418755803643;1;2022-07-02T03:00:00Z
2.5122550872902254;1;2022-07-02T04:00:00Z
2.3154739254394716;1;2022-07-02T05:00:00Z
2.2525155957047276;1;2022-07-02T06:00:00Z
2.354864736984275;1;2022-07-02T07:00:00Z
2.8584146821784517;1;2022-07-02T08:00:00Z
2.966212723128073;1;2022-07-02T09:00:00Z
2.442473717083617;1;2022-07-02T10:00:00Z
2.3397684093280864;1;2022-07-02T11:00:00Z
2.097415122156852;1;2022-07-02T12:00:00Z
1.6854931621130986;1;2022-07-02T13:00:00Z
1.6311898077821085;1;2022-07-02T14:00:00Z
1.4221823607647723;1;2022-07-02T15:00:00Z
1.5538467268186453;1;2022-07-02T16:00:00Z
1.7757113792616184;1;2022-07-02T17:00:00Z
1.4354033231454553;1;2022-07-02T18:00:00Z
1.608498995917587;1;2022-07-02T19:00:00Z
1.9450220122520627;1;2022-07-02T20:00:00Z
2.241674462582465;1;2022-07-02T21:00:00Z
3.407352975756494;1;2022-07-02T22:00:00Z
3.6489832651878835;1;2022-07-02T23:00:00Z
3.703768170909431;1;2022-07-03T00:00:00Z
3.5506957843576052;1;2022-07-03T01:00:00Z
3.5335205519295245;1;2022-07-03T02:00:00Z
3.3391588190172246;1;2022-07-03T03:00:00Z
3.300218512759898;1;2022-07-03T04:00:00Z
3.634766703976232;1;2022-07-03T05:00:00Z
3.7976529739682974;1;2022-07-03T06:00:00Z
4.0551201135370745;1;2022-07-03T07:00:00Z
4.732639651775722;1;2022-07-03T08:00:00Z
4.28119975784417;1;2022-07-03T09:00:00Z
3.5053228368416836;1;2022-07-03T10:00:00Z
2.8821430951521356;1;2022-07-03T11:00:00Z
2.736428471042658;1;2022-07-03T12:00:00Z
2.519554159777209;1;2022-07-03T13:00:00Z
2.3584573401082856;1;2022-07-03T14:00:00Z
2.0952762364480004;1;2022-07-03T15:00:00Z
1.758132604758563;1;2022-07-03T16:00:00Z
1.9540636735019787;1;2022-07-03T17:00:00Z
2.121322470271932;1;2022-07-03T18:00:00Z
2.133777061980236;1;2022-07-03T19:00:00Z
2.1897213435602625;1;2022-07-03T20:00:00Z
0.8039336342437007;1;2022-07-03T21:00:00Z
2.0725842385212587;1;2022-07-03T22:00:00Z
0.5077224112510607;1;2022-07-03T23:00:00Z
1.9373431949607725;1;2022-07-04T00:00:00Z
3.6924205502997807;1;2022-07-04T01:00:00Z
4.158321649736632;1;2022-07-04T02:00:00Z
4.009128510088578;1;2022-07-04T03:00:00Z
3.5392183113430242;1;2022-07-04T04:00:00Z
3.9183103650195235;1;2022-07-04T05:00:00Z
3.906946127876636;1;2022-07-04T06:00:00Z
4.00528864421762;1;2022-07-04T07:00:00Z
3.975763064262157;1;2022-07-04T08:00:00Z
3.520332174972697;1;2022-07-04T09:00:00Z
3.889269903411133;1;2022-07-04T10:00:00Z
4.674170067944044;1;2022-07-04T11:00:00Z
4.309345539136474;1;2022-07-04T12:00:00Z
4.023256484431607;1;2022-07-04T13:00:00Z
3.9929651589339175;1;2022-07-04T14:00:00Z
3.587148643074771;1;2022-07-04T15:00:00Z
3.5877770288030417;1;2022-07-04T16:00:00Z
3.2413786129512068;1;2022-07-04T17:00:00Z
2.382573322155721;1;2022-07-04T18:00:00Z
1.87481752203939;1;2022-07-04T19:00:00Z
1.8909919252224214;1;2022-07-04T20:00:00Z
1.6935528213169377;1;2022-07-04T21:00:00Z
1.0899199562478021;1;2022-07-04T22:00:00Z
1.1004520673638842;1;2022-07-04T23:00:00Z
1.4327992854930875;1;2022-07-05T00:00:00Z
2.0078384486166074;1;2022-07-05T01:00:00Z
3.17149218333607;1;2022-07-05T02:00:00Z
3.118569940119496;1;2022-07-05T03:00:00Z
3.284155349898139;1;2022-07-05T04:00:00Z
2.7903250198487535;1;2022-07-05T05:00:00Z
2.3975431747914966;1;2022-07-05T06:00:00Z
2.446112314797999;1;2022-07-05T07:00:00Z
2.7878299470515047;1;2022-07-05T08:00:00Z
3.3009353328734785;1;2022-07-05T09:00:00Z
3.3093274457885644;1;2022-07-05T10:00:00Z
3.974161303944121;1;2022-07-05T11:00:00Z
4.0805077281362285;1;2022-07-05T12:00:00Z
3.8807052705382663;1;2022-07-05T13:00:00Z
3.8234343120613934;1;2022-07-05T14:00:00Z
3.8244270984894793;1;2022-07-05T15:00:00Z
3.933995095215072;1;2022-07-05T16:00:00Z
3.7852148918274873;1;2022-07-05T17:00:00Z
3.3836594922238;1;2022-07-05T18:00:00Z
2.490825112269121;1;2022-07-05T19:00:00Z
1.8407946474556651;1;2022-07-05T20:00:00Z
1.8617070369821318;1;2022-07-05T21:00:00Z
1.7944513640707123;1;2022-07-05T22:00:00Z
1.9948665571418445;1;2022-07-05T23:00:00Z
2.881492243632983;1;2022-07-06T00:00:00Z
3.603131758205198;1;2022-07-06T01:00:00Z
2.735129608035851;1;2022-07-06T02:00:00Z
2.9710358321603776;1;2022-07-06T03:00:00Z
3.6723213776092902;1;2022-07-06T04:00:00Z
4.02782607498232;1;2022-07-06T05:00:00Z
3.7760780814668378;1;2022-07-06T06:00:00Z
3.8072361875486718;1;2022-07-06T07:00:00Z
4.668598933028125;1;2022-07-06T08:00:00Z
5.491366709694478;1;2022-07-06T09:00:00Z
5.3389958847194725;1;2022-07-06T10:00:00Z
5.395610521751928;1;2022-07-06T11:00:00Z
5.195544559255455;1;2022-07-06T12:00:00Z
5.220587765096724;1;2022-07-06T13:00:00Z
5.19051923568188;1;2022-07-06T14:00:00Z
5.0560125757803265;1;2022-07-06T15:00:00Z
4.924809229889796;1;2022-07-06T16:00:00Z
4.736083269087058;1;2022-07-06T17:00:00Z
4.016176801498326;1;2022-07-06T18:00:00Z
3.087716630927127;1;2022-07-06T19:00:00Z
2.5785114508619933;1;2022-07-06T20:00:00Z
2.4306212123821744;1;2022-07-06T21:00:00Z
2.3664551226125097;1;2022-07-06T22:00:00Z
2.8630180827267258;1;2022-07-06T23:00:00Z
3.6949029069777923;1;2022-07-07T00:00:00Z
3.9757962651225354;1;2022-07-07T01:00:00Z
4.151771874864955;1;2022-07-07T02:00:00Z
4.323546766463078;1;2022-07-07T03:00:00Z
4.078777027558199;1;2022-07-07T04:00:00Z
4.260463499962068;1;2022-07-07T05:00:00Z
4.463465630475754;1;2022-07-07T06:00:00Z
4.469289550017291;1;2022-07-07T07:00:00Z
4.5546636547882375;1;2022-07-07T08:00:00Z
4.561678387228336;1;2022-07-07T09:00:00Z
4.007862162384706;1;2022-07-07T10:00:00Z
4.20390518961206;1;2022-07-07T11:00:00Z
3.3700991129517197;1;2022-07-07T12:00:00Z
3.1901214327523126;1;2022-07-07T13:00:00Z
2.876814010330684;1;2022-07-07T14:00:00Z
2.890724696127071;1;2022-07-07T15:00:00Z
2.8378578968179466;1;2022-07-07T16:00:00Z
3.1539802239113808;1;2022-07-07T17:00:00Z
4.095393791843479;1;2022-07-07T18:00:00Z
4.505238808283864;1;2022-07-07T19:00:00Z
4.369560628307951;1;2022-07-07T20:00:00Z
3.7805413955638714;1;2022-07-07T21:00:00Z
3.69576083062591;1;2022-07-07T22:00:00Z
3.9687597293975574;1;2022-07-07T23:00:00Z
4.134414135367198;1;2022-07-08T00:00:00Z
4.111527021750916;1;2022-07-08T01:00:00Z
4.091070728399733;1;2022-07-08T02:00:00Z
4.107997254077415;1;2022-07-08T03:00:00Z
4.34529663077394;1;2022-07-08T04:00:00Z
5.5287859361524765;1;2022-07-08T05:00:00Z
5.62571174032903;1;2022-07-08T06:00:00Z
5.283522282491279;1;2022-07-08T07:00:00Z
4.923875792235476;1;2022-07-08T08:00:00Z
5.2080726488231335;1;2022-07-08T09:00:00Z
5.175166917588655;1;2022-07-08T10:00:00Z
4.915919288780725;1;2022-07-08T11:00:00Z
5.0333869001748575;1;2022-07-08T12:00:00Z
5.5370031447573345;1;2022-07-08T13:00:00Z
5.55616106003245;1;2022-07-08T14:00:00Z
5.343560447402325;1;2022-07-08T15:00:00Z
5.033154334360268;1;2022-07-08T16:00:00Z
4.263888932502681;1;2022-07-08T17:00:00Z
4.374436450669587;1;2022-07-08T18:00:00Z
3.7171801645190308;1;2022-07-08T19:00:00Z
3.5750085516553387;1;2022-07-08T20:00:00Z
3.447220367741557;1;2022-07-08T21:00:00Z
4.169609597560901;1;2022-07-08T22:00:00Z
3.8056601260666647;1;2022-07-08T23:00:00Z
3.7752715824395047;1;2022-07-09T00:00:00Z
3.8651296759467035;1;2022-07-09T01:00:00Z
3.8504121639303612;1;2022-07-09T02:00:00Z
3.75959464150508;1;2022-07-09T03:00:00Z
3.5977087008439605;1;2022-07-09T04:00:00Z
4.183035530617352;1;2022-07-09T05:00:00Z
4.582797692885213;1;2022-07-09T06:00:00Z
4.369108251699535;1;2022-07-09T07:00:00Z
4.757936981693199;1;2022-07-09T08:00:00Z
4.939966967605334;1;2022-07-09T09:00:00Z
4.92831189193117;1;2022-07-09T10:00:00Z
4.69903331531312;1;2022-07-09T11:00:00Z
4.524530475557846;1;2022-07-09T12:00:00Z
4.025771364708834;1;2022-07-09T13:00:00Z
4.050766210585123;1;2022-07-09T14:00:00Z
4.296336655139094;1;2022-07-09T15:00:00Z
4.388815010875925;1;2022-07-09T16:00:00Z
3.912035652654627;1;2022-07-09T17:00:00Z
3.7355115734766624;1;2022-07-09T18:00:00Z
3.9893881464969105;1;2022-07-09T19:00:00Z
4.025243866342757;1;2022-07-09T20:00:00Z
4.290677415103644;1;2022-07-09T21:00:00Z
4.338913265997493;1;2022-07-09T22:00:00Z
4.406216695095511;1;2022-07-09T23:00:00Z
4.797157845501447;1;2022-07-10T00:00:00Z
4.828708556045942;1;2022-07-10T01:00:00Z
5.058097853013609;1;2022-07-10T02:00:00Z
4.905739466190447;1;2022-07-10T03:00:00Z
4.74446899966903;1;2022-07-10T04:00:00Z
5.931473837703643;1;2022-07-10T05:00:00Z
6.631753304293121;1;2022-07-10T06:00:00Z
6.537244239154056;1;2022-07-10T07:00:00Z
6.487802334402919;1;2022-07-10T08:00:00Z
6.649003813540685;1;2022-07-10T09:00:00Z
5.529179747378131;1;2022-07-10T10:00:00Z
5.198599296475567;1;2022-07-10T11:00:00Z
5.22915482105462;1;2022-07-10T12:00:00Z
5.019364098711222;1;2022-07-10T13:00:00Z
4.868454193234399;1;2022-07-10T14:00:00Z
4.652321826366182;1;2022-07-10T15:00:00Z
4.674599225965041;1;2022-07-10T16:00:00Z
4.665768393222032;1;2022-07-10T17:00:00Z
4.0194592733686445;1;2022-07-10T18:00:00Z
3.3323853728974555;1;2022-07-10T19:00:00Z
3.0192494409392823;1;2022-07-10T20:00:00Z
3.141645538695324;1;2022-07-10T21:00:00Z
2.7511356086226524;1;2022-07-10T22:00:00Z
3.0395077292366026;1;2022-07-10T23:00:00Z
3.5609269005805833;1;2022-07-11T00:00:00Z
3.425841667673641;1;2022-07-11T01:00:00Z
3.4825376535082455;1;2022-07-11T02:00:00Z
3.6067706348606725;1;2022-07-11T03:00:00Z
3.7452112935933535;1;2022-07-11T04:00:00Z
3.9156952628885415;1;2022-07-11T05:00:00Z
3.9046995991031075;1;2022-07-11T06:00:00Z
3.9014796535625873;1;2022-07-11T07:00:00Z
4.069064902445396;1;2022-07-11T08:00:00Z
4.03809049299142;1;2022-07-11T09:00:00Z
3.018320414595339;1;2022-07-11T10:00:00Z
3.269876346858139;1;2022-07-11T11:00:00Z
3.4050403846276964;1;2022-07-11T12:00:00Z
3.572216148711852;1;2022-07-11T13:00:00Z
3.546852306324873;1;2022-07-11T14:00:00Z
3.736572740508558;1;2022-07-11T15:00:00Z
3.695996777150263;1;2022-07-11T16:00:00Z
3.456904895618944;1;2022-07-11T17:00:00Z
2.4344118983612066;1;2022-07-11T18:00:00Z
1.8064230898977711;1;2022-07-11T19:00:00Z
1.400390234596641;1;2022-07-11T20:00:00Z
1.7674528197147057;1;2022-07-11T21:00:00Z
1.53219808129321;1;2022-07-11T22:00:00Z
1.6645107035739153;1;2022-07-11T23:00:00Z
1.5172035812356144;1;2022-07-12T00:00:00Z
1.6159253690443918;1;2022-07-12T01:00:00Z
1.469364902875922;1;2022-07-12T02:00:00Z
1.732426669797604;1;2022-07-12T03:00:00Z
2.446215022152291;1;2022-07-12T04:00:00Z
2.8877228852207306;1;2022-07-12T05:00:00Z
2.906168125501613;1;2022-07-12T06:00:00Z
3.0695138599057135;1;2022-07-12T07:00:00Z
3.8202408532114305;1;2022-07-12T08:00:00Z
3.8913911631453457;1;2022-07-12T09:00:00Z
3.727172260781049;1;2022-07-12T10:00:00Z
4.068749566024151;1;2022-07-12T11:00:00Z
4.250557564990808;1;2022-07-12T12:00:00Z
4.2345743182090345;1;2022-07-12T13:00:00Z
4.4291807096576505;1;2022-07-12T14:00:00Z
4.449907418385814;1;2022-07-12T15:00:00Z
4.344434412922742;1;2022-07-12T16:00:00Z
4.652826216214346;1;2022-07-12T17:00:00Z
3.4790323887484726;1;2022-07-12T18:00:00Z
2.7588203248363423;1;2022-07-12T19:00:00Z
2.7320087277884735;1;2022-07-12T20:00:00Z
2.2686041181651566;1;2022-07-12T21:00:00Z
2.1592269090035217;1;2022-07-12T22:00:00Z
2.1963215458558483;1;2022-07-12T23:00:00Z
2.1895124507565256;1;2022-07-13T00:00:00Z
1.9614850948335831;1;2022-07-13T01:00:00Z
2.1504782333656856;1;2022-07-13T02:00:00Z
1.9522364505455942;1;2022-07-13T03:00:00Z
2.2715219998295693;1;2022-07-13T04:00:00Z
2.9335359510996075;1;2022-07-13T05:00:00Z
2.8920492868231875;1;2022-07-13T06:00:00Z
3.2540188313156544;1;2022-07-13T07:00:00Z
3.731923872021419;1;2022-07-13T08:00:00Z
3.9651338790836226;1;2022-07-13T09:00:00Z
3.6320702148465664;1;2022-07-13T10:00:00Z
4.190880581690269;1;2022-07-13T11:00:00Z
4.189677561367253;1;2022-07-13T12:00:00Z
3.9872694277189633;1;2022-07-13T13:00:00Z
3.880900739386865;1;2022-07-13T14:00:00Z
4.513011958142949;1;2022-07-13T15:00:00Z
4.6003075187169795;1;2022-07-13T16:00:00Z
3.526398040644941;1;2022-07-13T17:00:00Z
2.2274890151596907;1;2022-07-13T18:00:00Z
3.1170234262127243;1;2022-07-13T19:00:00Z
4.180694837744159;1;2022-07-13T20:00:00Z
4.843006072331175;1;2022-07-13T21:00:00Z
3.2770275377147056;1;2022-07-13T22:00:00Z
3.0909231752079154;1;2022-07-13T23:00:00Z
3.401893500552579;1;2022-07-14T00:00:00Z
3.917094703701826;1;2022-07-14T01:00:00Z
4.3377513244137;1;2022-07-14T02:00:00Z
3.8418077945486253;1;2022-07-14T03:00:00Z
3.2822131062987987;1;2022-07-14T04:00:00Z
3.4623148383956535;1;2022-07-14T05:00:00Z
3.1500745597267925;1;2022-07-14T06:00:00Z
3.0744953873899896;1;2022-07-14T07:00:00Z
2.957980439915631;1;2022-07-14T08:00:00Z
2.7077470871596705;1;2022-07-14T09:00:00Z
2.6193693272831524;1;2022-07-14T10:00:00Z
2.7455452999992898;1;2022-07-14T11:00:00Z
2.718247467063805;1;2022-07-14T12:00:00Z
3.0501438022270815;1;2022-07-14T13:00:00Z
3.1729518113813717;1;2022-07-14T14:00:00Z
3.8430261279947744;1;2022-07-14T15:00:00Z
4.432983755010213;1;2022-07-14T16:00:00Z
4.927265403195271;1;2022-07-14T17:00:00Z
5.764300890865464;1;2022-07-14T18:00:00Z
5.576712111569897;1;2022-07-14T19:00:00Z
5.040115694539837;1;2022-07-14T20:00:00Z
5.261656173377443;1;2022-07-14T21:00:00Z
4.713647616515862;1;2022-07-14T22:00:00Z
4.932938651700985;1;2022-07-14T23:00:00Z
4.873406770075298;1;2022-07-15T00:00:00Z
4.7241981303098095;1;2022-07-15T01:00:00Z
4.601572880575936;1;2022-07-15T02:00:00Z
4.805115731113487;1;2022-07-15T03:00:00Z
4.669401833914223;1;2022-07-15T04:00:00Z
5.654295884483488;1;2022-07-15T05:00:00Z
6.30229566591416;1;2022-07-15T06:00:00Z
6.574406869834167;1;2022-07-15T07:00:00Z
6.578750857010673;1;2022-07-15T08:00:00Z
6.440936868472093;1;2022-07-15T09:00:00Z
5.29863860650356;1;2022-07-15T10:00:00Z
5.400594290149469;1;2022-07-15T11:00:00Z
5.736530741216608;1;2022-07-15T12:00:00Z
5.480958620651672;1;2022-07-15T13:00:00Z
5.227832147959968;1;2022-07-15T14:00:00Z
4.834593221355631;1;2022-07-15T15:00:00Z
4.664478074522521;1;2022-07-15T16:00:00Z
4.365220119441599;1;2022-07-15T17:00:00Z
4.187972515280172;1;2022-07-15T18:00:00Z
3.9108660394821104;1;2022-07-15T19:00:00Z
3.44303307611765;1;2022-07-15T20:00:00Z
3.1520446239819515;1;2022-07-15T21:00:00Z
3.316377705908649;1;2022-07-15T22:00:00Z
3.0066906524843757;1;2022-07-15T23:00:00Z
2.3515903285687916;1;2022-07-16T00:00:00Z
2.1947812074235116;1;2022-07-16T01:00:00Z
2.7322781068678275;1;2022-07-16T02:00:00Z
3.49058559073314;1;2022-07-16T03:00:00Z
4.387296009388587;1;2022-07-16T04:00:00Z
4.905585841518324;1;2022-07-16T05:00:00Z
5.497231098131482;1;2022-07-16T06:00:00Z
5.511044764945292;1;2022-07-16T07:00:00Z
6.427941829045822;1;2022-07-16T08:00:00Z
6.1985611576552015;1;2022-07-16T09:00:00Z
5.759289437603645;1;2022-07-16T10:00:00Z
6.397751672907974;1;2022-07-16T11:00:00Z
6.914218520026659;1;2022-07-16T12:00:00Z
7.151661104524995;1;2022-07-16T13:00:00Z
7.150785844208252;1;2022-07-16T14:00:00Z
7.232850005607717;1;2022-07-16T15:00:00Z
6.823388828681641;1;2022-07-16T16:00:00Z
6.046422415500957;1;2022-07-16T17:00:00Z
4.970534769493355;1;2022-07-16T18:00:00Z
4.062963152588401;1;2022-07-16T19:00:00Z
3.683508897245609;1;2022-07-16T20:00:00Z
3.671010504593368;1;2022-07-16T21:00:00Z
3.719081518437006;1;2022-07-16T22:00:00Z
3.385261453666818;1;2022-07-16T23:00:00Z
3.0803663394528016;1;2022-07-17T00:00:00Z
2.9783692765188343;1;2022-07-17T01:00:00Z
2.714596588227669;1;2022-07-17T02:00:00Z
2.9522310141251196;1;2022-07-17T03:00:00Z
3.1769132133597626;1;2022-07-17T04:00:00Z
3.29464123070172;1;2022-07-17T05:00:00Z
4.152233231561873;1;2022-07-17T06:00:00Z
3.849387208399598;1;2022-07-17T07:00:00Z
3.6136574082112944;1;2022-07-17T08:00:00Z
4.098061994845841;1;2022-07-17T09:00:00Z
3.33562001237668;1;2022-07-17T10:00:00Z
3.8076478229534896;1;2022-07-17T11:00:00Z
3.5053284453788462;1;2022-07-17T12:00:00Z
3.0347777224926005;1;2022-07-17T13:00:00Z
2.863064092257686;1;2022-07-17T14:00:00Z
2.7554507335071174;1;2022-07-17T15:00:00Z
2.880845236463004;1;2022-07-17T16:00:00Z
3.092936574253991;1;2022-07-17T17:00:00Z
2.206251300837322;1;2022-07-17T18:00:00Z
1.7958255045929865;1;2022-07-17T19:00:00Z
1.3899274632235263;1;2022-07-17T20:00:00Z
1.1607868795629304;1;2022-07-17T21:00:00Z
1.7349361858782908;1;2022-07-17T22:00:00Z
1.3309205421937276;1;2022-07-17T23:00:00Z
1.897334953048465;1;2022-07-18T00:00:00Z
1.9060625804473716;1;2022-07-18T01:00:00Z
1.2944072280740564;1;2022-07-18T02:00:00Z
1.655424276091591;1;2022-07-18T03:00:00Z
0.9808144421514093;1;2022-07-18T04:00:00Z
1.1176969169558524;1;2022-07-18T05:00:00Z
0.9787717035400691;1;2022-07-18T06:00:00Z
1.1936022711172642;1;2022-07-18T07:00:00Z
1.7195660344805288;1;2022-07-18T08:00:00Z
1.9908663908837005;1;2022-07-18T09:00:00Z
1.6767859485069192;1;2022-07-18T10:00:00Z
1.1524071487587533;1;2022-07-18T11:00:00Z
1.8924318976475623;1;2022-07-18T12:00:00Z
1.9266718752770569;1;2022-07-18T13:00:00Z
1.9430890854930414;1;2022-07-18T14:00:00Z
1.8073438308134255;1;2022-07-18T15:00:00Z
1.3790764278670924;1;2022-07-18T16:00:00Z
1.3807807449539573;1;2022-07-18T17:00:00Z
1.2399793828933294;1;2022-07-18T18:00:00Z
1.2173069047652045;1;2022-07-18T19:00:00Z
1.444183772104836;1;2022-07-18T20:00:00Z
2.0426827109595695;1;2022-07-18T21:00:00Z
1.9383785017725368;1;2022-07-18T22:00:00Z
1.9310909330560668;1;2022-07-18T23:00:00Z
1.9118004588914415;1;2022-07-19T00:00:00Z
1.8616706672217687;1;2022-07-19T01:00:00Z
2.1296038622366034;1;2022-07-19T02:00:00Z
2.0415246657908956;1;2022-07-19T03:00:00Z
1.6472919074727088;1;2022-07-19T04:00:00Z
1.9348052940448908;1;2022-07-19T05:00:00Z
0.9857193354130587;1;2022-07-19T06:00:00Z
0.8028159799652407;1;2022-07-19T07:00:00Z
0.5951855901050555;1;2022-07-19T08:00:00Z
0.6720016870910241;1;2022-07-19T09:00:00Z
0.8563218158147569;1;2022-07-19T10:00:00Z
0.914015889269716;1;2022-07-19T11:00:00Z
1.148246054678676;1;2022-07-19T12:00:00Z
1.1944494088837876;1;2022-07-19T13:00:00Z
1.1556698630348008;1;2022-07-19T14:00:00Z
1.35018924975024;1;2022-07-19T15:00:00Z
1.6534849244527374;1;2022-07-19T16:00:00Z
2.100527859730799;1;2022-07-19T17:00:00Z
1.790905818341821;1;2022-07-19T18:00:00Z
2.4222837951436467;1;2022-07-19T19:00:00Z
3.3007026925645344;1;2022-07-19T20:00:00Z
3.6516459822427945;1;2022-07-19T21:00:00Z
3.787852905527513;1;2022-07-19T22:00:00Z
3.5421933411190407;1;2022-07-19T23:00:00Z
3.3266191102142226;1;2022-07-20T00:00:00Z
2.9665690596081133;1;2022-07-20T01:00:00Z
2.6608946863897533;1;2022-07-20T02:00:00Z
2.376093744148229;1;2022-07-20T03:00:00Z
2.3446272720094234;1;2022-07-20T04:00:00Z
2.3150860555197883;1;2022-07-20T05:00:00Z
1.8715476903337966;1;2022-07-20T06:00:00Z
1.7546042262257746;1;2022-07-20T07:00:00Z
1.8200239646565095;1;2022-07-20T08:00:00Z
2.127217027039256;1;2022-07-20T09:00:00Z
2.368060076554684;1;2022-07-20T10:00:00Z
2.7841845275278705;1;2022-07-20T11:00:00Z
2.930208608127785;1;2022-07-20T12:00:00Z
2.9972657848448017;1;2022-07-20T13:00:00Z
3.6655110067750147;1;2022-07-20T14:00:00Z
3.8556198249786764;1;2022-07-20T15:00:00Z
3.6714012551330115;1;2022-07-20T16:00:00Z
3.6318675174354693;1;2022-07-20T17:00:00Z
2.733077173075994;1;2022-07-20T18:00:00Z
2.5620224943612837;1;2022-07-20T19:00:00Z
2.67109000150874;1;2022-07-20T20:00:00Z
2.5942995112183413;1;2022-07-20T21:00:00Z
2.917608113154071;1;2022-07-20T22:00:00Z
3.169746813692361;1;2022-07-20T23:00:00Z
3.358094902228998;1;2022-07-21T00:00:00Z
3.1927870985659452;1;2022-07-21T01:00:00Z
3.557105660756059;1;2022-07-21T02:00:00Z
4.348137689414488;1;2022-07-21T03:00:00Z
4.321888965239838;1;2022-07-21T04:00:00Z
3.7596112328950655;1;2022-07-21T05:00:00Z
4.192612062096234;1;2022-07-21T06:00:00Z
4.006882352571578;1;2022-07-21T07:00:00Z
4.366983108958557;1;2022-07-21T08:00:00Z
4.399224364029253;1;2022-07-21T09:00:00Z
4.287054735133791;1;2022-07-21T10:00:00Z
3.468412314530516;1;2022-07-21T11:00:00Z
2.3089227806630204;1;2022-07-21T12:00:00Z
3.084562052210912;1;2022-07-21T13:00:00Z
3.851702656658439;1;2022-07-21T14:00:00Z
3.817861857814073;1;2022-07-21T15:00:00Z
3.2865893768237506;1;2022-07-21T16:00:00Z
2.2732607098560687;1;2022-07-21T17:00:00Z
2.1697844957291013;1;2022-07-21T18:00:00Z
2.1040564126051122;1;2022-07-21T19:00:00Z
2.280244110024502;1;2022-07-21T20:00:00Z
2.331581668510491;1;2022-07-21T21:00:00Z
1.5170208315424762;1;2022-07-21T22:00:00Z
2.192683856043507;1;2022-07-21T23:00:00Z
2.295905789055211;1;2022-07-22T00:00:00Z
3.1351508633618406;1;2022-07-22T01:00:00Z
3.777636208456172;1;2022-07-22T02:00:00Z
2.9907616572598137;1;2022-07-22T03:00:00Z
2.8690049498653076;1;2022-07-22T04:00:00Z
3.3006903561227703;1;2022-07-22T05:00:00Z
4.044097909749524;1;2022-07-22T06:00:00Z
4.577279846091463;1;2022-07-22T07:00:00Z
4.723733123188339;1;2022-07-22T08:00:00Z
4.830139634540276;1;2022-07-22T09:00:00Z
4.266366272346815;1;2022-07-22T10:00:00Z
4.038065718789523;1;2022-07-22T11:00:00Z
3.5034379309087686;1;2022-07-22T12:00:00Z
3.8605953992483713;1;2022-07-22T13:00:00Z
3.876840920877485;1;2022-07-22T14:00:00Z
3.4010659166512918;1;2022-07-22T15:00:00Z
3.032258564225002;1;2022-07-22T16:00:00Z
2.818962111059728;1;2022-07-22T17:00:00Z
2.59016839070832;1;2022-07-22T18:00:00Z
1.4800780751371343;1;2022-07-22T19:00:00Z
1.3618007377596366;1;2022-07-22T20:00:00Z
1.491282521683767;1;2022-07-22T21:00:00Z
1.844889732633988;1;2022-07-22T22:00:00Z
1.7487524367164278;1;2022-07-22T23:00:00Z
1.1337503388041779;1;2022-07-23T00:00:00Z
1.2858838989187107;1;2022-07-23T01:00:00Z
1.3542095472308064;1;2022-07-23T02:00:00Z
1.731650719849179;1;2022-07-23T03:00:00Z
1.9411221503565308;1;2022-07-23T04:00:00Z
2.0576092317941965;1;2022-07-23T05:00:00Z
1.6082370330093991;1;2022-07-23T06:00:00Z
1.451234602205082;1;2022-07-23T07:00:00Z
1.7997628907581444;1;2022-07-23T08:00:00Z
2.2660456148107953;1;2022-07-23T09:00:00Z
2.8343310137515707;1;2022-07-23T10:00:00Z
3.597792789211446;1;2022-07-23T11:00:00Z
3.9622954197254923;1;2022-07-23T12:00:00Z
3.3095746917259996;1;2022-07-23T13:00:00Z
3.33080081280077;1;2022-07-23T14:00:00Z
3.676576873967012;1;2022-07-23T15:00:00Z
3.9344509435423;1;2022-07-23T16:00:00Z
4.16396400720268;1;2022-07-23T17:00:00Z
4.210391826023185;1;2022-07-23T18:00:00Z
3.6469370581544354;1;2022-07-23T19:00:00Z
3.2325723693605983;1;2022-07-23T20:00:00Z
2.9679822456192704;1;2022-07-23T21:00:00Z
2.4565102695155976;1;2022-07-23T22:00:00Z
1.9252374287814413;1;2022-07-23T23:00:00Z
1.6860646878900853;1;2022-07-24T00:00:00Z
1.7206442204194226;1;2022-07-24T01:00:00Z
1.7963993378996308;1;2022-07-24T02:00:00Z
1.6844794066156337;1;2022-07-24T03:00:00Z
1.5377808404820785;1;2022-07-24T04:00:00Z
1.8612494442246899;1;2022-07-24T05:00:00Z
2.3190545284872495;1;2022-07-24T06:00:00Z
2.2289719279288787;1;2022-07-24T07:00:00Z
2.349266276070766;1;2022-07-24T08:00:00Z
2.302306778875275;1;2022-07-24T09:00:00Z
2.1437899274383;1;2022-07-24T10:00:00Z
1.8787767143937955;1;2022-07-24T11:00:00Z
1.5977029802937135;1;2022-07-24T12:00:00Z
1.7152104592020028;1;2022-07-24T13:00:00Z
1.765125689547919;1;2022-07-24T14:00:00Z
1.4273266708047707;1;2022-07-24T15:00:00Z
1.3722077064444378;1;2022-07-24T16:00:00Z
1.4971539070367224;1;2022-07-24T17:00:00Z
0.8965349396024539;1;2022-07-24T18:00:00Z
1.8641610086127722;1;2022-07-24T19:00:00Z
1.9133753600444423;1;2022-07-24T20:00:00Z
2.438254573383264;1;2022-07-24T21:00:00Z
2.365295672835014;1;2022-07-24T22:00:00Z
2.6697380023276396;1;2022-07-24T23:00:00Z
3.058958786440898;1;2022-07-25T00:00:00Z
3.2859710301920324;1;2022-07-25T01:00:00Z
3.330575144967432;1;2022-07-25T02:00:00Z
3.3372023872440812;1;2022-07-25T03:00:00Z
3.4201099351410083;1;2022-07-25T04:00:00Z
3.683639211639796;1;2022-07-25T05:00:00Z
3.5533841956129377;1;2022-07-25T06:00:00Z
3.672419961260397;1;2022-07-25T07:00:00Z
3.9468159974158783;1;2022-07-25T08:00:00Z
4.537749094035599;1;2022-07-25T09:00:00Z
4.850877361598434;1;2022-07-25T10:00:00Z
5.524772851795909;1;2022-07-25T11:00:00Z
5.057308781505247;1;2022-07-25T12:00:00Z
5.817031418586738;1;2022-07-25T13:00:00Z
5.931794631111463;1;2022-07-25T14:00:00Z
3.7848982091358585;1;2022-07-25T15:00:00Z
2.24328007108124;1;2022-07-25T16:00:00Z
2.0051717534630353;1;2022-07-25T17:00:00Z
1.9389942379799403;1;2022-07-25T18:00:00Z
1.757485714640796;1;2022-07-25T19:00:00Z
2.595720201114121;1;2022-07-25T20:00:00Z
4.370884392440336;1;2022-07-25T21:00:00Z
3.8034612376904913;1;2022-07-25T22:00:00Z
3.3801378939680244;1;2022-07-25T23:00:00Z
3.4656528415711154;1;2022-07-26T00:00:00Z
2.3419920993526233;1;2022-07-26T01:00:00Z
2.0051243814734643;1;2022-07-26T02:00:00Z
1.949148572713911;1;2022-07-26T03:00:00Z
2.5430016589184743;1;2022-07-26T04:00:00Z
3.746939823892967;1;2022-07-26T05:00:00Z
4.088500843325473;1;2022-07-26T06:00:00Z
5.105949100407814;1;2022-07-26T07:00:00Z
5.123834820807474;1;2022-07-26T08:00:00Z
5.427396313646257;1;2022-07-26T09:00:00Z
3.900951737480787;1;2022-07-26T10:00:00Z
3.886860648107564;1;2022-07-26T11:00:00Z
4.694092432617132;1;2022-07-26T12:00:00Z
5.097402185874249;1;2022-07-26T13:00:00Z
4.754759625407559;1;2022-07-26T14:00:00Z
4.28620827324882;1;2022-07-26T15:00:00Z
3.8323969946153684;1;2022-07-26T16:00:00Z
3.9507253572484293;1;2022-07-26T17:00:00Z
3.573341027936418;1;2022-07-26T18:00:00Z
2.1949068137781067;1;2022-07-26T19:00:00Z
2.007300233035421;1;2022-07-26T20:00:00Z
1.8186629820459237;1;2022-07-26T21:00:00Z
3.6816331858663616;1;2022-07-26T22:00:00Z
3.6085936007586263;1;2022-07-26T23:00:00Z
3.2538290217064807;1;2022-07-27T00:00:00Z
2.958328219837169;1;2022-07-27T01:00:00Z
2.7901274581610305;1;2022-07-27T02:00:00Z
2.932212354431325;1;2022-07-27T03:00:00Z
2.941762948567626;1;2022-07-27T04:00:00Z
3.396449749517108;1;2022-07-27T05:00:00Z
3.4898220821778443;1;2022-07-27T06:00:00Z
4.141392692431545;1;2022-07-27T07:00:00Z
4.740717483499812;1;2022-07-27T08:00:00Z
4.9952671152691765;1;2022-07-27T09:00:00Z
4.124869538043073;1;2022-07-27T10:00:00Z
3.675646775174409;1;2022-07-27T11:00:00Z
3.516148213616978;1;2022-07-27T12:00:00Z
3.890268443370619;1;2022-07-27T13:00:00Z
3.8550135285030387;1;2022-07-27T14:00:00Z
3.780084619823763;1;2022-07-27T15:00:00Z
3.916451877281429;1;2022-07-27T16:00:00Z
3.533012255302233;1;2022-07-27T17:00:00Z
2.7384833086254505;1;2022-07-27T18:00:00Z
1.6836331358984093;1;2022-07-27T19:00:00Z
2.129403901423355;1;2022-07-27T20:00:00Z
2.095741193523546;1;2022-07-27T21:00:00Z
2.3365962531289832;1;2022-07-27T22:00:00Z
2.220359140735659;1;2022-07-27T23:00:00Z
1.704064235497207;1;2022-07-28T00:00:00Z
1.8052158346172011;1;2022-07-28T01:00:00Z
1.407876674635231;1;2022-07-28T02:00:00Z
0.9857741880256694;1;2022-07-28T03:00:00Z
1.0943774128981931;1;2022-07-28T04:00:00Z
0.7360387388115331;1;2022-07-28T05:00:00Z
0.797757822922848;1;2022-07-28T06:00:00Z
0.4522578251722651;1;2022-07-28T07:00:00Z
0.5166215536826828;1;2022-07-28T08:00:00Z
0.8796536575590412;1;2022-07-28T09:00:00Z
0.9511339632304692;1;2022-07-28T10:00:00Z
1.3504371733063691;1;2022-07-28T11:00:00Z
1.2354545272816093;1;2022-07-28T12:00:00Z
0.9852593764102082;1;2022-07-28T13:00:00Z
0.6900540995122495;1;2022-07-28T14:00:00Z
0.5651798069024186;1;2022-07-28T15:00:00Z
0.7200565552515853;1;2022-07-28T16:00:00Z
1.3385998961602503;1;2022-07-28T17:00:00Z
1.5234159396257847;1;2022-07-28T18:00:00Z
2.156338822064398;1;2022-07-28T19:00:00Z
2.839485170497593;1;2022-07-28T20:00:00Z
3.2302924874133927;1;2022-07-28T21:00:00Z
3.6414865077857064;1;2022-07-28T22:00:00Z
3.570103280669877;1;2022-07-28T23:00:00Z
2.956414973617448;1;2022-07-29T00:00:00Z
2.7686771027690797;1;2022-07-29T01:00:00Z
3.1034562248905972;1;2022-07-29T02:00:00Z
3.2218435862806776;1;2022-07-29T03:00:00Z
3.2433704232617804;1;2022-07-29T04:00:00Z
3.564664459037639;1;2022-07-29T05:00:00Z
3.878902615996725;1;2022-07-29T06:00:00Z
4.232476738024364;1;2022-07-29T07:00:00Z
4.377215557695425;1;2022-07-29T08:00:00Z
4.404593058226297;1;2022-07-29T09:00:00Z
4.688917237414563;1;2022-07-29T10:00:00Z
4.826032834157983;1;2022-07-29T11:00:00Z
4.420316194427617;1;2022-07-29T12:00:00Z
4.029497760810432;1;2022-07-29T13:00:00Z
3.929860800920974;1;2022-07-29T14:00:00Z
3.463632028035056;1;2022-07-29T15:00:00Z
3.384653439609574;1;2022-07-29T16:00:00Z
3.1044049894890153;1;2022-07-29T17:00:00Z
3.32671832838542;1;2022-07-29T18:00:00Z
3.8284898981141575;1;2022-07-29T19:00:00Z
4.568106680266199;1;2022-07-29T20:00:00Z
4.8480325085126506;1;2022-07-29T21:00:00Z
4.8862609864497815;1;2022-07-29T22:00:00Z
4.407344621182657;1;2022-07-29T23:00:00Z
4.077495263403913;1;2022-07-30T00:00:00Z
4.143173956033214;1;2022-07-30T01:00:00Z
3.207612221037805;1;2022-07-30T02:00:00Z
2.167743379439482;1;2022-07-30T03:00:00Z
2.0405891327075985;1;2022-07-30T04:00:00Z
2.3164304553702753;1;2022-07-30T05:00:00Z
2.212504457850274;1;2022-07-30T06:00:00Z
1.9771969820482864;1;2022-07-30T07:00:00Z
1.766258610423868;1;2022-07-30T08:00:00Z
1.988689305825411;1;2022-07-30T09:00:00Z
2.412315870311637;1;2022-07-30T10:00:00Z
2.99694992061785;1;2022-07-30T11:00:00Z
2.862727111541999;1;2022-07-30T12:00:00Z
2.920782000557633;1;2022-07-30T13:00:00Z
2.966187121052366;1;2022-07-30T14:00:00Z
2.5137819375427335;1;2022-07-30T15:00:00Z
1.5648595703227175;1;2022-07-30T16:00:00Z
0.8048897207021988;1;2022-07-30T17:00:00Z
0.7985512281087133;1;2022-07-30T18:00:00Z
1.4324240030920004;1;2022-07-30T19:00:00Z
1.4800650337865098;1;2022-07-30T20:00:00Z
1.4908139819470974;1;2022-07-30T21:00:00Z
0.6686826568035406;1;2022-07-30T22:00:00Z
0.18815994415611156;1;2022-07-30T23:00:00Z
0.5324138880721991;1;2022-07-31T00:00:00Z
0.40199733669433496;1;2022-07-31T01:00:00Z
1.0080013741216185;1;2022-07-31T02:00:00Z
1.0256727432075479;1;2022-07-31T03:00:00Z
1.0108859928833924;1;2022-07-31T04:00:00Z
0.6876720064689433;1;2022-07-31T05:00:00Z
0.9765674167416034;1;2022-07-31T06:00:00Z
1.4536467879400599;1;2022-07-31T07:00:00Z
2.033189782341167;1;2022-07-31T08:00:00Z
2.1740194396909565;1;2022-07-31T09:00:00Z
1.9429013016735348;1;2022-07-31T10:00:00Z
2.4036991848451525;1;2022-07-31T11:00:00Z
2.4086110854941487;1;2022-07-31T12:00:00Z
2.3313974227537426;1;2022-07-31T13:00:00Z
2.3705942503636592;1;2022-07-31T14:00:00Z
2.417447609852218;1;2022-07-31T15:00:00Z
2.3410084645689855;1;2022-07-31T16:00:00Z
1.6507377491943853;1;2022-07-31T17:00:00Z
1.4263495004811646;1;2022-07-31T18:00:00Z
1.4063019833486692;1;2022-07-31T19:00:00Z
1.862586262693725;1;2022-07-31T20:00:00Z
2.224094228423872;1;2022-07-31T21:00:00Z
2.809321586501692;1;2022-07-31T22:00:00Z
2.7219937774784175;1;2022-07-31T23:00:00Z
1.516177670300016;1;2022-08-01T00:00:00Z
1.9811187609712653;1;2022-08-01T01:00:00Z
1.8494035477413453;1;2022-08-01T02:00:00Z
1.7609753907619965;1;2022-08-01T03:00:00Z
2.292459127736749;1;2022-08-01T04:00:00Z
2.6140186854909797;1;2022-08-01T05:00:00Z
3.2328784448072576;1;2022-08-01T06:00:00Z
3.6222094561581235;1;2022-08-01T07:00:00Z
3.708549060712087;1;2022-08-01T08:00:00Z
3.872776706090035;1;2022-08-01T09:00:00Z
3.449832547376362;1;2022-08-01T10:00:00Z
4.3892584029012305;1;2022-08-01T11:00:00Z
4.4396244462746095;1;2022-08-01T12:00:00Z
4.6004371891513935;1;2022-08-01T13:00:00Z
4.519797410577027;1;2022-08-01T14:00:00Z
4.066158090890423;1;2022-08-01T15:00:00Z
3.8021498153098263;1;2022-08-01T16:00:00Z
3.525438303728797;1;2022-08-01T17:00:00Z
2.8096503875624412;1;2022-08-01T18:00:00Z
2.3180592921320433;1;2022-08-01T19:00:00Z
2.032098004253686;1;2022-08-01T20:00:00Z
1.6815149527248017;1;2022-08-01T21:00:00Z
1.6485762635226013;1;2022-08-01T22:00:00Z
1.8127088284293889;1;2022-08-01T23:00:00Z
1.1299349497622666;1;2022-08-02T00:00:00Z
1.1415271581536677;1;2022-08-02T01:00:00Z
1.3616702405750756;1;2022-08-02T02:00:00Z
0.9523245052901893;1;2022-08-02T03:00:00Z
0.8627025712867166;1;2022-08-02T04:00:00Z
1.0412302682560406;1;2022-08-02T05:00:00Z
0.6053529771193255;1;2022-08-02T06:00:00Z
0.0990167077582218;1;2022-08-02T07:00:00Z
0.97779609263931;1;2022-08-02T08:00:00Z
2.330795609533036;1;2022-08-02T09:00:00Z
2.0624790500044985;1;2022-08-02T10:00:00Z
2.016586393491826;1;2022-08-02T11:00:00Z
2.1597454369123374;1;2022-08-02T12:00:00Z
2.159250180862627;1;2022-08-02T13:00:00Z
2.335545471934532;1;2022-08-02T14:00:00Z
2.3219294857048167;1;2022-08-02T15:00:00Z
2.073698846693361;1;2022-08-02T16:00:00Z
2.0169669887705166;1;2022-08-02T17:00:00Z
1.0901874708585788;1;2022-08-02T18:00:00Z
0.6258253959892008;1;2022-08-02T19:00:00Z
1.1227387447433383;1;2022-08-02T20:00:00Z
1.6861004274576907;1;2022-08-02T21:00:00Z
2.087058069944715;1;2022-08-02T22:00:00Z
1.9104413366684894;1;2022-08-02T23:00:00Z
1.897500527077294;1;2022-08-03T00:00:00Z
2.080336464281445;1;2022-08-03T01:00:00Z
2.24633163585518;1;2022-08-03T02:00:00Z
1.873501519265222;1;2022-08-03T03:00:00Z
2.0808195190785264;1;2022-08-03T04:00:00Z
2.4840588207712457;1;2022-08-03T05:00:00Z
2.151210571514724;1;2022-08-03T06:00:00Z
2.0297582401553163;1;2022-08-03T07:00:00Z
2.3099523085933313;1;2022-08-03T08:00:00Z
2.384518005375772;1;2022-08-03T09:00:00Z
1.8827327849996929;1;2022-08-03T10:00:00Z
1.9690051143396576;1;2022-08-03T11:00:00Z
1.903161282828785;1;2022-08-03T12:00:00Z
1.854610507812114;1;2022-08-03T13:00:00Z
1.890268398123565;1;2022-08-03T14:00:00Z
1.7878219748005761;1;2022-08-03T15:00:00Z
1.4739004754770588;1;2022-08-03T16:00:00Z
0.9514286690432686;1;2022-08-03T17:00:00Z
0.7489255988756185;1;2022-08-03T18:00:00Z
0.9861006039734215;1;2022-08-03T19:00:00Z
1.5396736597892398;1;2022-08-03T20:00:00Z
1.7195110684636095;1;2022-08-03T21:00:00Z
1.7874208946196306;1;2022-08-03T22:00:00Z
1.7806629093748092;1;2022-08-03T23:00:00Z
2.108538948765786;1;2022-08-04T00:00:00Z
2.0111096428482846;1;2022-08-04T01:00:00Z
1.8250088813419072;1;2022-08-04T02:00:00Z
1.9462120206444298;1;2022-08-04T03:00:00Z
1.6999999016944713;1;2022-08-04T04:00:00Z
1.9721042848019283;1;2022-08-04T05:00:00Z
1.3964292416751682;1;2022-08-04T06:00:00Z
1.4052930736116236;1;2022-08-04T07:00:00Z
1.65320975929554;1;2022-08-04T08:00:00Z
1.7784389078136076;1;2022-08-04T09:00:00Z
2.9409489924287415;1;2022-08-04T10:00:00Z
3.428091468851415;1;2022-08-04T11:00:00Z
3.6136847592412074;1;2022-08-04T12:00:00Z
3.928449983486231;1;2022-08-04T13:00:00Z
3.930121021810347;1;2022-08-04T14:00:00Z
3.6193424686404585;1;2022-08-04T15:00:00Z
3.319209375155179;1;2022-08-04T16:00:00Z
2.2872991064010004;1;2022-08-04T17:00:00Z
0.7162470119459313;1;2022-08-04T18:00:00Z
1.3730165175932607;1;2022-08-04T19:00:00Z
2.3115914839137357;1;2022-08-04T20:00:00Z
2.871799103341138;1;2022-08-04T21:00:00Z
3.765995676425775;1;2022-08-04T22:00:00Z
2.628636644054122;1;2022-08-04T23:00:00Z
1.9528281304168864;1;2022-08-05T00:00:00Z
2.0137230167133664;1;2022-08-05T01:00:00Z
2.1897386631752638;1;2022-08-05T02:00:00Z
1.7603190467737508;1;2022-08-05T03:00:00Z
1.3115418594459463;1;2022-08-05T04:00:00Z
2.931091039399196;1;2022-08-05T05:00:00Z
4.276058016003661;1;2022-08-05T06:00:00Z
4.172749276762873;1;2022-08-05T07:00:00Z
3.0141526745823897;1;2022-08-05T08:00:00Z
2.543348035971949;1;2022-08-05T09:00:00Z
3.387011233819028;1;2022-08-05T10:00:00Z
2.208192759858786;1;2022-08-05T11:00:00Z
0.4910641184164995;1;2022-08-05T12:00:00Z
0.5144240547786235;1;2022-08-05T13:00:00Z
4.355546744511472;1;2022-08-05T14:00:00Z
5.644612144914515;1;2022-08-05T15:00:00Z
4.7906741008254246;1;2022-08-05T16:00:00Z
5.163296049687953;1;2022-08-05T17:00:00Z
4.347963545716964;1;2022-08-05T18:00:00Z
4.08137341284575;1;2022-08-05T19:00:00Z
3.8798216374174825;1;2022-08-05T20:00:00Z
3.3066316004581533;1;2022-08-05T21:00:00Z
3.999611702779014;1;2022-08-05T22:00:00Z
5.033477916047794;1;2022-08-05T23:00:00Z
4.869177200544897;1;2022-08-06T00:00:00Z
4.402541957931643;1;2022-08-06T01:00:00Z
4.319145306449889;1;2022-08-06T02:00:00Z
4.183008691667562;1;2022-08-06T03:00:00Z
3.8800902385098794;1;2022-08-06T04:00:00Z
4.020623756122627;1;2022-08-06T05:00:00Z
4.468235290985696;1;2022-08-06T06:00:00Z
4.2329594445062755;1;2022-08-06T07:00:00Z
4.0628587601262725;1;2022-08-06T08:00:00Z
3.6404741687410733;1;2022-08-06T09:00:00Z
3.352977581825973;1;2022-08-06T10:00:00Z
3.3270662721095676;1;2022-08-06T11:00:00Z
3.24113621480235;1;2022-08-06T12:00:00Z
3.876459712445478;1;2022-08-06T13:00:00Z
3.6943192080631593;1;2022-08-06T14:00:00Z
3.7480266245900555;1;2022-08-06T15:00:00Z
3.8488324774785863;1;2022-08-06T16:00:00Z
3.7216881081689626;1;2022-08-06T17:00:00Z
3.2289706727592047;1;2022-08-06T18:00:00Z
1.9582548096013712;1;2022-08-06T19:00:00Z
1.863669445112186;1;2022-08-06T20:00:00Z
1.8294254666633432;1;2022-08-06T21:00:00Z
1.4144985725767567;1;2022-08-06T22:00:00Z
1.536071422157814;1;2022-08-06T23:00:00Z
1.6857107186664821;1;2022-08-07T00:00:00Z
1.9357233039848931;1;2022-08-07T01:00:00Z
1.8593477741324507;1;2022-08-07T02:00:00Z
1.7725462068571973;1;2022-08-07T03:00:00Z
1.3132303671163912;1;2022-08-07T04:00:00Z
1.622565285273055;1;2022-08-07T05:00:00Z
1.4646531191546153;1;2022-08-07T06:00:00Z
1.4113896970655333;1;2022-08-07T07:00:00Z
1.004672156870264;1;2022-08-07T08:00:00Z
0.39165231593285016;1;2022-08-07T09:00:00Z
0.6624253416958367;1;2022-08-07T10:00:00Z
0.4175154783045031;1;2022-08-07T11:00:00Z
0.4502275852425126;1;2022-08-07T12:00:00Z
0.665471657793871;1;2022-08-07T13:00:00Z
0.7620661169381509;1;2022-08-07T14:00:00Z
1.6469476352209003;1;2022-08-07T15:00:00Z
2.1415861545928503;1;2022-08-07T16:00:00Z
2.966149994531038;1;2022-08-07T17:00:00Z
3.019519256072955;1;2022-08-07T18:00:00Z
2.3360337474455024;1;2022-08-07T19:00:00Z
2.0910955798488637;1;2022-08-07T20:00:00Z
2.4632443395283863;1;2022-08-07T21:00:00Z
2.1872191058152763;1;2022-08-07T22:00:00Z
1.9965566087992082;1;2022-08-07T23:00:00Z
1.8790547472375831;1;2022-08-08T00:00:00Z
1.7754961770529163;1;2022-08-08T01:00:00Z
1.8314580196355221;1;2022-08-08T02:00:00Z
1.1527913449591929;1;2022-08-08T03:00:00Z
1.0538877424362236;1;2022-08-08T04:00:00Z
1.5753252833048814;1;2022-08-08T05:00:00Z
1.1700503036591121;1;2022-08-08T06:00:00Z
1.2754814101423149;1;2022-08-08T07:00:00Z
1.702098357900452;1;2022-08-08T08:00:00Z
1.796572310240867;1;2022-08-08T09:00:00Z
0.6872349239559941;1;2022-08-08T10:00:00Z
0.6092524177734362;1;2022-08-08T11:00:00Z
0.9427782979422541;1;2022-08-08T12:00:00Z
1.2950782405534946;1;2022-08-08T13:00:00Z
1.6794042721156826;1;2022-08-08T14:00:00Z
2.07077533234251;1;2022-08-08T15:00:00Z
3.0582107810558328;1;2022-08-08T16:00:00Z
3.5572960772092257;1;2022-08-08T17:00:00Z
3.2937471994485525;1;2022-08-08T18:00:00Z
3.2725145225477217;1;2022-08-08T19:00:00Z
3.334508975300894;1;2022-08-08T20:00:00Z
3.2567466512841414;1;2022-08-08T21:00:00Z
3.3238881639889386;1;2022-08-08T22:00:00Z
2.7511526692722414;1;2022-08-08T23:00:00Z
2.5116430244502923;1;2022-08-09T00:00:00Z
2.322935443287503;1;2022-08-09T01:00:00Z
2.0923817042061574;1;2022-08-09T02:00:00Z
2.085451573411349;1;2022-08-09T03:00:00Z
2.1793614679036275;1;2022-08-09T04:00:00Z
2.3642450262957806;1;2022-08-09T05:00:00Z
2.6766155379766463;1;2022-08-09T06:00:00Z
2.9137551915445457;1;2022-08-09T07:00:00Z
2.8945788834984865;1;2022-08-09T08:00:00Z
2.3298155824031177;1;2022-08-09T09:00:00Z
2.543427639318032;1;2022-08-09T10:00:00Z
2.0834560303373637;1;2022-08-09T11:00:00Z
2.0703130513289136;1;2022-08-09T12:00:00Z
2.2648461616428586;1;2022-08-09T13:00:00Z
2.6886130404877324;1;2022-08-09T14:00:00Z
3.275214534390195;1;2022-08-09T15:00:00Z
3.5856775234799305;1;2022-08-09T16:00:00Z
4.064747546391515;1;2022-08-09T17:00:00Z
3.939701345104727;1;2022-08-09T18:00:00Z
4.057543812188383;1;2022-08-09T19:00:00Z
3.951101246919111;1;2022-08-09T20:00:00Z
3.4151306352723165;1;2022-08-09T21:00:00Z
3.572788945906943;1;2022-08-09T22:00:00Z
2.726929936567625;1;2022-08-09T23:00:00Z
2.1693446549464337;1;2022-08-10T00:00:00Z
1.8408833260926862;1;2022-08-10T01:00:00Z
1.7764729098635272;1;2022-08-10T02:00:00Z
2.0753765597799223;1;2022-08-10T03:00:00Z
2.281985651059407;1;2022-08-10T04:00:00Z
2.5808030911452544;1;2022-08-10T05:00:00Z
2.432813135928464;1;2022-08-10T06:00:00Z
2.3163243999909957;1;2022-08-10T07:00:00Z
2.200648758509537;1;2022-08-10T08:00:00Z
2.0942674374800743;1;2022-08-10T09:00:00Z
1.654626855735021;1;2022-08-10T10:00:00Z
1.1924813771471463;1;2022-08-10T11:00:00Z
0.8158085475109178;1;2022-08-10T12:00:00Z
0.8670764223289987;1;2022-08-10T13:00:00Z
0.9993805276255138;1;2022-08-10T14:00:00Z
1.102641961727981;1;2022-08-10T15:00:00Z
1.3966840918451804;1;2022-08-10T16:00:00Z
1.9868849571976939;1;2022-08-10T17:00:00Z
2.154835663138081;1;2022-08-10T18:00:00Z
2.9123892720453557;1;2022-08-10T19:00:00Z
3.519951507954003;1;2022-08-10T20:00:00Z
3.584516906686525;1;2022-08-10T21:00:00Z
3.858213836054584;1;2022-08-10T22:00:00Z
3.3559758342852843;1;2022-08-10T23:00:00Z
2.7999027226698163;1;2022-08-11T00:00:00Z
2.363082605161678;1;2022-08-11T01:00:00Z
2.211061537832555;1;2022-08-11T02:00:00Z
1.8640855888781807;1;2022-08-11T03:00:00Z
1.8416598160827458;1;2022-08-11T04:00:00Z
2.353606351380583;1;2022-08-11T05:00:00Z
1.9556191269578425;1;2022-08-11T06:00:00Z
1.9392998561517898;1;2022-08-11T07:00:00Z
1.7672967334224354;1;2022-08-11T08:00:00Z
1.6746909412792566;1;2022-08-11T09:00:00Z
1.8964522388265723;1;2022-08-11T10:00:00Z
2.029108368458497;1;2022-08-11T11:00:00Z
2.0534150990359383;1;2022-08-11T12:00:00Z
1.9345829159095465;1;2022-08-11T13:00:00Z
2.2780883527273708;1;2022-08-11T14:00:00Z
2.467434202398561;1;2022-08-11T15:00:00Z
2.9593038808797956;1;2022-08-11T16:00:00Z
3.2099358790353474;1;2022-08-11T17:00:00Z
2.559267805336929;1;2022-08-11T18:00:00Z
2.5871033340290808;1;2022-08-11T19:00:00Z
3.2188897043245692;1;2022-08-11T20:00:00Z
3.386794031716222;1;2022-08-11T21:00:00Z
3.21382008201269;1;2022-08-11T22:00:00Z
2.7488477512246634;1;2022-08-11T23:00:00Z
2.224690615066095;1;2022-08-12T00:00:00Z
1.8518586352420887;1;2022-08-12T01:00:00Z
1.8831942629887157;1;2022-08-12T02:00:00Z
1.9575549551235505;1;2022-08-12T03:00:00Z
1.8431758523564052;1;2022-08-12T04:00:00Z
2.151982230388878;1;2022-08-12T05:00:00Z
1.813350228698917;1;2022-08-12T06:00:00Z
2.156752397913104;1;2022-08-12T07:00:00Z
2.9658960963418477;1;2022-08-12T08:00:00Z
3.860283779368208;1;2022-08-12T09:00:00Z
3.1859863676793125;1;2022-08-12T10:00:00Z
3.867105211088226;1;2022-08-12T11:00:00Z
4.072857416984772;1;2022-08-12T12:00:00Z
3.9263101221978225;1;2022-08-12T13:00:00Z
3.6184026442115567;1;2022-08-12T14:00:00Z
3.4991683272515166;1;2022-08-12T15:00:00Z
3.657594870911294;1;2022-08-12T16:00:00Z
3.6466495378710073;1;2022-08-12T17:00:00Z
2.7077131820416023;1;2022-08-12T18:00:00Z
2.2334924039536594;1;2022-08-12T19:00:00Z
2.0902486847858124;1;2022-08-12T20:00:00Z
2.09172175871686;1;2022-08-12T21:00:00Z
2.8735199091272636;1;2022-08-12T22:00:00Z
2.616293453430466;1;2022-08-12T23:00:00Z
2.275879016103801;1;2022-08-13T00:00:00Z
2.2565400954812547;1;2022-08-13T01:00:00Z
2.2544785624908563;1;2022-08-13T02:00:00Z
2.4004818240851344;1;2022-08-13T03:00:00Z
2.138706256865161;1;2022-08-13T04:00:00Z
2.2379121147376257;1;2022-08-13T05:00:00Z
2.311134001452149;1;2022-08-13T06:00:00Z
2.5977363452851647;1;2022-08-13T07:00:00Z
3.4109227216259446;1;2022-08-13T08:00:00Z
4.232706304841915;1;2022-08-13T09:00:00Z
3.007333826138083;1;2022-08-13T10:00:00Z
1.8862381507166528;1;2022-08-13T11:00:00Z
1.3787616277925123;1;2022-08-13T12:00:00Z
1.4762841492667478;1;2022-08-13T13:00:00Z
2.099433954214355;1;2022-08-13T14:00:00Z
2.3681494373032588;1;2022-08-13T15:00:00Z
2.1813254100082293;1;2022-08-13T16:00:00Z
1.2687342281334706;1;2022-08-13T17:00:00Z
1.0110051413024108;1;2022-08-13T18:00:00Z
1.0455885735262218;1;2022-08-13T19:00:00Z
1.320059234305408;1;2022-08-13T20:00:00Z
1.6264097435429528;1;2022-08-13T21:00:00Z
1.0850822759061007;1;2022-08-13T22:00:00Z
1.434692419767513;1;2022-08-13T23:00:00Z
1.6438185677951775;1;2022-08-14T00:00:00Z
1.726124509528021;1;2022-08-14T01:00:00Z
1.764775046278181;1;2022-08-14T02:00:00Z
1.405708333268622;1;2022-08-14T03:00:00Z
1.3573865413799813;1;2022-08-14T04:00:00Z
1.5542520598421048;1;2022-08-14T05:00:00Z
1.080368230653868;1;2022-08-14T06:00:00Z
0.917813247992482;1;2022-08-14T07:00:00Z
1.6678144795245053;1;2022-08-14T08:00:00Z
2.4317183449481674;1;2022-08-14T09:00:00Z
3.008289048740771;1;2022-08-14T10:00:00Z
2.9741023918946885;1;2022-08-14T11:00:00Z
3.032679931833742;1;2022-08-14T12:00:00Z
3.2302239230149876;1;2022-08-14T13:00:00Z
3.4391244998204793;1;2022-08-14T14:00:00Z
3.4483026138786745;1;2022-08-14T15:00:00Z
3.17619519167113;1;2022-08-14T16:00:00Z
3.2551530217458358;1;2022-08-14T17:00:00Z
2.8587300967224465;1;2022-08-14T18:00:00Z
2.9015119079125924;1;2022-08-14T19:00:00Z
2.610858899572951;1;2022-08-14T20:00:00Z
2.787439665775985;1;2022-08-14T21:00:00Z
3.440864131510471;1;2022-08-14T22:00:00Z
2.7617155831711937;1;2022-08-14T23:00:00Z
1.8649203815367537;1;2022-08-15T00:00:00Z
1.460306640968134;1;2022-08-15T01:00:00Z
2.132757272673529;1;2022-08-15T02:00:00Z
2.3973935874325605;1;2022-08-15T03:00:00Z
2.560781405616223;1;2022-08-15T04:00:00Z
2.88540061927128;1;2022-08-15T05:00:00Z
3.1121782913149096;1;2022-08-15T06:00:00Z
3.1669728647835687;1;2022-08-15T07:00:00Z
3.1675558534267956;1;2022-08-15T08:00:00Z
2.9096563694788222;1;2022-08-15T09:00:00Z
4.203561463521332;1;2022-08-15T10:00:00Z
3.578164348904376;1;2022-08-15T11:00:00Z
3.511378617545695;1;2022-08-15T12:00:00Z
3.6087655283264812;1;2022-08-15T13:00:00Z
3.194957353529039;1;2022-08-15T14:00:00Z
2.508125177463601;1;2022-08-15T15:00:00Z
2.6792544542321752;1;2022-08-15T16:00:00Z
2.4943941300367194;1;2022-08-15T17:00:00Z
1.161249681138629;1;2022-08-15T18:00:00Z
1.4609418238134289;1;2022-08-15T19:00:00Z
1.4389571828004655;1;2022-08-15T20:00:00Z
1.2236838473135419;1;2022-08-15T21:00:00Z
1.1626246713549286;1;2022-08-15T22:00:00Z
2.4857261583023615;1;2022-08-15T23:00:00Z
2.2589639934971193;1;2022-08-16T00:00:00Z
1.7689510253291498;1;2022-08-16T01:00:00Z
1.2967216556976215;1;2022-08-16T02:00:00Z
1.8538109449204812;1;2022-08-16T03:00:00Z
1.6845785332325796;1;2022-08-16T04:00:00Z
1.9256570514763929;1;2022-08-16T05:00:00Z
1.3911493363746044;1;2022-08-16T06:00:00Z
1.3221463506553388;1;2022-08-16T07:00:00Z
1.7338558567800084;1;2022-08-16T08:00:00Z
2.264598558515144;1;2022-08-16T09:00:00Z
2.2934474535546574;1;2022-08-16T10:00:00Z
2.381741891974018;1;2022-08-16T11:00:00Z
2.4850643366853324;1;2022-08-16T12:00:00Z
2.428265183045528;1;2022-08-16T13:00:00Z
2.3436479606447174;1;2022-08-16T14:00:00Z
2.3436246024553506;1;2022-08-16T15:00:00Z
2.254708489541526;1;2022-08-16T16:00:00Z
1.4918975468496725;1;2022-08-16T17:00:00Z
1.8710323420287758;1;2022-08-16T18:00:00Z
2.1655641423732277;1;2022-08-16T19:00:00Z
1.9575261237418349;1;2022-08-16T20:00:00Z
1.9243422501664023;1;2022-08-16T21:00:00Z
1.0327351895330452;1;2022-08-16T22:00:00Z
1.003839235404427;1;2022-08-16T23:00:00Z
1.452363513470452;1;2022-08-17T00:00:00Z
1.0894598041783565;1;2022-08-17T01:00:00Z
1.3625305013070899;1;2022-08-17T02:00:00Z
0.9311068233303657;1;2022-08-17T03:00:00Z
1.4604622710280284;1;2022-08-17T04:00:00Z
0.7908560717015632;1;2022-08-17T05:00:00Z
0.8508090254634201;1;2022-08-17T06:00:00Z
0.7024795580269775;1;2022-08-17T07:00:00Z
0.7519701139255724;1;2022-08-17T08:00:00Z
1.1039825301195367;1;2022-08-17T09:00:00Z
0.9550087444248057;1;2022-08-17T10:00:00Z
1.2515305961061227;1;2022-08-17T11:00:00Z
1.4537798396841515;1;2022-08-17T12:00:00Z
1.5587992861370412;1;2022-08-17T13:00:00Z
2.331441682610223;1;2022-08-17T14:00:00Z
1.1282206991718695;1;2022-08-17T15:00:00Z
1.9208605267558347;1;2022-08-17T16:00:00Z
2.851139023836062;1;2022-08-17T17:00:00Z
3.6810682002455155;1;2022-08-17T18:00:00Z
4.205492799803559;1;2022-08-17T19:00:00Z
4.539690473625213;1;2022-08-17T20:00:00Z
4.59589118073842;1;2022-08-17T21:00:00Z
3.7721789074830534;1;2022-08-17T22:00:00Z
4.007692290662603;1;2022-08-17T23:00:00Z
3.34497953815441;1;2022-08-18T00:00:00Z
2.977515090792946;1;2022-08-18T01:00:00Z
2.055547783955141;1;2022-08-18T02:00:00Z
1.639148839336341;1;2022-08-18T03:00:00Z
1.4743238200866313;1;2022-08-18T04:00:00Z
2.1197863577035805;1;2022-08-18T05:00:00Z
1.6661689896427974;1;2022-08-18T06:00:00Z
1.4003718483037042;1;2022-08-18T07:00:00Z
1.084548583094918;1;2022-08-18T08:00:00Z
1.421236673491731;1;2022-08-18T09:00:00Z
1.0702651172520166;1;2022-08-18T10:00:00Z
1.106557044262698;1;2022-08-18T11:00:00Z
1.8069760363031349;1;2022-08-18T12:00:00Z
2.065962567413337;1;2022-08-18T13:00:00Z
1.141410598307049;1;2022-08-18T14:00:00Z
1.49003452061909;1;2022-08-18T15:00:00Z
1.8576989124273457;1;2022-08-18T16:00:00Z
2.7633457835594624;1;2022-08-18T17:00:00Z
2.6589347481087606;1;2022-08-18T18:00:00Z
2.423077703121182;1;2022-08-18T19:00:00Z
1.8651343176900994;1;2022-08-18T20:00:00Z
1.6844094927836903;1;2022-08-18T21:00:00Z
2.9218942033250235;1;2022-08-18T22:00:00Z
3.0465671589552277;1;2022-08-18T23:00:00Z
3.233426357170323;1;2022-08-19T00:00:00Z
2.777915098245027;1;2022-08-19T01:00:00Z
2.5629813939154857;1;2022-08-19T02:00:00Z
3.4647446264946984;1;2022-08-19T03:00:00Z
3.8695086038525273;1;2022-08-19T04:00:00Z
3.2925958813238667;1;2022-08-19T05:00:00Z
3.148862611543691;1;2022-08-19T06:00:00Z
3.025240119941556;1;2022-08-19T07:00:00Z
2.792945542012339;1;2022-08-19T08:00:00Z
2.9646629767170474;1;2022-08-19T09:00:00Z
2.741763624212261;1;2022-08-19T10:00:00Z
4.256993467721372;1;2022-08-19T11:00:00Z
3.2446417815795585;1;2022-08-19T12:00:00Z
3.072104031533015;1;2022-08-19T13:00:00Z
3.5091778845320047;1;2022-08-19T14:00:00Z
3.6040205459518884;1;2022-08-19T15:00:00Z
3.277269438124302;1;2022-08-19T16:00:00Z
2.7745896587599086;1;2022-08-19T17:00:00Z
2.582618901531337;1;2022-08-19T18:00:00Z
1.8338251141229123;1;2022-08-19T19:00:00Z
1.9873548797203473;1;2022-08-19T20:00:00Z
2.193948778488332;1;2022-08-19T21:00:00Z
1.4555914064733801;1;2022-08-19T22:00:00Z
1.6563816671917717;1;2022-08-19T23:00:00Z
1.795767241204019;1;2022-08-20T00:00:00Z
1.7787424314320308;1;2022-08-20T01:00:00Z
2.0592928193914775;1;2022-08-20T02:00:00Z
2.9189593073155495;1;2022-08-20T03:00:00Z
3.4286724655083844;1;2022-08-20T04:00:00Z
3.813427566441886;1;2022-08-20T05:00:00Z
3.7159349546816105;1;2022-08-20T06:00:00Z
2.607622492682721;1;2022-08-20T07:00:00Z
2.603240996751875;1;2022-08-20T08:00:00Z
2.985773867284265;1;2022-08-20T09:00:00Z
2.767689064551236;1;2022-08-20T10:00:00Z
3.2187444677340293;1;2022-08-20T11:00:00Z
3.1022995668001743;1;2022-08-20T12:00:00Z
2.79387675553895;1;2022-08-20T13:00:00Z
2.559678990860885;1;2022-08-20T14:00:00Z
2.1237994215930898;1;2022-08-20T15:00:00Z
2.862908685625481;1;2022-08-20T16:00:00Z
2.7259633750366046;1;2022-08-20T17:00:00Z
2.0851467318210153;1;2022-08-20T18:00:00Z
1.7800037038270553;1;2022-08-20T19:00:00Z
1.6769775009916934;1;2022-08-20T20:00:00Z
1.9287505796461666;1;2022-08-20T21:00:00Z
1.7469280866950332;1;2022-08-20T22:00:00Z
2.384570863674364;1;2022-08-20T23:00:00Z
3.1300202713801157;1;2022-08-21T00:00:00Z
3.1153878519727702;1;2022-08-21T01:00:00Z
2.8372896937796956;1;2022-08-21T02:00:00Z
2.452528019891564;1;2022-08-21T03:00:00Z
2.232728191399157;1;2022-08-21T04:00:00Z
2.594114838684817;1;2022-08-21T05:00:00Z
2.6628270306493658;1;2022-08-21T06:00:00Z
2.9389886435600827;1;2022-08-21T07:00:00Z
3.2697762199382705;1;2022-08-21T08:00:00Z
3.4366648255684975;1;2022-08-21T09:00:00Z
3.1812088200921464;1;2022-08-21T10:00:00Z
3.108745736276973;1;2022-08-21T11:00:00Z
2.9140693357584504;1;2022-08-21T12:00:00Z
2.8370199948167643;1;2022-08-21T13:00:00Z
2.705641223553188;1;2022-08-21T14:00:00Z
2.6673339728467402;1;2022-08-21T15:00:00Z
2.3549985353891976;1;2022-08-21T16:00:00Z
1.7383081954819664;1;2022-08-21T17:00:00Z
1.5358292816376626;1;2022-08-21T18:00:00Z
1.6896374731729042;1;2022-08-21T19:00:00Z
1.9039058374465059;1;2022-08-21T20:00:00Z
2.0438025131812436;1;2022-08-21T21:00:00Z
1.6326180561685053;1;2022-08-21T22:00:00Z
1.4036879439327763;1;2022-08-21T23:00:00Z
1.3903045403247856;1;2022-08-22T00:00:00Z
0.6923644552185085;1;2022-08-22T01:00:00Z
0.4480058240391426;1;2022-08-22T02:00:00Z
0.6990145646119117;1;2022-08-22T03:00:00Z
0.967196657651969;1;2022-08-22T04:00:00Z
1.2441291715736604;1;2022-08-22T05:00:00Z
1.5346874311592087;1;2022-08-22T06:00:00Z
1.8485876107256187;1;2022-08-22T07:00:00Z
2.2243387515916293;1;2022-08-22T08:00:00Z
2.4966675878296836;1;2022-08-22T09:00:00Z
2.579613283839037;1;2022-08-22T10:00:00Z
2.2771039339089296;1;2022-08-22T11:00:00Z
2.466670012038247;1;2022-08-22T12:00:00Z
2.941495592029805;1;2022-08-22T13:00:00Z
2.753570437611015;1;2022-08-22T14:00:00Z
2.9642475929675185;1;2022-08-22T15:00:00Z
2.8205247902971182;1;2022-08-22T16:00:00Z
2.58085617002161;1;2022-08-22T17:00:00Z
2.028607884189454;1;2022-08-22T18:00:00Z
2.2605446295537326;1;2022-08-22T19:00:00Z
2.542874282293196;1;2022-08-22T20:00:00Z
2.640158516743967;1;2022-08-22T21:00:00Z
1.4423167292365222;1;2022-08-22T22:00:00Z
1.9404199647514462;1;2022-08-22T23:00:00Z
2.0469849258266173;1;2022-08-23T00:00:00Z
2.4105463945663597;1;2022-08-23T01:00:00Z
2.575949146529863;1;2022-08-23T02:00:00Z
2.3382106226798216;1;2022-08-23T03:00:00Z
2.117472049916026;1;2022-08-23T04:00:00Z
2.18702921115566;1;2022-08-23T05:00:00Z
2.532919877794516;1;2022-08-23T06:00:00Z
3.029011511951672;1;2022-08-23T07:00:00Z
3.243984377540176;1;2022-08-23T08:00:00Z
3.38957460091508;1;2022-08-23T09:00:00Z
2.6838302956163425;1;2022-08-23T10:00:00Z
3.8237376834733605;1;2022-08-23T11:00:00Z
3.866473229653267;1;2022-08-23T12:00:00Z
3.4897600867659953;1;2022-08-23T13:00:00Z
3.114796578556198;1;2022-08-23T14:00:00Z
2.913624426481997;1;2022-08-23T15:00:00Z
2.828815951765922;1;2022-08-23T16:00:00Z
2.589821197049484;1;2022-08-23T17:00:00Z
2.4427934869962167;1;2022-08-23T18:00:00Z
2.614655522726439;1;2022-08-23T19:00:00Z
2.5078618746895662;1;2022-08-23T20:00:00Z
1.955403155125102;1;2022-08-23T21:00:00Z
2.381491954657283;1;2022-08-23T22:00:00Z
2.085203070192882;1;2022-08-23T23:00:00Z
2.164326967597094;1;2022-08-24T00:00:00Z
2.049423461488704;1;2022-08-24T01:00:00Z
1.9176619750308301;1;2022-08-24T02:00:00Z
1.6330280933677388;1;2022-08-24T03:00:00Z
1.6076608542277742;1;2022-08-24T04:00:00Z
1.889436087129019;1;2022-08-24T05:00:00Z
2.031708316873417;1;2022-08-24T06:00:00Z
2.1993880406708177;1;2022-08-24T07:00:00Z
1.936569025335677;1;2022-08-24T08:00:00Z
1.9445685612505992;1;2022-08-24T09:00:00Z
1.771863268217388;1;2022-08-24T10:00:00Z
1.6481759542186274;1;2022-08-24T11:00:00Z
1.672423878718829;1;2022-08-24T12:00:00Z
1.7333097089815095;1;2022-08-24T13:00:00Z
1.8774283442586164;1;2022-08-24T14:00:00Z
2.282434959827048;1;2022-08-24T15:00:00Z
2.5198887957748264;1;2022-08-24T16:00:00Z
2.358763145944942;1;2022-08-24T17:00:00Z
2.478252563816553;1;2022-08-24T18:00:00Z
2.6262649049995552;1;2022-08-24T19:00:00Z
2.850751992787807;1;2022-08-24T20:00:00Z
3.074058557564825;1;2022-08-24T21:00:00Z
3.050033652373788;1;2022-08-24T22:00:00Z
2.4176941532822016;1;2022-08-24T23:00:00Z
2.42392060506479;1;2022-08-25T00:00:00Z
1.8733817958157999;1;2022-08-25T01:00:00Z
1.8802562898821882;1;2022-08-25T02:00:00Z
2.345837472325807;1;2022-08-25T03:00:00Z
2.6354280602158555;1;2022-08-25T04:00:00Z
3.3399515080775175;1;2022-08-25T05:00:00Z
3.5246709143930404;1;2022-08-25T06:00:00Z
3.6065791275391277;1;2022-08-25T07:00:00Z
3.57725478586344;1;2022-08-25T08:00:00Z
3.15183839462335;1;2022-08-25T09:00:00Z
3.494081867765278;1;2022-08-25T10:00:00Z
3.0980060142763155;1;2022-08-25T11:00:00Z
2.8461378005188545;1;2022-08-25T12:00:00Z
2.8872887668069684;1;2022-08-25T13:00:00Z
2.9458106874568437;1;2022-08-25T14:00:00Z
3.1664678391797985;1;2022-08-25T15:00:00Z
3.597272470978523;1;2022-08-25T16:00:00Z
3.209719713799734;1;2022-08-25T17:00:00Z
2.6721051829107956;1;2022-08-25T18:00:00Z
2.4367343521102915;1;2022-08-25T19:00:00Z
2.3634189959726815;1;2022-08-25T20:00:00Z
2.4346972541368506;1;2022-08-25T21:00:00Z
1.6845954993385153;1;2022-08-25T22:00:00Z
2.9975066228736336;1;2022-08-25T23:00:00Z
2.7598353482268987;1;2022-08-26T00:00:00Z
1.8159122195828943;1;2022-08-26T01:00:00Z
2.0161952704272843;1;2022-08-26T02:00:00Z
1.9011570962641484;1;2022-08-26T03:00:00Z
1.5960349239268021;1;2022-08-26T04:00:00Z
2.0063482751241164;1;2022-08-26T05:00:00Z
2.442817407971655;1;2022-08-26T06:00:00Z
2.5416286522597833;1;2022-08-26T07:00:00Z
2.7578496377645125;1;2022-08-26T08:00:00Z
2.416763278849811;1;2022-08-26T09:00:00Z
1.7122381131115503;1;2022-08-26T10:00:00Z
1.8669729290510306;1;2022-08-26T11:00:00Z
2.2219444404384365;1;2022-08-26T12:00:00Z
1.9764619998239656;1;2022-08-26T13:00:00Z
0.6680758836968758;1;2022-08-26T14:00:00Z
1.4436659510282535;1;2022-08-26T15:00:00Z
1.522492904684051;1;2022-08-26T16:00:00Z
1.8388771158866537;1;2022-08-26T17:00:00Z
1.8069721500758757;1;2022-08-26T18:00:00Z
2.2801899141804554;1;2022-08-26T19:00:00Z
2.9318466127601805;1;2022-08-26T20:00:00Z
3.4554979920926376;1;2022-08-26T21:00:00Z
3.0740332230337706;1;2022-08-26T22:00:00Z
3.485606552745069;1;2022-08-26T23:00:00Z
3.369832950586847;1;2022-08-27T00:00:00Z
2.678579795377847;1;2022-08-27T01:00:00Z
2.746834607648202;1;2022-08-27T02:00:00Z
2.294640012249837;1;2022-08-27T03:00:00Z
2.1223612369456717;1;2022-08-27T04:00:00Z
2.0248637592705587;1;2022-08-27T05:00:00Z
2.06085186873832;1;2022-08-27T06:00:00Z
2.791198010117909;1;2022-08-27T07:00:00Z
3.014478676281339;1;2022-08-27T08:00:00Z
3.0120036600824163;1;2022-08-27T09:00:00Z
2.4678788514155605;1;2022-08-27T10:00:00Z
1.8477931861959822;1;2022-08-27T11:00:00Z
2.0190407346128745;1;2022-08-27T12:00:00Z
2.58595941895578;1;2022-08-27T13:00:00Z
2.740530812993141;1;2022-08-27T14:00:00Z
3.1511085929917044;1;2022-08-27T15:00:00Z
3.5760630529654445;1;2022-08-27T16:00:00Z
3.392375440440183;1;2022-08-27T17:00:00Z
3.375745803288757;1;2022-08-27T18:00:00Z
3.632613757669956;1;2022-08-27T19:00:00Z
3.6886319781901307;1;2022-08-27T20:00:00Z
3.640246634523054;1;2022-08-27T21:00:00Z
3.584405803909995;1;2022-08-27T22:00:00Z
3.4526140757652626;1;2022-08-27T23:00:00Z
3.6117144893348767;1;2022-08-28T00:00:00Z
4.02990891891979;1;2022-08-28T01:00:00Z
3.867267501089306;1;2022-08-28T02:00:00Z
3.738423370286668;1;2022-08-28T03:00:00Z
3.8167745721294497;1;2022-08-28T04:00:00Z
3.9359056461314177;1;2022-08-28T05:00:00Z
3.681354349866234;1;2022-08-28T06:00:00Z
4.11327988517941;1;2022-08-28T07:00:00Z
4.337028485571314;1;2022-08-28T08:00:00Z
4.8347472481256;1;2022-08-28T09:00:00Z
4.224152327575307;1;2022-08-28T10:00:00Z
4.156881050093286;1;2022-08-28T11:00:00Z
4.176774180850734;1;2022-08-28T12:00:00Z
4.2730526829019135;1;2022-08-28T13:00:00Z
4.234519846878869;1;2022-08-28T14:00:00Z
4.007864893784247;1;2022-08-28T15:00:00Z
3.7253482334416734;1;2022-08-28T16:00:00Z
2.699966553398715;1;2022-08-28T17:00:00Z
1.790162757078543;1;2022-08-28T18:00:00Z
1.9195940357798578;1;2022-08-28T19:00:00Z
1.9938585665257231;1;2022-08-28T20:00:00Z
2.3430596770256926;1;2022-08-28T21:00:00Z
3.1951210262960066;1;2022-08-28T22:00:00Z
2.9215039136132437;1;2022-08-28T23:00:00Z
2.7290650630798146;1;2022-08-29T00:00:00Z
3.024566799930813;1;2022-08-29T01:00:00Z
3.034431842789537;1;2022-08-29T02:00:00Z
2.9033094536199027;1;2022-08-29T03:00:00Z
3.069733375520087;1;2022-08-29T04:00:00Z
3.6246322940219433;1;2022-08-29T05:00:00Z
4.813492891016907;1;2022-08-29T06:00:00Z
4.799478840191599;1;2022-08-29T07:00:00Z
4.7662628788662795;1;2022-08-29T08:00:00Z
4.648161721389208;1;2022-08-29T09:00:00Z
4.01962018808275;1;2022-08-29T10:00:00Z
4.034389900743509;1;2022-08-29T11:00:00Z
3.8151927510203363;1;2022-08-29T12:00:00Z
3.3481672986351856;1;2022-08-29T13:00:00Z
3.00656235345964;1;2022-08-29T14:00:00Z
3.4027852087192896;1;2022-08-29T15:00:00Z
2.8841502221035453;1;2022-08-29T16:00:00Z
2.0223156428636946;1;2022-08-29T17:00:00Z
1.9675517149243367;1;2022-08-29T18:00:00Z
2.3847428234721355;1;2022-08-29T19:00:00Z
2.3123446691332536;1;2022-08-29T20:00:00Z
1.932252444773532;1;2022-08-29T21:00:00Z
1.8221890192401036;1;2022-08-29T22:00:00Z
1.6743176088694005;1;2022-08-29T23:00:00Z
1.7661394621167499;1;2022-08-30T00:00:00Z
1.5065328104165563;1;2022-08-30T01:00:00Z
1.4347546565992249;1;2022-08-30T02:00:00Z
1.8696724719674631;1;2022-08-30T03:00:00Z
1.8270878858549995;1;2022-08-30T04:00:00Z
1.740143303805509;1;2022-08-30T05:00:00Z
1.6600698272782268;1;2022-08-30T06:00:00Z
1.677666031278105;1;2022-08-30T07:00:00Z
1.7003190524710012;1;2022-08-30T08:00:00Z
1.732691554672001;1;2022-08-30T09:00:00Z
2.0531026113613193;1;2022-08-30T10:00:00Z
1.6061496987328767;1;2022-08-30T11:00:00Z
1.809592339559854;1;2022-08-30T12:00:00Z
2.3855601000685724;1;2022-08-30T13:00:00Z
2.865094775695564;1;2022-08-30T14:00:00Z
3.3754006282928333;1;2022-08-30T15:00:00Z
3.7788190693160733;1;2022-08-30T16:00:00Z
3.4678311743475487;1;2022-08-30T17:00:00Z
3.565938689749936;1;2022-08-30T18:00:00Z
3.7379192119930758;1;2022-08-30T19:00:00Z
3.554794290827453;1;2022-08-30T20:00:00Z
3.0777522212409383;1;2022-08-30T21:00:00Z
3.03591685978399;1;2022-08-30T22:00:00Z
2.8339133645718113;1;2022-08-30T23:00:00Z
2.7973933515282643;1;2022-08-31T00:00:00Z
2.990744918782071;1;2022-08-31T01:00:00Z
3.218605361265918;1;2022-08-31T02:00:00Z
2.6525698723317563;1;2022-08-31T03:00:00Z
2.760498944137889;1;2022-08-31T04:00:00Z
3.1542194151664518;1;2022-08-31T05:00:00Z
3.41344537701497;1;2022-08-31T06:00:00Z
3.4405584415448067;1;2022-08-31T07:00:00Z
3.4959198356087544;1;2022-08-31T08:00:00Z
3.833651099671615;1;2022-08-31T09:00:00Z
3.065972777685631;1;2022-08-31T10:00:00Z
3.0430998182225837;1;2022-08-31T11:00:00Z
3.1012077403053793;1;2022-08-31T12:00:00Z
3.258503500240927;1;2022-08-31T13:00:00Z
3.341973209270179;1;2022-08-31T14:00:00Z
3.3831634940543216;1;2022-08-31T15:00:00Z
3.3805786594699443;1;2022-08-31T16:00:00Z
2.9646530756638647;1;2022-08-31T17:00:00Z
3.1661070841081482;1;2022-08-31T18:00:00Z
3.4301138067309016;1;2022-08-31T19:00:00Z
3.6650555722212936;1;2022-08-31T20:00:00Z
3.7708042024093764;1;2022-08-31T21:00:00Z
4.209245654910887;1;2022-08-31T22:00:00Z
3.7210693510221553;1;2022-08-31T23:00:00Z
3.329403565360903;1;2022-09-01T00:00:00Z
3.0053696469204922;1;2022-09-01T01:00:00Z
2.9353956766866602;1;2022-09-01T02:00:00Z
2.9435174924801557;1;2022-09-01T03:00:00Z
2.9743333076902556;1;2022-09-01T04:00:00Z
2.913377803007595;1;2022-09-01T05:00:00Z
2.670565612695558;1;2022-09-01T06:00:00Z
2.9423240738117897;1;2022-09-01T07:00:00Z
3.043665259063152;1;2022-09-01T08:00:00Z
2.915722375083442;1;2022-09-01T09:00:00Z
2.7582641636227705;1;2022-09-01T10:00:00Z
3.039806929259908;1;2022-09-01T11:00:00Z
3.1738595272392254;1;2022-09-01T12:00:00Z
3.1688693228469993;1;2022-09-01T13:00:00Z
3.2085850384193826;1;2022-09-01T14:00:00Z
3.2112861371085346;1;2022-09-01T15:00:00Z
3.5322088402473355;1;2022-09-01T16:00:00Z
3.183972693638012;1;2022-09-01T17:00:00Z
3.124429253140333;1;2022-09-01T18:00:00Z
3.008447100223106;1;2022-09-01T19:00:00Z
2.857079866241146;1;2022-09-01T20:00:00Z
2.771486048892078;1;2022-09-01T21:00:00Z
2.976134428113863;1;2022-09-01T22:00:00Z
2.7173275361535145;1;2022-09-01T23:00:00Z
2.5844007118297765;1;2022-09-02T00:00:00Z
2.659144146140071;1;2022-09-02T01:00:00Z
2.6332393525057274;1;2022-09-02T02:00:00Z
2.271406944886167;1;2022-09-02T03:00:00Z
2.1984140694582788;1;2022-09-02T04:00:00Z
2.587457520119903;1;2022-09-02T05:00:00Z
2.5858328283615672;1;2022-09-02T06:00:00Z
2.593963202569769;1;2022-09-02T07:00:00Z
2.725818608735045;1;2022-09-02T08:00:00Z
2.7349987681630106;1;2022-09-02T09:00:00Z
2.6606570794980637;1;2022-09-02T10:00:00Z
3.213869218392188;1;2022-09-02T11:00:00Z
3.402040499849625;1;2022-09-02T12:00:00Z
3.4388897162916408;1;2022-09-02T13:00:00Z
3.5378807666640673;1;2022-09-02T14:00:00Z
3.63536735704023;1;2022-09-02T15:00:00Z
3.606835385559014;1;2022-09-02T16:00:00Z
2.981859430767579;1;2022-09-02T17:00:00Z
2.978897696869763;1;2022-09-02T18:00:00Z
3.452329023609976;1;2022-09-02T19:00:00Z
3.594856088900267;1;2022-09-02T20:00:00Z
3.5881870497467805;1;2022-09-02T21:00:00Z
3.8912843277816336;1;2022-09-02T22:00:00Z
3.8647799114327412;1;2022-09-02T23:00:00Z
3.7626392186125606;1;2022-09-03T00:00:00Z
3.5400138501721115;1;2022-09-03T01:00:00Z
3.4952088226596296;1;2022-09-03T02:00:00Z
3.364966421730433;1;2022-09-03T03:00:00Z
3.4488902254346923;1;2022-09-03T04:00:00Z
3.4916701132251786;1;2022-09-03T05:00:00Z
3.6542010048216027;1;2022-09-03T06:00:00Z
4.265855520328751;1;2022-09-03T07:00:00Z
4.431743732777734;1;2022-09-03T08:00:00Z
4.435347353346852;1;2022-09-03T09:00:00Z
4.507726054505629;1;2022-09-03T10:00:00Z
4.780322061426847;1;2022-09-03T11:00:00Z
4.953422831888724;1;2022-09-03T12:00:00Z
4.517244851194329;1;2022-09-03T13:00:00Z
4.361358768556684;1;2022-09-03T14:00:00Z
3.9924461228882167;1;2022-09-03T15:00:00Z
4.080608471617395;1;2022-09-03T16:00:00Z
3.9297629844822337;1;2022-09-03T17:00:00Z
4.159591677380316;1;2022-09-03T18:00:00Z
4.480369056819644;1;2022-09-03T19:00:00Z
4.468267708397097;1;2022-09-03T20:00:00Z
4.531069464624945;1;2022-09-03T21:00:00Z
4.735787254440817;1;2022-09-03T22:00:00Z
4.459325841890537;1;2022-09-03T23:00:00Z
4.265184324744479;1;2022-09-04T00:00:00Z
4.345962749352974;1;2022-09-04T01:00:00Z
4.2967673819714305;1;2022-09-04T02:00:00Z
4.105135992754465;1;2022-09-04T03:00:00Z
3.937988780799978;1;2022-09-04T04:00:00Z
3.622011620384563;1;2022-09-04T05:00:00Z
3.2768763101656044;1;2022-09-04T06:00:00Z
3.6649689155971803;1;2022-09-04T07:00:00Z
3.7641726702891405;1;2022-09-04T08:00:00Z
4.011202414557027;1;2022-09-04T09:00:00Z
4.205578621688751;1;2022-09-04T10:00:00Z
4.399065717415003;1;2022-09-04T11:00:00Z
4.192337831809831;1;2022-09-04T12:00:00Z
3.6417065353128284;1;2022-09-04T13:00:00Z
3.4075358280240016;1;2022-09-04T14:00:00Z
3.5816681527633607;1;2022-09-04T15:00:00Z
3.425329180857272;1;2022-09-04T16:00:00Z
3.3021842796558514;1;2022-09-04T17:00:00Z
3.116686939965353;1;2022-09-04T18:00:00Z
3.1402777603949374;1;2022-09-04T19:00:00Z
3.243793825330861;1;2022-09-04T20:00:00Z
3.143810389793185;1;2022-09-04T21:00:00Z
3.98671239011006;1;2022-09-04T22:00:00Z
3.7852968381743763;1;2022-09-04T23:00:00Z
3.7060900929132785;1;2022-09-05T00:00:00Z
3.7039918884146665;1;2022-09-05T01:00:00Z
3.6376391003200066;1;2022-09-05T02:00:00Z
3.8651811072803155;1;2022-09-05T03:00:00Z
4.127307923632927;1;2022-09-05T04:00:00Z
4.261741885980839;1;2022-09-05T05:00:00Z
4.099491063676408;1;2022-09-05T06:00:00Z
4.536159983002388;1;2022-09-05T07:00:00Z
4.435744984992275;1;2022-09-05T08:00:00Z
4.299130951305542;1;2022-09-05T09:00:00Z
4.245188529863511;1;2022-09-05T10:00:00Z
4.633770919663101;1;2022-09-05T11:00:00Z
4.7543845600235315;1;2022-09-05T12:00:00Z
4.467432731615669;1;2022-09-05T13:00:00Z
4.394860399736782;1;2022-09-05T14:00:00Z
4.4947726845785505;1;2022-09-05T15:00:00Z
4.391974345778382;1;2022-09-05T16:00:00Z
3.637145875068803;1;2022-09-05T17:00:00Z
3.415543001704751;1;2022-09-05T18:00:00Z
3.7448084377882402;1;2022-09-05T19:00:00Z
4.175805714993566;1;2022-09-05T20:00:00Z
4.389517069281366;1;2022-09-05T21:00:00Z
4.971606224465469;1;2022-09-05T22:00:00Z
4.937291494244087;1;2022-09-05T23:00:00Z
4.725843360637915;1;2022-09-06T00:00:00Z
4.62238888947791;1;2022-09-06T01:00:00Z
4.374841595090962;1;2022-09-06T02:00:00Z
4.725106846708247;1;2022-09-06T03:00:00Z
4.667759018312343;1;2022-09-06T04:00:00Z
4.457064719997975;1;2022-09-06T05:00:00Z
4.601003800953262;1;2022-09-06T06:00:00Z
5.370156251956507;1;2022-09-06T07:00:00Z
5.338639077204795;1;2022-09-06T08:00:00Z
5.263812262184632;1;2022-09-06T09:00:00Z
5.409698454346719;1;2022-09-06T10:00:00Z
5.328839105832128;1;2022-09-06T11:00:00Z
4.606292831967109;1;2022-09-06T12:00:00Z
3.981993280733253;1;2022-09-06T13:00:00Z
4.106182860011963;1;2022-09-06T14:00:00Z
4.3529481444142775;1;2022-09-06T15:00:00Z
3.7950931675656605;1;2022-09-06T16:00:00Z
3.16652814973079;1;2022-09-06T17:00:00Z
3.1105007546510026;1;2022-09-06T18:00:00Z
3.5040839230209913;1;2022-09-06T19:00:00Z
3.486137811898146;1;2022-09-06T20:00:00Z
3.383679299872176;1;2022-09-06T21:00:00Z
3.3529273253861143;1;2022-09-06T22:00:00Z
3.431802500690641;1;2022-09-06T23:00:00Z
3.262797321091512;1;2022-09-07T00:00:00Z
3.286089864532315;1;2022-09-07T01:00:00Z
2.4943057954826724;1;2022-09-07T02:00:00Z
3.656281640443774;1;2022-09-07T03:00:00Z
3.528728095057975;1;2022-09-07T04:00:00Z
3.411818568892428;1;2022-09-07T05:00:00Z
3.5657839781104377;1;2022-09-07T06:00:00Z
4.046616665087713;1;2022-09-07T07:00:00Z
4.301664028828163;1;2022-09-07T08:00:00Z
3.9784992016558838;1;2022-09-07T09:00:00Z
3.6342296118884336;1;2022-09-07T10:00:00Z
2.777853494549154;1;2022-09-07T11:00:00Z
2.478541287117491;1;2022-09-07T12:00:00Z
2.5683025584485857;1;2022-09-07T13:00:00Z
2.514445678638325;1;2022-09-07T14:00:00Z
2.491393430478636;1;2022-09-07T15:00:00Z
2.2345321624288106;1;2022-09-07T16:00:00Z
2.64532191882384;1;2022-09-07T17:00:00Z
2.935208617638891;1;2022-09-07T18:00:00Z
3.6397200509845087;1;2022-09-07T19:00:00Z
4.001807716710266;1;2022-09-07T20:00:00Z
3.713573588856422;1;2022-09-07T21:00:00Z
4.158919858045187;1;2022-09-07T22:00:00Z
4.127904415140587;1;2022-09-07T23:00:00Z
3.7210622562266424;1;2022-09-08T00:00:00Z
4.636920785289164;1;2022-09-08T01:00:00Z
4.411148925082966;1;2022-09-08T02:00:00Z
4.07158914070787;1;2022-09-08T03:00:00Z
3.945487265232623;1;2022-09-08T04:00:00Z
3.7226905441131444;1;2022-09-08T05:00:00Z
3.0900606379003044;1;2022-09-08T06:00:00Z
2.91894644758904;1;2022-09-08T07:00:00Z
3.227611973306055;1;2022-09-08T08:00:00Z
3.5780603133133244;1;2022-09-08T09:00:00Z
3.0054344618999482;1;2022-09-08T10:00:00Z
2.9307063328269156;1;2022-09-08T11:00:00Z
2.7967553053292407;1;2022-09-08T12:00:00Z
2.450492040483226;1;2022-09-08T13:00:00Z
3.0688829380394553;1;2022-09-08T14:00:00Z
2.681355274747268;1;2022-09-08T15:00:00Z
3.121777552252186;1;2022-09-08T16:00:00Z
3.307389409044382;1;2022-09-08T17:00:00Z
3.920870001764778;1;2022-09-08T18:00:00Z
4.514337706370872;1;2022-09-08T19:00:00Z
3.9072256704837844;1;2022-09-08T20:00:00Z
3.6092140249439013;1;2022-09-08T21:00:00Z
2.601642052963534;1;2022-09-08T22:00:00Z
2.729626903773039;1;2022-09-08T23:00:00Z
2.1969756587713327;1;2022-09-09T00:00:00Z
2.7804427915092047;1;2022-09-09T01:00:00Z
2.9129275565150485;1;2022-09-09T02:00:00Z
2.290963817739988;1;2022-09-09T03:00:00Z
2.198800977307148;1;2022-09-09T04:00:00Z
2.516448020576113;1;2022-09-09T05:00:00Z
2.2295778690690193;1;2022-09-09T06:00:00Z
2.400184271137695;1;2022-09-09T07:00:00Z
2.9312252593445045;1;2022-09-09T08:00:00Z
2.972155264336158;1;2022-09-09T09:00:00Z
2.361661013270775;1;2022-09-09T10:00:00Z
2.3724030365029924;1;2022-09-09T11:00:00Z
2.6570247088343977;1;2022-09-09T12:00:00Z
2.975865449724732;1;2022-09-09T13:00:00Z
3.3187719120934775;1;2022-09-09T14:00:00Z
2.161796689635414;1;2022-09-09T15:00:00Z
1.4625556281072714;1;2022-09-09T16:00:00Z
1.7648863049887062;1;2022-09-09T17:00:00Z
2.2089847970009724;1;2022-09-09T18:00:00Z
2.43781110176596;1;2022-09-09T19:00:00Z
2.4293557692894785;1;2022-09-09T20:00:00Z
2.2040982347175797;1;2022-09-09T21:00:00Z
3.80760195085176;1;2022-09-09T22:00:00Z
3.1897404226973864;1;2022-09-09T23:00:00Z
2.548183324905822;1;2022-09-10T00:00:00Z
2.302489308354852;1;2022-09-10T01:00:00Z
2.4705823427413875;1;2022-09-10T02:00:00Z
2.575121944945359;1;2022-09-10T03:00:00Z
2.380357302919679;1;2022-09-10T04:00:00Z
1.5996498192768176;1;2022-09-10T05:00:00Z
2.284384693036987;1;2022-09-10T06:00:00Z
2.5779144609442213;1;2022-09-10T07:00:00Z
3.071351323988137;1;2022-09-10T08:00:00Z
2.494323953048334;1;2022-09-10T09:00:00Z
2.0391006988156475;1;2022-09-10T10:00:00Z
2.301248770081596;1;2022-09-10T11:00:00Z
2.3174921504977553;1;2022-09-10T12:00:00Z
2.5394873190984653;1;2022-09-10T13:00:00Z
2.8036346699343953;1;2022-09-10T14:00:00Z
1.984670783689954;1;2022-09-10T15:00:00Z
0.9755719017070358;1;2022-09-10T16:00:00Z
1.501006693350606;1;2022-09-10T17:00:00Z
2.318019460048886;1;2022-09-10T18:00:00Z
1.9767353997870336;1;2022-09-10T19:00:00Z
1.8612196882364753;1;2022-09-10T20:00:00Z
1.9282634498206572;1;2022-09-10T21:00:00Z
2.2234695642485844;1;2022-09-10T22:00:00Z
1.6823666392466752;1;2022-09-10T23:00:00Z
2.2712179375520174;1;2022-09-11T00:00:00Z
2.629421966494365;1;2022-09-11T01:00:00Z
2.6328753802317593;1;2022-09-11T02:00:00Z
2.4795897019851254;1;2022-09-11T03:00:00Z
2.755703545204327;1;2022-09-11T04:00:00Z
3.914881579964123;1;2022-09-11T05:00:00Z
4.26797335831737;1;2022-09-11T06:00:00Z
4.094459082610578;1;2022-09-11T07:00:00Z
3.68401376201674;1;2022-09-11T08:00:00Z
3.334780360617279;1;2022-09-11T09:00:00Z
2.2355566904075155;1;2022-09-11T10:00:00Z
2.688388637787219;1;2022-09-11T11:00:00Z
3.0961673091519852;1;2022-09-11T12:00:00Z
3.213297474560413;1;2022-09-11T13:00:00Z
3.241717183463788;1;2022-09-11T14:00:00Z
3.7995623168189034;1;2022-09-11T15:00:00Z
3.3289609606782795;1;2022-09-11T16:00:00Z
2.515800923190791;1;2022-09-11T17:00:00Z
1.6655945857658587;1;2022-09-11T18:00:00Z
1.3775653155547385;1;2022-09-11T19:00:00Z
1.424127083386521;1;2022-09-11T20:00:00Z
1.599234558745469;1;2022-09-11T21:00:00Z
1.546153176532237;1;2022-09-11T22:00:00Z
1.5584236156293638;1;2022-09-11T23:00:00Z
1.3933576096226914;1;2022-09-12T00:00:00Z
1.375466194900107;1;2022-09-12T01:00:00Z
1.4875894080695617;1;2022-09-12T02:00:00Z
1.9063603461080845;1;2022-09-12T03:00:00Z
1.6350635299727598;1;2022-09-12T04:00:00Z
1.466172321551902;1;2022-09-12T05:00:00Z
1.561213419355222;1;2022-09-12T06:00:00Z
1.6041658938716552;1;2022-09-12T07:00:00Z
1.3049485341191327;1;2022-09-12T08:00:00Z
1.6046754974540292;1;2022-09-12T09:00:00Z
1.0980800551700174;1;2022-09-12T10:00:00Z
1.2622813367859986;1;2022-09-12T11:00:00Z
1.2737838506048134;1;2022-09-12T12:00:00Z
1.4786381601870338;1;2022-09-12T13:00:00Z
1.3424971328030157;1;2022-09-12T14:00:00Z
0.875043733458897;1;2022-09-12T15:00:00Z
0.7356960691114361;1;2022-09-12T16:00:00Z
1.2265593610735603;1;2022-09-12T17:00:00Z
1.2475067248722158;1;2022-09-12T18:00:00Z
1.6003740094751775;1;2022-09-12T19:00:00Z
1.9254115255764368;1;2022-09-12T20:00:00Z
2.1764115169587797;1;2022-09-12T21:00:00Z
2.3986136709574475;1;2022-09-12T22:00:00Z
3.026396171212502;1;2022-09-12T23:00:00Z
3.211682934410287;1;2022-09-13T00:00:00Z
3.29793976450562;1;2022-09-13T01:00:00Z
3.153812920584238;1;2022-09-13T02:00:00Z
3.0753735630419157;1;2022-09-13T03:00:00Z
3.2269658324446877;1;2022-09-13T04:00:00Z
3.319403007209425;1;2022-09-13T05:00:00Z
3.11213207245936;1;2022-09-13T06:00:00Z
3.3653697069376998;1;2022-09-13T07:00:00Z
3.4898576082543844;1;2022-09-13T08:00:00Z
3.656063663547703;1;2022-09-13T09:00:00Z
2.594750936976638;1;2022-09-13T10:00:00Z
3.328309805384296;1;2022-09-13T11:00:00Z
4.684074419841364;1;2022-09-13T12:00:00Z
3.0591307280055386;1;2022-09-13T13:00:00Z
2.736673460258904;1;2022-09-13T14:00:00Z
3.1264953308765544;1;2022-09-13T15:00:00Z
3.3492322973443427;1;2022-09-13T16:00:00Z
2.21443772657953;1;2022-09-13T17:00:00Z
2.179148943442286;1;2022-09-13T18:00:00Z
2.4154806659559225;1;2022-09-13T19:00:00Z
2.4800700825341866;1;2022-09-13T20:00:00Z
2.6365861824287204;1;2022-09-13T21:00:00Z
2.9393194636654694;1;2022-09-13T22:00:00Z
3.1580396243290414;1;2022-09-13T23:00:00Z
2.786896895529354;1;2022-09-14T00:00:00Z
2.222190692367806;1;2022-09-14T01:00:00Z
2.7670073317980273;1;2022-09-14T02:00:00Z
2.493340510173042;1;2022-09-14T03:00:00Z
2.9927181366774804;1;2022-09-14T04:00:00Z
2.49767962171219;1;2022-09-14T05:00:00Z
2.370160095041481;1;2022-09-14T06:00:00Z
2.8342462922080074;1;2022-09-14T07:00:00Z
3.310387107935261;1;2022-09-14T08:00:00Z
3.0999911400947457;1;2022-09-14T09:00:00Z
2.8711317638892497;1;2022-09-14T10:00:00Z
2.7826487552148635;1;2022-09-14T11:00:00Z
2.7979645877267108;1;2022-09-14T12:00:00Z
3.5038585747916957;1;2022-09-14T13:00:00Z
3.0675620670684007;1;2022-09-14T14:00:00Z
2.4669841257841174;1;2022-09-14T15:00:00Z
1.9739553121531648;1;2022-09-14T16:00:00Z
1.6782800771832858;1;2022-09-14T17:00:00Z
1.6276854748296528;1;2022-09-14T18:00:00Z
1.6627672798734023;1;2022-09-14T19:00:00Z
1.6294152853361885;1;2022-09-14T20:00:00Z
3.0133071013036306;1;2022-09-14T21:00:00Z
2.232454642649148;1;2022-09-14T22:00:00Z
2.527827708131955;1;2022-09-14T23:00:00Z
2.471495209794457;1;2022-09-15T00:00:00Z
2.6131285082353166;1;2022-09-15T01:00:00Z
2.335777558387718;1;2022-09-15T02:00:00Z
2.386654627536196;1;2022-09-15T03:00:00Z
2.949711157161862;1;2022-09-15T04:00:00Z
3.1900903512438337;1;2022-09-15T05:00:00Z
3.8138926304937146;1;2022-09-15T06:00:00Z
4.420422649965952;1;2022-09-15T07:00:00Z
4.620508088357374;1;2022-09-15T08:00:00Z
4.60167426276999;1;2022-09-15T09:00:00Z
4.624039962386238;1;2022-09-15T10:00:00Z
5.194798954382065;1;2022-09-15T11:00:00Z
5.32238586356865;1;2022-09-15T12:00:00Z
5.46626997100805;1;2022-09-15T13:00:00Z
5.4956493262500326;1;2022-09-15T14:00:00Z
4.766803264002181;1;2022-09-15T15:00:00Z
4.8287156268562335;1;2022-09-15T16:00:00Z
4.606666786449845;1;2022-09-15T17:00:00Z
4.553755287501244;1;2022-09-15T18:00:00Z
4.450563738075889;1;2022-09-15T19:00:00Z
4.499635538058864;1;2022-09-15T20:00:00Z
4.445568453916612;1;2022-09-15T21:00:00Z
4.5853751133531135;1;2022-09-15T22:00:00Z
4.919321403126096;1;2022-09-15T23:00:00Z
4.767004106889033;1;2022-09-16T00:00:00Z
4.801625318884151;1;2022-09-16T01:00:00Z
4.556704134670853;1;2022-09-16T02:00:00Z
4.537227860423198;1;2022-09-16T03:00:00Z
4.729125386959332;1;2022-09-16T04:00:00Z
4.701310203352528;1;2022-09-16T05:00:00Z
4.672872863862735;1;2022-09-16T06:00:00Z
5.827125647396138;1;2022-09-16T07:00:00Z
6.354031725276893;1;2022-09-16T08:00:00Z
6.743332568008985;1;2022-09-16T09:00:00Z
6.37597459767963;1;2022-09-16T10:00:00Z
6.750825901536483;1;2022-09-16T11:00:00Z
6.780602130219156;1;2022-09-16T12:00:00Z
6.755956543174447;1;2022-09-16T13:00:00Z
6.728598173215516;1;2022-09-16T14:00:00Z
6.600736010731532;1;2022-09-16T15:00:00Z
5.717756475844427;1;2022-09-16T16:00:00Z
5.341231365173832;1;2022-09-16T17:00:00Z
5.445154773003794;1;2022-09-16T18:00:00Z
5.855443866869374;1;2022-09-16T19:00:00Z
6.044922956687887;1;2022-09-16T20:00:00Z
6.461933358486223;1;2022-09-16T21:00:00Z
6.96631443747468;1;2022-09-16T22:00:00Z
6.3846052464356156;1;2022-09-16T23:00:00Z
5.698881857369165;1;2022-09-17T00:00:00Z
4.9819151715783985;1;2022-09-17T01:00:00Z
4.853952125337451;1;2022-09-17T02:00:00Z
4.539683628250946;1;2022-09-17T03:00:00Z
4.612238120809625;1;2022-09-17T04:00:00Z
4.910127892763235;1;2022-09-17T05:00:00Z
5.536581900827409;1;2022-09-17T06:00:00Z
5.382515819863197;1;2022-09-17T07:00:00Z
5.905976059385615;1;2022-09-17T08:00:00Z
5.855551919607273;1;2022-09-17T09:00:00Z
6.126579587350978;1;2022-09-17T10:00:00Z
6.102545197052279;1;2022-09-17T11:00:00Z
6.073190163858663;1;2022-09-17T12:00:00Z
6.198474211368746;1;2022-09-17T13:00:00Z
6.527581191344727;1;2022-09-17T14:00:00Z
5.361250585238314;1;2022-09-17T15:00:00Z
4.690436189284507;1;2022-09-17T16:00:00Z
4.576090331534267;1;2022-09-17T17:00:00Z
4.578742361188177;1;2022-09-17T18:00:00Z
4.126835837458382;1;2022-09-17T19:00:00Z
3.6454206477670206;1;2022-09-17T20:00:00Z
3.0917512803165255;1;2022-09-17T21:00:00Z
3.13180538378523;1;2022-09-17T22:00:00Z
3.666107520520194;1;2022-09-17T23:00:00Z
4.198863154058648;1;2022-09-18T00:00:00Z
5.081217950052069;1;2022-09-18T01:00:00Z
5.382909931409483;1;2022-09-18T02:00:00Z
5.39732841339871;1;2022-09-18T03:00:00Z
5.844668106229673;1;2022-09-18T04:00:00Z
6.133976916019913;1;2022-09-18T05:00:00Z
5.716982642734845;1;2022-09-18T06:00:00Z
6.028730254078434;1;2022-09-18T07:00:00Z
6.665124455993436;1;2022-09-18T08:00:00Z
6.290303861543758;1;2022-09-18T09:00:00Z
6.345754163311701;1;2022-09-18T10:00:00Z
6.909358900467579;1;2022-09-18T11:00:00Z
6.147540583646271;1;2022-09-18T12:00:00Z
5.670378446498342;1;2022-09-18T13:00:00Z
5.32798831730364;1;2022-09-18T14:00:00Z
4.639799480976272;1;2022-09-18T15:00:00Z
3.8660260633057244;1;2022-09-18T16:00:00Z
3.7777817597570307;1;2022-09-18T17:00:00Z
3.8388477452167358;1;2022-09-18T18:00:00Z
3.694455161881779;1;2022-09-18T19:00:00Z
3.526752129396976;1;2022-09-18T20:00:00Z
3.3365817746785167;1;2022-09-18T21:00:00Z
3.4756554506054274;1;2022-09-18T22:00:00Z
2.8729211085084754;1;2022-09-18T23:00:00Z
2.89328537704437;1;2022-09-19T00:00:00Z
2.8542867445220934;1;2022-09-19T01:00:00Z
2.9001565822842528;1;2022-09-19T02:00:00Z
3.1083076543425956;1;2022-09-19T03:00:00Z
3.253205215443652;1;2022-09-19T04:00:00Z
3.332752517588204;1;2022-09-19T05:00:00Z
3.8801391881109684;1;2022-09-19T06:00:00Z
4.409469959095412;1;2022-09-19T07:00:00Z
5.22153553451299;1;2022-09-19T08:00:00Z
4.875978173106696;1;2022-09-19T09:00:00Z
4.534169263442128;1;2022-09-19T10:00:00Z
4.744240997974014;1;2022-09-19T11:00:00Z
4.883552952262503;1;2022-09-19T12:00:00Z
4.7215880542021305;1;2022-09-19T13:00:00Z
4.276858495734752;1;2022-09-19T14:00:00Z
3.120630950065948;1;2022-09-19T15:00:00Z
4.099928418273197;1;2022-09-19T16:00:00Z
3.594703714056707;1;2022-09-19T17:00:00Z
3.3087948197237935;1;2022-09-19T18:00:00Z
3.615662286431609;1;2022-09-19T19:00:00Z
3.5897323395433998;1;2022-09-19T20:00:00Z
3.3347284411787435;1;2022-09-19T21:00:00Z
2.7831263754867823;1;2022-09-19T22:00:00Z
2.483416285783255;1;2022-09-19T23:00:00Z
3.6178008150047525;1;2022-09-20T00:00:00Z
3.502474375515196;1;2022-09-20T01:00:00Z
3.1355506565407114;1;2022-09-20T02:00:00Z
3.338979269236719;1;2022-09-20T03:00:00Z
3.2219302304679345;1;2022-09-20T04:00:00Z
3.147714212400422;1;2022-09-20T05:00:00Z
3.22294052190685;1;2022-09-20T06:00:00Z
4.03566927378948;1;2022-09-20T07:00:00Z
4.113309361257546;1;2022-09-20T08:00:00Z
3.5755626688910636;1;2022-09-20T09:00:00Z
3.824871193837985;1;2022-09-20T10:00:00Z
4.032870832772431;1;2022-09-20T11:00:00Z
4.084752478970112;1;2022-09-20T12:00:00Z
4.205398475870281;1;2022-09-20T13:00:00Z
3.6117444207602576;1;2022-09-20T14:00:00Z
3.0343260826570955;1;2022-09-20T15:00:00Z
2.71636789357313;1;2022-09-20T16:00:00Z
1.9722785808685026;1;2022-09-20T17:00:00Z
2.26347762060656;1;2022-09-20T18:00:00Z
2.2871038062264475;1;2022-09-20T19:00:00Z
2.1118371161014444;1;2022-09-20T20:00:00Z
1.9517389969593617;1;2022-09-20T21:00:00Z
1.7496671828999;1;2022-09-20T22:00:00Z
1.9177593625822658;1;2022-09-20T23:00:00Z
2.1792040344044326;1;2022-09-21T00:00:00Z
2.0908732750497427;1;2022-09-21T01:00:00Z
2.042465743441084;1;2022-09-21T02:00:00Z
2.11228164579395;1;2022-09-21T03:00:00Z
2.144875775655337;1;2022-09-21T04:00:00Z
2.2419431742140334;1;2022-09-21T05:00:00Z
2.617789226500958;1;2022-09-21T06:00:00Z
2.484746481668919;1;2022-09-21T07:00:00Z
2.413716054739877;1;2022-09-21T08:00:00Z
2.442872152138411;1;2022-09-21T09:00:00Z
2.0908488081998455;1;2022-09-21T10:00:00Z
2.357828039942839;1;2022-09-21T11:00:00Z
2.5655023214934434;1;2022-09-21T12:00:00Z
2.8746238213804522;1;2022-09-21T13:00:00Z
3.067365222471173;1;2022-09-21T14:00:00Z
2.9003063801790288;1;2022-09-21T15:00:00Z
2.3704815558194787;1;2022-09-21T16:00:00Z
1.6445872679448725;1;2022-09-21T17:00:00Z
1.6934131754594375;1;2022-09-21T18:00:00Z
1.7320390836792516;1;2022-09-21T19:00:00Z
1.594943215276649;1;2022-09-21T20:00:00Z
1.863366237071069;1;2022-09-21T21:00:00Z
1.3770331002864897;1;2022-09-21T22:00:00Z
1.4150057670570675;1;2022-09-21T23:00:00Z
1.6692042952397945;1;2022-09-22T00:00:00Z
1.6077263341935657;1;2022-09-22T01:00:00Z
1.5314327075281544;1;2022-09-22T02:00:00Z
1.7477607349588362;1;2022-09-22T03:00:00Z
1.977894751116668;1;2022-09-22T04:00:00Z
1.9840875285909363;1;2022-09-22T05:00:00Z
1.573855919740696;1;2022-09-22T06:00:00Z
1.2464740286370646;1;2022-09-22T07:00:00Z
0.9900201274618041;1;2022-09-22T08:00:00Z
0.552663176993726;1;2022-09-22T09:00:00Z
1.3816302197604544;1;2022-09-22T10:00:00Z
1.1983427186683084;1;2022-09-22T11:00:00Z
1.653688865222578;1;2022-09-22T12:00:00Z
1.570535806539261;1;2022-09-22T13:00:00Z
1.125827901973175;1;2022-09-22T14:00:00Z
0.9326819868115133;1;2022-09-22T15:00:00Z
0.6160032109664509;1;2022-09-22T16:00:00Z
0.8977023958323485;1;2022-09-22T17:00:00Z
1.7002535788767072;1;2022-09-22T18:00:00Z
2.067175334851318;1;2022-09-22T19:00:00Z
2.2762782019730325;1;2022-09-22T20:00:00Z
2.443603726802158;1;2022-09-22T21:00:00Z
2.2795467343407094;1;2022-09-22T22:00:00Z
2.2742571189782432;1;2022-09-22T23:00:00Z
2.1706008142373134;1;2022-09-23T00:00:00Z
1.7563554851206367;1;2022-09-23T01:00:00Z
1.7156918064797688;1;2022-09-23T02:00:00Z
1.6032238813182365;1;2022-09-23T03:00:00Z
1.717468013737334;1;2022-09-23T04:00:00Z
1.7616687047984305;1;2022-09-23T05:00:00Z
2.0954622919446573;1;2022-09-23T06:00:00Z
1.869125017431193;1;2022-09-23T07:00:00Z
1.869855951257393;1;2022-09-23T08:00:00Z
2.2119422330599026;1;2022-09-23T09:00:00Z
1.9755393890273387;1;2022-09-23T10:00:00Z
2.0329632510054982;1;2022-09-23T11:00:00Z
1.7517564540802695;1;2022-09-23T12:00:00Z
1.379422521800782;1;2022-09-23T13:00:00Z
1.1688119937930923;1;2022-09-23T14:00:00Z
1.27271963875825;1;2022-09-23T15:00:00Z
1.0619104841964455;1;2022-09-23T16:00:00Z
1.6775469421810285;1;2022-09-23T17:00:00Z
2.2400445443880597;1;2022-09-23T18:00:00Z
2.125223153842288;1;2022-09-23T19:00:00Z
2.0714229579986045;1;2022-09-23T20:00:00Z
2.322738280156253;1;2022-09-23T21:00:00Z
2.367532000915088;1;2022-09-23T22:00:00Z
2.3849877706771188;1;2022-09-23T23:00:00Z
2.2233545091548508;1;2022-09-24T00:00:00Z
2.072068344428461;1;2022-09-24T01:00:00Z
1.7996595480977253;1;2022-09-24T02:00:00Z
1.58490215189805;1;2022-09-24T03:00:00Z
1.3838377906807056;1;2022-09-24T04:00:00Z
0.9619052699096526;1;2022-09-24T05:00:00Z
1.2269758307899044;1;2022-09-24T06:00:00Z
1.6297468277446956;1;2022-09-24T07:00:00Z
1.618006719054498;1;2022-09-24T08:00:00Z
1.5303631499553485;1;2022-09-24T09:00:00Z
1.1868119349092354;1;2022-09-24T10:00:00Z
1.178116556605779;1;2022-09-24T11:00:00Z
1.2354130802899161;1;2022-09-24T12:00:00Z
0.9108472909890069;1;2022-09-24T13:00:00Z
1.1486312979052267;1;2022-09-24T14:00:00Z
1.039505420628021;1;2022-09-24T15:00:00Z
1.2472508930568431;1;2022-09-24T16:00:00Z
2.0820276623586156;1;2022-09-24T17:00:00Z
2.4028478101687014;1;2022-09-24T18:00:00Z
2.4241586233087524;1;2022-09-24T19:00:00Z
2.425444461803872;1;2022-09-24T20:00:00Z
2.2507538150566684;1;2022-09-24T21:00:00Z
2.3486587491783797;1;2022-09-24T22:00:00Z
2.5158662624491543;1;2022-09-24T23:00:00Z
2.1284548599025834;1;2022-09-25T00:00:00Z
2.0632809304191935;1;2022-09-25T01:00:00Z
1.9340087816922522;1;2022-09-25T02:00:00Z
1.7668923555565472;1;2022-09-25T03:00:00Z
1.3310825422134689;1;2022-09-25T04:00:00Z
1.9700553206077778;1;2022-09-25T05:00:00Z
1.7880532639532556;1;2022-09-25T06:00:00Z
0.8778580239391855;1;2022-09-25T07:00:00Z
0.4657300470525118;1;2022-09-25T08:00:00Z
0.39682474816918395;1;2022-09-25T09:00:00Z
0.46027653515079003;1;2022-09-25T10:00:00Z
0.6858370054166035;1;2022-09-25T11:00:00Z
0.7307939922074409;1;2022-09-25T12:00:00Z
1.1695423036569652;1;2022-09-25T13:00:00Z
2.0055442106268817;1;2022-09-25T14:00:00Z
1.873450070112589;1;2022-09-25T15:00:00Z
1.1574917847379993;1;2022-09-25T16:00:00Z
1.9759423120061632;1;2022-09-25T17:00:00Z
1.57734454698041;1;2022-09-25T18:00:00Z
2.1708899537606374;1;2022-09-25T19:00:00Z
2.7016274190658023;1;2022-09-25T20:00:00Z
2.9122135788939456;1;2022-09-25T21:00:00Z
2.9714898674953907;1;2022-09-25T22:00:00Z
3.0657702462171703;1;2022-09-25T23:00:00Z
3.176829612587721;1;2022-09-26T00:00:00Z
2.7208200021987357;1;2022-09-26T01:00:00Z
1.990183316068635;1;2022-09-26T02:00:00Z
1.9044654307265927;1;2022-09-26T03:00:00Z
2.0878713410075567;1;2022-09-26T04:00:00Z
2.248175689143559;1;2022-09-26T05:00:00Z
2.6860942244775887;1;2022-09-26T06:00:00Z
2.593399375720876;1;2022-09-26T07:00:00Z
3.3913865431924717;1;2022-09-26T08:00:00Z
4.284499491570057;1;2022-09-26T09:00:00Z
3.490958605663272;1;2022-09-26T10:00:00Z
3.835990600744227;1;2022-09-26T11:00:00Z
4.689826476732321;1;2022-09-26T12:00:00Z
5.121176852486214;1;2022-09-26T13:00:00Z
5.5530850120752016;1;2022-09-26T14:00:00Z
4.938369109079629;1;2022-09-26T15:00:00Z
4.318729050529483;1;2022-09-26T16:00:00Z
3.796564307096116;1;2022-09-26T17:00:00Z
3.2346725820463718;1;2022-09-26T18:00:00Z
3.129546835068342;1;2022-09-26T19:00:00Z
3.4639888750861587;1;2022-09-26T20:00:00Z
3.546283489065461;1;2022-09-26T21:00:00Z
3.8101441658873427;1;2022-09-26T22:00:00Z
3.920744925341428;1;2022-09-26T23:00:00Z
4.296041837678923;1;2022-09-27T00:00:00Z
4.549017841298466;1;2022-09-27T01:00:00Z
4.400107887082035;1;2022-09-27T02:00:00Z
4.184736424618433;1;2022-09-27T03:00:00Z
4.231587170490722;1;2022-09-27T04:00:00Z
4.411249970089334;1;2022-09-27T05:00:00Z
4.074812100364287;1;2022-09-27T06:00:00Z
3.706968727305294;1;2022-09-27T07:00:00Z
3.759774792590124;1;2022-09-27T08:00:00Z
3.6768332462430533;1;2022-09-27T09:00:00Z
3.9927220291567553;1;2022-09-27T10:00:00Z
3.491060887432928;1;2022-09-27T11:00:00Z
3.4310895682054303;1;2022-09-27T12:00:00Z
4.229692221576386;1;2022-09-27T13:00:00Z
4.035958563987891;1;2022-09-27T14:00:00Z
3.8954125516036773;1;2022-09-27T15:00:00Z
3.581481547749547;1;2022-09-27T16:00:00Z
3.5190698889717544;1;2022-09-27T17:00:00Z
3.2714675595229528;1;2022-09-27T18:00:00Z
3.315700366230961;1;2022-09-27T19:00:00Z
3.1638683429440895;1;2022-09-27T20:00:00Z
3.113359865713182;1;2022-09-27T21:00:00Z
2.2749668494761486;1;2022-09-27T22:00:00Z
2.627135383349253;1;2022-09-27T23:00:00Z
2.425746105504898;1;2022-09-28T00:00:00Z
2.4596761666526223;1;2022-09-28T01:00:00Z
2.4326588330745826;1;2022-09-28T02:00:00Z
2.0525430174297035;1;2022-09-28T03:00:00Z
1.7260021808034127;1;2022-09-28T04:00:00Z
1.8339084359976425;1;2022-09-28T05:00:00Z
2.240749740147286;1;2022-09-28T06:00:00Z
2.1833293414547454;1;2022-09-28T07:00:00Z
1.6957124925803968;1;2022-09-28T08:00:00Z
1.7181211189133152;1;2022-09-28T09:00:00Z
2.1867190176575475;1;2022-09-28T10:00:00Z
2.484367294333477;1;2022-09-28T11:00:00Z
2.2288309962339867;1;2022-09-28T12:00:00Z
2.2278196911907053;1;2022-09-28T13:00:00Z
1.9594508166885236;1;2022-09-28T14:00:00Z
1.9125111268361816;1;2022-09-28T15:00:00Z
1.8510999375819308;1;2022-09-28T16:00:00Z
1.7467802248513076;1;2022-09-28T17:00:00Z
2.04378291538976;1;2022-09-28T18:00:00Z
2.103304696369062;1;2022-09-28T19:00:00Z
2.0558457675081843;1;2022-09-28T20:00:00Z
2.128019446725542;1;2022-09-28T21:00:00Z
2.496843066003477;1;2022-09-28T22:00:00Z
2.3736249766264974;1;2022-09-28T23:00:00Z
2.2762469217482093;1;2022-09-29T00:00:00Z
1.9950118297518717;1;2022-09-29T01:00:00Z
1.8985640529958667;1;2022-09-29T02:00:00Z
1.98309160589179;1;2022-09-29T03:00:00Z
1.7556357910439047;1;2022-09-29T04:00:00Z
1.4626217546403986;1;2022-09-29T05:00:00Z
1.8883434787795907;1;2022-09-29T06:00:00Z
2.1210433680600294;1;2022-09-29T07:00:00Z
2.1403915655858823;1;2022-09-29T08:00:00Z
2.008434115514719;1;2022-09-29T09:00:00Z
1.7807354753720717;1;2022-09-29T10:00:00Z
1.7587172326115705;1;2022-09-29T11:00:00Z
2.0321715348449843;1;2022-09-29T12:00:00Z
1.8865066049159227;1;2022-09-29T13:00:00Z
1.7086695365103992;1;2022-09-29T14:00:00Z
1.4543673440559213;1;2022-09-29T15:00:00Z
1.2611582865599897;1;2022-09-29T16:00:00Z
2.156060492222272;1;2022-09-29T17:00:00Z
2.1107731287387357;1;2022-09-29T18:00:00Z
2.1815768374356796;1;2022-09-29T19:00:00Z
2.2851623799627268;1;2022-09-29T20:00:00Z
2.210679890607419;1;2022-09-29T21:00:00Z
1.7664662484975622;1;2022-09-29T22:00:00Z
1.8361265754974474;1;2022-09-29T23:00:00Z
1.712287264916581;1;2022-09-30T00:00:00Z
1.8286800719565457;1;2022-09-30T01:00:00Z
1.6446500585709138;1;2022-09-30T02:00:00Z
1.4982668764101825;1;2022-09-30T03:00:00Z
1.8936856762287104;1;2022-09-30T04:00:00Z
1.5429660092444382;1;2022-09-30T05:00:00Z
1.379555067070487;1;2022-09-30T06:00:00Z
1.7765925880608344;1;2022-09-30T07:00:00Z
1.7925254761307705;1;2022-09-30T08:00:00Z
1.7952245506476348;1;2022-09-30T09:00:00Z
2.015326021240503;1;2022-09-30T10:00:00Z
2.30260281036443;1;2022-09-30T11:00:00Z
2.7333506887628727;1;2022-09-30T12:00:00Z
2.615790770504423;1;2022-09-30T13:00:00Z
2.3582496383802307;1;2022-09-30T14:00:00Z
1.4444479822088567;1;2022-09-30T15:00:00Z
1.5716602721956503;1;2022-09-30T16:00:00Z
2.1093352943308976;1;2022-09-30T17:00:00Z
2.1643829797994663;1;2022-09-30T18:00:00Z
2.18820678865843;1;2022-09-30T19:00:00Z
2.319251861129343;1;2022-09-30T20:00:00Z
2.5654862637439186;1;2022-09-30T21:00:00Z
2.6992693643473142;1;2022-09-30T22:00:00Z
2.9013557238476166;1;2022-09-30T23:00:00Z
3.2119464857341353;1;2022-10-01T00:00:00Z
3.3353681924596024;1;2022-10-01T01:00:00Z
3.5333503220214175;1;2022-10-01T02:00:00Z
3.8586367498975096;1;2022-10-01T03:00:00Z
4.1150817374084285;1;2022-10-01T04:00:00Z
4.411584386105433;1;2022-10-01T05:00:00Z
4.837271307873552;1;2022-10-01T06:00:00Z
5.314658047588398;1;2022-10-01T07:00:00Z
5.38913712633009;1;2022-10-01T08:00:00Z
5.370753485769473;1;2022-10-01T09:00:00Z
6.482333077389781;1;2022-10-01T10:00:00Z
6.963250989726267;1;2022-10-01T11:00:00Z
7.701046907173074;1;2022-10-01T12:00:00Z
7.030432902131614;1;2022-10-01T13:00:00Z
5.290377081397837;1;2022-10-01T14:00:00Z
5.14999791835672;1;2022-10-01T15:00:00Z
4.908350544486761;1;2022-10-01T16:00:00Z
4.5933414975419;1;2022-10-01T17:00:00Z
4.497995833753061;1;2022-10-01T18:00:00Z
4.893720507312384;1;2022-10-01T19:00:00Z
5.211379488343896;1;2022-10-01T20:00:00Z
5.145303512451378;1;2022-10-01T21:00:00Z
5.316791897292084;1;2022-10-01T22:00:00Z
5.032706164886128;1;2022-10-01T23:00:00Z
4.905304644046637;1;2022-10-02T00:00:00Z
4.788176612747403;1;2022-10-02T01:00:00Z
4.802730820585637;1;2022-10-02T02:00:00Z
4.984203731464385;1;2022-10-02T03:00:00Z
5.173672672749312;1;2022-10-02T04:00:00Z
4.687466228109127;1;2022-10-02T05:00:00Z
4.830356531487203;1;2022-10-02T06:00:00Z
4.931437276418898;1;2022-10-02T07:00:00Z
5.08056022054628;1;2022-10-02T08:00:00Z
6.4438941926790605;1;2022-10-02T09:00:00Z
4.936792148561611;1;2022-10-02T10:00:00Z
5.493936639144316;1;2022-10-02T11:00:00Z
5.740263152373926;1;2022-10-02T12:00:00Z
6.132000781267443;1;2022-10-02T13:00:00Z
6.038238216725617;1;2022-10-02T14:00:00Z
4.922854477816208;1;2022-10-02T15:00:00Z
4.401452719671997;1;2022-10-02T16:00:00Z
4.369282531582405;1;2022-10-02T17:00:00Z
4.402722863851215;1;2022-10-02T18:00:00Z
4.764422913628631;1;2022-10-02T19:00:00Z
4.8755566841490845;1;2022-10-02T20:00:00Z
5.0450979087277865;1;2022-10-02T21:00:00Z
5.044200697283763;1;2022-10-02T22:00:00Z
4.864804459097536;1;2022-10-02T23:00:00Z
4.978091530122321;1;2022-10-03T00:00:00Z
5.2210623508996195;1;2022-10-03T01:00:00Z
5.257754151292222;1;2022-10-03T02:00:00Z
5.328663289538063;1;2022-10-03T03:00:00Z
5.683600451562334;1;2022-10-03T04:00:00Z
5.610894309083998;1;2022-10-03T05:00:00Z
5.355002562615254;1;2022-10-03T06:00:00Z
4.78278773548037;1;2022-10-03T07:00:00Z
7.301172776197235;1;2022-10-03T08:00:00Z
7.237084870174299;1;2022-10-03T09:00:00Z
4.98625647570885;1;2022-10-03T10:00:00Z
5.681484484411589;1;2022-10-03T11:00:00Z
5.594789981904693;1;2022-10-03T12:00:00Z
6.152983096422478;1;2022-10-03T13:00:00Z
5.086036952203192;1;2022-10-03T14:00:00Z
4.781319230213416;1;2022-10-03T15:00:00Z
4.293819784490302;1;2022-10-03T16:00:00Z
4.375976543424429;1;2022-10-03T17:00:00Z
4.411105717480603;1;2022-10-03T18:00:00Z
4.416625811062099;1;2022-10-03T19:00:00Z
4.1383951785880875;1;2022-10-03T20:00:00Z
4.512765145743461;1;2022-10-03T21:00:00Z
4.212797917425797;1;2022-10-03T22:00:00Z
4.349351717341838;1;2022-10-03T23:00:00Z
4.658404210454738;1;2022-10-04T00:00:00Z
4.592613186354665;1;2022-10-04T01:00:00Z
4.331115970912085;1;2022-10-04T02:00:00Z
3.8807494682794177;1;2022-10-04T03:00:00Z
3.7149198682500817;1;2022-10-04T04:00:00Z
3.4786120812812404;1;2022-10-04T05:00:00Z
3.2265953418958575;1;2022-10-04T06:00:00Z
4.038661641838184;1;2022-10-04T07:00:00Z
4.214627483841438;1;2022-10-04T08:00:00Z
3.993877632752378;1;2022-10-04T09:00:00Z
2.9194000617411353;1;2022-10-04T10:00:00Z
2.8885538223474265;1;2022-10-04T11:00:00Z
2.9542501296173747;1;2022-10-04T12:00:00Z
2.645502583178474;1;2022-10-04T13:00:00Z
2.5009470860294716;1;2022-10-04T14:00:00Z
2.1603950447986526;1;2022-10-04T15:00:00Z
2.33795921450402;1;2022-10-04T16:00:00Z
2.469401074899752;1;2022-10-04T17:00:00Z
2.9639921605224355;1;2022-10-04T18:00:00Z
2.6073886335729313;1;2022-10-04T19:00:00Z
3.159466360836968;1;2022-10-04T20:00:00Z
3.4824104043013224;1;2022-10-04T21:00:00Z
3.9494173915873807;1;2022-10-04T22:00:00Z
3.6896077589098106;1;2022-10-04T23:00:00Z
3.5739327681424355;1;2022-10-05T00:00:00Z
3.765198367108211;1;2022-10-05T01:00:00Z
3.439029347862214;1;2022-10-05T02:00:00Z
3.140594121427194;1;2022-10-05T03:00:00Z
3.1603858523690134;1;2022-10-05T04:00:00Z
3.2371461451281647;1;2022-10-05T05:00:00Z
3.427378729090318;1;2022-10-05T06:00:00Z
3.8493738341086434;1;2022-10-05T07:00:00Z
4.157907182619559;1;2022-10-05T08:00:00Z
4.603265492582217;1;2022-10-05T09:00:00Z
4.635653657935839;1;2022-10-05T10:00:00Z
4.479441464783062;1;2022-10-05T11:00:00Z
4.397099589653953;1;2022-10-05T12:00:00Z
4.789365878714575;1;2022-10-05T13:00:00Z
5.053064070492337;1;2022-10-05T14:00:00Z
4.542128064492744;1;2022-10-05T15:00:00Z
4.489808133620937;1;2022-10-05T16:00:00Z
4.829642639414344;1;2022-10-05T17:00:00Z
4.9902603755576305;1;2022-10-05T18:00:00Z
4.934820933452513;1;2022-10-05T19:00:00Z
4.910096134259766;1;2022-10-05T20:00:00Z
4.803700303955148;1;2022-10-05T21:00:00Z
5.100981071710999;1;2022-10-05T22:00:00Z
4.90050787016037;1;2022-10-05T23:00:00Z
4.810300465440912;1;2022-10-06T00:00:00Z
5.0895423774669295;1;2022-10-06T01:00:00Z
5.445945947013664;1;2022-10-06T02:00:00Z
5.550899878003282;1;2022-10-06T03:00:00Z
5.343273732458628;1;2022-10-06T04:00:00Z
5.261605671808693;1;2022-10-06T05:00:00Z
5.566574310533563;1;2022-10-06T06:00:00Z
5.789603229881281;1;2022-10-06T07:00:00Z
6.215479250174632;1;2022-10-06T08:00:00Z
6.234523813764708;1;2022-10-06T09:00:00Z
5.324121122740367;1;2022-10-06T10:00:00Z
5.484424366960328;1;2022-10-06T11:00:00Z
5.446806906445259;1;2022-10-06T12:00:00Z
5.029898300580829;1;2022-10-06T13:00:00Z
4.589235819929433;1;2022-10-06T14:00:00Z
3.4082271602578356;1;2022-10-06T15:00:00Z
2.5509587071034705;1;2022-10-06T16:00:00Z
2.3414159641353414;1;2022-10-06T17:00:00Z
2.363598716551015;1;2022-10-06T18:00:00Z
2.3016514096635694;1;2022-10-06T19:00:00Z
2.2266387425302985;1;2022-10-06T20:00:00Z
2.2111628633525604;1;2022-10-06T21:00:00Z
2.143011531863075;1;2022-10-06T22:00:00Z
2.1345442989622176;1;2022-10-06T23:00:00Z
2.052350071821009;1;2022-10-07T00:00:00Z
1.9637770157736756;1;2022-10-07T01:00:00Z
1.9182650098936502;1;2022-10-07T02:00:00Z
1.9219138410905687;1;2022-10-07T03:00:00Z
2.2043517722943404;1;2022-10-07T04:00:00Z
2.2385241284466986;1;2022-10-07T05:00:00Z
2.3966526215292565;1;2022-10-07T06:00:00Z
2.731101340881475;1;2022-10-07T07:00:00Z
2.504776925003802;1;2022-10-07T08:00:00Z
2.666546763901897;1;2022-10-07T09:00:00Z
2.485627048245453;1;2022-10-07T10:00:00Z
2.7334110183206386;1;2022-10-07T11:00:00Z
3.0327447600406092;1;2022-10-07T12:00:00Z
3.25712559143369;1;2022-10-07T13:00:00Z
3.2389701526336214;1;2022-10-07T14:00:00Z
2.4694216243628793;1;2022-10-07T15:00:00Z
1.9497052378575237;1;2022-10-07T16:00:00Z
2.2118118307410732;1;2022-10-07T17:00:00Z
2.181650946408197;1;2022-10-07T18:00:00Z
2.1389091278011128;1;2022-10-07T19:00:00Z
2.2737589210727123;1;2022-10-07T20:00:00Z
2.514176285727806;1;2022-10-07T21:00:00Z
2.6590767899979797;1;2022-10-07T22:00:00Z
2.5296863971998085;1;2022-10-07T23:00:00Z
2.7180353645835234;1;2022-10-08T00:00:00Z
2.969937845497752;1;2022-10-08T01:00:00Z
3.093139380571596;1;2022-10-08T02:00:00Z
2.882852222289338;1;2022-10-08T03:00:00Z
2.653203763667019;1;2022-10-08T04:00:00Z
2.699031434469839;1;2022-10-08T05:00:00Z
2.9085720994376967;1;2022-10-08T06:00:00Z
3.3634270346180783;1;2022-10-08T07:00:00Z
3.5034714126764657;1;2022-10-08T08:00:00Z
4.52221992169905;1;2022-10-08T09:00:00Z
5.720890114074874;1;2022-10-08T10:00:00Z
5.623902762270836;1;2022-10-08T11:00:00Z
4.95680620344727;1;2022-10-08T12:00:00Z
4.966555670174248;1;2022-10-08T13:00:00Z
5.244122718129538;1;2022-10-08T14:00:00Z
4.456350851004284;1;2022-10-08T15:00:00Z
4.552167764981455;1;2022-10-08T16:00:00Z
4.297591065828226;1;2022-10-08T17:00:00Z
3.955828112961138;1;2022-10-08T18:00:00Z
3.802623186410138;1;2022-10-08T19:00:00Z
3.6665332913588027;1;2022-10-08T20:00:00Z
3.6906593369361658;1;2022-10-08T21:00:00Z
3.663663775858376;1;2022-10-08T22:00:00Z
3.4282154157632103;1;2022-10-08T23:00:00Z
3.2299395381094254;1;2022-10-09T00:00:00Z
3.021588905350463;1;2022-10-09T01:00:00Z
2.743065477958953;1;2022-10-09T02:00:00Z
2.4068070951900293;1;2022-10-09T03:00:00Z
2.2498078017221075;1;2022-10-09T04:00:00Z
2.0574369479398813;1;2022-10-09T05:00:00Z
1.888990470355446;1;2022-10-09T06:00:00Z
1.9395932194069945;1;2022-10-09T07:00:00Z
1.7922244804167426;1;2022-10-09T08:00:00Z
1.696174742477426;1;2022-10-09T09:00:00Z
1.5065922920543229;1;2022-10-09T10:00:00Z
1.9978734054585146;1;2022-10-09T11:00:00Z
1.9820294574574187;1;2022-10-09T12:00:00Z
1.7488601953222624;1;2022-10-09T13:00:00Z
1.9000804149879749;1;2022-10-09T14:00:00Z
1.8611110059592897;1;2022-10-09T15:00:00Z
1.5671920709125036;1;2022-10-09T16:00:00Z
2.130568128698029;1;2022-10-09T17:00:00Z
2.7494300084765966;1;2022-10-09T18:00:00Z
3.138876279321684;1;2022-10-09T19:00:00Z
3.4721713737441857;1;2022-10-09T20:00:00Z
3.7453655488507844;1;2022-10-09T21:00:00Z
4.536693509099478;1;2022-10-09T22:00:00Z
4.563482332014143;1;2022-10-09T23:00:00Z
4.359733672407389;1;2022-10-10T00:00:00Z
4.137162283464277;1;2022-10-10T01:00:00Z
4.127760486957836;1;2022-10-10T02:00:00Z
4.258203458921753;1;2022-10-10T03:00:00Z
4.204789792516423;1;2022-10-10T04:00:00Z
4.037190508481797;1;2022-10-10T05:00:00Z
3.9534341587497406;1;2022-10-10T06:00:00Z
4.030018389365988;1;2022-10-10T07:00:00Z
3.9469662344176033;1;2022-10-10T08:00:00Z
4.25204584610265;1;2022-10-10T09:00:00Z
3.8485396364455915;1;2022-10-10T10:00:00Z
3.266371151397372;1;2022-10-10T11:00:00Z
3.7287644612584616;1;2022-10-10T12:00:00Z
3.60092470377368;1;2022-10-10T13:00:00Z
3.646072222575318;1;2022-10-10T14:00:00Z
2.9233022866616576;1;2022-10-10T15:00:00Z
2.604275024219205;1;2022-10-10T16:00:00Z
2.5790834994983514;1;2022-10-10T17:00:00Z
2.6805643176131273;1;2022-10-10T18:00:00Z
3.1246144550586936;1;2022-10-10T19:00:00Z
3.9859659043928355;1;2022-10-10T20:00:00Z
4.687595529481576;1;2022-10-10T21:00:00Z
4.756955826444497;1;2022-10-10T22:00:00Z
4.786835054969238;1;2022-10-10T23:00:00Z
4.644268484125305;1;2022-10-11T00:00:00Z
3.8888032093603226;1;2022-10-11T01:00:00Z
3.103746804404921;1;2022-10-11T02:00:00Z
2.709456148522156;1;2022-10-11T03:00:00Z
2.8293421040448514;1;2022-10-11T04:00:00Z
2.8185703850311072;1;2022-10-11T05:00:00Z
2.8420123392434444;1;2022-10-11T06:00:00Z
3.0275687137716054;1;2022-10-11T07:00:00Z
3.157212691538386;1;2022-10-11T08:00:00Z
3.12171728763506;1;2022-10-11T09:00:00Z
2.648302672485014;1;2022-10-11T10:00:00Z
3.12661101122165;1;2022-10-11T11:00:00Z
3.39265633944482;1;2022-10-11T12:00:00Z
3.3366816085264692;1;2022-10-11T13:00:00Z
2.990584811551204;1;2022-10-11T14:00:00Z
1.4959824026341906;1;2022-10-11T15:00:00Z
1.5098565840742428;1;2022-10-11T16:00:00Z
1.7238470507217734;1;2022-10-11T17:00:00Z
1.8307254648706845;1;2022-10-11T18:00:00Z
1.7434731338736162;1;2022-10-11T19:00:00Z
1.8244771092989;1;2022-10-11T20:00:00Z
1.8444331024008052;1;2022-10-11T21:00:00Z
1.404908214683863;1;2022-10-11T22:00:00Z
1.4996294080333543;1;2022-10-11T23:00:00Z
1.835265647769943;1;2022-10-12T00:00:00Z
1.7699899648225492;1;2022-10-12T01:00:00Z
1.5908847349479778;1;2022-10-12T02:00:00Z
1.4513997805083463;1;2022-10-12T03:00:00Z
1.2782634727530948;1;2022-10-12T04:00:00Z
1.011397263758333;1;2022-10-12T05:00:00Z
0.9142387795469068;1;2022-10-12T06:00:00Z
1.3369930669602126;1;2022-10-12T07:00:00Z
1.0515454476241153;1;2022-10-12T08:00:00Z
1.2826012321025582;1;2022-10-12T09:00:00Z
1.6951238967219462;1;2022-10-12T10:00:00Z
2.140668092955403;1;2022-10-12T11:00:00Z
2.429893547449034;1;2022-10-12T12:00:00Z
2.2266632099263743;1;2022-10-12T13:00:00Z
2.1473964935633107;1;2022-10-12T14:00:00Z
1.341336206716966;1;2022-10-12T15:00:00Z
1.7577975166585547;1;2022-10-12T16:00:00Z
1.7035017543358584;1;2022-10-12T17:00:00Z
2.1111649341178;1;2022-10-12T18:00:00Z
2.346985568647844;1;2022-10-12T19:00:00Z
2.4526782931669184;1;2022-10-12T20:00:00Z
2.6393892565522314;1;2022-10-12T21:00:00Z
2.625424282782317;1;2022-10-12T22:00:00Z
2.1699620689789274;1;2022-10-12T23:00:00Z
1.9596022407005105;1;2022-10-13T00:00:00Z
1.9746930905712716;1;2022-10-13T01:00:00Z
1.9537132064699645;1;2022-10-13T02:00:00Z
2.040589120315518;1;2022-10-13T03:00:00Z
1.999662848765359;1;2022-10-13T04:00:00Z
2.001820428783978;1;2022-10-13T05:00:00Z
2.1386772560243226;1;2022-10-13T06:00:00Z
2.477531890929713;1;2022-10-13T07:00:00Z
2.0480271968749837;1;2022-10-13T08:00:00Z
2.2655686976959797;1;2022-10-13T09:00:00Z
2.137309955907311;1;2022-10-13T10:00:00Z
2.670837076504256;1;2022-10-13T11:00:00Z
4.2691446747689605;1;2022-10-13T12:00:00Z
4.250300795167851;1;2022-10-13T13:00:00Z
3.215312751254371;1;2022-10-13T14:00:00Z
1.803916069404433;1;2022-10-13T15:00:00Z
1.8073375471420936;1;2022-10-13T16:00:00Z
1.5659716748496348;1;2022-10-13T17:00:00Z
1.7460370014957292;1;2022-10-13T18:00:00Z
1.7084877829649519;1;2022-10-13T19:00:00Z
1.639529838849251;1;2022-10-13T20:00:00Z
1.6960864520224574;1;2022-10-13T21:00:00Z
2.2757361130208076;1;2022-10-13T22:00:00Z
2.0620776065027724;1;2022-10-13T23:00:00Z
1.8808832026518265;1;2022-10-14T00:00:00Z
1.7587008621423512;1;2022-10-14T01:00:00Z
1.757962824673291;1;2022-10-14T02:00:00Z
1.735665304852616;1;2022-10-14T03:00:00Z
1.6777989458263518;1;2022-10-14T04:00:00Z
1.7007728491639178;1;2022-10-14T05:00:00Z
1.8158038865026376;1;2022-10-14T06:00:00Z
2.1577173908185485;1;2022-10-14T07:00:00Z
1.8996259900656691;1;2022-10-14T08:00:00Z
2.0804980124294916;1;2022-10-14T09:00:00Z
2.5322692892641943;1;2022-10-14T10:00:00Z
2.97102103766324;1;2022-10-14T11:00:00Z
2.746334782329105;1;2022-10-14T12:00:00Z
3.1504053920639663;1;2022-10-14T13:00:00Z
2.428545340862361;1;2022-10-14T14:00:00Z
1.577532342516232;1;2022-10-14T15:00:00Z
1.8532027342294681;1;2022-10-14T16:00:00Z
2.3087014704066493;1;2022-10-14T17:00:00Z
2.489743312315706;1;2022-10-14T18:00:00Z
2.614465154958906;1;2022-10-14T19:00:00Z
3.0197710052283613;1;2022-10-14T20:00:00Z
3.243705158172798;1;2022-10-14T21:00:00Z
3.637085028146417;1;2022-10-14T22:00:00Z
3.6830558450291324;1;2022-10-14T23:00:00Z
3.6264419191376738;1;2022-10-15T00:00:00Z
3.176423228709978;1;2022-10-15T01:00:00Z
2.7336447271759594;1;2022-10-15T02:00:00Z
2.8353335347630333;1;2022-10-15T03:00:00Z
3.137886766083651;1;2022-10-15T04:00:00Z
3.060504311214246;1;2022-10-15T05:00:00Z
2.7698307443975856;1;2022-10-15T06:00:00Z
2.648806040039596;1;2022-10-15T07:00:00Z
2.7009637190936187;1;2022-10-15T08:00:00Z
2.842568743835844;1;2022-10-15T09:00:00Z
2.019974069800232;1;2022-10-15T10:00:00Z
2.560578240069934;1;2022-10-15T11:00:00Z
2.282789222689146;1;2022-10-15T12:00:00Z
2.3287157107076832;1;2022-10-15T13:00:00Z
2.2631203047183703;1;2022-10-15T14:00:00Z
2.5668935532287365;1;2022-10-15T15:00:00Z
2.61037934730294;1;2022-10-15T16:00:00Z
2.946534741178801;1;2022-10-15T17:00:00Z
3.1608256694406682;1;2022-10-15T18:00:00Z
3.5746145544105836;1;2022-10-15T19:00:00Z
3.972669043502506;1;2022-10-15T20:00:00Z
4.299656968794848;1;2022-10-15T21:00:00Z
4.293603733269611;1;2022-10-15T22:00:00Z
4.157614341197908;1;2022-10-15T23:00:00Z
4.275852899104934;1;2022-10-16T00:00:00Z
3.966012459524561;1;2022-10-16T01:00:00Z
3.748057732466324;1;2022-10-16T02:00:00Z
2.9553979490262225;1;2022-10-16T03:00:00Z
2.5360342793486033;1;2022-10-16T04:00:00Z
2.2007770066627335;1;2022-10-16T05:00:00Z
2.7117325875502174;1;2022-10-16T06:00:00Z
3.355903867482716;1;2022-10-16T07:00:00Z
3.755347661219428;1;2022-10-16T08:00:00Z
3.7871901249212985;1;2022-10-16T09:00:00Z
3.578589155977207;1;2022-10-16T10:00:00Z
3.9395090188710498;1;2022-10-16T11:00:00Z
4.110603676391067;1;2022-10-16T12:00:00Z
4.423315651260105;1;2022-10-16T13:00:00Z
3.3411901373215867;1;2022-10-16T14:00:00Z
2.3530430395653417;1;2022-10-16T15:00:00Z
2.852151610184335;1;2022-10-16T16:00:00Z
2.9479851153383323;1;2022-10-16T17:00:00Z
1.589928244020842;1;2022-10-16T18:00:00Z
1.3745440932598443;1;2022-10-16T19:00:00Z
1.7229394564107015;1;2022-10-16T20:00:00Z
1.5888240665033395;1;2022-10-16T21:00:00Z
0.9774780155169537;1;2022-10-16T22:00:00Z
1.4220577853070868;1;2022-10-16T23:00:00Z
1.7738469577156828;1;2022-10-17T00:00:00Z
1.839640664640118;1;2022-10-17T01:00:00Z
2.42003094549191;1;2022-10-17T02:00:00Z
2.9080508643062655;1;2022-10-17T03:00:00Z
3.2776045524937625;1;2022-10-17T04:00:00Z
3.3148717175324935;1;2022-10-17T05:00:00Z
3.3280672960854103;1;2022-10-17T06:00:00Z
3.5591192681270925;1;2022-10-17T07:00:00Z
3.4208747456752033;1;2022-10-17T08:00:00Z
3.705033997954482;1;2022-10-17T09:00:00Z
3.690816013972325;1;2022-10-17T10:00:00Z
3.8516110290071772;1;2022-10-17T11:00:00Z
3.7583058208508566;1;2022-10-17T12:00:00Z
4.078145483674048;1;2022-10-17T13:00:00Z
4.798145235399045;1;2022-10-17T14:00:00Z
4.450437238068494;1;2022-10-17T15:00:00Z
3.775015883115443;1;2022-10-17T16:00:00Z
3.342345126494607;1;2022-10-17T17:00:00Z
2.833202611928735;1;2022-10-17T18:00:00Z
2.8456346696229673;1;2022-10-17T19:00:00Z
2.646898102315607;1;2022-10-17T20:00:00Z
2.1446494583008544;1;2022-10-17T21:00:00Z
2.774889991511085;1;2022-10-17T22:00:00Z
2.710657606539316;1;2022-10-17T23:00:00Z
2.9321217309209766;1;2022-10-18T00:00:00Z
2.882458119480772;1;2022-10-18T01:00:00Z
2.710829782546279;1;2022-10-18T02:00:00Z
2.0739239864938703;1;2022-10-18T03:00:00Z
1.1549912857569833;1;2022-10-18T04:00:00Z
1.835063167412792;1;2022-10-18T05:00:00Z
1.4452526247360433;1;2022-10-18T06:00:00Z
1.0664345406023341;1;2022-10-18T07:00:00Z
1.4949361835332369;1;2022-10-18T08:00:00Z
1.962258233428919;1;2022-10-18T09:00:00Z
1.3902216334173427;1;2022-10-18T10:00:00Z
1.8062428967706237;1;2022-10-18T11:00:00Z
2.3994604382966136;1;2022-10-18T12:00:00Z
2.2900146122392044;1;2022-10-18T13:00:00Z
2.6480607835063075;1;2022-10-18T14:00:00Z
2.993968981534474;1;2022-10-18T15:00:00Z
2.974745572704343;1;2022-10-18T16:00:00Z
2.59935918804764;1;2022-10-18T17:00:00Z
2.8486759525406313;1;2022-10-18T18:00:00Z
3.0103574184668003;1;2022-10-18T19:00:00Z
3.3485708346474508;1;2022-10-18T20:00:00Z
3.6086359844167277;1;2022-10-18T21:00:00Z
3.382730376368898;1;2022-10-18T22:00:00Z
3.381658503168825;1;2022-10-18T23:00:00Z
3.649040288557427;1;2022-10-19T00:00:00Z
3.7657063022445643;1;2022-10-19T01:00:00Z
3.8425416103893166;1;2022-10-19T02:00:00Z
3.8944508368659165;1;2022-10-19T03:00:00Z
4.043505161135329;1;2022-10-19T04:00:00Z
4.055160086174018;1;2022-10-19T05:00:00Z
3.8231096370521325;1;2022-10-19T06:00:00Z
3.6487830608950826;1;2022-10-19T07:00:00Z
4.4773145059219805;1;2022-10-19T08:00:00Z
4.255635030359085;1;2022-10-19T09:00:00Z
3.4200603893797696;1;2022-10-19T10:00:00Z
3.0067091368380257;1;2022-10-19T11:00:00Z
2.6868132968128635;1;2022-10-19T12:00:00Z
2.3587106705616625;1;2022-10-19T13:00:00Z
1.9773335430507224;1;2022-10-19T14:00:00Z
1.5185385191694523;1;2022-10-19T15:00:00Z
1.4929874639155032;1;2022-10-19T16:00:00Z
1.76322408264339;1;2022-10-19T17:00:00Z
1.6624697446790162;1;2022-10-19T18:00:00Z
1.7182274831564528;1;2022-10-19T19:00:00Z
2.2689539890584616;1;2022-10-19T20:00:00Z
2.5142743749570973;1;2022-10-19T21:00:00Z
2.9289994735612495;1;2022-10-19T22:00:00Z
2.7267076018639758;1;2022-10-19T23:00:00Z
2.535008294138081;1;2022-10-20T00:00:00Z
2.5824587583404073;1;2022-10-20T01:00:00Z
2.778590808053372;1;2022-10-20T02:00:00Z
2.9346875372483563;1;2022-10-20T03:00:00Z
3.0934162723158054;1;2022-10-20T04:00:00Z
3.0600147372515645;1;2022-10-20T05:00:00Z
3.586594236294328;1;2022-10-20T06:00:00Z
4.292453004721356;1;2022-10-20T07:00:00Z
4.2204792886099085;1;2022-10-20T08:00:00Z
4.7194560035087;1;2022-10-20T09:00:00Z
5.622186422883973;1;2022-10-20T10:00:00Z
5.6666577373873075;1;2022-10-20T11:00:00Z
5.3057147795414625;1;2022-10-20T12:00:00Z
5.330674745610483;1;2022-10-20T13:00:00Z
4.726530939125016;1;2022-10-20T14:00:00Z
4.633933187207513;1;2022-10-20T15:00:00Z
4.8611087097449825;1;2022-10-20T16:00:00Z
5.269374508046778;1;2022-10-20T17:00:00Z
4.9403926000055405;1;2022-10-20T18:00:00Z
4.900310807890997;1;2022-10-20T19:00:00Z
4.910309208800309;1;2022-10-20T20:00:00Z
4.3692148490836695;1;2022-10-20T21:00:00Z
4.180560729363173;1;2022-10-20T22:00:00Z
4.476235427950365;1;2022-10-20T23:00:00Z
4.844032446759264;1;2022-10-21T00:00:00Z
3.5639334658215187;1;2022-10-21T01:00:00Z
2.6209660002121127;1;2022-10-21T02:00:00Z
2.505155196192672;1;2022-10-21T03:00:00Z
2.906479846995483;1;2022-10-21T04:00:00Z
3.1972112005614775;1;2022-10-21T05:00:00Z
3.5761912122741073;1;2022-10-21T06:00:00Z
3.3941000833783868;1;2022-10-21T07:00:00Z
2.9986175778738806;1;2022-10-21T08:00:00Z
2.919888454220726;1;2022-10-21T09:00:00Z
2.543318563131572;1;2022-10-21T10:00:00Z
2.1267064252657213;1;2022-10-21T11:00:00Z
3.399517524556987;1;2022-10-21T12:00:00Z
2.693648074899654;1;2022-10-21T13:00:00Z
2.4818771233830557;1;2022-10-21T14:00:00Z
2.814245064275557;1;2022-10-21T15:00:00Z
2.7715152709851645;1;2022-10-21T16:00:00Z
2.7764415835471596;1;2022-10-21T17:00:00Z
2.7230301634673757;1;2022-10-21T18:00:00Z
1.7076149239334193;1;2022-10-21T19:00:00Z
1.7445186666182262;1;2022-10-21T20:00:00Z
2.791276709171296;1;2022-10-21T21:00:00Z
2.59829365736817;1;2022-10-21T22:00:00Z
3.2465194753110866;1;2022-10-21T23:00:00Z
2.506684180166206;1;2022-10-22T00:00:00Z
2.218030972194219;1;2022-10-22T01:00:00Z
1.2086986597338463;1;2022-10-22T02:00:00Z
2.1443352849345065;1;2022-10-22T03:00:00Z
1.7690341969114485;1;2022-10-22T04:00:00Z
1.4684522390073604;1;2022-10-22T05:00:00Z
2.3972477614089174;1;2022-10-22T06:00:00Z
2.0996602679578458;1;2022-10-22T07:00:00Z
2.773121691328775;1;2022-10-22T08:00:00Z
3.247253843921986;1;2022-10-22T09:00:00Z
2.4366350165835846;1;2022-10-22T10:00:00Z
2.5546154578109097;1;2022-10-22T11:00:00Z
2.8511963822034834;1;2022-10-22T12:00:00Z
3.051837897238531;1;2022-10-22T13:00:00Z
2.2739270509835756;1;2022-10-22T14:00:00Z
1.7408974499670116;1;2022-10-22T15:00:00Z
2.5366523758064674;1;2022-10-22T16:00:00Z
3.0341545971158737;1;2022-10-22T17:00:00Z
3.174494686283168;1;2022-10-22T18:00:00Z
3.692787929242533;1;2022-10-22T19:00:00Z
3.57843070204423;1;2022-10-22T20:00:00Z
3.1131371028950965;1;2022-10-22T21:00:00Z
3.021040617864489;1;2022-10-22T22:00:00Z
2.8696373079949566;1;2022-10-22T23:00:00Z
2.94520744354976;1;2022-10-23T00:00:00Z
2.757584395134776;1;2022-10-23T01:00:00Z
1.6624737345350586;1;2022-10-23T02:00:00Z
2.786307163289984;1;2022-10-23T03:00:00Z
1.8844854644272182;1;2022-10-23T04:00:00Z
1.774076504749682;1;2022-10-23T05:00:00Z
1.6608811370311907;1;2022-10-23T06:00:00Z
2.355687900383602;1;2022-10-23T07:00:00Z
2.0937344667961195;1;2022-10-23T08:00:00Z
2.0909697200169686;1;2022-10-23T09:00:00Z
2.1428142420836447;1;2022-10-23T10:00:00Z
2.5390991011084867;1;2022-10-23T11:00:00Z
2.7548924453708694;1;2022-10-23T12:00:00Z
2.860012806932084;1;2022-10-23T13:00:00Z
2.3726407323184278;1;2022-10-23T14:00:00Z
2.8850215691678014;1;2022-10-23T15:00:00Z
3.4741280945567463;1;2022-10-23T16:00:00Z
3.582953162740737;1;2022-10-23T17:00:00Z
4.033438322993957;1;2022-10-23T18:00:00Z
4.6502955322219135;1;2022-10-23T19:00:00Z
4.079977351111509;1;2022-10-23T20:00:00Z
3.6186277637427997;1;2022-10-23T21:00:00Z
4.251927725585859;1;2022-10-23T22:00:00Z
4.64599936607235;1;2022-10-23T23:00:00Z
3.8255859630563633;1;2022-10-24T00:00:00Z
3.6647611866991654;1;2022-10-24T01:00:00Z
3.7473837818545244;1;2022-10-24T02:00:00Z
3.739216718286898;1;2022-10-24T03:00:00Z
4.153810477622511;1;2022-10-24T04:00:00Z
3.705606987771261;1;2022-10-24T05:00:00Z
3.8632009376280023;1;2022-10-24T06:00:00Z
4.387640960767698;1;2022-10-24T07:00:00Z
4.7770535011169795;1;2022-10-24T08:00:00Z
4.804538501642836;1;2022-10-24T09:00:00Z
4.3956072921116265;1;2022-10-24T10:00:00Z
4.35523973731578;1;2022-10-24T11:00:00Z
4.880376921688256;1;2022-10-24T12:00:00Z
5.638605746216059;1;2022-10-24T13:00:00Z
6.201392038946378;1;2022-10-24T14:00:00Z
5.31138184558314;1;2022-10-24T15:00:00Z
4.905440763785875;1;2022-10-24T16:00:00Z
4.897310349531088;1;2022-10-24T17:00:00Z
4.4850544009997195;1;2022-10-24T18:00:00Z
4.157316945049652;1;2022-10-24T19:00:00Z
4.1927929052789255;1;2022-10-24T20:00:00Z
3.6940213366143766;1;2022-10-24T21:00:00Z
4.806901203238665;1;2022-10-24T22:00:00Z
3.823213435062709;1;2022-10-24T23:00:00Z
4.088459463902161;1;2022-10-25T00:00:00Z
3.414340279205707;1;2022-10-25T01:00:00Z
3.146266644353783;1;2022-10-25T02:00:00Z
3.304190908145678;1;2022-10-25T03:00:00Z
3.3081671171050875;1;2022-10-25T04:00:00Z
3.7086004934702754;1;2022-10-25T05:00:00Z
3.6866966442727738;1;2022-10-25T06:00:00Z
4.036704684259065;1;2022-10-25T07:00:00Z
4.182756733961422;1;2022-10-25T08:00:00Z
4.585329376236787;1;2022-10-25T09:00:00Z
4.431590662553771;1;2022-10-25T10:00:00Z
3.9051784410400656;1;2022-10-25T11:00:00Z
4.22953911962967;1;2022-10-25T12:00:00Z
3.202249729632392;1;2022-10-25T13:00:00Z
3.5206297151957617;1;2022-10-25T14:00:00Z
2.838716001328192;1;2022-10-25T15:00:00Z
2.352378536304551;1;2022-10-25T16:00:00Z
2.257266922102871;1;2022-10-25T17:00:00Z
2.427854056288773;1;2022-10-25T18:00:00Z
2.466685873712349;1;2022-10-25T19:00:00Z
2.386876588263469;1;2022-10-25T20:00:00Z
2.043692945133629;1;2022-10-25T21:00:00Z
2.234310954105877;1;2022-10-25T22:00:00Z
2.1967668772677973;1;2022-10-25T23:00:00Z
1.978840465940482;1;2022-10-26T00:00:00Z
2.025751874658229;1;2022-10-26T01:00:00Z
2.3781410384420822;1;2022-10-26T02:00:00Z
1.5849203435699128;1;2022-10-26T03:00:00Z
1.7580312518460084;1;2022-10-26T04:00:00Z
1.8441801274941003;1;2022-10-26T05:00:00Z
2.2484417671903185;1;2022-10-26T06:00:00Z
2.329670370011287;1;2022-10-26T07:00:00Z
2.3709293309850654;1;2022-10-26T08:00:00Z
2.2964247003352805;1;2022-10-26T09:00:00Z
2.3313820005628387;1;2022-10-26T10:00:00Z
2.3351287724249765;1;2022-10-26T11:00:00Z
2.537416172249031;1;2022-10-26T12:00:00Z
2.6750665953412818;1;2022-10-26T13:00:00Z
1.9963948806026952;1;2022-10-26T14:00:00Z
1.6654516957758114;1;2022-10-26T15:00:00Z
1.8920151266218646;1;2022-10-26T16:00:00Z
1.9804921395913244;1;2022-10-26T17:00:00Z
1.9806241345760784;1;2022-10-26T18:00:00Z
2.315823820943279;1;2022-10-26T19:00:00Z
2.378504641019965;1;2022-10-26T20:00:00Z
2.4118995530873217;1;2022-10-26T21:00:00Z
2.7276022893074723;1;2022-10-26T22:00:00Z
2.541127301103639;1;2022-10-26T23:00:00Z
2.631832995502887;1;2022-10-27T00:00:00Z
2.344583605179689;1;2022-10-27T01:00:00Z
2.3517739498389054;1;2022-10-27T02:00:00Z
1.968217202950046;1;2022-10-27T03:00:00Z
1.7184612254858291;1;2022-10-27T04:00:00Z
1.9542000598605247;1;2022-10-27T05:00:00Z
1.8877981511493513;1;2022-10-27T06:00:00Z
2.3077200462872587;1;2022-10-27T07:00:00Z
2.453005084661855;1;2022-10-27T08:00:00Z
2.4095648465131383;1;2022-10-27T09:00:00Z
1.9363436258063689;1;2022-10-27T10:00:00Z
1.940760715285901;1;2022-10-27T11:00:00Z
1.9460129355708733;1;2022-10-27T12:00:00Z
1.9643365331557527;1;2022-10-27T13:00:00Z
1.7004568195971106;1;2022-10-27T14:00:00Z
1.778078213067295;1;2022-10-27T15:00:00Z
2.360380916083674;1;2022-10-27T16:00:00Z
3.0748663964585563;1;2022-10-27T17:00:00Z
3.010200399379675;1;2022-10-27T18:00:00Z
3.1125475534638873;1;2022-10-27T19:00:00Z
3.3645868515381134;1;2022-10-27T20:00:00Z
3.5415490412425554;1;2022-10-27T21:00:00Z
3.7355032767281493;1;2022-10-27T22:00:00Z
3.568300219514726;1;2022-10-27T23:00:00Z
3.650002178774241;1;2022-10-28T00:00:00Z
3.702719244708927;1;2022-10-28T01:00:00Z
3.258582701800941;1;2022-10-28T02:00:00Z
3.0545867802602986;1;2022-10-28T03:00:00Z
2.734008862084546;1;2022-10-28T04:00:00Z
2.2033885590557194;1;2022-10-28T05:00:00Z
2.5436904221654877;1;2022-10-28T06:00:00Z
3.3112284600876842;1;2022-10-28T07:00:00Z
3.3108046374465583;1;2022-10-28T08:00:00Z
3.2750157268201496;1;2022-10-28T09:00:00Z
3.44484082880758;1;2022-10-28T10:00:00Z
3.1258657262203537;1;2022-10-28T11:00:00Z
2.780397008511149;1;2022-10-28T12:00:00Z
2.917842383290627;1;2022-10-28T13:00:00Z
2.908602178163439;1;2022-10-28T14:00:00Z
3.292907390333002;1;2022-10-28T15:00:00Z
3.515249227793283;1;2022-10-28T16:00:00Z
3.858030134878665;1;2022-10-28T17:00:00Z
3.8160570536318694;1;2022-10-28T18:00:00Z
3.6586313447866865;1;2022-10-28T19:00:00Z
3.609138268158602;1;2022-10-28T20:00:00Z
3.520973300773709;1;2022-10-28T21:00:00Z
3.7191369558663587;1;2022-10-28T22:00:00Z
4.065235869995806;1;2022-10-28T23:00:00Z
4.287243480999846;1;2022-10-29T00:00:00Z
3.999740009035568;1;2022-10-29T01:00:00Z
3.4514861236196137;1;2022-10-29T02:00:00Z
3.4207476676116597;1;2022-10-29T03:00:00Z
3.26150605346715;1;2022-10-29T04:00:00Z
3.018668726257158;1;2022-10-29T05:00:00Z
3.134210459053541;1;2022-10-29T06:00:00Z
3.5854318118574877;1;2022-10-29T07:00:00Z
3.443213565092629;1;2022-10-29T08:00:00Z
2.9747237015319827;1;2022-10-29T09:00:00Z
2.2587475244737525;1;2022-10-29T10:00:00Z
1.696797245477368;1;2022-10-29T11:00:00Z
2.0287466754181764;1;2022-10-29T12:00:00Z
1.8269098234365084;1;2022-10-29T13:00:00Z
1.735930489652468;1;2022-10-29T14:00:00Z
1.9009517376705858;1;2022-10-29T15:00:00Z
1.9302854425130305;1;2022-10-29T16:00:00Z
1.823424225958826;1;2022-10-29T17:00:00Z
1.8724594052252832;1;2022-10-29T18:00:00Z
1.8175338624965913;1;2022-10-29T19:00:00Z
1.7377240038264952;1;2022-10-29T20:00:00Z
1.5993000666141053;1;2022-10-29T21:00:00Z
1.6209446112033497;1;2022-10-29T22:00:00Z
2.132406631244527;1;2022-10-29T23:00:00Z
2.393137041595633;1;2022-10-30T00:00:00Z
2.2369807995030793;1;2022-10-30T01:00:00Z
1.7691446333811942;1;2022-10-30T02:00:00Z
1.577969412431516;1;2022-10-30T03:00:00Z
1.9929915554077018;1;2022-10-30T04:00:00Z
2.2228376980070577;1;2022-10-30T05:00:00Z
1.53989467913708;1;2022-10-30T06:00:00Z
0.6258303968455475;1;2022-10-30T07:00:00Z
2.135084889754768;1;2022-10-30T08:00:00Z
2.7440506156716618;1;2022-10-30T09:00:00Z
1.914162616470731;1;2022-10-30T10:00:00Z
1.621121292178502;1;2022-10-30T11:00:00Z
1.5802993679400021;1;2022-10-30T12:00:00Z
1.4025423639371084;1;2022-10-30T13:00:00Z
1.47234691562654;1;2022-10-30T14:00:00Z
1.766715191420272;1;2022-10-30T15:00:00Z
2.1218616429260826;1;2022-10-30T16:00:00Z
2.308996194991834;1;2022-10-30T17:00:00Z
1.9547665674090877;1;2022-10-30T18:00:00Z
2.156517587995137;1;2022-10-30T19:00:00Z
1.7929776032340554;1;2022-10-30T20:00:00Z
1.9859174982261352;1;2022-10-30T21:00:00Z
2.238505015289525;1;2022-10-30T22:00:00Z
1.9057200982881468;1;2022-10-30T23:00:00Z
2.151434546806615;1;2022-10-31T00:00:00Z
2.315920754060309;1;2022-10-31T01:00:00Z
2.49171488951201;1;2022-10-31T02:00:00Z
2.8097933263390464;1;2022-10-31T03:00:00Z
2.6243062507991044;1;2022-10-31T04:00:00Z
2.4972825780775865;1;2022-10-31T05:00:00Z
2.6792831745842576;1;2022-10-31T06:00:00Z
2.8357687544632935;1;2022-10-31T07:00:00Z
2.7233392385870494;1;2022-10-31T08:00:00Z
2.9854785907256964;1;2022-10-31T09:00:00Z
1.9503937820784447;1;2022-10-31T10:00:00Z
1.9398255583410144;1;2022-10-31T11:00:00Z
1.9281433586627321;1;2022-10-31T12:00:00Z
1.6226151376648947;1;2022-10-31T13:00:00Z
1.2322828730294042;1;2022-10-31T14:00:00Z
0.9469474007338764;1;2022-10-31T15:00:00Z
0.9126034986928498;1;2022-10-31T16:00:00Z
1.2991946288949634;1;2022-10-31T17:00:00Z
1.643304418434627;1;2022-10-31T18:00:00Z
1.943463632804409;1;2022-10-31T19:00:00Z
2.778634928128801;1;2022-10-31T20:00:00Z
3.3672510863125917;1;2022-10-31T21:00:00Z
3.670582992970456;1;2022-10-31T22:00:00Z
3.804933220931296;1;2022-10-31T23:00:00Z
3.74451562465723;1;2022-11-01T00:00:00Z
2.8580123189226883;1;2022-11-01T01:00:00Z
1.912343680426361;1;2022-11-01T02:00:00Z
1.9674295323716313;1;2022-11-01T03:00:00Z
2.9072585670333355;1;2022-11-01T04:00:00Z
3.0349663294569407;1;2022-11-01T05:00:00Z
2.9924730730326905;1;2022-11-01T06:00:00Z
3.0972864193791962;1;2022-11-01T07:00:00Z
3.337101427601536;1;2022-11-01T08:00:00Z
3.5763613314551272;1;2022-11-01T09:00:00Z
3.5295124123003907;1;2022-11-01T10:00:00Z
3.3631501339622556;1;2022-11-01T11:00:00Z
3.0930874579052205;1;2022-11-01T12:00:00Z
3.5632741665000265;1;2022-11-01T13:00:00Z
3.610988084989527;1;2022-11-01T14:00:00Z
3.063212880494622;1;2022-11-01T15:00:00Z
3.018280133860208;1;2022-11-01T16:00:00Z
3.1229043800988765;1;2022-11-01T17:00:00Z
2.8267517412497685;1;2022-11-01T18:00:00Z
2.171037614255933;1;2022-11-01T19:00:00Z
2.2183705397121747;1;2022-11-01T20:00:00Z
2.766162544618859;1;2022-11-01T21:00:00Z
2.225812099424608;1;2022-11-01T22:00:00Z
2.3746531080070614;1;2022-11-01T23:00:00Z
2.955055058380703;1;2022-11-02T00:00:00Z
2.988118773840497;1;2022-11-02T01:00:00Z
2.9644263337311374;1;2022-11-02T02:00:00Z
3.6270867943621994;1;2022-11-02T03:00:00Z
3.623405577837484;1;2022-11-02T04:00:00Z
3.500865839560325;1;2022-11-02T05:00:00Z
3.810930564208817;1;2022-11-02T06:00:00Z
4.170922997488011;1;2022-11-02T07:00:00Z
4.233917004728394;1;2022-11-02T08:00:00Z
4.008083352579741;1;2022-11-02T09:00:00Z
4.864531900973806;1;2022-11-02T10:00:00Z
5.726802775434383;1;2022-11-02T11:00:00Z
5.85621430220425;1;2022-11-02T12:00:00Z
5.601185380674179;1;2022-11-02T13:00:00Z
5.659612755765603;1;2022-11-02T14:00:00Z
5.43414846896799;1;2022-11-02T15:00:00Z
4.555985120946463;1;2022-11-02T16:00:00Z
3.955346381261373;1;2022-11-02T17:00:00Z
3.3416740465136736;1;2022-11-02T18:00:00Z
2.7308732157824154;1;2022-11-02T19:00:00Z
2.6569012923883113;1;2022-11-02T20:00:00Z
2.4817375695030477;1;2022-11-02T21:00:00Z
2.1630155638076642;1;2022-11-02T22:00:00Z
2.256172808927894;1;2022-11-02T23:00:00Z
2.3160737745926014;1;2022-11-03T00:00:00Z
2.290044281576189;1;2022-11-03T01:00:00Z
2.819204185852274;1;2022-11-03T02:00:00Z
3.1940232304949716;1;2022-11-03T03:00:00Z
3.312243215819977;1;2022-11-03T04:00:00Z
3.2525418522729956;1;2022-11-03T05:00:00Z
3.294437547940999;1;2022-11-03T06:00:00Z
3.580792016917491;1;2022-11-03T07:00:00Z
3.805564277122864;1;2022-11-03T08:00:00Z
3.800888768864669;1;2022-11-03T09:00:00Z
3.7879115868847206;1;2022-11-03T10:00:00Z
3.909606550904562;1;2022-11-03T11:00:00Z
3.752608955275235;1;2022-11-03T12:00:00Z
3.426787416381476;1;2022-11-03T13:00:00Z
3.532759446881587;1;2022-11-03T14:00:00Z
4.32022852796059;1;2022-11-03T15:00:00Z
4.155027605280472;1;2022-11-03T16:00:00Z
4.934943982351292;1;2022-11-03T17:00:00Z
4.8264342798460955;1;2022-11-03T18:00:00Z
4.32665567475185;1;2022-11-03T19:00:00Z
4.133415767775578;1;2022-11-03T20:00:00Z
3.7273630627718495;1;2022-11-03T21:00:00Z
3.7605331090254666;1;2022-11-03T22:00:00Z
3.4396539289007615;1;2022-11-03T23:00:00Z
2.847852572354453;1;2022-11-04T00:00:00Z
2.9738329275059696;1;2022-11-04T01:00:00Z
2.920219502741308;1;2022-11-04T02:00:00Z
2.613155699196128;1;2022-11-04T03:00:00Z
2.533117919215264;1;2022-11-04T04:00:00Z
2.9088187297809647;1;2022-11-04T05:00:00Z
2.8866458062556304;1;2022-11-04T06:00:00Z
2.643765307627431;1;2022-11-04T07:00:00Z
2.1045351641210774;1;2022-11-04T08:00:00Z
1.9804092135778657;1;2022-11-04T09:00:00Z
3.876295038262881;1;2022-11-04T10:00:00Z
3.109319605501522;1;2022-11-04T11:00:00Z
3.091237085937086;1;2022-11-04T12:00:00Z
2.4332720443367966;1;2022-11-04T13:00:00Z
2.4828157035790017;1;2022-11-04T14:00:00Z
2.829527249491852;1;2022-11-04T15:00:00Z
2.791226525918458;1;2022-11-04T16:00:00Z
2.5668504165886024;1;2022-11-04T17:00:00Z
2.748469612255287;1;2022-11-04T18:00:00Z
2.3998649953765816;1;2022-11-04T19:00:00Z
2.50605863534893;1;2022-11-04T20:00:00Z
2.746577641283232;1;2022-11-04T21:00:00Z
2.4215809757361004;1;2022-11-04T22:00:00Z
2.7635301029049253;1;2022-11-04T23:00:00Z
3.4466512640819835;1;2022-11-05T00:00:00Z
3.6456372036456006;1;2022-11-05T01:00:00Z
3.348104571697354;1;2022-11-05T02:00:00Z
3.251897355351888;1;2022-11-05T03:00:00Z
3.0106980012943327;1;2022-11-05T04:00:00Z
2.953693538677167;1;2022-11-05T05:00:00Z
3.1458921044339023;1;2022-11-05T06:00:00Z
2.765912165107676;1;2022-11-05T07:00:00Z
2.9514197523725416;1;2022-11-05T08:00:00Z
3.71266960615983;1;2022-11-05T09:00:00Z
3.4761614245754333;1;2022-11-05T10:00:00Z
3.240269755686123;1;2022-11-05T11:00:00Z
3.609584260079507;1;2022-11-05T12:00:00Z
3.518889576774546;1;2022-11-05T13:00:00Z
2.8018688347936247;1;2022-11-05T14:00:00Z
1.9545839428663507;1;2022-11-05T15:00:00Z
2.1116363980487916;1;2022-11-05T16:00:00Z
2.1497213532974784;1;2022-11-05T17:00:00Z
2.3450656836718067;1;2022-11-05T18:00:00Z
2.2725331615752435;1;2022-11-05T19:00:00Z
2.324347127688689;1;2022-11-05T20:00:00Z
2.393799096008832;1;2022-11-05T21:00:00Z
2.9279763204101577;1;2022-11-05T22:00:00Z
3.0246371063868462;1;2022-11-05T23:00:00Z
2.9656120563343005;1;2022-11-06T00:00:00Z
3.087176803558123;1;2022-11-06T01:00:00Z
3.6077082812104257;1;2022-11-06T02:00:00Z
3.576110529004251;1;2022-11-06T03:00:00Z
3.733842562684736;1;2022-11-06T04:00:00Z
3.936683109996721;1;2022-11-06T05:00:00Z
4.037800167009624;1;2022-11-06T06:00:00Z
4.166640326752894;1;2022-11-06T07:00:00Z
4.143634916362452;1;2022-11-06T08:00:00Z
4.780901982588012;1;2022-11-06T09:00:00Z
4.974847256192215;1;2022-11-06T10:00:00Z
4.516035326195716;1;2022-11-06T11:00:00Z
4.193747918016182;1;2022-11-06T12:00:00Z
4.05447942321752;1;2022-11-06T13:00:00Z
3.5718562762463426;1;2022-11-06T14:00:00Z
3.5769528831766917;1;2022-11-06T15:00:00Z
3.5137553924623535;1;2022-11-06T16:00:00Z
3.901344324654901;1;2022-11-06T17:00:00Z
4.26937176495126;1;2022-11-06T18:00:00Z
4.606899196637641;1;2022-11-06T19:00:00Z
4.439848375816081;1;2022-11-06T20:00:00Z
4.4560815544499865;1;2022-11-06T21:00:00Z
4.655825104107091;1;2022-11-06T22:00:00Z
4.896075916373145;1;2022-11-06T23:00:00Z
4.853172697201147;1;2022-11-07T00:00:00Z
4.705527196920618;1;2022-11-07T01:00:00Z
4.722975832202891;1;2022-11-07T02:00:00Z
4.621583677304167;1;2022-11-07T03:00:00Z
4.215844665016495;1;2022-11-07T04:00:00Z
4.145262046197001;1;2022-11-07T05:00:00Z
4.260372402967553;1;2022-11-07T06:00:00Z
4.433221799529341;1;2022-11-07T07:00:00Z
4.335484146082142;1;2022-11-07T08:00:00Z
4.472070059283454;1;2022-11-07T09:00:00Z
4.844297967202647;1;2022-11-07T10:00:00Z
5.028038289850506;1;2022-11-07T11:00:00Z
5.382626918596926;1;2022-11-07T12:00:00Z
5.099018584721364;1;2022-11-07T13:00:00Z
4.717142299559498;1;2022-11-07T14:00:00Z
4.641210555228124;1;2022-11-07T15:00:00Z
4.927919135708561;1;2022-11-07T16:00:00Z
4.7968209051956565;1;2022-11-07T17:00:00Z
4.712926161113695;1;2022-11-07T18:00:00Z
4.483889011195054;1;2022-11-07T19:00:00Z
4.173375075962446;1;2022-11-07T20:00:00Z
4.040327908091825;1;2022-11-07T21:00:00Z
4.33847932194107;1;2022-11-07T22:00:00Z
3.8196055265802213;1;2022-11-07T23:00:00Z
3.7881531688733365;1;2022-11-08T00:00:00Z
3.828231567903592;1;2022-11-08T01:00:00Z
3.763008712352871;1;2022-11-08T02:00:00Z
3.7079143473350977;1;2022-11-08T03:00:00Z
3.573257900019177;1;2022-11-08T04:00:00Z
3.5500790450712043;1;2022-11-08T05:00:00Z
3.5637834267752426;1;2022-11-08T06:00:00Z
3.723522037170121;1;2022-11-08T07:00:00Z
3.962375246969195;1;2022-11-08T08:00:00Z
3.884358149310173;1;2022-11-08T09:00:00Z
3.8814108166523305;1;2022-11-08T10:00:00Z
3.846788908440575;1;2022-11-08T11:00:00Z
3.7703620162477205;1;2022-11-08T12:00:00Z
4.01678107827153;1;2022-11-08T13:00:00Z
4.410981977166093;1;2022-11-08T14:00:00Z
4.378559486742522;1;2022-11-08T15:00:00Z
4.401520072579727;1;2022-11-08T16:00:00Z
4.45153706032805;1;2022-11-08T17:00:00Z
4.589821473394597;1;2022-11-08T18:00:00Z
4.4745404327370535;1;2022-11-08T19:00:00Z
4.4283978896144385;1;2022-11-08T20:00:00Z
4.202516832323882;1;2022-11-08T21:00:00Z
4.316573257372147;1;2022-11-08T22:00:00Z
3.602670817511861;1;2022-11-08T23:00:00Z
3.7395055136433584;1;2022-11-09T00:00:00Z
3.8569173748765926;1;2022-11-09T01:00:00Z
4.007520890994327;1;2022-11-09T02:00:00Z
3.937150591299269;1;2022-11-09T03:00:00Z
4.028287078791743;1;2022-11-09T04:00:00Z
4.1521066927425725;1;2022-11-09T05:00:00Z
4.343951311633514;1;2022-11-09T06:00:00Z
3.793373980769563;1;2022-11-09T07:00:00Z
4.288980643909293;1;2022-11-09T08:00:00Z
4.698411995148552;1;2022-11-09T09:00:00Z
5.076665357737396;1;2022-11-09T10:00:00Z
4.581903678794471;1;2022-11-09T11:00:00Z
4.178937773090282;1;2022-11-09T12:00:00Z
4.163972907574746;1;2022-11-09T13:00:00Z
4.357181499058899;1;2022-11-09T14:00:00Z
4.013505271168037;1;2022-11-09T15:00:00Z
3.8069409624883086;1;2022-11-09T16:00:00Z
3.901020037609512;1;2022-11-09T17:00:00Z
3.594566619452623;1;2022-11-09T18:00:00Z
3.69598357258212;1;2022-11-09T19:00:00Z
4.130159291652794;1;2022-11-09T20:00:00Z
4.240876243046301;1;2022-11-09T21:00:00Z
4.184787349020546;1;2022-11-09T22:00:00Z
4.242975454339731;1;2022-11-09T23:00:00Z
3.733328813046663;1;2022-11-10T00:00:00Z
4.034553982351687;1;2022-11-10T01:00:00Z
3.880530508645573;1;2022-11-10T02:00:00Z
4.241509471751474;1;2022-11-10T03:00:00Z
3.759241486262845;1;2022-11-10T04:00:00Z
3.8344804934495786;1;2022-11-10T05:00:00Z
3.8796617728676086;1;2022-11-10T06:00:00Z
4.022701816143286;1;2022-11-10T07:00:00Z
4.040608243233107;1;2022-11-10T08:00:00Z
4.697713741593062;1;2022-11-10T09:00:00Z
3.9762589333658434;1;2022-11-10T10:00:00Z
4.518052393990684;1;2022-11-10T11:00:00Z
4.720588652878257;1;2022-11-10T12:00:00Z
4.157548818228796;1;2022-11-10T13:00:00Z
3.901328180524023;1;2022-11-10T14:00:00Z
3.423942703008474;1;2022-11-10T15:00:00Z
3.3342332901955256;1;2022-11-10T16:00:00Z
3.7181808258136826;1;2022-11-10T17:00:00Z
3.814804979697908;1;2022-11-10T18:00:00Z
3.6213052824573864;1;2022-11-10T19:00:00Z
3.7420235318906694;1;2022-11-10T20:00:00Z
3.9149751917209583;1;2022-11-10T21:00:00Z
3.7385007060479074;1;2022-11-10T22:00:00Z
4.084935491832718;1;2022-11-10T23:00:00Z
4.174980755182666;1;2022-11-11T00:00:00Z
4.157535840321886;1;2022-11-11T01:00:00Z
3.8925699378066603;1;2022-11-11T02:00:00Z
3.9901373064269134;1;2022-11-11T03:00:00Z
4.1461866307003055;1;2022-11-11T04:00:00Z
3.8481573275099636;1;2022-11-11T05:00:00Z
3.694165271283425;1;2022-11-11T06:00:00Z
4.096536716058461;1;2022-11-11T07:00:00Z
4.152904016660421;1;2022-11-11T08:00:00Z
3.742255624759476;1;2022-11-11T09:00:00Z
3.8306065231700694;1;2022-11-11T10:00:00Z
4.1137582730556925;1;2022-11-11T11:00:00Z
4.060183244171538;1;2022-11-11T12:00:00Z
3.8235937663641764;1;2022-11-11T13:00:00Z
3.722508092561467;1;2022-11-11T14:00:00Z
3.2758399957510904;1;2022-11-11T15:00:00Z
2.9991950667285625;1;2022-11-11T16:00:00Z
2.9486053824386924;1;2022-11-11T17:00:00Z
2.751023527773568;1;2022-11-11T18:00:00Z
2.6878427049762132;1;2022-11-11T19:00:00Z
2.7192196215576194;1;2022-11-11T20:00:00Z
2.5538027614507146;1;2022-11-11T21:00:00Z
2.6717798725322814;1;2022-11-11T22:00:00Z
2.64203255989462;1;2022-11-11T23:00:00Z
2.592811298769747;1;2022-11-12T00:00:00Z
2.626303093275179;1;2022-11-12T01:00:00Z
2.60820541523823;1;2022-11-12T02:00:00Z
2.274047921683211;1;2022-11-12T03:00:00Z
2.198565637677003;1;2022-11-12T04:00:00Z
2.1606115601740865;1;2022-11-12T05:00:00Z
1.830808645936245;1;2022-11-12T06:00:00Z
1.5265688050144834;1;2022-11-12T07:00:00Z
1.696973467126525;1;2022-11-12T08:00:00Z
1.1077807658590941;1;2022-11-12T09:00:00Z
0.6449693152205496;1;2022-11-12T10:00:00Z
0.2920952079782708;1;2022-11-12T11:00:00Z
0.0864689673214429;1;2022-11-12T12:00:00Z
0.29291302825894944;1;2022-11-12T13:00:00Z
0.616174647275981;1;2022-11-12T14:00:00Z
1.2616391830062852;1;2022-11-12T15:00:00Z
1.8910513981305468;1;2022-11-12T16:00:00Z
1.8605733726512586;1;2022-11-12T17:00:00Z
1.7405505093040494;1;2022-11-12T18:00:00Z
1.7864527591140433;1;2022-11-12T19:00:00Z
2.168939646835072;1;2022-11-12T20:00:00Z
1.8663277675483252;1;2022-11-12T21:00:00Z
1.5291684150048652;1;2022-11-12T22:00:00Z
1.690227845326821;1;2022-11-12T23:00:00Z
1.8569336013513382;1;2022-11-13T00:00:00Z
1.9419886102742614;1;2022-11-13T01:00:00Z
2.1237030053061154;1;2022-11-13T02:00:00Z
2.0639635961877567;1;2022-11-13T03:00:00Z
1.9530755504209525;1;2022-11-13T04:00:00Z
1.7423143240803545;1;2022-11-13T05:00:00Z
1.879387355558115;1;2022-11-13T06:00:00Z
2.3298941969047844;1;2022-11-13T07:00:00Z
2.785446356237107;1;2022-11-13T08:00:00Z
3.4336947726256435;1;2022-11-13T09:00:00Z
2.8586325945788693;1;2022-11-13T10:00:00Z
3.7477883329038466;1;2022-11-13T11:00:00Z
3.884520599295008;1;2022-11-13T12:00:00Z
3.7581489252950258;1;2022-11-13T13:00:00Z
3.2582849902241158;1;2022-11-13T14:00:00Z
3.122653001593099;1;2022-11-13T15:00:00Z
3.452765000021117;1;2022-11-13T16:00:00Z
3.733132480988473;1;2022-11-13T17:00:00Z
3.9270303534441418;1;2022-11-13T18:00:00Z
3.9517132909910293;1;2022-11-13T19:00:00Z
3.9287405589229087;1;2022-11-13T20:00:00Z
3.9793364526885835;1;2022-11-13T21:00:00Z
4.074349699369037;1;2022-11-13T22:00:00Z
4.194010488350662;1;2022-11-13T23:00:00Z
4.2155968664728025;1;2022-11-14T00:00:00Z
4.163600303802528;1;2022-11-14T01:00:00Z
4.201550834132021;1;2022-11-14T02:00:00Z
3.9882426074957764;1;2022-11-14T03:00:00Z
4.186659280371232;1;2022-11-14T04:00:00Z
4.134356539226774;1;2022-11-14T05:00:00Z
4.0608234497828075;1;2022-11-14T06:00:00Z
4.088475565541723;1;2022-11-14T07:00:00Z
4.0277368102852895;1;2022-11-14T08:00:00Z
4.418688532128902;1;2022-11-14T09:00:00Z
3.904444233384852;1;2022-11-14T10:00:00Z
3.9945934412168884;1;2022-11-14T11:00:00Z
3.751445812047536;1;2022-11-14T12:00:00Z
3.5653523205236404;1;2022-11-14T13:00:00Z
2.823081795332248;1;2022-11-14T14:00:00Z
2.9886535913202534;1;2022-11-14T15:00:00Z
3.5407777446015802;1;2022-11-14T16:00:00Z
3.072560554072292;1;2022-11-14T17:00:00Z
2.9849707395542366;1;2022-11-14T18:00:00Z
2.8849448730471323;1;2022-11-14T19:00:00Z
3.0124969558496844;1;2022-11-14T20:00:00Z
3.076628209876811;1;2022-11-14T21:00:00Z
3.232638968673137;1;2022-11-14T22:00:00Z
2.9091206370675353;1;2022-11-14T23:00:00Z
2.7255396011279096;1;2022-11-15T00:00:00Z
3.047527910275993;1;2022-11-15T01:00:00Z
3.168542959378118;1;2022-11-15T02:00:00Z
2.92327505948165;1;2022-11-15T03:00:00Z
2.542002865222675;1;2022-11-15T04:00:00Z
2.441383060848152;1;2022-11-15T05:00:00Z
2.4422302200440473;1;2022-11-15T06:00:00Z
2.5920202458366073;1;2022-11-15T07:00:00Z
2.978859093517797;1;2022-11-15T08:00:00Z
2.1826802547961788;1;2022-11-15T09:00:00Z
1.4184185128477473;1;2022-11-15T10:00:00Z
1.2736915429765607;1;2022-11-15T11:00:00Z
1.3211447255200957;1;2022-11-15T12:00:00Z
1.7851758294840514;1;2022-11-15T13:00:00Z
1.3619226888748988;1;2022-11-15T14:00:00Z
1.8901310697816573;1;2022-11-15T15:00:00Z
2.5205046709168313;1;2022-11-15T16:00:00Z
2.752871482171886;1;2022-11-15T17:00:00Z
2.9057020955791013;1;2022-11-15T18:00:00Z
2.9541333142429735;1;2022-11-15T19:00:00Z
3.0345740199484545;1;2022-11-15T20:00:00Z
3.1580282678591654;1;2022-11-15T21:00:00Z
3.352357508116846;1;2022-11-15T22:00:00Z
3.4441143701159365;1;2022-11-15T23:00:00Z
3.617495165820704;1;2022-11-16T00:00:00Z
4.268636310700468;1;2022-11-16T01:00:00Z
4.48141349684027;1;2022-11-16T02:00:00Z
4.173344510751617;1;2022-11-16T03:00:00Z
3.828528103042367;1;2022-11-16T04:00:00Z
3.694797008775621;1;2022-11-16T05:00:00Z
3.8768853588634697;1;2022-11-16T06:00:00Z
3.7208464815564812;1;2022-11-16T07:00:00Z
4.2203541604074974;1;2022-11-16T08:00:00Z
5.030919739536275;1;2022-11-16T09:00:00Z
5.463376761797193;1;2022-11-16T10:00:00Z
5.142893600612831;1;2022-11-16T11:00:00Z
4.998854495291899;1;2022-11-16T12:00:00Z
4.895818984638114;1;2022-11-16T13:00:00Z
4.852201254168666;1;2022-11-16T14:00:00Z
4.677508811267777;1;2022-11-16T15:00:00Z
4.825414338778935;1;2022-11-16T16:00:00Z
5.05055655305727;1;2022-11-16T17:00:00Z
5.164322341953249;1;2022-11-16T18:00:00Z
5.289908049499718;1;2022-11-16T19:00:00Z
5.298828967944865;1;2022-11-16T20:00:00Z
5.3056432762090555;1;2022-11-16T21:00:00Z
5.126556290918056;1;2022-11-16T22:00:00Z
5.393257295815029;1;2022-11-16T23:00:00Z
5.615555073645598;1;2022-11-17T00:00:00Z
5.547281243778981;1;2022-11-17T01:00:00Z
5.135272609749706;1;2022-11-17T02:00:00Z
5.493627670105814;1;2022-11-17T03:00:00Z
5.697919847973997;1;2022-11-17T04:00:00Z
5.659014423186496;1;2022-11-17T05:00:00Z
5.746272902192706;1;2022-11-17T06:00:00Z
5.784562206272888;1;2022-11-17T07:00:00Z
7.450148605199793;1;2022-11-17T08:00:00Z
7.135230477974874;1;2022-11-17T09:00:00Z
7.131658969525692;1;2022-11-17T10:00:00Z
6.944248031631409;1;2022-11-17T11:00:00Z
6.89243893640596;1;2022-11-17T12:00:00Z
7.399459695313693;1;2022-11-17T13:00:00Z
7.4448518445734;1;2022-11-17T14:00:00Z
7.087036647083541;1;2022-11-17T15:00:00Z
7.0061590052978024;1;2022-11-17T16:00:00Z
7.036021129204296;1;2022-11-17T17:00:00Z
6.799560205919969;1;2022-11-17T18:00:00Z
6.812491066113149;1;2022-11-17T19:00:00Z
6.590798338141484;1;2022-11-17T20:00:00Z
6.365620722551954;1;2022-11-17T21:00:00Z
5.147041715003396;1;2022-11-17T22:00:00Z
5.269069192760056;1;2022-11-17T23:00:00Z
5.234896910343887;1;2022-11-18T00:00:00Z
5.461847001171013;1;2022-11-18T01:00:00Z
5.480202463989759;1;2022-11-18T02:00:00Z
5.248818653501235;1;2022-11-18T03:00:00Z
5.1935922807371;1;2022-11-18T04:00:00Z
5.324130677166364;1;2022-11-18T05:00:00Z
5.325287561995859;1;2022-11-18T06:00:00Z
5.118525511614833;1;2022-11-18T07:00:00Z
4.859733918510852;1;2022-11-18T08:00:00Z
5.357143633233557;1;2022-11-18T09:00:00Z
5.893658269795172;1;2022-11-18T10:00:00Z
5.481795641031056;1;2022-11-18T11:00:00Z
5.132883524032666;1;2022-11-18T12:00:00Z
5.392398950861288;1;2022-11-18T13:00:00Z
5.077024456157084;1;2022-11-18T14:00:00Z
4.268994114155058;1;2022-11-18T15:00:00Z
3.71355214146249;1;2022-11-18T16:00:00Z
3.409258518713514;1;2022-11-18T17:00:00Z
2.810824686727666;1;2022-11-18T18:00:00Z
1.8845538297650861;1;2022-11-18T19:00:00Z
1.8261087173062167;1;2022-11-18T20:00:00Z
1.7796657258305333;1;2022-11-18T21:00:00Z
2.0942628829069063;1;2022-11-18T22:00:00Z
1.6418131887292629;1;2022-11-18T23:00:00Z
1.6702033372071265;1;2022-11-19T00:00:00Z
1.768405821909973;1;2022-11-19T01:00:00Z
2.013482066612716;1;2022-11-19T02:00:00Z
1.6022347622372974;1;2022-11-19T03:00:00Z
1.6894313359658133;1;2022-11-19T04:00:00Z
1.7764764391545693;1;2022-11-19T05:00:00Z
1.9504156801537915;1;2022-11-19T06:00:00Z
2.750889696995927;1;2022-11-19T07:00:00Z
3.3105706434338447;1;2022-11-19T08:00:00Z
3.7555500715203167;1;2022-11-19T09:00:00Z
4.492918680298996;1;2022-11-19T10:00:00Z
4.581156439215898;1;2022-11-19T11:00:00Z
4.699114609887202;1;2022-11-19T12:00:00Z
4.448784430459527;1;2022-11-19T13:00:00Z
4.431051564110002;1;2022-11-19T14:00:00Z
4.571040930298142;1;2022-11-19T15:00:00Z
4.608642171125776;1;2022-11-19T16:00:00Z
4.340181901525054;1;2022-11-19T17:00:00Z
3.887664646102597;1;2022-11-19T18:00:00Z
3.624003756056368;1;2022-11-19T19:00:00Z
3.478198764881252;1;2022-11-19T20:00:00Z
3.505317041476571;1;2022-11-19T21:00:00Z
3.6287267044670535;1;2022-11-19T22:00:00Z
3.8228999434152495;1;2022-11-19T23:00:00Z
3.9842229474343047;1;2022-11-20T00:00:00Z
3.788325699325543;1;2022-11-20T01:00:00Z
3.412859171064699;1;2022-11-20T02:00:00Z
3.3361559982544997;1;2022-11-20T03:00:00Z
3.1253434029648353;1;2022-11-20T04:00:00Z
2.925280336597189;1;2022-11-20T05:00:00Z
2.8107186657349756;1;2022-11-20T06:00:00Z
3.031209026471476;1;2022-11-20T07:00:00Z
3.5000270842123804;1;2022-11-20T08:00:00Z
3.898729011662367;1;2022-11-20T09:00:00Z
4.158146371371596;1;2022-11-20T10:00:00Z
4.108939814089858;1;2022-11-20T11:00:00Z
4.0362267281751025;1;2022-11-20T12:00:00Z
3.7055855903910957;1;2022-11-20T13:00:00Z
3.2401889029752433;1;2022-11-20T14:00:00Z
2.827625400975783;1;2022-11-20T15:00:00Z
2.7580531483921744;1;2022-11-20T16:00:00Z
2.907716175929993;1;2022-11-20T17:00:00Z
2.6703638229138345;1;2022-11-20T18:00:00Z
2.7140746423728523;1;2022-11-20T19:00:00Z
2.8125649952013316;1;2022-11-20T20:00:00Z
2.015333262252992;1;2022-11-20T21:00:00Z
2.66077571183291;1;2022-11-20T22:00:00Z
1.6243333437627974;1;2022-11-20T23:00:00Z
1.162312546318329;1;2022-11-21T00:00:00Z
1.419208152172892;1;2022-11-21T01:00:00Z
1.4362560353848532;1;2022-11-21T02:00:00Z
0.8943573886103349;1;2022-11-21T03:00:00Z
1.00387070183477;1;2022-11-21T04:00:00Z
1.260355534555458;1;2022-11-21T05:00:00Z
1.1479025721474039;1;2022-11-21T06:00:00Z
1.1805807848381527;1;2022-11-21T07:00:00Z
1.9438846249980004;1;2022-11-21T08:00:00Z
1.8080712198850042;1;2022-11-21T09:00:00Z
2.7163188431442697;1;2022-11-21T10:00:00Z
2.7993312298758277;1;2022-11-21T11:00:00Z
2.323132444780733;1;2022-11-21T12:00:00Z
1.935317492749115;1;2022-11-21T13:00:00Z
1.2816047352446511;1;2022-11-21T14:00:00Z
1.3295358783321716;1;2022-11-21T15:00:00Z
1.9674410357863281;1;2022-11-21T16:00:00Z
2.2863382172590487;1;2022-11-21T17:00:00Z
2.6718928146042424;1;2022-11-21T18:00:00Z
3.2497715856198717;1;2022-11-21T19:00:00Z
3.401914915763481;1;2022-11-21T20:00:00Z
3.576169337962168;1;2022-11-21T21:00:00Z
3.8689961270763438;1;2022-11-21T22:00:00Z
4.224323127142023;1;2022-11-21T23:00:00Z
3.8668888300209723;1;2022-11-22T00:00:00Z
4.092847716989169;1;2022-11-22T01:00:00Z
4.259587852024545;1;2022-11-22T02:00:00Z
4.434948518482084;1;2022-11-22T03:00:00Z
4.411266075014632;1;2022-11-22T04:00:00Z
4.538922830533516;1;2022-11-22T05:00:00Z
4.867523989797618;1;2022-11-22T06:00:00Z
4.379830829983504;1;2022-11-22T07:00:00Z
4.408571873639822;1;2022-11-22T08:00:00Z
4.897522389558088;1;2022-11-22T09:00:00Z
4.958597048470514;1;2022-11-22T10:00:00Z
4.84180706220138;1;2022-11-22T11:00:00Z
4.432275128158817;1;2022-11-22T12:00:00Z
4.134490377673462;1;2022-11-22T13:00:00Z
3.601483341869169;1;2022-11-22T14:00:00Z
3.039360033954941;1;2022-11-22T15:00:00Z
3.418886165987157;1;2022-11-22T16:00:00Z
3.7435112211301296;1;2022-11-22T17:00:00Z
3.6765704552142546;1;2022-11-22T18:00:00Z
3.3611411242559686;1;2022-11-22T19:00:00Z
3.167620365881504;1;2022-11-22T20:00:00Z
3.4176944057403045;1;2022-11-22T21:00:00Z
3.300881358418949;1;2022-11-22T22:00:00Z
3.1678957832750525;1;2022-11-22T23:00:00Z
2.9664934441411854;1;2022-11-23T00:00:00Z
2.8467567982742508;1;2022-11-23T01:00:00Z
2.842523541021073;1;2022-11-23T02:00:00Z
2.673479852495601;1;2022-11-23T03:00:00Z
2.699271162310745;1;2022-11-23T04:00:00Z
2.7268966483392325;1;2022-11-23T05:00:00Z
2.6744720284636694;1;2022-11-23T06:00:00Z
2.6237827311192037;1;2022-11-23T07:00:00Z
2.8877850172102435;1;2022-11-23T08:00:00Z
3.0302526984943423;1;2022-11-23T09:00:00Z
2.9016608630491114;1;2022-11-23T10:00:00Z
2.7335600089713057;1;2022-11-23T11:00:00Z
2.632174607781951;1;2022-11-23T12:00:00Z
2.6445488165372435;1;2022-11-23T13:00:00Z
2.7650065803523085;1;2022-11-23T14:00:00Z
2.972054083690926;1;2022-11-23T15:00:00Z
3.2243662540318523;1;2022-11-23T16:00:00Z
3.3518136527140654;1;2022-11-23T17:00:00Z
3.1902810150509846;1;2022-11-23T18:00:00Z
2.8900377341076955;1;2022-11-23T19:00:00Z
2.6625395681275656;1;2022-11-23T20:00:00Z
2.4675333629529757;1;2022-11-23T21:00:00Z
2.289784672163606;1;2022-11-23T22:00:00Z
2.5774932138432107;1;2022-11-23T23:00:00Z
2.8525843038042247;1;2022-11-24T00:00:00Z
2.924061548719213;1;2022-11-24T01:00:00Z
2.7340827558338447;1;2022-11-24T02:00:00Z
2.2328549964279483;1;2022-11-24T03:00:00Z
1.9877331237523814;1;2022-11-24T04:00:00Z
1.8630610146942588;1;2022-11-24T05:00:00Z
1.8375711333865377;1;2022-11-24T06:00:00Z
1.7837983773206967;1;2022-11-24T07:00:00Z
2.1348702650458056;1;2022-11-24T08:00:00Z
1.7763983432360366;1;2022-11-24T09:00:00Z
1.6880483201911847;1;2022-11-24T10:00:00Z
1.7246805385270483;1;2022-11-24T11:00:00Z
1.8628100514074213;1;2022-11-24T12:00:00Z
1.5863621876326024;1;2022-11-24T13:00:00Z
1.1151208251891271;1;2022-11-24T14:00:00Z
1.8222559310818118;1;2022-11-24T15:00:00Z
1.665890992683569;1;2022-11-24T16:00:00Z
1.6497022632890512;1;2022-11-24T17:00:00Z
1.4765377999324487;1;2022-11-24T18:00:00Z
1.5455334167341324;1;2022-11-24T19:00:00Z
1.5691874778418033;1;2022-11-24T20:00:00Z
1.5600291893552423;1;2022-11-24T21:00:00Z
1.4527334873112105;1;2022-11-24T22:00:00Z
1.4172711864018925;1;2022-11-24T23:00:00Z
1.1866058988511385;1;2022-11-25T00:00:00Z
1.1714159600059946;1;2022-11-25T01:00:00Z
1.2394750964352725;1;2022-11-25T02:00:00Z
1.3978062083692215;1;2022-11-25T03:00:00Z
1.4457691742229617;1;2022-11-25T04:00:00Z
1.311141779506355;1;2022-11-25T05:00:00Z
1.2895923063649748;1;2022-11-25T06:00:00Z
1.6766474940271492;1;2022-11-25T07:00:00Z
1.9530630341216721;1;2022-11-25T08:00:00Z
1.922121024309781;1;2022-11-25T09:00:00Z
2.1504087669549534;1;2022-11-25T10:00:00Z
2.1850617161279557;1;2022-11-25T11:00:00Z
2.3384545972626376;1;2022-11-25T12:00:00Z
2.097245704556316;1;2022-11-25T13:00:00Z
1.4112694586374503;1;2022-11-25T14:00:00Z
1.563743613917185;1;2022-11-25T15:00:00Z
1.738251922984076;1;2022-11-25T16:00:00Z
1.4146803460351625;1;2022-11-25T17:00:00Z
1.1643899946913974;1;2022-11-25T18:00:00Z
1.0880463172481052;1;2022-11-25T19:00:00Z
1.2897093479067618;1;2022-11-25T20:00:00Z
1.8797870540309949;1;2022-11-25T21:00:00Z
2.445598889539425;1;2022-11-25T22:00:00Z
1.9922581480678174;1;2022-11-25T23:00:00Z
1.8570248300605996;1;2022-11-26T00:00:00Z
2.1813148870113688;1;2022-11-26T01:00:00Z
2.4756925363186664;1;2022-11-26T02:00:00Z
2.755966412304199;1;2022-11-26T03:00:00Z
3.049531830107679;1;2022-11-26T04:00:00Z
3.3001678000116743;1;2022-11-26T05:00:00Z
3.3092864954220995;1;2022-11-26T06:00:00Z
3.2341498815991687;1;2022-11-26T07:00:00Z
3.155544467210009;1;2022-11-26T08:00:00Z
3.8320442483680575;1;2022-11-26T09:00:00Z
3.7507659291960205;1;2022-11-26T10:00:00Z
4.095348802647114;1;2022-11-26T11:00:00Z
3.4726471990191285;1;2022-11-26T12:00:00Z
3.235580247342216;1;2022-11-26T13:00:00Z
2.1862976003186656;1;2022-11-26T14:00:00Z
1.2749954395823093;1;2022-11-26T15:00:00Z
1.372334051490879;1;2022-11-26T16:00:00Z
1.7408057219510797;1;2022-11-26T17:00:00Z
2.039469177879474;1;2022-11-26T18:00:00Z
1.797734014332763;1;2022-11-26T19:00:00Z
1.5178916440380024;1;2022-11-26T20:00:00Z
1.7367064662220604;1;2022-11-26T21:00:00Z
1.5501329892657973;1;2022-11-26T22:00:00Z
1.3325137030563463;1;2022-11-26T23:00:00Z
1.1315194932097223;1;2022-11-27T00:00:00Z
1.3492424262806253;1;2022-11-27T01:00:00Z
1.523901265200847;1;2022-11-27T02:00:00Z
1.8464999596592715;1;2022-11-27T03:00:00Z
1.9386507494428944;1;2022-11-27T04:00:00Z
2.151935517599791;1;2022-11-27T05:00:00Z
2.2889571446282617;1;2022-11-27T06:00:00Z
2.3777385816754;1;2022-11-27T07:00:00Z
2.776825679885965;1;2022-11-27T08:00:00Z
2.7329349423126557;1;2022-11-27T09:00:00Z
2.4008519761254585;1;2022-11-27T10:00:00Z
2.5882269774068627;1;2022-11-27T11:00:00Z
2.839706917935311;1;2022-11-27T12:00:00Z
2.9592953359282506;1;2022-11-27T13:00:00Z
3.1441439979958528;1;2022-11-27T14:00:00Z
3.336694921660401;1;2022-11-27T15:00:00Z
3.4940579483729586;1;2022-11-27T16:00:00Z
3.6933596187389046;1;2022-11-27T17:00:00Z
3.9603983813044605;1;2022-11-27T18:00:00Z
4.016407773875729;1;2022-11-27T19:00:00Z
3.8130838391111617;1;2022-11-27T20:00:00Z
3.9067010618186817;1;2022-11-27T21:00:00Z
4.692634508269494;1;2022-11-27T22:00:00Z
4.433391497540504;1;2022-11-27T23:00:00Z
4.277208713410478;1;2022-11-28T00:00:00Z
4.384637458685078;1;2022-11-28T01:00:00Z
4.506091632851837;1;2022-11-28T02:00:00Z
4.628054541702563;1;2022-11-28T03:00:00Z
4.712394907930918;1;2022-11-28T04:00:00Z
4.867298617098929;1;2022-11-28T05:00:00Z
5.00348410631468;1;2022-11-28T06:00:00Z
4.922717021396592;1;2022-11-28T07:00:00Z
5.059701580283616;1;2022-11-28T08:00:00Z
4.818249044552429;1;2022-11-28T09:00:00Z
4.450570805221639;1;2022-11-28T10:00:00Z
4.918686452541609;1;2022-11-28T11:00:00Z
5.421498603392145;1;2022-11-28T12:00:00Z
5.112143104747156;1;2022-11-28T13:00:00Z
4.472324937221162;1;2022-11-28T14:00:00Z
4.44021007796097;1;2022-11-28T15:00:00Z
4.492378009633753;1;2022-11-28T16:00:00Z
4.329153436031241;1;2022-11-28T17:00:00Z
3.892895653254146;1;2022-11-28T18:00:00Z
3.532972392559066;1;2022-11-28T19:00:00Z
3.4880363804847407;1;2022-11-28T20:00:00Z
3.5011209902966223;1;2022-11-28T21:00:00Z
3.4608175993057673;1;2022-11-28T22:00:00Z
3.277184649859291;1;2022-11-28T23:00:00Z
3.265271438119195;1;2022-11-29T00:00:00Z
3.180809469865178;1;2022-11-29T01:00:00Z
3.0943249024927266;1;2022-11-29T02:00:00Z
3.0643104088207647;1;2022-11-29T03:00:00Z
2.970970166307408;1;2022-11-29T04:00:00Z
2.9170323796154887;1;2022-11-29T05:00:00Z
2.9250056015343606;1;2022-11-29T06:00:00Z
2.8961533303673566;1;2022-11-29T07:00:00Z
3.038772541648115;1;2022-11-29T08:00:00Z
2.998674176639359;1;2022-11-29T09:00:00Z
3.02023300583951;1;2022-11-29T10:00:00Z
2.9156707773029424;1;2022-11-29T11:00:00Z
2.903905537452645;1;2022-11-29T12:00:00Z
2.7588396118632184;1;2022-11-29T13:00:00Z
2.525986446326054;1;2022-11-29T14:00:00Z
2.6937616479220843;1;2022-11-29T15:00:00Z
2.960189226149893;1;2022-11-29T16:00:00Z
3.000815117433402;1;2022-11-29T17:00:00Z
3.03093946859201;1;2022-11-29T18:00:00Z
3.0225423383046537;1;2022-11-29T19:00:00Z
3.0872253483762444;1;2022-11-29T20:00:00Z
3.0247374359551498;1;2022-11-29T21:00:00Z
2.879016675631906;1;2022-11-29T22:00:00Z
2.7776915390429746;1;2022-11-29T23:00:00Z
2.851345697324434;1;2022-11-30T00:00:00Z
2.833071967614745;1;2022-11-30T01:00:00Z
2.7722842041443374;1;2022-11-30T02:00:00Z
2.907267364073849;1;2022-11-30T03:00:00Z
2.9718099748120617;1;2022-11-30T04:00:00Z
3.0493377108625492;1;2022-11-30T05:00:00Z
3.1286317622862105;1;2022-11-30T06:00:00Z
3.260549550995445;1;2022-11-30T07:00:00Z
3.2462160362480468;1;2022-11-30T08:00:00Z
2.953300385739941;1;2022-11-30T09:00:00Z
3.030813720114483;1;2022-11-30T10:00:00Z
3.0615790105454863;1;2022-11-30T11:00:00Z
3.0358930093899343;1;2022-11-30T12:00:00Z
2.9767106805215313;1;2022-11-30T13:00:00Z
2.7774714355258454;1;2022-11-30T14:00:00Z
2.8022409073545127;1;2022-11-30T15:00:00Z
2.891210935580347;1;2022-11-30T16:00:00Z
2.884266088775625;1;2022-11-30T17:00:00Z
3.0351671688398256;1;2022-11-30T18:00:00Z
3.092447997535338;1;2022-11-30T19:00:00Z
3.0931833875935286;1;2022-11-30T20:00:00Z
3.188836322250486;1;2022-11-30T21:00:00Z
3.1963804763758645;1;2022-11-30T22:00:00Z
3.1244675482622517;1;2022-11-30T23:00:00Z
2.9319443501540707;1;2022-12-01T00:00:00Z
2.6411389751511773;1;2022-12-01T01:00:00Z
2.6496554228893525;1;2022-12-01T02:00:00Z
2.6715224394250483;1;2022-12-01T03:00:00Z
2.5584640259877824;1;2022-12-01T04:00:00Z
2.5490417608612965;1;2022-12-01T05:00:00Z
2.7244083193228494;1;2022-12-01T06:00:00Z
2.796858365345121;1;2022-12-01T07:00:00Z
2.7888062447504214;1;2022-12-01T08:00:00Z
2.7829200677966854;1;2022-12-01T09:00:00Z
2.8088702762961852;1;2022-12-01T10:00:00Z
2.6610225557303484;1;2022-12-01T11:00:00Z
2.657144277839535;1;2022-12-01T12:00:00Z
2.6262355158709187;1;2022-12-01T13:00:00Z
2.554175862666447;1;2022-12-01T14:00:00Z
2.864549333114622;1;2022-12-01T15:00:00Z
2.641984287734291;1;2022-12-01T16:00:00Z
2.243109967008994;1;2022-12-01T17:00:00Z
2.203167239040958;1;2022-12-01T18:00:00Z
1.9922920326628961;1;2022-12-01T19:00:00Z
1.9740963632958968;1;2022-12-01T20:00:00Z
2.1674877099742953;1;2022-12-01T21:00:00Z
2.527727659348245;1;2022-12-01T22:00:00Z
2.6399332722868376;1;2022-12-01T23:00:00Z
2.5732177355348487;1;2022-12-02T00:00:00Z
2.478862196451362;1;2022-12-02T01:00:00Z
2.600518414625334;1;2022-12-02T02:00:00Z
2.8843943478822207;1;2022-12-02T03:00:00Z
3.0774194352427107;1;2022-12-02T04:00:00Z
3.0868002320903054;1;2022-12-02T05:00:00Z
3.2012907289417947;1;2022-12-02T06:00:00Z
3.3981555616537977;1;2022-12-02T07:00:00Z
4.018275538606831;1;2022-12-02T08:00:00Z
4.681325555028778;1;2022-12-02T09:00:00Z
4.215917219411841;1;2022-12-02T10:00:00Z
4.031450204855146;1;2022-12-02T11:00:00Z
3.8625827637622105;1;2022-12-02T12:00:00Z
3.7739521337302055;1;2022-12-02T13:00:00Z
3.8867161790769544;1;2022-12-02T14:00:00Z
3.9600461330340293;1;2022-12-02T15:00:00Z
4.254476338311973;1;2022-12-02T16:00:00Z
4.0731944667680455;1;2022-12-02T17:00:00Z
4.076396129239214;1;2022-12-02T18:00:00Z
4.118790485189606;1;2022-12-02T19:00:00Z
3.869712733803449;1;2022-12-02T20:00:00Z
3.7885998669424383;1;2022-12-02T21:00:00Z
3.880436430399799;1;2022-12-02T22:00:00Z
3.852385456742448;1;2022-12-02T23:00:00Z
3.7222853849351307;1;2022-12-03T00:00:00Z
3.8689563370273112;1;2022-12-03T01:00:00Z
4.009016758229218;1;2022-12-03T02:00:00Z
3.9401308454556214;1;2022-12-03T03:00:00Z
4.5348809862833095;1;2022-12-03T04:00:00Z
3.9391239559775544;1;2022-12-03T05:00:00Z
3.6423138797736496;1;2022-12-03T06:00:00Z
3.788398364134273;1;2022-12-03T07:00:00Z
3.8631944615742975;1;2022-12-03T08:00:00Z
3.764041084816661;1;2022-12-03T09:00:00Z
3.3835776536809874;1;2022-12-03T10:00:00Z
2.975826350460052;1;2022-12-03T11:00:00Z
2.9917197515718974;1;2022-12-03T12:00:00Z
2.947766547950995;1;2022-12-03T13:00:00Z
3.2887305039598624;1;2022-12-03T14:00:00Z
3.2806542266899044;1;2022-12-03T15:00:00Z
2.9256709204677667;1;2022-12-03T16:00:00Z
2.8693098025177686;1;2022-12-03T17:00:00Z
2.8893278027660143;1;2022-12-03T18:00:00Z
2.919569902083223;1;2022-12-03T19:00:00Z
2.9975383664450956;1;2022-12-03T20:00:00Z
3.2035024810277206;1;2022-12-03T21:00:00Z
3.200096127576053;1;2022-12-03T22:00:00Z
3.321703996572257;1;2022-12-03T23:00:00Z
3.1011872581455586;1;2022-12-04T00:00:00Z
3.2196589825890953;1;2022-12-04T01:00:00Z
3.473631691953921;1;2022-12-04T02:00:00Z
3.6143958281423343;1;2022-12-04T03:00:00Z
3.6162397961785326;1;2022-12-04T04:00:00Z
3.7375813485609766;1;2022-12-04T05:00:00Z
3.6641224392643084;1;2022-12-04T06:00:00Z
3.474668858249629;1;2022-12-04T07:00:00Z
3.579686346634626;1;2022-12-04T08:00:00Z
3.6264954366064557;1;2022-12-04T09:00:00Z
3.178739542541355;1;2022-12-04T10:00:00Z
3.2747010846147715;1;2022-12-04T11:00:00Z
3.1676376919014233;1;2022-12-04T12:00:00Z
3.2533394562352553;1;2022-12-04T13:00:00Z
3.2877477026578514;1;2022-12-04T14:00:00Z
3.6619863607681924;1;2022-12-04T15:00:00Z
3.913032077526502;1;2022-12-04T16:00:00Z
3.9625906141544016;1;2022-12-04T17:00:00Z
3.6818171614195285;1;2022-12-04T18:00:00Z
3.5978931917377537;1;2022-12-04T19:00:00Z
3.6582695318884926;1;2022-12-04T20:00:00Z
3.473270755629967;1;2022-12-04T21:00:00Z
3.372657069481148;1;2022-12-04T22:00:00Z
3.536572277918002;1;2022-12-04T23:00:00Z
3.5729706868384548;1;2022-12-05T00:00:00Z
3.4712299937102333;1;2022-12-05T01:00:00Z
3.431085854293573;1;2022-12-05T02:00:00Z
3.3146925148074415;1;2022-12-05T03:00:00Z
3.301034329117928;1;2022-12-05T04:00:00Z
3.0688874958181076;1;2022-12-05T05:00:00Z
3.0211436728080034;1;2022-12-05T06:00:00Z
2.9659636703238865;1;2022-12-05T07:00:00Z
2.742721767870831;1;2022-12-05T08:00:00Z
2.5163363131156373;1;2022-12-05T09:00:00Z
2.3607726507091598;1;2022-12-05T10:00:00Z
2.190935891522271;1;2022-12-05T11:00:00Z
1.7462050920346774;1;2022-12-05T12:00:00Z
1.455461944009805;1;2022-12-05T13:00:00Z
1.4122278558121322;1;2022-12-05T14:00:00Z
1.0946793431028277;1;2022-12-05T15:00:00Z
0.9315352202654344;1;2022-12-05T16:00:00Z
0.923869722437744;1;2022-12-05T17:00:00Z
1.3737313832846405;1;2022-12-05T18:00:00Z
1.9739273161128637;1;2022-12-05T19:00:00Z
2.3058739664422974;1;2022-12-05T20:00:00Z
2.391602898262622;1;2022-12-05T21:00:00Z
2.3061316455556167;1;2022-12-05T22:00:00Z
2.4608968795188524;1;2022-12-05T23:00:00Z
2.487514652893549;1;2022-12-06T00:00:00Z
2.332047916073245;1;2022-12-06T01:00:00Z
2.2960967941845145;1;2022-12-06T02:00:00Z
2.3067222966276404;1;2022-12-06T03:00:00Z
2.6652213472304083;1;2022-12-06T04:00:00Z
2.6693792741983096;1;2022-12-06T05:00:00Z
2.4462337471271898;1;2022-12-06T06:00:00Z
2.3149372882354124;1;2022-12-06T07:00:00Z
2.6661108249774985;1;2022-12-06T08:00:00Z
2.8021846811044218;1;2022-12-06T09:00:00Z
2.991591416953;1;2022-12-06T10:00:00Z
2.790006859919589;1;2022-12-06T11:00:00Z
2.6372164129953024;1;2022-12-06T12:00:00Z
2.626451013091393;1;2022-12-06T13:00:00Z
2.807246816706368;1;2022-12-06T14:00:00Z
2.564428285817034;1;2022-12-06T15:00:00Z
2.578025333409452;1;2022-12-06T16:00:00Z
2.8612245225102564;1;2022-12-06T17:00:00Z
3.1546725177555413;1;2022-12-06T18:00:00Z
3.4100941877657376;1;2022-12-06T19:00:00Z
3.5579699748571523;1;2022-12-06T20:00:00Z
3.613246461819961;1;2022-12-06T21:00:00Z
3.673380601990295;1;2022-12-06T22:00:00Z
3.7081698172351385;1;2022-12-06T23:00:00Z
3.696432621442151;1;2022-12-07T00:00:00Z
3.7547034857289177;1;2022-12-07T01:00:00Z
3.6219848888290977;1;2022-12-07T02:00:00Z
3.6324593288642606;1;2022-12-07T03:00:00Z
3.9615156080711773;1;2022-12-07T04:00:00Z
4.643539919076953;1;2022-12-07T05:00:00Z
4.891263566545141;1;2022-12-07T06:00:00Z
5.2840896913422934;1;2022-12-07T07:00:00Z
5.867806659801155;1;2022-12-07T08:00:00Z
5.820110605160129;1;2022-12-07T09:00:00Z
4.7668095206058325;1;2022-12-07T10:00:00Z
4.84472143925481;1;2022-12-07T11:00:00Z
5.018492549697596;1;2022-12-07T12:00:00Z
5.310569779034858;1;2022-12-07T13:00:00Z
5.180469904894523;1;2022-12-07T14:00:00Z
5.079497115357077;1;2022-12-07T15:00:00Z
5.010992857697546;1;2022-12-07T16:00:00Z
4.952083723267271;1;2022-12-07T17:00:00Z
4.6272568623603405;1;2022-12-07T18:00:00Z
4.251955812663039;1;2022-12-07T19:00:00Z
3.7864939678727536;1;2022-12-07T20:00:00Z
3.310670639518093;1;2022-12-07T21:00:00Z
2.9902041089193974;1;2022-12-07T22:00:00Z
2.2986104089710833;1;2022-12-07T23:00:00Z
2.013537837425036;1;2022-12-08T00:00:00Z
2.078851701226086;1;2022-12-08T01:00:00Z
2.3913237091197916;1;2022-12-08T02:00:00Z
2.881790488991737;1;2022-12-08T03:00:00Z
3.5810179520306096;1;2022-12-08T04:00:00Z
4.170213383860542;1;2022-12-08T05:00:00Z
4.2014189607168815;1;2022-12-08T06:00:00Z
3.9998630626319986;1;2022-12-08T07:00:00Z
4.066121436672151;1;2022-12-08T08:00:00Z
4.010820613033238;1;2022-12-08T09:00:00Z
3.5857802060632196;1;2022-12-08T10:00:00Z
3.8118784277114317;1;2022-12-08T11:00:00Z
3.6349873212342456;1;2022-12-08T12:00:00Z
3.7278446909697114;1;2022-12-08T13:00:00Z
3.723701140636693;1;2022-12-08T14:00:00Z
3.144993860909655;1;2022-12-08T15:00:00Z
2.8812736508742502;1;2022-12-08T16:00:00Z
2.4370142933097894;1;2022-12-08T17:00:00Z
2.0458120416887495;1;2022-12-08T18:00:00Z
1.7955669586852903;1;2022-12-08T19:00:00Z
1.6964107485447213;1;2022-12-08T20:00:00Z
1.5608124543835031;1;2022-12-08T21:00:00Z
0.8471032771135527;1;2022-12-08T22:00:00Z
0.8265173424666278;1;2022-12-08T23:00:00Z
0.5958635410963808;1;2022-12-09T00:00:00Z
0.8540367118454699;1;2022-12-09T01:00:00Z
0.9668960012232964;1;2022-12-09T02:00:00Z
0.9318304019583771;1;2022-12-09T03:00:00Z
0.740809467903859;1;2022-12-09T04:00:00Z
0.5236203068841891;1;2022-12-09T05:00:00Z
0.6034800812197245;1;2022-12-09T06:00:00Z
0.9960608655697415;1;2022-12-09T07:00:00Z
1.6115184628505614;1;2022-12-09T08:00:00Z
1.4038426245477331;1;2022-12-09T09:00:00Z
1.63486295762949;1;2022-12-09T10:00:00Z
1.4219357058763775;1;2022-12-09T11:00:00Z
1.82348410187078;1;2022-12-09T12:00:00Z
2.1335549741497752;1;2022-12-09T13:00:00Z
2.1862925469373176;1;2022-12-09T14:00:00Z
1.713244442499656;1;2022-12-09T15:00:00Z
1.6573208697589603;1;2022-12-09T16:00:00Z
1.9656538519029882;1;2022-12-09T17:00:00Z
2.1240510751944015;1;2022-12-09T18:00:00Z
2.2932093956527417;1;2022-12-09T19:00:00Z
2.547410528842086;1;2022-12-09T20:00:00Z
2.752348987098727;1;2022-12-09T21:00:00Z
2.6321983910307667;1;2022-12-09T22:00:00Z
2.5488014989499437;1;2022-12-09T23:00:00Z
2.377987220967872;1;2022-12-10T00:00:00Z
2.1634340887415466;1;2022-12-10T01:00:00Z
2.094271464402152;1;2022-12-10T02:00:00Z
2.1088122449599975;1;2022-12-10T03:00:00Z
2.2633562164726686;1;2022-12-10T04:00:00Z
2.4933677171481876;1;2022-12-10T05:00:00Z
2.5152566464285377;1;2022-12-10T06:00:00Z
2.6104792695065666;1;2022-12-10T07:00:00Z
2.746299347971198;1;2022-12-10T08:00:00Z
2.482987937355145;1;2022-12-10T09:00:00Z
2.425727704715086;1;2022-12-10T10:00:00Z
2.16691927537612;1;2022-12-10T11:00:00Z
2.195580924316691;1;2022-12-10T12:00:00Z
2.3834256413360957;1;2022-12-10T13:00:00Z
2.438607395536794;1;2022-12-10T14:00:00Z
2.3349329830720866;1;2022-12-10T15:00:00Z
2.3832893211121235;1;2022-12-10T16:00:00Z
2.230163844806598;1;2022-12-10T17:00:00Z
2.4391999702163507;1;2022-12-10T18:00:00Z
2.4838192165302466;1;2022-12-10T19:00:00Z
2.4370963645132293;1;2022-12-10T20:00:00Z
2.6173372767374996;1;2022-12-10T21:00:00Z
2.430831521094526;1;2022-12-10T22:00:00Z
2.0347699708204687;1;2022-12-10T23:00:00Z
1.616477334941615;1;2022-12-11T00:00:00Z
1.8060922564053377;1;2022-12-11T01:00:00Z
2.27545839711457;1;2022-12-11T02:00:00Z
2.3566747525584217;1;2022-12-11T03:00:00Z
2.071829547387442;1;2022-12-11T04:00:00Z
2.2389581478724403;1;2022-12-11T05:00:00Z
2.39471146323342;1;2022-12-11T06:00:00Z
2.468736936202912;1;2022-12-11T07:00:00Z
2.49377838134438;1;2022-12-11T08:00:00Z
2.6197148448763152;1;2022-12-11T09:00:00Z
2.6819824046496845;1;2022-12-11T10:00:00Z
2.6186897063559074;1;2022-12-11T11:00:00Z
2.221466144972616;1;2022-12-11T12:00:00Z
2.3319654400901615;1;2022-12-11T13:00:00Z
2.446378423037737;1;2022-12-11T14:00:00Z
2.6301965737271717;1;2022-12-11T15:00:00Z
3.057408383054605;1;2022-12-11T16:00:00Z
3.233032124755938;1;2022-12-11T17:00:00Z
3.276246203544053;1;2022-12-11T18:00:00Z
3.262122586436501;1;2022-12-11T19:00:00Z
3.2063320410389258;1;2022-12-11T20:00:00Z
3.277899123958041;1;2022-12-11T21:00:00Z
2.8675506239256214;1;2022-12-11T22:00:00Z
2.7963732024997983;1;2022-12-11T23:00:00Z
2.872397066198484;1;2022-12-12T00:00:00Z
2.852894109930665;1;2022-12-12T01:00:00Z
2.8304779839180205;1;2022-12-12T02:00:00Z
2.99434421856711;1;2022-12-12T03:00:00Z
3.3781296447094724;1;2022-12-12T04:00:00Z
3.903023162538938;1;2022-12-12T05:00:00Z
4.278090553351492;1;2022-12-12T06:00:00Z
4.278336947370633;1;2022-12-12T07:00:00Z
4.161113115238331;1;2022-12-12T08:00:00Z
4.012633235706133;1;2022-12-12T09:00:00Z
4.0084733257196605;1;2022-12-12T10:00:00Z
3.888477136386372;1;2022-12-12T11:00:00Z
3.875065564574418;1;2022-12-12T12:00:00Z
4.216423904053257;1;2022-12-12T13:00:00Z
4.407771585121301;1;2022-12-12T14:00:00Z
4.218954038099671;1;2022-12-12T15:00:00Z
4.025169392285451;1;2022-12-12T16:00:00Z
3.904443811172951;1;2022-12-12T17:00:00Z
3.6162064290580433;1;2022-12-12T18:00:00Z
3.378916779153788;1;2022-12-12T19:00:00Z
3.244357303093322;1;2022-12-12T20:00:00Z
3.224464787348891;1;2022-12-12T21:00:00Z
3.2132603517184193;1;2022-12-12T22:00:00Z
3.5950557882971923;1;2022-12-12T23:00:00Z
3.235647921756073;1;2022-12-13T00:00:00Z
3.158969966692942;1;2022-12-13T01:00:00Z
3.4453931964671423;1;2022-12-13T02:00:00Z
3.3065409588208197;1;2022-12-13T03:00:00Z
3.219643969824312;1;2022-12-13T04:00:00Z
3.155144319354776;1;2022-12-13T05:00:00Z
3.285676686456827;1;2022-12-13T06:00:00Z
3.18121410831584;1;2022-12-13T07:00:00Z
3.2607285697214534;1;2022-12-13T08:00:00Z
2.986234028589383;1;2022-12-13T09:00:00Z
2.6968662635664202;1;2022-12-13T10:00:00Z
2.362776446039688;1;2022-12-13T11:00:00Z
2.292421566706329;1;2022-12-13T12:00:00Z
2.133947897562584;1;2022-12-13T13:00:00Z
1.6333077656994561;1;2022-12-13T14:00:00Z
1.5004952293363503;1;2022-12-13T15:00:00Z
1.4348928665638627;1;2022-12-13T16:00:00Z
1.4807504408915937;1;2022-12-13T17:00:00Z
1.6417568754405367;1;2022-12-13T18:00:00Z
1.8931716487818402;1;2022-12-13T19:00:00Z
2.0845315046625625;1;2022-12-13T20:00:00Z
2.1484076273322468;1;2022-12-13T21:00:00Z
2.361970475006664;1;2022-12-13T22:00:00Z
2.3508917235951228;1;2022-12-13T23:00:00Z
2.2316427467687854;1;2022-12-14T00:00:00Z
2.204350344854609;1;2022-12-14T01:00:00Z
2.377525153874108;1;2022-12-14T02:00:00Z
2.5948736933094154;1;2022-12-14T03:00:00Z
2.524829608379691;1;2022-12-14T04:00:00Z
2.676190126247373;1;2022-12-14T05:00:00Z
2.883780283107294;1;2022-12-14T06:00:00Z
2.8594963071295583;1;2022-12-14T07:00:00Z
2.9516783166135636;1;2022-12-14T08:00:00Z
3.277934204713027;1;2022-12-14T09:00:00Z
3.31166945738051;1;2022-12-14T10:00:00Z
3.186795297183864;1;2022-12-14T11:00:00Z
2.843753372393775;1;2022-12-14T12:00:00Z
2.5036286867819264;1;2022-12-14T13:00:00Z
2.29840000472922;1;2022-12-14T14:00:00Z
2.240753571842102;1;2022-12-14T15:00:00Z
2.156143342919684;1;2022-12-14T16:00:00Z
1.8276308189455115;1;2022-12-14T17:00:00Z
1.538202287800061;1;2022-12-14T18:00:00Z
1.7671261273501444;1;2022-12-14T19:00:00Z
1.986708547006187;1;2022-12-14T20:00:00Z
1.1670040920117655;1;2022-12-14T21:00:00Z
1.0890259306760963;1;2022-12-14T22:00:00Z
0.701445234688918;1;2022-12-14T23:00:00Z
1.3708640367471199;1;2022-12-15T00:00:00Z
1.3876605670145725;1;2022-12-15T01:00:00Z
1.3762125642810288;1;2022-12-15T02:00:00Z
1.2185641100280082;1;2022-12-15T03:00:00Z
1.6445214337180964;1;2022-12-15T04:00:00Z
2.104330408752758;1;2022-12-15T05:00:00Z
2.310956300639659;1;2022-12-15T06:00:00Z
2.5792877229447027;1;2022-12-15T07:00:00Z
2.7194390802589057;1;2022-12-15T08:00:00Z
2.746507266391061;1;2022-12-15T09:00:00Z
2.600696181467622;1;2022-12-15T10:00:00Z
2.617040336824634;1;2022-12-15T11:00:00Z
2.784615111890578;1;2022-12-15T12:00:00Z
2.5752224204071634;1;2022-12-15T13:00:00Z
1.7112357351172265;1;2022-12-15T14:00:00Z
1.8595458727479832;1;2022-12-15T15:00:00Z
1.9169376000219398;1;2022-12-15T16:00:00Z
2.089802993088012;1;2022-12-15T17:00:00Z
1.953330563257011;1;2022-12-15T18:00:00Z
1.6634076723723346;1;2022-12-15T19:00:00Z
1.751343729872978;1;2022-12-15T20:00:00Z
1.9700546583098693;1;2022-12-15T21:00:00Z
1.4281455513682424;1;2022-12-15T22:00:00Z
1.490898440688401;1;2022-12-15T23:00:00Z
1.4467947268834955;1;2022-12-16T00:00:00Z
1.5813853556399469;1;2022-12-16T01:00:00Z
1.7675386343805608;1;2022-12-16T02:00:00Z
1.801328969839977;1;2022-12-16T03:00:00Z
1.8148683195219901;1;2022-12-16T04:00:00Z
1.8465567266977143;1;2022-12-16T05:00:00Z
1.9748014129404043;1;2022-12-16T06:00:00Z
2.0655014569893924;1;2022-12-16T07:00:00Z
2.052078748340788;1;2022-12-16T08:00:00Z
2.1042393261861734;1;2022-12-16T09:00:00Z
2.0936902791377405;1;2022-12-16T10:00:00Z
1.9899956828713086;1;2022-12-16T11:00:00Z
2.047603478289076;1;2022-12-16T12:00:00Z
2.197741973216471;1;2022-12-16T13:00:00Z
2.065332533182755;1;2022-12-16T14:00:00Z
1.905873761779462;1;2022-12-16T15:00:00Z
2.122244583518006;1;2022-12-16T16:00:00Z
2.2135924317238818;1;2022-12-16T17:00:00Z
2.1059398019620303;1;2022-12-16T18:00:00Z
1.7571104144464071;1;2022-12-16T19:00:00Z
1.3856920374923005;1;2022-12-16T20:00:00Z
1.2834595118395418;1;2022-12-16T21:00:00Z
1.1150148751747118;1;2022-12-16T22:00:00Z
1.5294297315241154;1;2022-12-16T23:00:00Z
1.3589790915955753;1;2022-12-17T00:00:00Z
1.184261113929005;1;2022-12-17T01:00:00Z
1.40232764944547;1;2022-12-17T02:00:00Z
1.258776377189599;1;2022-12-17T03:00:00Z
1.0983097009866638;1;2022-12-17T04:00:00Z
1.1014533455593987;1;2022-12-17T05:00:00Z
0.8241808745139575;1;2022-12-17T06:00:00Z
0.6072271290148515;1;2022-12-17T07:00:00Z
0.5993680749652388;1;2022-12-17T08:00:00Z
0.45038299647571695;1;2022-12-17T09:00:00Z
0.5693417548049765;1;2022-12-17T10:00:00Z
0.3864725770665967;1;2022-12-17T11:00:00Z
0.677904226276088;1;2022-12-17T12:00:00Z
1.0735629556655737;1;2022-12-17T13:00:00Z
1.1195580553284303;1;2022-12-17T14:00:00Z
1.040685037196209;1;2022-12-17T15:00:00Z
1.26308826960218;1;2022-12-17T16:00:00Z
1.5169465351455866;1;2022-12-17T17:00:00Z
1.5116684884355884;1;2022-12-17T18:00:00Z
1.8486897941237113;1;2022-12-17T19:00:00Z
2.044450376014159;1;2022-12-17T20:00:00Z
1.95332189199367;1;2022-12-17T21:00:00Z
1.8775952008088794;1;2022-12-17T22:00:00Z
1.859457638036664;1;2022-12-17T23:00:00Z
2.128312929582219;1;2022-12-18T00:00:00Z
2.3540154644855784;1;2022-12-18T01:00:00Z
2.653037191591768;1;2022-12-18T02:00:00Z
2.8205404429147367;1;2022-12-18T03:00:00Z
2.9251652774096923;1;2022-12-18T04:00:00Z
3.1431537058139325;1;2022-12-18T05:00:00Z
3.0525777396233416;1;2022-12-18T06:00:00Z
3.162217599314382;1;2022-12-18T07:00:00Z
3.419172467536051;1;2022-12-18T08:00:00Z
3.4131225154190843;1;2022-12-18T09:00:00Z
3.0585468729855623;1;2022-12-18T10:00:00Z
3.325262663643758;1;2022-12-18T11:00:00Z
3.41116256314022;1;2022-12-18T12:00:00Z
3.398953266615297;1;2022-12-18T13:00:00Z
3.4442874380935407;1;2022-12-18T14:00:00Z
4.045158034695097;1;2022-12-18T15:00:00Z
4.141527365771532;1;2022-12-18T16:00:00Z
4.06696442595163;1;2022-12-18T17:00:00Z
4.392405767564035;1;2022-12-18T18:00:00Z
4.697925264953765;1;2022-12-18T19:00:00Z
4.858898372844367;1;2022-12-18T20:00:00Z
4.8019853466627325;1;2022-12-18T21:00:00Z
4.887130540567732;1;2022-12-18T22:00:00Z
5.252612198162761;1;2022-12-18T23:00:00Z
5.4040367840509145;1;2022-12-19T00:00:00Z
5.244838319750745;1;2022-12-19T01:00:00Z
5.11412531025654;1;2022-12-19T02:00:00Z
5.011585427468579;1;2022-12-19T03:00:00Z
4.857970549785316;1;2022-12-19T04:00:00Z
4.948168066947084;1;2022-12-19T05:00:00Z
5.0269582814875;1;2022-12-19T06:00:00Z
4.8980243555445675;1;2022-12-19T07:00:00Z
4.969759378879465;1;2022-12-19T08:00:00Z
5.014546020325807;1;2022-12-19T09:00:00Z
5.1645761745279195;1;2022-12-19T10:00:00Z
5.362457131877414;1;2022-12-19T11:00:00Z
5.913006617578875;1;2022-12-19T12:00:00Z
5.847615524775268;1;2022-12-19T13:00:00Z
5.830284607378092;1;2022-12-19T14:00:00Z
5.80991017944;1;2022-12-19T15:00:00Z
5.687533818691943;1;2022-12-19T16:00:00Z
5.643368015869253;1;2022-12-19T17:00:00Z
5.816758552741714;1;2022-12-19T18:00:00Z
5.853617327915444;1;2022-12-19T19:00:00Z
5.778032868210009;1;2022-12-19T20:00:00Z
5.791673548633719;1;2022-12-19T21:00:00Z
5.40585139689087;1;2022-12-19T22:00:00Z
4.9878967333816515;1;2022-12-19T23:00:00Z
4.823866383085277;1;2022-12-20T00:00:00Z
4.7394734920519355;1;2022-12-20T01:00:00Z
4.764917103972465;1;2022-12-20T02:00:00Z
4.6084450582380345;1;2022-12-20T03:00:00Z
4.434557391822283;1;2022-12-20T04:00:00Z
4.684312089373167;1;2022-12-20T05:00:00Z
4.704913210628213;1;2022-12-20T06:00:00Z
4.5715796471116565;1;2022-12-20T07:00:00Z
4.777331582445055;1;2022-12-20T08:00:00Z
4.924651185524729;1;2022-12-20T09:00:00Z
4.580806344606628;1;2022-12-20T10:00:00Z
5.032832379128915;1;2022-12-20T11:00:00Z
5.2966319839189095;1;2022-12-20T12:00:00Z
5.461475754479932;1;2022-12-20T13:00:00Z
5.359343891379815;1;2022-12-20T14:00:00Z
5.2588594706485585;1;2022-12-20T15:00:00Z
5.2561757037284345;1;2022-12-20T16:00:00Z
5.144804286164056;1;2022-12-20T17:00:00Z
4.914858254818371;1;2022-12-20T18:00:00Z
4.8806005391235185;1;2022-12-20T19:00:00Z
4.878818946590137;1;2022-12-20T20:00:00Z
4.569504651212981;1;2022-12-20T21:00:00Z
4.327404150821472;1;2022-12-20T22:00:00Z
4.453522472595758;1;2022-12-20T23:00:00Z
4.450254804774296;1;2022-12-21T00:00:00Z
4.517017653406796;1;2022-12-21T01:00:00Z
4.739830637400298;1;2022-12-21T02:00:00Z
4.8097250309134765;1;2022-12-21T03:00:00Z
4.664080701846439;1;2022-12-21T04:00:00Z
4.229316121611182;1;2022-12-21T05:00:00Z
3.9795212686162924;1;2022-12-21T06:00:00Z
3.7046392228061347;1;2022-12-21T07:00:00Z
3.2905933975656536;1;2022-12-21T08:00:00Z
3.2518695814185343;1;2022-12-21T09:00:00Z
3.0810899682939548;1;2022-12-21T10:00:00Z
3.056492985487948;1;2022-12-21T11:00:00Z
2.957319576503585;1;2022-12-21T12:00:00Z
2.9861382509842374;1;2022-12-21T13:00:00Z
3.1192706959150747;1;2022-12-21T14:00:00Z
3.2283265117928104;1;2022-12-21T15:00:00Z
3.1891279670792954;1;2022-12-21T16:00:00Z
3.3820421743267968;1;2022-12-21T17:00:00Z
3.597118565328328;1;2022-12-21T18:00:00Z
3.648555632087382;1;2022-12-21T19:00:00Z
3.6309471852049415;1;2022-12-21T20:00:00Z
3.444877247746877;1;2022-12-21T21:00:00Z
2.704519766174453;1;2022-12-21T22:00:00Z
3.054185005146593;1;2022-12-21T23:00:00Z
3.0178172584930936;1;2022-12-22T00:00:00Z
3.362855136210206;1;2022-12-22T01:00:00Z
3.4424583892803224;1;2022-12-22T02:00:00Z
3.496476485645959;1;2022-12-22T03:00:00Z
3.5367704226730794;1;2022-12-22T04:00:00Z
3.606797325420479;1;2022-12-22T05:00:00Z
3.7326831301420884;1;2022-12-22T06:00:00Z
3.7340850334683853;1;2022-12-22T07:00:00Z
3.6731520082261184;1;2022-12-22T08:00:00Z
3.4619214547078347;1;2022-12-22T09:00:00Z
2.946345506431697;1;2022-12-22T10:00:00Z
2.7437894876335283;1;2022-12-22T11:00:00Z
2.5466595998756127;1;2022-12-22T12:00:00Z
2.368541715379659;1;2022-12-22T13:00:00Z
2.739107661340912;1;2022-12-22T14:00:00Z
3.254954592899046;1;2022-12-22T15:00:00Z
3.6420058327846276;1;2022-12-22T16:00:00Z
4.171887978698973;1;2022-12-22T17:00:00Z
4.001513379962508;1;2022-12-22T18:00:00Z
3.8025008660576014;1;2022-12-22T19:00:00Z
3.378319104543276;1;2022-12-22T20:00:00Z
3.1233865024127474;1;2022-12-22T21:00:00Z
2.713722215596481;1;2022-12-22T22:00:00Z
2.56354697887157;1;2022-12-22T23:00:00Z
2.1787518840872364;1;2022-12-23T00:00:00Z
2.2047334460055326;1;2022-12-23T01:00:00Z
2.2235832788110916;1;2022-12-23T02:00:00Z
1.7621701767529188;1;2022-12-23T03:00:00Z
2.014888053548517;1;2022-12-23T04:00:00Z
1.8837129754286763;1;2022-12-23T05:00:00Z
2.544078120422373;1;2022-12-23T06:00:00Z
3.135893729722487;1;2022-12-23T07:00:00Z
3.3711686574937954;1;2022-12-23T08:00:00Z
3.3466872257514346;1;2022-12-23T09:00:00Z
2.9946522113795337;1;2022-12-23T10:00:00Z
2.7807726087359947;1;2022-12-23T11:00:00Z
2.482504317379238;1;2022-12-23T12:00:00Z
1.878110903024376;1;2022-12-23T13:00:00Z
1.513117726440668;1;2022-12-23T14:00:00Z
1.6844242690028337;1;2022-12-23T15:00:00Z
1.0823368625541738;1;2022-12-23T16:00:00Z
0.6083616197082542;1;2022-12-23T17:00:00Z
1.2751348424317075;1;2022-12-23T18:00:00Z
1.9583161133429794;1;2022-12-23T19:00:00Z
2.4673398184464608;1;2022-12-23T20:00:00Z
3.1430833157686284;1;2022-12-23T21:00:00Z
3.7457658246068095;1;2022-12-23T22:00:00Z
3.7724209224646263;1;2022-12-23T23:00:00Z
3.6188957275451976;1;2022-12-24T00:00:00Z
3.58318867380083;1;2022-12-24T01:00:00Z
3.7355937410751134;1;2022-12-24T02:00:00Z
3.718041076395321;1;2022-12-24T03:00:00Z
2.930684100391925;1;2022-12-24T04:00:00Z
2.282345509395405;1;2022-12-24T05:00:00Z
1.8381654544506452;1;2022-12-24T06:00:00Z
1.3938705224815224;1;2022-12-24T07:00:00Z
1.1836711702676814;1;2022-12-24T08:00:00Z
0.9287814831523674;1;2022-12-24T09:00:00Z
0.7465590754903607;1;2022-12-24T10:00:00Z
1.494565562097997;1;2022-12-24T11:00:00Z
1.920203677470623;1;2022-12-24T12:00:00Z
2.4768167376592687;1;2022-12-24T13:00:00Z
3.095419072940669;1;2022-12-24T14:00:00Z
2.923676758425499;1;2022-12-24T15:00:00Z
2.8962007759843944;1;2022-12-24T16:00:00Z
2.8471184394661435;1;2022-12-24T17:00:00Z
2.8628635338886923;1;2022-12-24T18:00:00Z
2.6661147585472795;1;2022-12-24T19:00:00Z
2.585019666845313;1;2022-12-24T20:00:00Z
2.5967285229913086;1;2022-12-24T21:00:00Z
3.4260798834945683;1;2022-12-24T22:00:00Z
3.5018506448905975;1;2022-12-24T23:00:00Z
2.959402425084285;1;2022-12-25T00:00:00Z
2.673516928783825;1;2022-12-25T01:00:00Z
1.9757907842924591;1;2022-12-25T02:00:00Z
2.203396150815146;1;2022-12-25T03:00:00Z
2.04610716824347;1;2022-12-25T04:00:00Z
1.9136877623045427;1;2022-12-25T05:00:00Z
1.9155485584770104;1;2022-12-25T06:00:00Z
2.3104433698015385;1;2022-12-25T07:00:00Z
2.8412345084636383;1;2022-12-25T08:00:00Z
3.221684896129947;1;2022-12-25T09:00:00Z
2.767051954729528;1;2022-12-25T10:00:00Z
2.754737391847478;1;2022-12-25T11:00:00Z
2.957335961139649;1;2022-12-25T12:00:00Z
3.073317004272382;1;2022-12-25T13:00:00Z
3.1990981316238267;1;2022-12-25T14:00:00Z
4.271327799789821;1;2022-12-25T15:00:00Z
4.009974912852974;1;2022-12-25T16:00:00Z
4.253320934941653;1;2022-12-25T17:00:00Z
4.326869897631555;1;2022-12-25T18:00:00Z
4.640782929157125;1;2022-12-25T19:00:00Z
4.24295026582326;1;2022-12-25T20:00:00Z
3.9210530382995237;1;2022-12-25T21:00:00Z
4.621211187140217;1;2022-12-25T22:00:00Z
4.597788298912105;1;2022-12-25T23:00:00Z
5.146765234680175;1;2022-12-26T00:00:00Z
5.26893649817467;1;2022-12-26T01:00:00Z
5.473549925124981;1;2022-12-26T02:00:00Z
5.7891441628825335;1;2022-12-26T03:00:00Z
5.8902983039317975;1;2022-12-26T04:00:00Z
5.942450513598214;1;2022-12-26T05:00:00Z
5.556875441897917;1;2022-12-26T06:00:00Z
4.991441572952969;1;2022-12-26T07:00:00Z
4.586841011046185;1;2022-12-26T08:00:00Z
4.503609987547305;1;2022-12-26T09:00:00Z
4.998499639933107;1;2022-12-26T10:00:00Z
5.165324052434489;1;2022-12-26T11:00:00Z
4.486840946030066;1;2022-12-26T12:00:00Z
5.046854207778435;1;2022-12-26T13:00:00Z
4.909010657280597;1;2022-12-26T14:00:00Z
4.857148624360087;1;2022-12-26T15:00:00Z
4.84613965835152;1;2022-12-26T16:00:00Z
5.327201202769912;1;2022-12-26T17:00:00Z
5.299021539190228;1;2022-12-26T18:00:00Z
5.084496826473687;1;2022-12-26T19:00:00Z
4.803093203860327;1;2022-12-26T20:00:00Z
4.535645902041972;1;2022-12-26T21:00:00Z
4.640240101997705;1;2022-12-26T22:00:00Z
4.967643654252717;1;2022-12-26T23:00:00Z
4.729465780713521;1;2022-12-27T00:00:00Z
4.919699507944494;1;2022-12-27T01:00:00Z
5.407432520563041;1;2022-12-27T02:00:00Z
5.671150560846933;1;2022-12-27T03:00:00Z
5.633245200236527;1;2022-12-27T04:00:00Z
5.495045860429232;1;2022-12-27T05:00:00Z
5.5763883413899125;1;2022-12-27T06:00:00Z
5.882131463758828;1;2022-12-27T07:00:00Z
6.206028098557995;1;2022-12-27T08:00:00Z
6.506970980943638;1;2022-12-27T09:00:00Z
6.723030063975109;1;2022-12-27T10:00:00Z
5.8303591659269784;1;2022-12-27T11:00:00Z
6.799375698899005;1;2022-12-27T12:00:00Z
6.201328481056566;1;2022-12-27T13:00:00Z
5.656354750139612;1;2022-12-27T14:00:00Z
5.0626409167366875;1;2022-12-27T15:00:00Z
4.4610788541166455;1;2022-12-27T16:00:00Z
4.26285379137341;1;2022-12-27T17:00:00Z
4.049566129046879;1;2022-12-27T18:00:00Z
3.811998263028264;1;2022-12-27T19:00:00Z
3.6814433706869294;1;2022-12-27T20:00:00Z
3.8252355461711227;1;2022-12-27T21:00:00Z
3.773244019153924;1;2022-12-27T22:00:00Z
4.0298332439801285;1;2022-12-27T23:00:00Z
4.519837869048951;1;2022-12-28T00:00:00Z
4.800974062760795;1;2022-12-28T01:00:00Z
4.968817586118806;1;2022-12-28T02:00:00Z
5.1777340374557;1;2022-12-28T03:00:00Z
5.20066236740286;1;2022-12-28T04:00:00Z
5.558650100355435;1;2022-12-28T05:00:00Z
5.695083967346058;1;2022-12-28T06:00:00Z
5.814663080865681;1;2022-12-28T07:00:00Z
6.026166801074516;1;2022-12-28T08:00:00Z
6.362220960764961;1;2022-12-28T09:00:00Z
5.823771078688982;1;2022-12-28T10:00:00Z
5.8801570148967155;1;2022-12-28T11:00:00Z
5.779068472744772;1;2022-12-28T12:00:00Z
5.662107241228254;1;2022-12-28T13:00:00Z
5.371413923443913;1;2022-12-28T14:00:00Z
5.2011612395315465;1;2022-12-28T15:00:00Z
5.052546384757936;1;2022-12-28T16:00:00Z
5.213294093360514;1;2022-12-28T17:00:00Z
5.474006284994429;1;2022-12-28T18:00:00Z
5.53801192543276;1;2022-12-28T19:00:00Z
5.310733470256113;1;2022-12-28T20:00:00Z
5.209203368484951;1;2022-12-28T21:00:00Z
5.387434387380014;1;2022-12-28T22:00:00Z
5.532174122175976;1;2022-12-28T23:00:00Z
5.5878232300123445;1;2022-12-29T00:00:00Z
5.965611341633955;1;2022-12-29T01:00:00Z
5.967752330408512;1;2022-12-29T02:00:00Z
5.734459863191299;1;2022-12-29T03:00:00Z
5.9367725739855;1;2022-12-29T04:00:00Z
6.041544196560777;1;2022-12-29T05:00:00Z
6.0822255058830486;1;2022-12-29T06:00:00Z
6.395877917491641;1;2022-12-29T07:00:00Z
6.864020062421943;1;2022-12-29T08:00:00Z
6.898915715393177;1;2022-12-29T09:00:00Z
6.400789969607168;1;2022-12-29T10:00:00Z
6.451456508307567;1;2022-12-29T11:00:00Z
6.425457084190936;1;2022-12-29T12:00:00Z
6.009501656332079;1;2022-12-29T13:00:00Z
5.633952084812144;1;2022-12-29T14:00:00Z
5.485464037727858;1;2022-12-29T15:00:00Z
5.615769392737197;1;2022-12-29T16:00:00Z
5.670374038074262;1;2022-12-29T17:00:00Z
5.330334337102458;1;2022-12-29T18:00:00Z
4.848401790099259;1;2022-12-29T19:00:00Z
4.596734251493447;1;2022-12-29T20:00:00Z
4.701324749084082;1;2022-12-29T21:00:00Z
5.04232520427089;1;2022-12-29T22:00:00Z
5.216177179501636;1;2022-12-29T23:00:00Z
5.154493979091164;1;2022-12-30T00:00:00Z
5.2125571743167045;1;2022-12-30T01:00:00Z
5.450593622880707;1;2022-12-30T02:00:00Z
5.429183817600588;1;2022-12-30T03:00:00Z
5.0614784063397105;1;2022-12-30T04:00:00Z
4.894375939506164;1;2022-12-30T05:00:00Z
5.026449269007659;1;2022-12-30T06:00:00Z
4.833189550582927;1;2022-12-30T07:00:00Z
4.605769055883081;1;2022-12-30T08:00:00Z
4.397139326638947;1;2022-12-30T09:00:00Z
4.069215496396104;1;2022-12-30T10:00:00Z
3.942483310579737;1;2022-12-30T11:00:00Z
3.9230347988082057;1;2022-12-30T12:00:00Z
4.480294244105505;1;2022-12-30T13:00:00Z
4.296017401706345;1;2022-12-30T14:00:00Z
5.090056821912764;1;2022-12-30T15:00:00Z
5.626748117450689;1;2022-12-30T16:00:00Z
5.897685224952325;1;2022-12-30T17:00:00Z
6.3571442092348835;1;2022-12-30T18:00:00Z
6.842271818268464;1;2022-12-30T19:00:00Z
7.069997899837149;1;2022-12-30T20:00:00Z
7.153373742129528;1;2022-12-30T21:00:00Z
6.616259675146223;1;2022-12-30T22:00:00Z
6.2961298595616855;1;2022-12-30T23:00:00Z
6.015735944830874;1;2022-12-31T00:00:00Z
5.799067260655481;1;2022-12-31T01:00:00Z
5.917329018067613;1;2022-12-31T02:00:00Z
5.710578427848075;1;2022-12-31T03:00:00Z
6.097969058387376;1;2022-12-31T04:00:00Z
6.072899564067606;1;2022-12-31T05:00:00Z
6.4136903293700716;1;2022-12-31T06:00:00Z
6.603921626749764;1;2022-12-31T07:00:00Z
6.340532498193943;1;2022-12-31T08:00:00Z
6.129823293177447;1;2022-12-31T09:00:00Z
5.9434509342890465;1;2022-12-31T10:00:00Z
7.298714126112511;1;2022-12-31T11:00:00Z
7.436915304400492;1;2022-12-31T12:00:00Z
7.1707606038327;1;2022-12-31T13:00:00Z
6.96113705122023;1;2022-12-31T14:00:00Z
6.642962000072317;1;2022-12-31T15:00:00Z
7.341734859320734;1;2022-12-31T16:00:00Z
7.519240642280499;1;2022-12-31T17:00:00Z
7.173781383082435;1;2022-12-31T18:00:00Z
7.190625858835251;1;2022-12-31T19:00:00Z
7.227596746598146;1;2022-12-31T20:00:00Z
7.352799278964301;1;2022-12-31T21:00:00Z
7.677011224208207;1;2022-12-31T22:00:00Z
7.821484576755508;1;2022-12-31T23:00:00Z
